Kennziffer;Raumeinheit;Aggregat;Landwirtschaftsfläche;Landwirtschaftsfläche;Landwirtschaftsfläche
;;;2017;2021;2023
"01001000";"Flensburg, Stadt";"Gemeinden";"23,30";"22,33";"19,87"
"01002000";"Kiel, Landeshauptstadt";"Gemeinden";"29,19";"24,03";"23,35"
"01003000";"Lübeck, Hansestadt";"Gemeinden";"31,00";"30,31";"30,19"
"01004000";"Neumünster, Stadt";"Gemeinden";"39,03";"37,79";"37,58"
"01051001";"Albersdorf";"Gemeinden";"62,73";"62,62";"62,38"
"01051002";"Arkebek";"Gemeinden";"64,45";"64,31";"64,45"
"01051003";"Averlak";"Gemeinden";"74,50";"73,95";"73,95"
"01051004";"Bargenstedt";"Gemeinden";"81,09";"80,59";"80,25"
"01051005";"Barkenholm";"Gemeinden";"81,60";"81,41";"81,41"
"01051006";"Barlt";"Gemeinden";"76,01";"76,01";"76,05"
"01051008";"Bergewöhrden";"Gemeinden";"81,44";"81,44";"81,44"
"01051010";"Brickeln";"Gemeinden";"75,95";"75,95";"75,95"
"01051011";"Brunsbüttel, Stadt";"Gemeinden";"45,53";"45,38";"45,22"
"01051012";"Buchholz";"Gemeinden";"77,27";"76,99";"76,79"
"01051013";"Büsum";"Gemeinden";"50,35";"48,94";"48,23"
"01051014";"Büsumer Deichhausen";"Gemeinden";"84,32";"84,32";"84,32"
"01051015";"Bunsoh";"Gemeinden";"66,47";"66,47";"66,30"
"01051016";"Burg (Dithmarschen)";"Gemeinden";"55,29";"51,91";"51,82"
"01051017";"Busenwurth";"Gemeinden";"63,83";"63,83";"63,83"
"01051019";"Dellstedt";"Gemeinden";"77,49";"76,99";"76,85"
"01051020";"Delve";"Gemeinden";"75,19";"75,13";"75,13"
"01051021";"Diekhusen-Fahrstedt";"Gemeinden";"87,67";"87,53";"87,53"
"01051022";"Dingen";"Gemeinden";"81,46";"81,03";"81,17"
"01051023";"Dörpling";"Gemeinden";"69,69";"69,44";"68,03"
"01051024";"Eddelak";"Gemeinden";"82,95";"82,84";"82,95"
"01051026";"Eggstedt";"Gemeinden";"85,77";"85,54";"85,54"
"01051027";"Elpersbüttel";"Gemeinden";"58,83";"58,77";"58,77"
"01051028";"Epenwöhrden";"Gemeinden";"88,39";"88,39";"88,39"
"01051030";"Fedderingen";"Gemeinden";"85,35";"84,93";"84,83"
"01051032";"Frestedt";"Gemeinden";"81,12";"80,64";"80,54"
"01051033";"Friedrichsgabekoog";"Gemeinden";"86,31";"86,08";"85,96"
"01051034";"Friedrichskoog";"Gemeinden";"74,23";"74,23";"74,11"
"01051035";"Gaushorn";"Gemeinden";"73,64";"73,64";"73,64"
"01051036";"Glüsing";"Gemeinden";"79,96";"79,74";"79,96"
"01051037";"Großenrade";"Gemeinden";"73,94";"73,94";"73,85"
"01051038";"Groven";"Gemeinden";"88,35";"88,48";"88,48"
"01051039";"Gudendorf";"Gemeinden";"68,71";"68,38";"67,88"
"01051043";"Hedwigenkoog";"Gemeinden";"85,76";"85,76";"85,82"
"01051044";"Heide, Stadt";"Gemeinden";"53,46";"53,08";"53,21"
"01051045";"Hellschen-Heringsand-Unterschaar";"Gemeinden";"90,46";"90,31";"90,31"
"01051046";"Helse";"Gemeinden";"86,10";"85,66";"85,66"
"01051047";"Hemme";"Gemeinden";"87,90";"87,54";"87,36"
"01051048";"Hemmingstedt";"Gemeinden";"73,27";"73,14";"73,39"
"01051049";"Hennstedt";"Gemeinden";"73,46";"73,01";"73,01"
"01051050";"Hillgroven";"Gemeinden";"90,83";"90,83";"90,56"
"01051051";"Hochdonn";"Gemeinden";"54,40";"54,21";"54,21"
"01051052";"Hövede";"Gemeinden";"80,95";"80,95";"74,83"
"01051053";"Hollingstedt";"Gemeinden";"78,75";"78,75";"78,54"
"01051054";"Immenstedt";"Gemeinden";"89,97";"89,64";"89,64"
"01051057";"Kaiser-Wilhelm-Koog";"Gemeinden";"78,54";"78,62";"78,54"
"01051058";"Karolinenkoog";"Gemeinden";"67,86";"67,86";"67,86"
"01051060";"Kleve";"Gemeinden";"83,29";"83,14";"83,14"
"01051061";"Krempel";"Gemeinden";"74,07";"75,52";"75,52"
"01051062";"Kronprinzenkoog";"Gemeinden";"82,52";"82,39";"82,18"
"01051063";"Krumstedt";"Gemeinden";"75,27";"75,02";"75,02"
"01051064";"Kuden";"Gemeinden";"75,11";"75,02";"75,02"
"01051065";"Lehe";"Gemeinden";"85,88";"85,19";"85,19"
"01051067";"Lieth";"Gemeinden";"69,74";"69,74";"69,53"
"01051068";"Linden";"Gemeinden";"83,56";"83,56";"83,56"
"01051069";"Lohe-Rickelshof";"Gemeinden";"68,27";"67,53";"67,53"
"01051071";"Lunden";"Gemeinden";"60,22";"60,22";"59,35"
"01051072";"Marne, Stadt";"Gemeinden";"36,23";"35,82";"35,82"
"01051073";"Marnerdeich";"Gemeinden";"77,86";"77,86";"77,86"
"01051074";"Meldorf, Stadt";"Gemeinden";"63,55";"63,22";"63,22"
"01051075";"Neuenkirchen";"Gemeinden";"89,82";"88,66";"88,62"
"01051076";"Neufeld";"Gemeinden";"89,23";"89,23";"89,04"
"01051077";"Neufelderkoog";"Gemeinden";"90,38";"90,58";"90,58"
"01051078";"Nindorf";"Gemeinden";"78,29";"78,06";"77,60"
"01051079";"Norddeich";"Gemeinden";"89,28";"88,99";"88,84"
"01051080";"Norderheistedt";"Gemeinden";"92,15";"91,69";"91,69"
"01051081";"Norderwöhrden";"Gemeinden";"90,36";"89,93";"89,93"
"01051082";"Nordhastedt";"Gemeinden";"63,40";"63,06";"62,99"
"01051083";"Odderade";"Gemeinden";"57,50";"57,41";"57,50"
"01051084";"Oesterdeichstrich";"Gemeinden";"85,99";"85,78";"85,99"
"01051085";"Offenbüttel";"Gemeinden";"80,57";"71,90";"71,54"
"01051086";"Osterrade";"Gemeinden";"86,42";"83,50";"83,38"
"01051087";"Ostrohe";"Gemeinden";"65,92";"64,71";"64,11"
"01051088";"Pahlen";"Gemeinden";"76,39";"75,83";"75,83"
"01051089";"Quickborn";"Gemeinden";"37,12";"37,12";"37,12"
"01051090";"Ramhusen";"Gemeinden";"88,75";"88,75";"88,75"
"01051092";"Rehm-Flehde-Bargen";"Gemeinden";"62,95";"63,98";"63,98"
"01051093";"Reinsbüttel";"Gemeinden";"88,58";"88,43";"88,43"
"01051096";"Sankt Annen";"Gemeinden";"87,44";"87,37";"87,31"
"01051097";"Sankt Michaelisdonn";"Gemeinden";"70,73";"70,69";"70,56"
"01051098";"Sarzbüttel";"Gemeinden";"72,82";"72,74";"72,67"
"01051099";"Schafstedt";"Gemeinden";"76,16";"75,99";"75,55"
"01051100";"Schalkholz";"Gemeinden";"76,44";"76,44";"76,20"
"01051102";"Schlichting";"Gemeinden";"89,68";"89,68";"88,72"
"01051103";"Schmedeswurth";"Gemeinden";"89,85";"89,85";"89,68"
"01051104";"Schrum";"Gemeinden";"78,24";"77,05";"77,05"
"01051105";"Schülp";"Gemeinden";"87,27";"87,27";"87,27"
"01051107";"Stelle-Wittenwurth";"Gemeinden";"80,67";"80,58";"80,58"
"01051108";"Strübbel";"Gemeinden";"91,36";"90,45";"90,45"
"01051109";"Süderdeich";"Gemeinden";"87,65";"87,50";"87,50"
"01051110";"Süderhastedt";"Gemeinden";"83,29";"82,85";"82,78"
"01051113";"Wöhrden";"Gemeinden";"87,32";"86,91";"86,72"
"01051114";"Tellingstedt";"Gemeinden";"77,87";"77,63";"77,39"
"01051117";"Tielenhemme";"Gemeinden";"88,88";"89,12";"89,12"
"01051118";"Trennewurth";"Gemeinden";"90,24";"90,12";"89,86"
"01051119";"Volsemenhusen";"Gemeinden";"91,30";"91,24";"91,18"
"01051120";"Wallen";"Gemeinden";"87,63";"87,10";"87,10"
"01051121";"Warwerort";"Gemeinden";"70,96";"70,96";"70,96"
"01051122";"Weddingstedt";"Gemeinden";"73,62";"73,45";"73,11"
"01051125";"Welmbüttel";"Gemeinden";"42,37";"42,76";"42,76"
"01051126";"Wennbüttel";"Gemeinden";"64,92";"64,71";"64,92"
"01051127";"Wesselburen, Stadt";"Gemeinden";"61,99";"61,60";"61,01"
"01051128";"Wesselburener Deichhausen";"Gemeinden";"89,35";"89,15";"88,95"
"01051129";"Wesselburenerkoog";"Gemeinden";"68,48";"68,48";"67,84"
"01051130";"Wesseln";"Gemeinden";"69,68";"69,15";"68,35"
"01051131";"Westerborstel";"Gemeinden";"90,82";"90,58";"90,34"
"01051132";"Westerdeichstrich";"Gemeinden";"83,07";"83,07";"83,07"
"01051133";"Wiemerstedt";"Gemeinden";"84,25";"84,25";"84,06"
"01051134";"Windbergen";"Gemeinden";"81,28";"81,22";"81,17"
"01051135";"Wolmersdorf";"Gemeinden";"83,47";"83,47";"83,80"
"01051136";"Wrohm";"Gemeinden";"85,15";"84,80";"84,72"
"01051137";"Nordermeldorf";"Gemeinden";"87,24";"87,07";"87,04"
"01051138";"Tensbüttel-Röst";"Gemeinden";"72,37";"72,11";"72,06"
"01051139";"Süderdorf";"Gemeinden";"87,54";"87,29";"87,23"
"01051140";"Oesterwurth";"Gemeinden";"91,33";"91,05";"91,12"
"01051141";"Süderheistedt";"Gemeinden";"86,14";"85,78";"85,66"
"01053001";"Albsfelde";"Gemeinden";"36,12";"36,12";"35,89"
"01053002";"Alt-Mölln";"Gemeinden";"66,46";"66,46";"66,61"
"01053003";"Aumühle";"Gemeinden";"5,75";"5,75";"5,75"
"01053004";"Bäk";"Gemeinden";"59,53";"59,53";"59,53"
"01053005";"Bälau";"Gemeinden";"71,38";"71,23";"71,08"
"01053006";"Basedow";"Gemeinden";"75,23";"75,10";"74,70"
"01053007";"Basthorst";"Gemeinden";"60,26";"60,35";"60,35"
"01053008";"Behlendorf";"Gemeinden";"66,15";"66,05";"66,05"
"01053009";"Berkenthin";"Gemeinden";"75,22";"74,85";"74,76"
"01053010";"Besenthal";"Gemeinden";"53,20";"53,20";"53,68"
"01053011";"Bliestorf";"Gemeinden";"56,23";"54,88";"54,88"
"01053012";"Börnsen";"Gemeinden";"53,27";"53,15";"52,56"
"01053013";"Borstorf";"Gemeinden";"37,50";"37,38";"37,85"
"01053014";"Breitenfelde";"Gemeinden";"81,66";"79,74";"79,74"
"01053015";"Bröthen";"Gemeinden";"55,75";"50,14";"50,05"
"01053016";"Brunsmark";"Gemeinden";"24,01";"24,01";"24,01"
"01053017";"Brunstorf";"Gemeinden";"65,48";"65,41";"65,26"
"01053018";"Buchholz";"Gemeinden";"69,97";"69,62";"69,28"
"01053019";"Buchhorst";"Gemeinden";"64,93";"63,58";"63,78"
"01053020";"Büchen";"Gemeinden";"53,71";"51,22";"53,83"
"01053021";"Dahmker";"Gemeinden";"85,29";"84,31";"84,31"
"01053022";"Dalldorf";"Gemeinden";"70,41";"70,41";"70,41"
"01053023";"Dassendorf";"Gemeinden";"64,86";"64,36";"64,36"
"01053024";"Düchelsdorf";"Gemeinden";"89,04";"88,70";"88,70"
"01053025";"Duvensee";"Gemeinden";"72,48";"72,40";"72,40"
"01053026";"Einhaus";"Gemeinden";"79,05";"78,66";"79,05"
"01053027";"Elmenhorst";"Gemeinden";"66,74";"54,43";"54,43"
"01053028";"Escheburg";"Gemeinden";"58,36";"55,78";"54,88"
"01053029";"Fitzen";"Gemeinden";"64,54";"63,34";"63,23"
"01053030";"Fredeburg";"Gemeinden";"19,43";"19,43";"19,33"
"01053031";"Fuhlenhagen";"Gemeinden";"80,31";"80,31";"80,31"
"01053032";"Geesthacht, Stadt";"Gemeinden";"30,08";"26,95";"26,47"
"01053033";"Giesensdorf";"Gemeinden";"89,01";"88,64";"88,64"
"01053034";"Göldenitz";"Gemeinden";"87,38";"86,56";"86,36"
"01053035";"Göttin";"Gemeinden";"60,65";"60,46";"60,46"
"01053036";"Grabau";"Gemeinden";"80,24";"80,24";"76,25"
"01053037";"Grambek";"Gemeinden";"17,06";"16,59";"16,43"
"01053038";"Grinau";"Gemeinden";"83,21";"83,21";"83,21"
"01053039";"Groß Boden";"Gemeinden";"88,52";"88,15";"88,52"
"01053040";"Groß Disnack";"Gemeinden";"37,56";"36,73";"36,73"
"01053041";"Groß Grönau";"Gemeinden";"51,84";"51,63";"51,43"
"01053042";"Groß Pampau";"Gemeinden";"78,65";"78,42";"78,42"
"01053043";"Groß Sarau";"Gemeinden";"73,07";"71,55";"71,55"
"01053044";"Groß Schenkenberg";"Gemeinden";"83,90";"83,74";"83,74"
"01053045";"Grove";"Gemeinden";"83,71";"83,52";"83,33"
"01053046";"Gudow";"Gemeinden";"45,37";"45,16";"45,07"
"01053047";"Gülzow";"Gemeinden";"59,58";"59,58";"59,58"
"01053048";"Güster";"Gemeinden";"41,90";"41,77";"41,52"
"01053049";"Hamfelde";"Gemeinden";"70,89";"70,89";"70,89"
"01053050";"Hamwarde";"Gemeinden";"73,16";"73,01";"72,56"
"01053051";"Harmsdorf";"Gemeinden";"76,19";"76,47";"75,91"
"01053052";"Havekost";"Gemeinden";"83,59";"83,42";"83,25"
"01053053";"Hohenhorn";"Gemeinden";"84,85";"84,85";"84,70"
"01053054";"Hollenbek";"Gemeinden";"86,27";"86,41";"86,27"
"01053056";"Hornbek";"Gemeinden";"56,03";"55,86";"57,05"
"01053057";"Horst";"Gemeinden";"66,72";"66,31";"66,31"
"01053058";"Juliusburg";"Gemeinden";"78,28";"77,94";"78,11"
"01053059";"Kankelau";"Gemeinden";"85,99";"85,99";"85,99"
"01053060";"Kasseburg";"Gemeinden";"71,86";"71,36";"71,36"
"01053061";"Kastorf";"Gemeinden";"82,03";"80,72";"80,14"
"01053062";"Kittlitz";"Gemeinden";"62,44";"62,38";"62,38"
"01053064";"Klein Pampau";"Gemeinden";"71,46";"71,46";"71,46"
"01053066";"Klein Zecher";"Gemeinden";"84,96";"84,74";"84,52"
"01053067";"Klempau";"Gemeinden";"78,05";"77,86";"77,86"
"01053068";"Klinkrade";"Gemeinden";"90,27";"90,14";"90,00"
"01053069";"Koberg";"Gemeinden";"57,35";"55,84";"55,84"
"01053070";"Köthel";"Gemeinden";"73,68";"72,37";"72,37"
"01053071";"Kollow";"Gemeinden";"76,61";"76,49";"76,37"
"01053072";"Kröppelshagen-Fahrendorf";"Gemeinden";"58,78";"58,78";"58,90"
"01053073";"Krüzen";"Gemeinden";"82,77";"82,89";"82,89"
"01053074";"Krukow";"Gemeinden";"72,29";"72,17";"72,17"
"01053075";"Krummesse";"Gemeinden";"65,97";"64,78";"63,58"
"01053076";"Kuddewörde";"Gemeinden";"76,60";"75,92";"75,92"
"01053077";"Kühsen";"Gemeinden";"78,71";"78,30";"78,43"
"01053078";"Kulpin";"Gemeinden";"87,64";"87,64";"87,48"
"01053079";"Labenz";"Gemeinden";"86,61";"85,91";"85,57"
"01053080";"Langenlehsten";"Gemeinden";"28,63";"28,63";"28,67"
"01053081";"Lankau";"Gemeinden";"56,59";"56,43";"56,28"
"01053082";"Lanze";"Gemeinden";"83,19";"83,19";"83,19"
"01053083";"Lauenburg/ Elbe, Stadt";"Gemeinden";"35,46";"33,79";"33,37"
"01053084";"Lehmrade";"Gemeinden";"43,51";"43,42";"43,42"
"01053085";"Linau";"Gemeinden";"82,30";"82,40";"82,30"
"01053086";"Lüchow";"Gemeinden";"92,19";"91,97";"91,97"
"01053087";"Lütau";"Gemeinden";"80,25";"80,07";"80,07"
"01053088";"Mechow";"Gemeinden";"90,52";"90,29";"90,07"
"01053089";"Möhnsen";"Gemeinden";"79,52";"79,25";"79,25"
"01053090";"Mölln, Stadt";"Gemeinden";"10,58";"10,22";"10,22"
"01053091";"Mühlenrade";"Gemeinden";"82,62";"82,62";"82,62"
"01053092";"Müssen";"Gemeinden";"71,99";"71,82";"71,82"
"01053093";"Mustin";"Gemeinden";"74,41";"67,68";"67,68"
"01053094";"Niendorf bei Berkenthin";"Gemeinden";"77,44";"75,69";"75,44"
"01053095";"Niendorf/ Stecknitz";"Gemeinden";"73,13";"73,13";"73,13"
"01053096";"Nusse";"Gemeinden";"76,37";"75,72";"75,72"
"01053097";"Panten";"Gemeinden";"78,96";"78,89";"78,81"
"01053098";"Pogeez";"Gemeinden";"73,61";"72,73";"70,73"
"01053099";"Poggensee";"Gemeinden";"67,46";"67,46";"67,46"
"01053100";"Ratzeburg, Stadt";"Gemeinden";"12,41";"11,79";"11,75"
"01053101";"Ritzerau";"Gemeinden";"51,22";"51,22";"51,22"
"01053102";"Römnitz";"Gemeinden";"65,05";"63,50";"63,50"
"01053103";"Rondeshagen";"Gemeinden";"80,86";"80,86";"80,76"
"01053104";"Roseburg";"Gemeinden";"51,11";"50,74";"50,80"
"01053105";"Sachsenwald (Forstgutsbez.),gemfr.Geb.";"Gemeinden";"1,68";"1,66";"1,66"
"01053106";"Sahms";"Gemeinden";"83,70";"78,96";"78,79"
"01053107";"Salem";"Gemeinden";"48,05";"48,01";"46,97"
"01053108";"Sandesneben";"Gemeinden";"82,38";"82,06";"82,06"
"01053109";"Schiphorst";"Gemeinden";"84,42";"84,05";"83,93"
"01053110";"Schmilau";"Gemeinden";"66,93";"66,84";"66,49"
"01053111";"Schnakenbek";"Gemeinden";"30,18";"30,03";"29,03"
"01053112";"Schönberg";"Gemeinden";"59,51";"59,04";"58,97"
"01053113";"Schretstaken";"Gemeinden";"68,00";"67,89";"67,89"
"01053114";"Schürensöhlen";"Gemeinden";"86,55";"86,18";"86,55"
"01053115";"Schulendorf";"Gemeinden";"73,64";"73,55";"73,37"
"01053116";"Schwarzenbek, Stadt";"Gemeinden";"22,25";"21,65";"22,23"
"01053117";"Seedorf";"Gemeinden";"41,03";"40,75";"40,49"
"01053118";"Siebenbäumen";"Gemeinden";"88,44";"88,32";"88,32"
"01053119";"Siebeneichen";"Gemeinden";"81,84";"80,34";"80,13"
"01053120";"Sierksrade";"Gemeinden";"85,25";"84,50";"85,00"
"01053121";"Sirksfelde";"Gemeinden";"47,80";"47,68";"47,56"
"01053122";"Steinhorst";"Gemeinden";"58,38";"58,38";"58,32"
"01053123";"Sterley";"Gemeinden";"63,25";"63,21";"63,21"
"01053124";"Stubben";"Gemeinden";"89,49";"89,49";"89,49"
"01053125";"Talkau";"Gemeinden";"70,08";"70,08";"69,47"
"01053126";"Tramm";"Gemeinden";"54,15";"53,56";"53,56"
"01053127";"Walksfelde";"Gemeinden";"89,17";"88,89";"88,60"
"01053128";"Wangelau";"Gemeinden";"82,52";"82,52";"82,36"
"01053129";"Wentorf bei Hamburg";"Gemeinden";"10,77";"10,77";"10,77"
"01053130";"Wentorf (Amt Sandesneben)";"Gemeinden";"84,77";"84,37";"84,37"
"01053131";"Wiershop";"Gemeinden";"81,17";"80,78";"80,78"
"01053132";"Witzeeze";"Gemeinden";"68,45";"68,16";"67,97"
"01053133";"Wohltorf";"Gemeinden";"37,69";"37,69";"37,69"
"01053134";"Woltersdorf";"Gemeinden";"72,03";"71,39";"71,39"
"01053135";"Worth";"Gemeinden";"87,31";"87,31";"87,31"
"01053136";"Ziethen";"Gemeinden";"57,25";"53,22";"53,27"
"01054001";"Achtrup";"Gemeinden";"87,56";"87,49";"87,53"
"01054002";"Ahrenshöft";"Gemeinden";"75,54";"73,49";"73,61"
"01054003";"Ahrenviöl";"Gemeinden";"90,21";"90,11";"89,71"
"01054004";"Ahrenviölfeld";"Gemeinden";"81,48";"81,07";"80,93"
"01054005";"Alkersum";"Gemeinden";"87,43";"87,32";"87,32"
"01054006";"Almdorf";"Gemeinden";"85,09";"84,04";"84,56"
"01054007";"Arlewatt";"Gemeinden";"82,41";"82,05";"82,05"
"01054009";"Aventoft";"Gemeinden";"71,80";"71,80";"71,73"
"01054010";"Bargum";"Gemeinden";"75,48";"75,19";"75,19"
"01054011";"Behrendorf";"Gemeinden";"90,45";"90,26";"90,26"
"01054012";"Bohmstedt";"Gemeinden";"75,66";"75,36";"75,21"
"01054013";"Bondelum";"Gemeinden";"87,15";"87,04";"87,25"
"01054014";"Bordelum";"Gemeinden";"80,52";"80,18";"80,18"
"01054015";"Borgsum";"Gemeinden";"85,66";"85,66";"85,66"
"01054016";"Bosbüll";"Gemeinden";"89,42";"89,26";"89,26"
"01054017";"Braderup";"Gemeinden";"77,38";"77,23";"77,23"
"01054018";"Bramstedtlund";"Gemeinden";"84,91";"84,69";"84,69"
"01054019";"Bredstedt, Stadt";"Gemeinden";"56,00";"55,90";"55,49"
"01054020";"Breklum";"Gemeinden";"74,88";"74,78";"74,68"
"01054022";"Dagebüll";"Gemeinden";"78,74";"77,93";"77,63"
"01054023";"Drage";"Gemeinden";"81,87";"81,57";"81,57"
"01054024";"Drelsdorf";"Gemeinden";"76,05";"75,76";"75,71"
"01054025";"Dunsum";"Gemeinden";"82,35";"81,99";"81,99"
"01054026";"Elisabeth-Sophien-Koog";"Gemeinden";"89,58";"89,19";"89,00"
"01054027";"Ellhöft";"Gemeinden";"89,51";"89,39";"89,13"
"01054032";"Fresendelf";"Gemeinden";"81,15";"81,15";"81,15"
"01054033";"Friedrichstadt, Stadt";"Gemeinden";"38,81";"38,81";"38,31"
"01054034";"Friedrich-Wilhelm-Lübke-Koog";"Gemeinden";"88,73";"88,07";"87,99"
"01054035";"Garding, Kirchspiel";"Gemeinden";"91,74";"91,87";"91,87"
"01054036";"Garding, Stadt";"Gemeinden";"49,02";"47,06";"46,08"
"01054037";"Goldebek";"Gemeinden";"89,49";"89,39";"89,29"
"01054038";"Goldelund";"Gemeinden";"86,61";"86,61";"86,36"
"01054039";"Gröde";"Gemeinden";"74,60";"73,02";"73,81"
"01054040";"Grothusenkoog";"Gemeinden";"91,13";"90,52";"90,52"
"01054041";"Haselund";"Gemeinden";"85,46";"84,83";"84,60"
"01054042";"Hattstedt";"Gemeinden";"69,76";"69,04";"69,04"
"01054043";"Hattstedtermarsch";"Gemeinden";"61,15";"61,15";"61,04"
"01054045";"Högel";"Gemeinden";"87,84";"87,22";"86,55"
"01054046";"Hörnum (Sylt)";"Gemeinden";"0,18";"0,00";"0,00"
"01054048";"Holm";"Gemeinden";"88,75";"88,75";"88,50"
"01054050";"Hallig Hooge";"Gemeinden";"88,06";"87,37";"87,37"
"01054052";"Horstedt";"Gemeinden";"75,38";"74,36";"74,62"
"01054054";"Hude";"Gemeinden";"81,64";"81,64";"81,92"
"01054055";"Humptrup";"Gemeinden";"79,05";"78,40";"78,40"
"01054056";"Husum, Stadt";"Gemeinden";"40,04";"39,53";"39,03"
"01054057";"Immenstedt";"Gemeinden";"73,44";"73,37";"73,37"
"01054059";"Joldelund";"Gemeinden";"86,72";"86,45";"86,51"
"01054061";"Kampen (Sylt)";"Gemeinden";"11,51";"11,51";"11,51"
"01054062";"Karlum";"Gemeinden";"60,93";"60,93";"60,93"
"01054063";"Katharinenheerd";"Gemeinden";"93,94";"93,94";"93,58"
"01054065";"Klanxbüll";"Gemeinden";"81,20";"80,90";"81,00"
"01054068";"Klixbüll";"Gemeinden";"86,24";"86,07";"85,44"
"01054070";"Koldenbüttel";"Gemeinden";"89,19";"89,15";"88,84"
"01054071";"Kolkerheide";"Gemeinden";"88,10";"87,62";"87,62"
"01054072";"Kotzenbüll";"Gemeinden";"91,12";"91,12";"90,86"
"01054073";"Ladelund";"Gemeinden";"83,02";"82,36";"82,40"
"01054074";"Langeneß";"Gemeinden";"86,43";"86,00";"85,91"
"01054075";"Langenhorn";"Gemeinden";"78,29";"78,08";"78,06"
"01054076";"Leck";"Gemeinden";"54,51";"54,01";"53,44"
"01054077";"Lexgaard";"Gemeinden";"75,00";"74,81";"74,81"
"01054078";"List auf Sylt";"Gemeinden";"5,43";"5,70";"5,81"
"01054079";"Löwenstedt";"Gemeinden";"77,42";"77,22";"77,12"
"01054080";"Lütjenholm";"Gemeinden";"69,93";"69,84";"69,93"
"01054083";"Midlum";"Gemeinden";"82,82";"82,82";"82,71"
"01054084";"Mildstedt";"Gemeinden";"64,75";"64,52";"64,06"
"01054085";"Nebel";"Gemeinden";"34,06";"33,89";"33,89"
"01054086";"Neukirchen";"Gemeinden";"77,07";"76,50";"76,54"
"01054087";"Nieblum";"Gemeinden";"64,50";"64,38";"64,25"
"01054088";"Niebüll, Stadt";"Gemeinden";"69,64";"69,12";"69,02"
"01054089";"Norddorf auf Amrum";"Gemeinden";"20,71";"20,71";"20,71"
"01054090";"Norderfriedrichskoog";"Gemeinden";"91,71";"91,71";"91,90"
"01054091";"Nordstrand";"Gemeinden";"70,96";"70,83";"70,87"
"01054092";"Norstedt";"Gemeinden";"84,30";"84,15";"84,00"
"01054093";"Ockholm";"Gemeinden";"67,81";"67,70";"67,81"
"01054094";"Oevenum";"Gemeinden";"86,02";"85,37";"85,37"
"01054095";"Oldenswort";"Gemeinden";"90,21";"90,14";"90,03"
"01054096";"Oldersbek";"Gemeinden";"88,08";"87,71";"87,71"
"01054097";"Olderup";"Gemeinden";"87,53";"87,32";"87,22"
"01054098";"Oldsum";"Gemeinden";"83,70";"83,47";"83,47"
"01054099";"Ostenfeld (Husum)";"Gemeinden";"75,68";"75,64";"75,42"
"01054100";"Osterhever";"Gemeinden";"92,38";"92,32";"92,54"
"01054101";"Oster-Ohrstedt";"Gemeinden";"77,68";"77,41";"77,41"
"01054103";"Pellworm";"Gemeinden";"87,82";"87,50";"87,50"
"01054104";"Poppenbüll";"Gemeinden";"92,91";"92,91";"92,91"
"01054105";"Ramstedt";"Gemeinden";"82,47";"81,73";"81,92"
"01054106";"Rantrum";"Gemeinden";"82,76";"82,62";"82,18"
"01054108";"Reußenköge";"Gemeinden";"78,17";"77,11";"76,85"
"01054109";"Risum-Lindholm";"Gemeinden";"82,15";"81,43";"81,27"
"01054110";"Rodenäs";"Gemeinden";"81,45";"81,40";"81,55"
"01054113";"Sankt Peter-Ording";"Gemeinden";"55,63";"54,71";"54,64"
"01054116";"Schwabstedt";"Gemeinden";"63,39";"63,39";"63,29"
"01054118";"Schwesing";"Gemeinden";"69,67";"69,67";"69,80"
"01054119";"Seeth";"Gemeinden";"77,11";"76,82";"76,82"
"01054120";"Simonsberg";"Gemeinden";"84,27";"84,21";"84,15"
"01054121";"Sönnebüll";"Gemeinden";"84,85";"84,62";"84,38"
"01054123";"Sollwitt";"Gemeinden";"80,64";"80,55";"80,73"
"01054124";"Sprakebüll";"Gemeinden";"81,53";"81,53";"81,53"
"01054125";"Stadum";"Gemeinden";"69,15";"68,95";"69,10"
"01054126";"Stedesand";"Gemeinden";"86,77";"86,70";"86,57"
"01054128";"Struckum";"Gemeinden";"84,08";"82,85";"82,62"
"01054129";"Süderende";"Gemeinden";"82,63";"82,24";"82,24"
"01054130";"Süderhöft";"Gemeinden";"75,77";"76,15";"76,15"
"01054131";"Süderlügum";"Gemeinden";"58,52";"57,31";"57,24"
"01054132";"Südermarsch";"Gemeinden";"84,78";"84,72";"84,68"
"01054134";"Tating";"Gemeinden";"87,69";"87,28";"87,08"
"01054135";"Tetenbüll";"Gemeinden";"91,52";"91,46";"91,30"
"01054136";"Tinningstedt";"Gemeinden";"81,37";"81,37";"81,48"
"01054138";"Tönning, Stadt";"Gemeinden";"60,34";"59,98";"59,94"
"01054140";"Tümlauer Koog";"Gemeinden";"88,23";"88,23";"88,23"
"01054141";"Uelvesbüll";"Gemeinden";"91,50";"91,30";"90,81"
"01054142";"Uphusum";"Gemeinden";"79,75";"79,60";"79,32"
"01054143";"Utersum";"Gemeinden";"72,81";"68,06";"67,68"
"01054144";"Viöl";"Gemeinden";"85,07";"84,23";"82,81"
"01054145";"Vollerwiek";"Gemeinden";"88,10";"86,15";"85,93"
"01054146";"Vollstedt";"Gemeinden";"90,13";"89,16";"89,16"
"01054148";"Welt";"Gemeinden";"89,63";"89,27";"89,15"
"01054149";"Wenningstedt-Braderup (Sylt)";"Gemeinden";"22,40";"22,24";"22,24"
"01054150";"Westerhever";"Gemeinden";"87,76";"87,54";"88,14"
"01054152";"Wester-Ohrstedt";"Gemeinden";"73,30";"73,19";"73,09"
"01054154";"Westre";"Gemeinden";"75,91";"75,81";"75,71"
"01054156";"Winnert";"Gemeinden";"86,71";"86,65";"78,44"
"01054157";"Wisch";"Gemeinden";"86,89";"86,56";"86,56"
"01054158";"Witsum";"Gemeinden";"74,21";"74,21";"74,21"
"01054159";"Wittbek";"Gemeinden";"86,89";"86,84";"86,79"
"01054160";"Wittdün auf Amrum";"Gemeinden";"4,21";"4,21";"4,21"
"01054161";"Witzwort";"Gemeinden";"91,04";"90,97";"90,33"
"01054162";"Wobbenbüll";"Gemeinden";"73,37";"72,78";"73,37"
"01054163";"Wrixum";"Gemeinden";"80,69";"80,56";"80,56"
"01054164";"Wyk auf Föhr, Stadt";"Gemeinden";"48,39";"47,03";"46,78"
"01054165";"Galmsbüll";"Gemeinden";"92,99";"92,68";"92,70"
"01054166";"Emmelsbüll-Horsbüll";"Gemeinden";"86,85";"86,76";"86,82"
"01054167";"Enge-Sande";"Gemeinden";"73,05";"72,72";"72,68"
"01054168";"Sylt";"Gemeinden";"39,17";"38,98";"39,52"
"01055001";"Ahrensbök";"Gemeinden";"76,75";"76,53";"76,34"
"01055002";"Altenkrempe";"Gemeinden";"73,31";"73,17";"73,09"
"01055004";"Bad Schwartau, Stadt";"Gemeinden";"49,92";"49,59";"49,10"
"01055006";"Beschendorf";"Gemeinden";"86,18";"85,60";"85,60"
"01055007";"Bosau";"Gemeinden";"83,21";"83,02";"82,86"
"01055010";"Dahme";"Gemeinden";"63,56";"63,34";"62,57"
"01055011";"Damlos";"Gemeinden";"60,17";"59,96";"59,96"
"01055012";"Eutin, Stadt";"Gemeinden";"39,67";"39,50";"39,13"
"01055014";"Göhl";"Gemeinden";"88,23";"87,99";"87,71"
"01055015";"Gremersdorf";"Gemeinden";"83,74";"83,22";"83,04"
"01055016";"Grömitz";"Gemeinden";"76,22";"74,99";"74,67"
"01055017";"Großenbrode";"Gemeinden";"75,70";"75,27";"75,23"
"01055018";"Grube";"Gemeinden";"84,27";"84,07";"82,98"
"01055020";"Harmsdorf";"Gemeinden";"69,47";"69,19";"68,46"
"01055021";"Heiligenhafen, Stadt";"Gemeinden";"46,72";"46,23";"46,18"
"01055022";"Heringsdorf";"Gemeinden";"86,90";"86,70";"86,63"
"01055023";"Kabelhorst";"Gemeinden";"88,95";"88,95";"88,95"
"01055024";"Kasseedorf";"Gemeinden";"57,78";"55,98";"55,84"
"01055025";"Kellenhusen (Ostsee)";"Gemeinden";"25,83";"25,83";"25,70"
"01055027";"Lensahn";"Gemeinden";"74,87";"74,40";"74,12"
"01055028";"Malente";"Gemeinden";"50,40";"50,30";"49,92"
"01055029";"Manhagen";"Gemeinden";"69,99";"69,89";"69,78"
"01055031";"Neukirchen";"Gemeinden";"84,48";"83,15";"82,73"
"01055032";"Neustadt in Holstein, Stadt";"Gemeinden";"44,10";"42,98";"42,98"
"01055033";"Oldenburg in Holstein, Stadt";"Gemeinden";"53,84";"53,64";"53,69"
"01055035";"Ratekau";"Gemeinden";"61,91";"61,57";"61,51"
"01055036";"Riepsdorf";"Gemeinden";"90,28";"90,12";"89,85"
"01055037";"Schashagen";"Gemeinden";"83,33";"82,95";"82,95"
"01055038";"Schönwalde am Bungsberg";"Gemeinden";"70,73";"70,35";"70,14"
"01055039";"Sierksdorf";"Gemeinden";"71,23";"71,08";"71,18"
"01055040";"Stockelsdorf";"Gemeinden";"80,25";"79,79";"79,95"
"01055041";"Süsel";"Gemeinden";"76,04";"75,91";"75,79"
"01055042";"Timmendorfer Strand";"Gemeinden";"38,70";"38,35";"38,10"
"01055043";"Wangels";"Gemeinden";"73,96";"73,76";"73,55"
"01055044";"Scharbeutz";"Gemeinden";"63,32";"62,60";"62,37"
"01055046";"Fehmarn, Stadt";"Gemeinden";"82,21";"81,22";"82,07"
"01056001";"Appen";"Gemeinden";"66,01";"66,06";"65,96"
"01056002";"Barmstedt, Stadt";"Gemeinden";"53,58";"53,35";"53,17"
"01056003";"Bevern";"Gemeinden";"87,06";"86,07";"86,07"
"01056004";"Bilsen";"Gemeinden";"83,06";"82,74";"82,74"
"01056005";"Bönningstedt";"Gemeinden";"63,32";"63,07";"62,90"
"01056006";"Bokel";"Gemeinden";"88,14";"88,39";"88,26"
"01056008";"Bokholt-Hanredder";"Gemeinden";"74,18";"73,60";"73,48"
"01056009";"Borstel-Hohenraden";"Gemeinden";"71,44";"70,43";"70,23"
"01056010";"Brande-Hörnerkirchen";"Gemeinden";"84,32";"83,79";"83,56"
"01056011";"Bullenkuhlen";"Gemeinden";"87,53";"87,28";"87,28"
"01056013";"Ellerbek";"Gemeinden";"68,83";"68,72";"68,72"
"01056014";"Ellerhoop";"Gemeinden";"78,41";"78,13";"77,94"
"01056015";"Elmshorn, Stadt";"Gemeinden";"20,65";"20,13";"20,13"
"01056016";"Groß Nordende";"Gemeinden";"84,04";"84,04";"84,04"
"01056017";"Groß Offenseth-Aspern";"Gemeinden";"76,99";"76,70";"76,61"
"01056018";"Halstenbek";"Gemeinden";"50,64";"47,69";"47,62"
"01056019";"Haselau";"Gemeinden";"46,27";"45,63";"45,53"
"01056020";"Haseldorf";"Gemeinden";"74,17";"75,88";"75,50"
"01056021";"Hasloh";"Gemeinden";"65,58";"65,13";"65,04"
"01056022";"Heede";"Gemeinden";"65,96";"65,89";"65,89"
"01056023";"Heidgraben";"Gemeinden";"60,97";"60,78";"59,48"
"01056024";"Heist";"Gemeinden";"49,70";"49,60";"49,40"
"01056025";"Helgoland";"Gemeinden";"0,71";"0,71";"0,71"
"01056026";"Hemdingen";"Gemeinden";"77,64";"77,39";"77,33"
"01056027";"Hetlingen";"Gemeinden";"46,97";"46,80";"46,64"
"01056028";"Holm";"Gemeinden";"59,13";"59,07";"59,07"
"01056029";"Klein Nordende";"Gemeinden";"67,47";"67,28";"67,38"
"01056030";"Klein Offenseth-Sparrieshoop";"Gemeinden";"77,84";"77,60";"77,60"
"01056031";"Kölln-Reisiek";"Gemeinden";"66,47";"65,44";"65,29"
"01056032";"Kummerfeld";"Gemeinden";"56,62";"55,85";"55,69"
"01056033";"Seester";"Gemeinden";"86,95";"86,78";"86,78"
"01056034";"Langeln";"Gemeinden";"82,10";"82,10";"82,00"
"01056035";"Lutzhorn";"Gemeinden";"73,30";"73,16";"73,07"
"01056036";"Moorrege";"Gemeinden";"65,52";"64,03";"64,03"
"01056037";"Neuendeich";"Gemeinden";"87,47";"87,24";"87,35"
"01056038";"Osterhorn";"Gemeinden";"87,62";"87,46";"87,15"
"01056039";"Pinneberg, Stadt";"Gemeinden";"32,78";"32,68";"32,40"
"01056040";"Prisdorf";"Gemeinden";"49,71";"49,90";"49,90"
"01056041";"Quickborn, Stadt";"Gemeinden";"49,51";"49,35";"49,14"
"01056042";"Raa-Besenbek";"Gemeinden";"90,22";"90,15";"90,15"
"01056043";"Rellingen";"Gemeinden";"45,75";"45,22";"44,76"
"01056044";"Schenefeld, Stadt";"Gemeinden";"40,54";"40,54";"40,34"
"01056045";"Seestermühe";"Gemeinden";"48,67";"48,20";"47,99"
"01056046";"Seeth-Ekholt";"Gemeinden";"79,39";"78,66";"78,66"
"01056047";"Tangstedt";"Gemeinden";"81,31";"81,23";"81,07"
"01056048";"Tornesch, Stadt";"Gemeinden";"51,43";"51,14";"51,09"
"01056049";"Uetersen, Stadt";"Gemeinden";"41,38";"41,03";"40,77"
"01056050";"Wedel, Stadt";"Gemeinden";"38,75";"38,63";"38,51"
"01056051";"Westerhorn";"Gemeinden";"77,16";"77,27";"77,16"
"01057001";"Ascheberg (Holstein)";"Gemeinden";"55,97";"55,11";"55,01"
"01057002";"Barmissen";"Gemeinden";"94,17";"94,17";"93,79"
"01057003";"Barsbek";"Gemeinden";"90,03";"89,92";"90,38"
"01057004";"Behrensdorf (Ostsee)";"Gemeinden";"59,06";"58,97";"58,97"
"01057005";"Belau";"Gemeinden";"71,79";"71,66";"71,66"
"01057006";"Bendfeld";"Gemeinden";"94,10";"93,65";"93,65"
"01057007";"Blekendorf";"Gemeinden";"82,32";"82,22";"82,11"
"01057008";"Bönebüttel";"Gemeinden";"75,44";"75,20";"75,15"
"01057009";"Bösdorf";"Gemeinden";"66,15";"65,96";"65,86"
"01057010";"Boksee";"Gemeinden";"83,70";"83,51";"83,51"
"01057011";"Bothkamp";"Gemeinden";"71,40";"71,33";"71,25"
"01057012";"Brodersdorf";"Gemeinden";"84,30";"84,30";"84,30"
"01057013";"Dannau";"Gemeinden";"82,79";"80,04";"80,04"
"01057015";"Dersau";"Gemeinden";"81,07";"80,80";"80,80"
"01057016";"Dobersdorf";"Gemeinden";"54,31";"53,90";"53,72"
"01057017";"Dörnick";"Gemeinden";"88,37";"88,37";"88,37"
"01057018";"Fahren";"Gemeinden";"94,17";"93,61";"93,61"
"01057020";"Fiefbergen";"Gemeinden";"89,83";"88,97";"88,97"
"01057021";"Giekau";"Gemeinden";"56,75";"56,57";"56,54"
"01057022";"Grebin";"Gemeinden";"71,33";"71,17";"71,09"
"01057023";"Großbarkau";"Gemeinden";"89,42";"89,08";"89,08"
"01057024";"Großharrie";"Gemeinden";"83,60";"83,52";"83,52"
"01057025";"Heikendorf";"Gemeinden";"48,57";"48,10";"48,03"
"01057026";"Helmstorf";"Gemeinden";"79,97";"79,89";"79,89"
"01057027";"Högsdorf";"Gemeinden";"72,64";"72,55";"72,46"
"01057028";"Höhndorf";"Gemeinden";"91,12";"90,94";"90,94"
"01057029";"Hohenfelde";"Gemeinden";"75,05";"74,57";"74,38"
"01057030";"Hohwacht (Ostsee)";"Gemeinden";"41,71";"41,60";"41,49"
"01057031";"Honigsee";"Gemeinden";"77,64";"77,55";"77,11"
"01057032";"Kalübbe";"Gemeinden";"82,12";"81,95";"81,78"
"01057033";"Kirchbarkau";"Gemeinden";"44,91";"44,44";"44,44"
"01057034";"Kirchnüchel";"Gemeinden";"70,56";"70,47";"70,27"
"01057035";"Klamp";"Gemeinden";"77,67";"77,37";"77,37"
"01057037";"Klein Barkau";"Gemeinden";"84,96";"84,73";"84,73"
"01057038";"Kletkamp";"Gemeinden";"73,96";"73,87";"73,26"
"01057039";"Köhn";"Gemeinden";"79,85";"79,77";"79,77"
"01057040";"Krokau";"Gemeinden";"89,66";"89,66";"89,66"
"01057041";"Krummbek";"Gemeinden";"90,33";"90,15";"90,15"
"01057042";"Kühren";"Gemeinden";"73,65";"73,77";"73,65"
"01057043";"Laboe";"Gemeinden";"49,90";"47,23";"46,85"
"01057044";"Lammershagen";"Gemeinden";"40,28";"40,36";"40,32"
"01057045";"Lebrade";"Gemeinden";"69,88";"69,50";"69,39"
"01057046";"Lehmkuhlen";"Gemeinden";"77,09";"76,67";"76,58"
"01057047";"Löptin";"Gemeinden";"84,56";"84,45";"84,56"
"01057048";"Lütjenburg, Stadt";"Gemeinden";"48,46";"48,13";"47,80"
"01057049";"Lutterbek";"Gemeinden";"87,93";"87,93";"87,62"
"01057050";"Martensrade";"Gemeinden";"66,53";"66,38";"66,27"
"01057051";"Mönkeberg";"Gemeinden";"30,22";"27,34";"26,26"
"01057052";"Mucheln";"Gemeinden";"79,55";"78,92";"78,78"
"01057053";"Nehmten";"Gemeinden";"42,35";"42,31";"42,26"
"01057054";"Nettelsee";"Gemeinden";"80,37";"80,37";"80,37"
"01057055";"Panker";"Gemeinden";"70,66";"68,42";"68,38"
"01057056";"Passade";"Gemeinden";"55,79";"55,79";"55,79"
"01057057";"Plön, Stadt";"Gemeinden";"5,88";"5,71";"4,81"
"01057058";"Pohnsdorf";"Gemeinden";"48,74";"48,66";"47,93"
"01057059";"Postfeld";"Gemeinden";"87,39";"87,52";"87,52"
"01057060";"Prasdorf";"Gemeinden";"91,61";"91,61";"91,61"
"01057062";"Preetz, Stadt";"Gemeinden";"35,56";"35,28";"34,79"
"01057063";"Probsteierhagen";"Gemeinden";"69,36";"68,90";"68,70"
"01057065";"Rantzau";"Gemeinden";"79,72";"79,89";"79,72"
"01057066";"Rastorf";"Gemeinden";"72,06";"73,46";"73,31"
"01057067";"Rathjensdorf";"Gemeinden";"71,84";"71,84";"70,19"
"01057068";"Rendswühren";"Gemeinden";"83,29";"83,29";"83,29"
"01057069";"Ruhwinkel";"Gemeinden";"76,62";"76,39";"76,09"
"01057070";"Schellhorn";"Gemeinden";"71,58";"71,10";"71,00"
"01057071";"Schillsdorf";"Gemeinden";"77,55";"77,52";"77,37"
"01057072";"Schlesen";"Gemeinden";"82,60";"82,12";"82,00"
"01057073";"Schönberg (Holstein)";"Gemeinden";"61,99";"60,79";"59,50"
"01057074";"Schönkirchen";"Gemeinden";"71,37";"69,05";"68,48"
"01057076";"Schwartbuck";"Gemeinden";"81,06";"81,06";"81,06"
"01057077";"Selent";"Gemeinden";"64,67";"64,08";"63,15"
"01057078";"Stakendorf";"Gemeinden";"88,08";"87,58";"87,58"
"01057079";"Stein";"Gemeinden";"78,48";"76,64";"76,64"
"01057080";"Stolpe";"Gemeinden";"70,57";"70,31";"68,98"
"01057081";"Stoltenberg";"Gemeinden";"74,29";"74,16";"74,16"
"01057082";"Tröndel";"Gemeinden";"88,92";"88,79";"88,79"
"01057083";"Tasdorf";"Gemeinden";"87,25";"87,45";"87,25"
"01057084";"Wahlstorf";"Gemeinden";"70,53";"64,40";"64,33"
"01057085";"Wankendorf";"Gemeinden";"80,43";"80,06";"79,91"
"01057086";"Warnau";"Gemeinden";"90,70";"88,94";"88,94"
"01057087";"Wendtorf";"Gemeinden";"52,05";"51,86";"52,05"
"01057088";"Wisch";"Gemeinden";"79,41";"79,19";"79,19"
"01057089";"Wittmoldt";"Gemeinden";"78,28";"77,76";"77,76"
"01057090";"Fargau-Pratjau";"Gemeinden";"65,28";"64,94";"64,94"
"01057091";"Schwentinental, Stadt";"Gemeinden";"48,40";"47,05";"46,77"
"01058001";"Achterwehr";"Gemeinden";"47,89";"47,89";"47,96"
"01058003";"Alt Duvenstedt";"Gemeinden";"68,32";"68,12";"68,07"
"01058004";"Altenhof";"Gemeinden";"49,96";"49,79";"49,79"
"01058005";"Altenholz";"Gemeinden";"59,87";"59,66";"59,51"
"01058007";"Arpsdorf";"Gemeinden";"79,50";"78,84";"78,84"
"01058008";"Ascheffel";"Gemeinden";"67,08";"66,99";"66,99"
"01058009";"Aukrug";"Gemeinden";"58,90";"58,50";"58,24"
"01058010";"Bargstall";"Gemeinden";"84,20";"84,20";"83,98"
"01058011";"Bargstedt";"Gemeinden";"57,73";"56,57";"56,57"
"01058012";"Barkelsby";"Gemeinden";"78,33";"77,16";"76,54"
"01058013";"Beldorf";"Gemeinden";"65,89";"67,14";"67,06"
"01058014";"Bendorf";"Gemeinden";"78,75";"78,70";"78,90"
"01058015";"Beringstedt";"Gemeinden";"68,16";"68,02";"68,02"
"01058016";"Bissee";"Gemeinden";"73,89";"74,54";"74,54"
"01058018";"Blumenthal";"Gemeinden";"77,44";"77,31";"77,18"
"01058019";"Böhnhusen";"Gemeinden";"82,80";"80,34";"80,34"
"01058021";"Bokel";"Gemeinden";"80,55";"80,42";"80,48"
"01058022";"Bordesholm";"Gemeinden";"41,10";"40,61";"40,22"
"01058023";"Borgdorf-Seedorf";"Gemeinden";"72,85";"72,85";"72,85"
"01058024";"Borgstedt";"Gemeinden";"74,43";"74,10";"74,10"
"01058025";"Bornholt";"Gemeinden";"51,51";"51,42";"51,33"
"01058026";"Bovenau";"Gemeinden";"81,59";"81,02";"81,06"
"01058027";"Brammer";"Gemeinden";"62,81";"62,59";"62,59"
"01058028";"Bredenbek";"Gemeinden";"78,92";"78,04";"77,80"
"01058029";"Breiholz";"Gemeinden";"74,93";"74,55";"74,45"
"01058030";"Brekendorf";"Gemeinden";"62,63";"61,94";"61,94"
"01058031";"Brinjahe";"Gemeinden";"81,55";"81,33";"81,12"
"01058032";"Brodersby";"Gemeinden";"82,84";"82,23";"82,23"
"01058033";"Brügge";"Gemeinden";"80,66";"79,36";"79,24"
"01058034";"Büdelsdorf, Stadt";"Gemeinden";"14,51";"13,89";"14,04"
"01058035";"Bünsdorf";"Gemeinden";"78,40";"78,17";"78,02"
"01058036";"Christiansholm";"Gemeinden";"87,53";"87,53";"87,65"
"01058037";"Dänischenhagen";"Gemeinden";"75,24";"75,05";"74,86"
"01058038";"Dätgen";"Gemeinden";"58,29";"56,40";"56,40"
"01058039";"Damendorf";"Gemeinden";"68,45";"67,91";"67,91"
"01058040";"Damp";"Gemeinden";"74,80";"72,99";"72,77"
"01058042";"Dörphof";"Gemeinden";"82,62";"82,42";"82,36"
"01058043";"Eckernförde, Stadt";"Gemeinden";"16,51";"15,85";"15,20"
"01058044";"Ehndorf";"Gemeinden";"77,79";"77,66";"77,72"
"01058045";"Eisendorf";"Gemeinden";"80,91";"80,55";"80,55"
"01058046";"Ellerdorf";"Gemeinden";"74,90";"73,82";"73,82"
"01058047";"Elsdorf-Westermühlen";"Gemeinden";"67,72";"67,58";"67,58"
"01058048";"Embühren";"Gemeinden";"84,30";"84,30";"84,30"
"01058049";"Emkendorf";"Gemeinden";"63,30";"62,91";"63,35"
"01058050";"Felde";"Gemeinden";"70,61";"69,31";"69,16"
"01058051";"Felm";"Gemeinden";"74,76";"74,62";"74,62"
"01058052";"Fleckeby";"Gemeinden";"68,16";"67,99";"66,77"
"01058053";"Flintbek";"Gemeinden";"72,23";"71,20";"71,20"
"01058054";"Fockbek";"Gemeinden";"60,98";"60,34";"60,34"
"01058055";"Friedrichsgraben";"Gemeinden";"87,92";"87,92";"87,92"
"01058056";"Friedrichsholm";"Gemeinden";"85,27";"85,13";"85,13"
"01058057";"Gammelby";"Gemeinden";"78,06";"77,22";"77,10"
"01058058";"Gettorf";"Gemeinden";"57,11";"57,01";"56,79"
"01058059";"Gnutz";"Gemeinden";"85,74";"84,95";"84,78"
"01058061";"Gokels";"Gemeinden";"75,56";"75,56";"74,34"
"01058062";"Grauel";"Gemeinden";"79,79";"79,62";"79,62"
"01058063";"Grevenkrug";"Gemeinden";"62,41";"62,65";"62,41"
"01058064";"Groß Buchwald";"Gemeinden";"80,45";"80,34";"79,80"
"01058065";"Groß Vollstedt";"Gemeinden";"74,39";"73,95";"73,84"
"01058066";"Groß Wittensee";"Gemeinden";"39,53";"39,41";"39,11"
"01058067";"Güby";"Gemeinden";"56,13";"55,88";"54,71"
"01058068";"Haale";"Gemeinden";"82,89";"82,89";"82,81"
"01058069";"Haby";"Gemeinden";"84,63";"84,63";"84,63"
"01058070";"Hamdorf";"Gemeinden";"85,49";"85,22";"85,13"
"01058071";"Hamweddel";"Gemeinden";"71,25";"70,94";"71,04"
"01058072";"Hanerau-Hademarschen";"Gemeinden";"62,47";"61,86";"61,86"
"01058073";"Haßmoor";"Gemeinden";"83,03";"83,03";"83,03"
"01058074";"Heinkenborstel";"Gemeinden";"78,81";"78,41";"78,41"
"01058075";"Hörsten";"Gemeinden";"63,31";"63,31";"63,31"
"01058076";"Hoffeld";"Gemeinden";"71,90";"71,15";"71,15"
"01058077";"Hohenwestedt";"Gemeinden";"67,55";"66,23";"66,01"
"01058078";"Hohn";"Gemeinden";"70,30";"69,95";"69,89"
"01058080";"Holtsee";"Gemeinden";"85,73";"85,54";"85,54"
"01058081";"Holzbunge";"Gemeinden";"61,66";"61,08";"61,08"
"01058082";"Holzdorf";"Gemeinden";"83,52";"83,40";"83,23"
"01058083";"Hütten";"Gemeinden";"72,79";"72,36";"72,36"
"01058084";"Hummelfeld";"Gemeinden";"85,21";"85,09";"85,19"
"01058085";"Jahrsdorf";"Gemeinden";"72,15";"71,93";"71,70"
"01058086";"Jevenstedt";"Gemeinden";"73,61";"73,39";"73,30"
"01058087";"Karby";"Gemeinden";"77,51";"77,51";"77,51"
"01058088";"Klein Wittensee";"Gemeinden";"85,58";"85,35";"85,12"
"01058089";"Königshügel";"Gemeinden";"90,10";"90,10";"90,10"
"01058090";"Kosel";"Gemeinden";"56,77";"56,03";"56,03"
"01058091";"Krogaspe";"Gemeinden";"75,72";"74,70";"74,70"
"01058092";"Kronshagen";"Gemeinden";"29,21";"24,91";"24,91"
"01058093";"Krummwisch";"Gemeinden";"74,55";"74,48";"74,48"
"01058094";"Langwedel";"Gemeinden";"73,25";"74,07";"73,86"
"01058096";"Lindau";"Gemeinden";"76,85";"76,77";"76,53"
"01058097";"Lohe-Föhrden";"Gemeinden";"48,35";"48,35";"48,28"
"01058098";"Loop";"Gemeinden";"78,32";"77,72";"77,60"
"01058099";"Loose";"Gemeinden";"86,12";"86,05";"85,67"
"01058100";"Lütjenwestedt";"Gemeinden";"77,64";"77,60";"77,96"
"01058101";"Luhnstedt";"Gemeinden";"61,47";"61,41";"61,41"
"01058102";"Goosefeld";"Gemeinden";"81,20";"80,27";"79,34"
"01058103";"Meezen";"Gemeinden";"62,67";"61,87";"60,73"
"01058104";"Melsdorf";"Gemeinden";"71,65";"70,12";"69,61"
"01058105";"Mielkendorf";"Gemeinden";"62,21";"62,08";"62,08"
"01058106";"Mörel";"Gemeinden";"63,87";"63,64";"63,64"
"01058107";"Molfsee";"Gemeinden";"46,24";"45,82";"45,82"
"01058108";"Mühbrook";"Gemeinden";"67,92";"65,85";"65,85"
"01058109";"Negenharrie";"Gemeinden";"79,66";"79,02";"78,94"
"01058110";"Neudorf-Bornstein";"Gemeinden";"87,30";"87,16";"87,09"
"01058111";"Neu Duvenstedt";"Gemeinden";"72,33";"72,15";"72,33"
"01058112";"Neuwittenbek";"Gemeinden";"75,15";"75,15";"75,15"
"01058113";"Nienborstel";"Gemeinden";"48,79";"48,79";"48,67"
"01058115";"Nindorf";"Gemeinden";"72,20";"72,13";"72,06"
"01058116";"Noer";"Gemeinden";"69,04";"68,83";"68,75"
"01058117";"Nortorf, Stadt";"Gemeinden";"64,68";"63,35";"63,27"
"01058118";"Nübbel";"Gemeinden";"82,67";"82,52";"81,28"
"01058119";"Oldenbüttel";"Gemeinden";"72,02";"71,89";"71,89"
"01058120";"Oldenhütten";"Gemeinden";"74,36";"73,90";"73,90"
"01058121";"Osdorf";"Gemeinden";"82,59";"82,28";"82,23"
"01058122";"Ostenfeld (Rendsburg)";"Gemeinden";"83,49";"84,04";"84,04"
"01058123";"Osterby";"Gemeinden";"81,81";"81,40";"81,30"
"01058124";"Osterrönfeld";"Gemeinden";"57,69";"57,07";"56,40"
"01058125";"Osterstedt";"Gemeinden";"85,11";"83,56";"83,29"
"01058126";"Ottendorf";"Gemeinden";"81,41";"81,13";"81,13"
"01058127";"Owschlag";"Gemeinden";"70,54";"70,72";"71,20"
"01058128";"Padenstedt";"Gemeinden";"71,37";"71,30";"71,30"
"01058129";"Prinzenmoor";"Gemeinden";"81,96";"81,96";"82,32"
"01058130";"Quarnbek";"Gemeinden";"76,58";"76,51";"76,39"
"01058131";"Rade b. Hohenwestedt";"Gemeinden";"82,55";"82,55";"81,93"
"01058132";"Rade b. Rendsburg";"Gemeinden";"73,62";"73,16";"73,01"
"01058133";"Reesdorf";"Gemeinden";"83,71";"82,74";"82,74"
"01058134";"Remmels";"Gemeinden";"82,09";"81,88";"81,77"
"01058135";"Rendsburg, Stadt";"Gemeinden";"29,81";"28,55";"28,29"
"01058136";"Rickert";"Gemeinden";"80,07";"79,53";"79,53"
"01058137";"Rieseby";"Gemeinden";"78,66";"78,38";"78,20"
"01058138";"Rodenbek";"Gemeinden";"83,36";"83,36";"83,22"
"01058139";"Rumohr";"Gemeinden";"70,12";"69,65";"69,65"
"01058140";"Schacht-Audorf";"Gemeinden";"35,43";"35,43";"35,43"
"01058141";"Schierensee";"Gemeinden";"50,54";"50,33";"50,33"
"01058142";"Schinkel";"Gemeinden";"82,37";"82,27";"82,08"
"01058143";"Schmalstede";"Gemeinden";"68,81";"69,23";"69,23"
"01058144";"Schönbek";"Gemeinden";"73,41";"70,96";"70,80"
"01058145";"Schönhorst";"Gemeinden";"58,03";"57,75";"57,75"
"01058146";"Schülldorf";"Gemeinden";"81,14";"81,14";"81,14"
"01058147";"Schülp b. Nortorf";"Gemeinden";"71,57";"70,25";"69,95"
"01058148";"Schülp b. Rendsburg";"Gemeinden";"65,02";"64,37";"63,99"
"01058150";"Schwedeneck";"Gemeinden";"80,63";"80,32";"80,18"
"01058151";"Seefeld";"Gemeinden";"81,68";"81,68";"81,54"
"01058152";"Sehestedt";"Gemeinden";"66,49";"66,43";"66,43"
"01058153";"Sören";"Gemeinden";"51,69";"50,46";"50,46"
"01058154";"Sophienhamm";"Gemeinden";"74,66";"74,83";"74,83"
"01058155";"Stafstedt";"Gemeinden";"70,41";"70,25";"70,25"
"01058156";"Steenfeld";"Gemeinden";"80,75";"80,79";"80,79"
"01058157";"Strande";"Gemeinden";"77,35";"77,13";"76,91"
"01058158";"Tackesdorf";"Gemeinden";"63,27";"63,40";"63,27"
"01058159";"Tappendorf";"Gemeinden";"74,14";"74,14";"73,99"
"01058160";"Techelsdorf";"Gemeinden";"67,05";"66,13";"66,13"
"01058161";"Thaden";"Gemeinden";"61,52";"61,52";"60,10"
"01058162";"Thumby";"Gemeinden";"73,68";"73,57";"73,38"
"01058163";"Timmaspe";"Gemeinden";"57,23";"56,97";"56,84"
"01058164";"Todenbüttel";"Gemeinden";"71,99";"71,82";"71,73"
"01058165";"Tüttendorf";"Gemeinden";"84,22";"84,16";"83,99"
"01058166";"Waabs";"Gemeinden";"79,53";"79,28";"78,83"
"01058167";"Wapelfeld";"Gemeinden";"79,41";"79,16";"79,16"
"01058168";"Warder";"Gemeinden";"52,35";"52,24";"52,12"
"01058169";"Wasbek";"Gemeinden";"74,20";"74,03";"73,86"
"01058170";"Wattenbek";"Gemeinden";"62,64";"62,15";"61,98"
"01058171";"Westensee";"Gemeinden";"50,22";"50,11";"50,03"
"01058172";"Westerrönfeld";"Gemeinden";"52,06";"50,00";"49,87"
"01058173";"Windeby";"Gemeinden";"78,81";"78,81";"78,67"
"01058174";"Winnemark";"Gemeinden";"73,70";"73,59";"73,59"
"01058175";"Ahlefeld-Bistensee";"Gemeinden";"58,86";"58,86";"58,76"
"01059001";"Alt Bennebek";"Gemeinden";"90,84";"90,77";"90,77"
"01059002";"Arnis, Stadt";"Gemeinden";"4,44";"4,44";"4,44"
"01059005";"Bergenhusen";"Gemeinden";"79,64";"79,53";"79,80"
"01059006";"Böel";"Gemeinden";"85,72";"85,65";"85,36"
"01059008";"Böklund";"Gemeinden";"65,23";"65,23";"65,10"
"01059009";"Börm";"Gemeinden";"89,42";"89,20";"89,26"
"01059010";"Bollingstedt";"Gemeinden";"74,57";"73,83";"73,90"
"01059012";"Borgwedel";"Gemeinden";"53,87";"53,47";"53,47"
"01059018";"Busdorf";"Gemeinden";"45,61";"45,42";"45,23"
"01059019";"Dannewerk";"Gemeinden";"78,21";"77,85";"77,97"
"01059020";"Dörpstedt";"Gemeinden";"86,51";"86,51";"86,45"
"01059023";"Ellingstedt";"Gemeinden";"89,72";"89,62";"89,58"
"01059024";"Erfde";"Gemeinden";"82,36";"81,21";"80,51"
"01059026";"Fahrdorf";"Gemeinden";"58,83";"58,17";"58,25"
"01059032";"Geltorf";"Gemeinden";"86,63";"86,39";"86,39"
"01059034";"Grödersby";"Gemeinden";"62,26";"62,26";"62,26"
"01059035";"Groß Rheide";"Gemeinden";"86,73";"86,60";"86,66"
"01059037";"Havetoft";"Gemeinden";"81,62";"81,56";"81,35"
"01059039";"Hollingstedt";"Gemeinden";"87,49";"87,26";"87,09"
"01059041";"Hüsby";"Gemeinden";"85,02";"84,40";"84,40"
"01059042";"Idstedt";"Gemeinden";"47,64";"47,12";"48,01"
"01059043";"Jagel";"Gemeinden";"44,07";"43,82";"43,73"
"01059044";"Jübek";"Gemeinden";"80,36";"80,30";"80,17"
"01059045";"Kappeln, Stadt";"Gemeinden";"57,14";"56,91";"56,50"
"01059049";"Klappholz";"Gemeinden";"84,67";"84,55";"84,55"
"01059050";"Klein Bennebek";"Gemeinden";"84,24";"84,16";"84,16"
"01059051";"Klein Rheide";"Gemeinden";"76,76";"76,68";"76,68"
"01059053";"Kropp";"Gemeinden";"51,88";"51,78";"51,28"
"01059055";"Loit";"Gemeinden";"86,25";"86,40";"86,40"
"01059056";"Lottorf";"Gemeinden";"83,91";"83,91";"83,74"
"01059057";"Lürschau";"Gemeinden";"59,90";"59,78";"59,36"
"01059058";"Meggerdorf";"Gemeinden";"77,78";"77,69";"77,73"
"01059060";"Mohrkirch";"Gemeinden";"80,65";"80,58";"80,51"
"01059062";"Neuberend";"Gemeinden";"54,75";"54,52";"61,54"
"01059063";"Norderbrarup";"Gemeinden";"77,39";"77,14";"76,88"
"01059065";"Nottfeld";"Gemeinden";"69,50";"69,50";"69,50"
"01059067";"Oersberg";"Gemeinden";"88,15";"87,87";"87,73"
"01059068";"Rabenkirchen-Faulück";"Gemeinden";"80,01";"80,01";"80,01"
"01059070";"Rügge";"Gemeinden";"86,02";"86,02";"85,86"
"01059072";"Saustrup";"Gemeinden";"71,38";"71,25";"71,25"
"01059073";"Schaalby";"Gemeinden";"70,96";"71,32";"71,20"
"01059074";"Scheggerott";"Gemeinden";"81,65";"81,49";"81,65"
"01059075";"Schleswig, Stadt";"Gemeinden";"19,22";"18,64";"18,60"
"01059076";"Schnarup-Thumby";"Gemeinden";"88,26";"88,16";"88,16"
"01059077";"Schuby";"Gemeinden";"73,02";"71,60";"70,76"
"01059078";"Selk";"Gemeinden";"64,15";"63,36";"60,97"
"01059079";"Silberstedt";"Gemeinden";"81,46";"80,88";"80,85"
"01059080";"Steinfeld";"Gemeinden";"86,03";"85,80";"85,45"
"01059081";"Stolk";"Gemeinden";"83,22";"83,15";"83,22"
"01059082";"Struxdorf";"Gemeinden";"86,34";"86,27";"86,27"
"01059083";"Süderbrarup";"Gemeinden";"70,92";"70,39";"70,29"
"01059084";"Süderfahrenstedt";"Gemeinden";"63,61";"63,50";"63,39"
"01059086";"Taarstedt";"Gemeinden";"85,83";"85,68";"85,46"
"01059087";"Tetenhusen";"Gemeinden";"68,00";"67,87";"67,83"
"01059088";"Tielen";"Gemeinden";"84,86";"84,78";"84,78"
"01059090";"Tolk";"Gemeinden";"81,51";"81,51";"81,03"
"01059092";"Treia";"Gemeinden";"76,15";"75,97";"75,83"
"01059093";"Uelsby";"Gemeinden";"74,32";"74,22";"74,22"
"01059094";"Ulsnis";"Gemeinden";"69,66";"69,46";"69,36"
"01059095";"Wagersrott";"Gemeinden";"84,72";"84,19";"84,19"
"01059096";"Wohlde";"Gemeinden";"80,53";"80,25";"80,04"
"01059097";"Twedt";"Gemeinden";"87,30";"87,78";"87,78"
"01059098";"Nübel";"Gemeinden";"82,72";"82,55";"80,04"
"01059102";"Ahneby";"Gemeinden";"90,00";"89,74";"89,74"
"01059103";"Ausacker";"Gemeinden";"84,78";"84,67";"84,56"
"01059105";"Böxlund";"Gemeinden";"86,36";"86,14";"85,68"
"01059106";"Dollerup";"Gemeinden";"84,63";"84,17";"84,40"
"01059107";"Eggebek";"Gemeinden";"62,23";"61,99";"61,81"
"01059109";"Esgrus";"Gemeinden";"88,16";"88,10";"87,99"
"01059112";"Gelting";"Gemeinden";"77,87";"77,82";"77,52"
"01059113";"Glücksburg (Ostsee), Stadt";"Gemeinden";"17,54";"17,39";"15,70"
"01059115";"Großenwiehe";"Gemeinden";"85,43";"85,07";"84,87"
"01059116";"Großsolt";"Gemeinden";"82,29";"82,21";"82,13"
"01059118";"Grundhof";"Gemeinden";"86,60";"86,43";"86,34"
"01059120";"Harrislee";"Gemeinden";"41,28";"40,49";"39,59"
"01059121";"Hasselberg";"Gemeinden";"87,18";"87,00";"86,83"
"01059123";"Hörup";"Gemeinden";"82,70";"82,20";"82,26"
"01059124";"Holt";"Gemeinden";"90,61";"90,54";"90,46"
"01059126";"Hürup";"Gemeinden";"84,04";"83,79";"83,72"
"01059127";"Husby";"Gemeinden";"84,77";"84,15";"84,00"
"01059128";"Janneby";"Gemeinden";"90,48";"90,27";"89,99"
"01059129";"Jardelund";"Gemeinden";"72,58";"72,46";"72,52"
"01059131";"Jerrishoe";"Gemeinden";"82,31";"81,94";"82,00"
"01059132";"Jörl";"Gemeinden";"79,89";"79,84";"79,58"
"01059136";"Kronsgaard";"Gemeinden";"88,01";"87,67";"87,16"
"01059137";"Langballig";"Gemeinden";"55,61";"55,03";"54,96"
"01059138";"Langstedt";"Gemeinden";"73,27";"73,12";"73,04"
"01059142";"Maasholm";"Gemeinden";"28,03";"28,03";"28,03"
"01059143";"Medelby";"Gemeinden";"76,92";"76,51";"76,41"
"01059144";"Meyn";"Gemeinden";"78,55";"78,06";"77,98"
"01059145";"Munkbrarup";"Gemeinden";"57,50";"57,42";"57,27"
"01059147";"Nieby";"Gemeinden";"73,61";"67,91";"67,91"
"01059148";"Niesgrau";"Gemeinden";"85,14";"84,83";"84,63"
"01059149";"Nordhackstedt";"Gemeinden";"88,29";"88,21";"88,13"
"01059151";"Osterby";"Gemeinden";"82,02";"81,30";"81,21"
"01059152";"Pommerby";"Gemeinden";"89,73";"89,37";"89,37"
"01059154";"Rabel";"Gemeinden";"64,93";"64,82";"64,82"
"01059155";"Rabenholz";"Gemeinden";"89,48";"89,31";"89,48"
"01059157";"Ringsberg";"Gemeinden";"86,67";"86,67";"86,48"
"01059158";"Schafflund";"Gemeinden";"80,62";"76,27";"76,48"
"01059159";"Sieverstedt";"Gemeinden";"76,07";"75,91";"75,91"
"01059161";"Sörup";"Gemeinden";"81,16";"81,00";"80,89"
"01059162";"Sollerup";"Gemeinden";"88,60";"88,60";"88,44"
"01059163";"Stangheck";"Gemeinden";"76,50";"76,30";"76,30"
"01059164";"Steinberg";"Gemeinden";"66,91";"66,61";"66,61"
"01059167";"Sterup";"Gemeinden";"85,54";"84,66";"84,49"
"01059168";"Stoltebüll";"Gemeinden";"84,70";"84,88";"84,63"
"01059169";"Süderhackstedt";"Gemeinden";"82,66";"82,56";"82,36"
"01059171";"Tarp";"Gemeinden";"67,97";"67,73";"67,36"
"01059173";"Wallsbüll";"Gemeinden";"64,93";"64,25";"64,32"
"01059174";"Wanderup";"Gemeinden";"84,46";"83,00";"82,65"
"01059176";"Wees";"Gemeinden";"71,19";"71,11";"70,64"
"01059177";"Weesby";"Gemeinden";"86,75";"86,66";"86,71"
"01059178";"Westerholz";"Gemeinden";"32,70";"32,02";"31,95"
"01059179";"Lindewitt";"Gemeinden";"82,96";"82,85";"82,81"
"01059182";"Freienwill";"Gemeinden";"83,53";"83,40";"83,40"
"01059183";"Handewitt";"Gemeinden";"69,76";"69,27";"67,76"
"01059184";"Oeversee";"Gemeinden";"70,83";"70,61";"70,64"
"01059185";"Mittelangeln";"Gemeinden";"73,40";"72,95";"72,82"
"01059186";"Steinbergkirche";"Gemeinden";"75,64";"75,34";"75,00"
"01059187";"Boren";"Gemeinden";"73,83";"73,76";"73,67"
"01059188";"Stapel";"Gemeinden";"66,85";"66,85";"66,76"
"01059189";"Brodersby-Goltoft";"Gemeinden";"70,21";"70,11";"69,89"
"01060002";"Alveslohe";"Gemeinden";"73,33";"73,10";"73,05"
"01060003";"Armstedt";"Gemeinden";"88,45";"88,23";"88,34"
"01060004";"Bad Bramstedt, Stadt";"Gemeinden";"43,58";"43,33";"43,12"
"01060005";"Bad Segeberg, Stadt";"Gemeinden";"35,08";"34,02";"33,81"
"01060006";"Bahrenhof";"Gemeinden";"73,91";"73,73";"73,73"
"01060007";"Bark";"Gemeinden";"51,49";"51,44";"51,54"
"01060008";"Bebensee";"Gemeinden";"78,89";"78,74";"78,59"
"01060009";"Bimöhlen";"Gemeinden";"70,71";"70,59";"70,36"
"01060010";"Blunk";"Gemeinden";"78,39";"78,39";"78,58"
"01060011";"Boostedt";"Gemeinden";"42,27";"41,98";"41,68"
"01060012";"Bornhöved";"Gemeinden";"55,10";"54,82";"54,60"
"01060013";"Borstel";"Gemeinden";"74,80";"74,80";"74,80"
"01060014";"Buchholz (Forstgutsbez.),gemfr. Gebiet";"Gemeinden";"2,91";"2,91";"2,86"
"01060015";"Bühnsdorf";"Gemeinden";"88,19";"88,19";"87,95"
"01060016";"Daldorf";"Gemeinden";"41,42";"41,23";"41,23"
"01060017";"Damsdorf";"Gemeinden";"42,51";"42,38";"42,25"
"01060018";"Dreggers";"Gemeinden";"83,15";"83,15";"83,15"
"01060019";"Ellerau";"Gemeinden";"58,67";"58,39";"58,25"
"01060020";"Fahrenkrug";"Gemeinden";"75,52";"75,36";"75,20"
"01060021";"Föhrden-Barl";"Gemeinden";"81,69";"81,69";"81,69"
"01060022";"Fredesdorf";"Gemeinden";"81,49";"81,49";"81,49"
"01060023";"Fuhlendorf";"Gemeinden";"79,35";"78,58";"78,12"
"01060024";"Geschendorf";"Gemeinden";"80,18";"80,00";"80,00"
"01060025";"Glasau";"Gemeinden";"74,14";"74,35";"74,24"
"01060026";"Gönnebek";"Gemeinden";"70,19";"69,92";"69,92"
"01060027";"Großenaspe";"Gemeinden";"76,35";"75,82";"75,65"
"01060028";"Groß Kummerfeld";"Gemeinden";"69,20";"69,06";"69,00"
"01060029";"Groß Niendorf";"Gemeinden";"86,80";"86,52";"86,70"
"01060030";"Groß Rönnau";"Gemeinden";"77,27";"77,12";"77,12"
"01060031";"Hagen";"Gemeinden";"74,76";"74,76";"74,63"
"01060033";"Hardebek";"Gemeinden";"86,31";"86,21";"86,01"
"01060034";"Hartenholm";"Gemeinden";"64,63";"64,11";"64,24"
"01060035";"Hasenkrug";"Gemeinden";"81,35";"80,77";"81,15"
"01060036";"Hasenmoor";"Gemeinden";"54,84";"54,67";"54,56"
"01060037";"Heidmoor";"Gemeinden";"52,74";"52,74";"52,85"
"01060038";"Heidmühlen";"Gemeinden";"62,93";"62,70";"62,59"
"01060039";"Henstedt-Ulzburg";"Gemeinden";"59,12";"58,13";"57,83"
"01060040";"Hitzhusen";"Gemeinden";"79,07";"79,07";"78,69"
"01060041";"Högersdorf";"Gemeinden";"77,98";"77,98";"77,98"
"01060042";"Hüttblek";"Gemeinden";"81,45";"80,73";"80,73"
"01060043";"Itzstedt";"Gemeinden";"67,18";"66,34";"66,20"
"01060044";"Kaltenkirchen, Stadt";"Gemeinden";"43,75";"41,32";"40,50"
"01060045";"Kattendorf";"Gemeinden";"67,99";"67,99";"67,89"
"01060046";"Kayhude";"Gemeinden";"69,52";"69,52";"69,52"
"01060047";"Kisdorf";"Gemeinden";"70,91";"70,79";"70,71"
"01060048";"Klein Gladebrügge";"Gemeinden";"83,94";"83,51";"83,73"
"01060049";"Klein Rönnau";"Gemeinden";"59,60";"58,50";"57,84"
"01060050";"Krems II";"Gemeinden";"79,91";"78,13";"78,13"
"01060051";"Kükels";"Gemeinden";"80,47";"80,12";"80,12"
"01060052";"Latendorf";"Gemeinden";"70,46";"70,29";"70,23"
"01060053";"Leezen";"Gemeinden";"83,85";"83,51";"83,38"
"01060054";"Lentföhrden";"Gemeinden";"64,79";"64,74";"64,59"
"01060056";"Mönkloh";"Gemeinden";"37,38";"37,38";"37,38"
"01060057";"Mözen";"Gemeinden";"71,89";"71,63";"71,63"
"01060058";"Nahe";"Gemeinden";"78,50";"78,01";"77,92"
"01060059";"Negernbötel";"Gemeinden";"59,46";"59,40";"59,34"
"01060060";"Nehms";"Gemeinden";"74,74";"74,54";"74,54"
"01060061";"Neuengörs";"Gemeinden";"86,94";"86,79";"86,87"
"01060062";"Neversdorf";"Gemeinden";"70,91";"71,05";"70,91"
"01060063";"Norderstedt, Stadt";"Gemeinden";"33,58";"33,37";"33,20"
"01060064";"Nützen";"Gemeinden";"63,60";"62,30";"61,89"
"01060065";"Oering";"Gemeinden";"80,20";"80,09";"79,98"
"01060066";"Oersdorf";"Gemeinden";"63,01";"63,01";"63,01"
"01060067";"Pronstorf";"Gemeinden";"77,36";"77,20";"77,03"
"01060068";"Rickling";"Gemeinden";"51,46";"51,28";"51,18"
"01060069";"Rohlstorf";"Gemeinden";"69,77";"69,92";"70,12"
"01060070";"Schackendorf";"Gemeinden";"66,50";"66,37";"66,37"
"01060071";"Schieren";"Gemeinden";"88,36";"88,05";"88,05"
"01060072";"Schmalensee";"Gemeinden";"88,82";"88,36";"88,36"
"01060073";"Schmalfeld";"Gemeinden";"78,22";"77,91";"77,96"
"01060074";"Schwissel";"Gemeinden";"77,03";"77,03";"77,03"
"01060075";"Seedorf";"Gemeinden";"73,83";"72,98";"72,94"
"01060076";"Seth";"Gemeinden";"82,27";"82,18";"81,61"
"01060077";"Sievershütten";"Gemeinden";"81,50";"81,50";"81,21"
"01060079";"Stipsdorf";"Gemeinden";"85,19";"85,19";"85,47"
"01060080";"Stocksee";"Gemeinden";"56,94";"56,77";"56,77"
"01060081";"Strukdorf";"Gemeinden";"71,23";"71,10";"71,10"
"01060082";"Struvenhütten";"Gemeinden";"82,76";"82,76";"82,61"
"01060084";"Stuvenborn";"Gemeinden";"88,72";"88,35";"88,22"
"01060085";"Sülfeld";"Gemeinden";"69,71";"69,75";"69,71"
"01060086";"Tarbek";"Gemeinden";"71,86";"71,76";"71,66"
"01060087";"Tensfeld";"Gemeinden";"44,71";"43,01";"35,42"
"01060088";"Todesfelde";"Gemeinden";"86,90";"86,55";"86,49"
"01060089";"Trappenkamp";"Gemeinden";"12,75";"12,75";"11,59"
"01060090";"Travenhorst";"Gemeinden";"77,80";"78,74";"78,74"
"01060091";"Traventhal";"Gemeinden";"86,59";"86,78";"86,78"
"01060092";"Wahlstedt, Stadt";"Gemeinden";"52,38";"52,32";"52,32"
"01060093";"Wakendorf I";"Gemeinden";"83,15";"82,96";"82,77"
"01060094";"Wakendorf II";"Gemeinden";"87,42";"87,27";"87,11"
"01060095";"Weddelbrook";"Gemeinden";"84,14";"84,07";"84,07"
"01060096";"Weede";"Gemeinden";"81,35";"81,11";"81,11"
"01060097";"Wensin";"Gemeinden";"71,84";"71,79";"71,74"
"01060098";"Westerrade";"Gemeinden";"79,18";"79,00";"79,00"
"01060099";"Wiemersdorf";"Gemeinden";"81,25";"81,08";"81,03"
"01060100";"Winsen";"Gemeinden";"55,39";"55,15";"55,15"
"01060101";"Wittenborn";"Gemeinden";"52,18";"52,18";"52,18"
"01061001";"Aasbüttel";"Gemeinden";"85,59";"85,59";"85,37"
"01061002";"Aebtissinwisch";"Gemeinden";"79,61";"79,61";"79,61"
"01061003";"Agethorst";"Gemeinden";"75,74";"75,25";"75,25"
"01061004";"Altenmoor";"Gemeinden";"88,89";"89,38";"90,03"
"01061005";"Auufer";"Gemeinden";"86,52";"86,33";"86,33"
"01061006";"Bahrenfleth";"Gemeinden";"89,77";"89,77";"89,77"
"01061007";"Beidenfleth";"Gemeinden";"87,43";"87,35";"87,28"
"01061008";"Bekdorf";"Gemeinden";"88,82";"88,82";"88,82"
"01061010";"Bekmünde";"Gemeinden";"84,83";"85,17";"85,17"
"01061011";"Besdorf";"Gemeinden";"80,87";"80,73";"80,73"
"01061012";"Blomesche Wildnis";"Gemeinden";"89,02";"88,86";"88,57"
"01061013";"Bokelrehm";"Gemeinden";"75,84";"75,84";"75,84"
"01061014";"Bokhorst";"Gemeinden";"70,36";"70,53";"70,36"
"01061015";"Borsfleth";"Gemeinden";"77,11";"76,71";"76,71"
"01061016";"Breitenberg";"Gemeinden";"80,34";"80,34";"80,34"
"01061017";"Breitenburg";"Gemeinden";"6,39";"6,39";"6,49"
"01061018";"Brokdorf";"Gemeinden";"57,50";"57,35";"57,25"
"01061019";"Brokstedt";"Gemeinden";"70,60";"70,05";"69,73"
"01061020";"Büttel";"Gemeinden";"51,35";"51,62";"51,99"
"01061021";"Christinenthal";"Gemeinden";"81,01";"81,01";"80,71"
"01061022";"Dägeling";"Gemeinden";"54,71";"54,58";"54,58"
"01061023";"Dammfleth";"Gemeinden";"91,43";"91,24";"91,18"
"01061024";"Drage";"Gemeinden";"47,20";"47,12";"47,05"
"01061025";"Ecklak";"Gemeinden";"81,41";"81,47";"81,54"
"01061026";"Elskop";"Gemeinden";"94,55";"94,14";"94,01"
"01061027";"Engelbrechtsche Wildnis";"Gemeinden";"81,68";"81,68";"80,90"
"01061028";"Fitzbek";"Gemeinden";"70,41";"70,31";"70,31"
"01061029";"Glückstadt, Stadt";"Gemeinden";"16,09";"16,00";"15,52"
"01061030";"Grevenkop";"Gemeinden";"92,42";"91,91";"91,91"
"01061031";"Gribbohm";"Gemeinden";"71,35";"71,35";"71,35"
"01061033";"Hadenfeld";"Gemeinden";"88,09";"88,09";"88,09"
"01061034";"Heiligenstedten";"Gemeinden";"68,08";"68,00";"68,34"
"01061035";"Heiligenstedtenerkamp";"Gemeinden";"56,47";"56,47";"56,47"
"01061036";"Hennstedt";"Gemeinden";"69,89";"69,80";"69,89"
"01061037";"Herzhorn";"Gemeinden";"89,46";"89,38";"89,14"
"01061038";"Hingstheide";"Gemeinden";"92,95";"92,95";"92,69"
"01061039";"Hodorf";"Gemeinden";"86,65";"86,38";"86,38"
"01061040";"Hohenaspe";"Gemeinden";"80,18";"80,11";"79,97"
"01061041";"Hohenfelde";"Gemeinden";"83,96";"83,90";"83,96"
"01061042";"Hohenlockstedt";"Gemeinden";"50,44";"50,44";"50,20"
"01061043";"Holstenniendorf";"Gemeinden";"77,09";"76,84";"76,84"
"01061044";"Horst (Holstein)";"Gemeinden";"79,73";"79,46";"79,15"
"01061045";"Huje";"Gemeinden";"88,09";"87,91";"87,55"
"01061046";"Itzehoe, Stadt";"Gemeinden";"21,16";"22,42";"22,32"
"01061047";"Kaaks";"Gemeinden";"77,10";"76,99";"76,87"
"01061048";"Kaisborstel";"Gemeinden";"81,14";"81,14";"81,14"
"01061049";"Kellinghusen, Stadt";"Gemeinden";"57,58";"57,15";"56,99"
"01061050";"Kiebitzreihe";"Gemeinden";"79,20";"79,89";"80,23"
"01061052";"Kleve";"Gemeinden";"57,81";"57,81";"57,99"
"01061053";"Kollmoor";"Gemeinden";"88,59";"88,29";"87,09"
"01061054";"Krempdorf";"Gemeinden";"90,62";"89,91";"89,73"
"01061055";"Krempe, Stadt";"Gemeinden";"65,49";"65,38";"65,09"
"01061056";"Kremperheide";"Gemeinden";"29,90";"29,90";"27,39"
"01061057";"Krempermoor";"Gemeinden";"52,90";"52,90";"52,90"
"01061058";"Kronsmoor";"Gemeinden";"73,72";"73,72";"73,22"
"01061059";"Krummendiek";"Gemeinden";"91,57";"91,57";"91,01"
"01061060";"Kudensee";"Gemeinden";"70,72";"70,72";"71,05"
"01061061";"Lägerdorf";"Gemeinden";"35,23";"35,23";"35,18"
"01061062";"Landrecht";"Gemeinden";"89,35";"89,35";"89,35"
"01061063";"Landscheide";"Gemeinden";"85,75";"84,41";"84,01"
"01061064";"Lockstedt";"Gemeinden";"66,80";"66,80";"66,80"
"01061065";"Lohbarbek";"Gemeinden";"82,69";"82,37";"82,37"
"01061066";"Looft";"Gemeinden";"63,15";"62,99";"62,83"
"01061067";"Mehlbek";"Gemeinden";"75,67";"75,56";"75,56"
"01061068";"Moordiek";"Gemeinden";"74,44";"74,44";"74,76"
"01061070";"Moorhusen";"Gemeinden";"93,15";"93,15";"92,93"
"01061071";"Mühlenbarbek";"Gemeinden";"74,71";"74,83";"74,83"
"01061072";"Münsterdorf";"Gemeinden";"50,00";"49,61";"49,22"
"01061073";"Neuenbrook";"Gemeinden";"91,20";"91,20";"91,13"
"01061074";"Neuendorf b. Elmshorn";"Gemeinden";"85,18";"84,74";"84,74"
"01061076";"Nienbüttel";"Gemeinden";"67,55";"67,55";"67,31"
"01061077";"Nortorf";"Gemeinden";"89,26";"88,81";"88,81"
"01061078";"Nutteln";"Gemeinden";"77,91";"77,62";"77,62"
"01061079";"Oelixdorf";"Gemeinden";"58,57";"58,48";"58,48"
"01061080";"Oeschebüttel";"Gemeinden";"60,58";"60,40";"60,40"
"01061081";"Oldenborstel";"Gemeinden";"87,03";"87,03";"87,03"
"01061082";"Oldendorf";"Gemeinden";"85,12";"84,67";"84,47"
"01061083";"Ottenbüttel";"Gemeinden";"75,15";"74,87";"74,77"
"01061084";"Peissen";"Gemeinden";"79,65";"79,65";"79,65"
"01061085";"Pöschendorf";"Gemeinden";"88,01";"88,01";"87,84"
"01061086";"Poyenberg";"Gemeinden";"74,72";"74,60";"74,72"
"01061087";"Puls";"Gemeinden";"84,13";"83,76";"83,49"
"01061088";"Quarnstedt";"Gemeinden";"88,76";"88,76";"88,67"
"01061089";"Rade";"Gemeinden";"82,91";"82,65";"82,65"
"01061091";"Reher";"Gemeinden";"82,42";"82,42";"82,16"
"01061092";"Rethwisch";"Gemeinden";"77,64";"77,64";"77,54"
"01061093";"Rosdorf";"Gemeinden";"30,84";"30,66";"30,84"
"01061095";"Sankt Margarethen";"Gemeinden";"70,68";"70,68";"70,84"
"01061096";"Sarlhusen";"Gemeinden";"71,45";"71,09";"70,99"
"01061097";"Schenefeld";"Gemeinden";"73,99";"73,03";"72,71"
"01061098";"Schlotfeld";"Gemeinden";"77,29";"77,29";"77,08"
"01061100";"Silzen";"Gemeinden";"56,80";"56,80";"56,65"
"01061101";"Sommerland";"Gemeinden";"91,04";"90,83";"90,83"
"01061102";"Stördorf";"Gemeinden";"87,72";"87,72";"87,72"
"01061103";"Störkathen";"Gemeinden";"78,82";"78,82";"78,82"
"01061104";"Süderau";"Gemeinden";"91,20";"90,63";"90,41"
"01061105";"Vaale";"Gemeinden";"66,47";"66,67";"66,60"
"01061106";"Vaalermoor";"Gemeinden";"88,91";"88,75";"88,91"
"01061107";"Wacken";"Gemeinden";"55,07";"54,37";"54,08"
"01061108";"Warringholz";"Gemeinden";"77,78";"77,78";"77,78"
"01061109";"Westermoor";"Gemeinden";"85,49";"85,49";"85,49"
"01061110";"Wewelsfleth";"Gemeinden";"60,68";"60,64";"60,55"
"01061111";"Wiedenborstel";"Gemeinden";"27,43";"27,43";"27,88"
"01061112";"Willenscharen";"Gemeinden";"76,74";"76,74";"76,35"
"01061113";"Wilster, Stadt";"Gemeinden";"33,21";"31,00";"30,63"
"01061114";"Winseldorf";"Gemeinden";"81,14";"81,14";"80,78"
"01061115";"Wittenbergen";"Gemeinden";"87,36";"87,36";"88,02"
"01061116";"Wrist";"Gemeinden";"74,70";"74,41";"74,51"
"01061117";"Wulfsmoor";"Gemeinden";"86,10";"85,99";"85,99"
"01061118";"Kollmar";"Gemeinden";"69,56";"69,50";"69,41"
"01061119";"Neuendorf-Sachsenbande";"Gemeinden";"92,90";"92,64";"92,38"
"01062001";"Ahrensburg, Stadt";"Gemeinden";"39,27";"38,17";"38,11"
"01062003";"Badendorf";"Gemeinden";"83,80";"83,31";"83,14"
"01062004";"Bad Oldesloe, Stadt";"Gemeinden";"63,00";"61,95";"61,63"
"01062005";"Bargfeld-Stegen";"Gemeinden";"76,15";"76,04";"75,93"
"01062006";"Bargteheide, Stadt";"Gemeinden";"55,69";"55,06";"55,06"
"01062008";"Barnitz";"Gemeinden";"85,17";"85,08";"85,08"
"01062009";"Barsbüttel";"Gemeinden";"64,95";"64,55";"64,02"
"01062011";"Braak";"Gemeinden";"76,83";"76,03";"75,50"
"01062014";"Delingsdorf";"Gemeinden";"82,57";"82,45";"82,32"
"01062016";"Elmenhorst";"Gemeinden";"84,53";"84,26";"84,26"
"01062018";"Glinde, Stadt";"Gemeinden";"29,26";"21,05";"20,87"
"01062019";"Grabau";"Gemeinden";"65,32";"65,10";"65,10"
"01062020";"Grande";"Gemeinden";"61,83";"59,54";"59,41"
"01062021";"Grönwohld";"Gemeinden";"68,95";"68,85";"68,85"
"01062022";"Großensee";"Gemeinden";"57,11";"54,79";"54,79"
"01062023";"Großhansdorf";"Gemeinden";"27,41";"27,41";"26,79"
"01062025";"Hamberge";"Gemeinden";"71,36";"70,92";"70,92"
"01062026";"Hamfelde";"Gemeinden";"65,44";"64,71";"64,71"
"01062027";"Hammoor";"Gemeinden";"81,46";"81,33";"80,95"
"01062031";"Heidekamp";"Gemeinden";"59,60";"59,03";"59,03"
"01062032";"Heilshoop";"Gemeinden";"87,88";"87,76";"87,76"
"01062033";"Hohenfelde";"Gemeinden";"85,28";"85,28";"84,66"
"01062035";"Hoisdorf";"Gemeinden";"71,82";"71,32";"71,26"
"01062036";"Jersbek";"Gemeinden";"63,93";"63,71";"63,60"
"01062039";"Klein Wesenberg";"Gemeinden";"75,86";"75,51";"75,29"
"01062040";"Köthel";"Gemeinden";"83,38";"83,38";"83,38"
"01062045";"Lütjensee";"Gemeinden";"42,06";"41,64";"41,57"
"01062046";"Meddewade";"Gemeinden";"81,61";"81,94";"81,94"
"01062048";"Mönkhagen";"Gemeinden";"81,40";"81,40";"81,40"
"01062050";"Neritz";"Gemeinden";"83,69";"83,26";"83,05"
"01062051";"Nienwohld";"Gemeinden";"69,31";"69,21";"69,21"
"01062053";"Oststeinbek";"Gemeinden";"61,88";"61,97";"60,92"
"01062056";"Pölitz";"Gemeinden";"87,19";"87,04";"86,96"
"01062058";"Rausdorf";"Gemeinden";"69,40";"69,40";"69,40"
"01062059";"Rehhorst";"Gemeinden";"86,40";"86,22";"86,16"
"01062060";"Reinbek, Stadt";"Gemeinden";"35,28";"35,06";"34,70"
"01062061";"Reinfeld (Holstein), Stadt";"Gemeinden";"40,53";"39,32";"38,69"
"01062062";"Rethwisch";"Gemeinden";"88,97";"88,82";"88,67"
"01062065";"Rümpel";"Gemeinden";"75,27";"75,27";"75,27"
"01062069";"Siek";"Gemeinden";"78,67";"78,35";"77,71"
"01062071";"Stapelfeld";"Gemeinden";"55,93";"55,83";"55,04"
"01062076";"Tangstedt";"Gemeinden";"60,29";"60,19";"59,68"
"01062078";"Todendorf";"Gemeinden";"67,45";"66,90";"66,74"
"01062081";"Tremsbüttel";"Gemeinden";"64,96";"64,86";"64,86"
"01062082";"Trittau";"Gemeinden";"22,85";"22,50";"22,25"
"01062083";"Westerau";"Gemeinden";"78,14";"77,75";"77,36"
"01062086";"Witzhave";"Gemeinden";"68,74";"68,87";"69,00"
"01062087";"Zarpen";"Gemeinden";"81,44";"81,35";"81,35"
"01062088";"Brunsbek";"Gemeinden";"82,87";"82,52";"82,32"
"01062089";"Lasbek";"Gemeinden";"85,97";"84,92";"84,76"
"01062090";"Ammersbek";"Gemeinden";"63,45";"63,07";"62,79"
"01062091";"Steinburg";"Gemeinden";"79,41";"79,25";"79,21"
"01062092";"Travenbrück";"Gemeinden";"77,86";"77,56";"77,56"
"01062093";"Feldhorst";"Gemeinden";"90,89";"90,63";"90,57"
"01062094";"Wesenberg";"Gemeinden";"79,23";"79,23";"79,56"
"02000000";"Hamburg, Freie und Hansestadt";"Gemeinden";"23,09";"22,91";"22,79"
"03101000";"Braunschweig, Stadt";"Gemeinden";"36,66";"36,15";"36,13"
"03102000";"Salzgitter, Stadt";"Gemeinden";"49,86";"49,64";"49,46"
"03103000";"Wolfsburg, Stadt";"Gemeinden";"40,51";"40,08";"39,96"
"03151001";"Adenbüttel";"Gemeinden";"65,40";"65,11";"65,11"
"03151002";"Barwedel";"Gemeinden";"51,77";"51,77";"51,82"
"03151003";"Bergfeld";"Gemeinden";"67,42";"67,42";"67,42"
"03151004";"Bokensdorf";"Gemeinden";"41,56";"41,76";"41,86"
"03151005";"Brome, Flecken";"Gemeinden";"55,06";"54,82";"54,71"
"03151006";"Calberlah";"Gemeinden";"53,62";"53,55";"53,55"
"03151007";"Dedelstorf";"Gemeinden";"49,19";"48,85";"48,77"
"03151008";"Ehra-Lessien";"Gemeinden";"22,60";"22,42";"23,61"
"03151009";"Gifhorn, Stadt";"Gemeinden";"38,72";"38,47";"38,42"
"03151010";"Groß Oesingen";"Gemeinden";"58,78";"58,75";"58,58"
"03151011";"Hankensbüttel";"Gemeinden";"54,78";"54,61";"54,49"
"03151012";"Hillerse";"Gemeinden";"74,52";"74,81";"74,69"
"03151013";"Isenbüttel";"Gemeinden";"45,58";"45,31";"44,36"
"03151014";"Jembke";"Gemeinden";"63,14";"62,39";"62,46"
"03151015";"Leiferde";"Gemeinden";"40,58";"40,62";"39,98"
"03151016";"Meine";"Gemeinden";"69,03";"68,75";"68,80"
"03151017";"Meinersen";"Gemeinden";"62,98";"62,74";"62,58"
"03151018";"Müden (Aller)";"Gemeinden";"59,72";"59,48";"59,39"
"03151019";"Obernholz";"Gemeinden";"69,10";"68,81";"68,61"
"03151020";"Osloß";"Gemeinden";"54,51";"52,94";"52,94"
"03151021";"Parsau";"Gemeinden";"60,51";"60,27";"60,07"
"03151022";"Ribbesbüttel";"Gemeinden";"56,17";"56,21";"55,89"
"03151023";"Rötgesbüttel";"Gemeinden";"51,65";"51,47";"51,24"
"03151024";"Rühen";"Gemeinden";"63,41";"62,93";"62,86"
"03151025";"Sassenburg";"Gemeinden";"34,85";"35,88";"35,56"
"03151026";"Schönewörde";"Gemeinden";"56,63";"56,69";"56,63"
"03151027";"Schwülper";"Gemeinden";"64,66";"64,04";"63,99"
"03151028";"Sprakensehl";"Gemeinden";"26,70";"26,68";"26,83"
"03151029";"Steinhorst";"Gemeinden";"29,10";"29,08";"29,12"
"03151030";"Tappenbeck";"Gemeinden";"64,13";"63,55";"63,35"
"03151031";"Tiddische";"Gemeinden";"66,17";"65,38";"65,44"
"03151032";"Tülau";"Gemeinden";"67,26";"66,92";"66,75"
"03151033";"Ummern";"Gemeinden";"52,15";"52,05";"52,03"
"03151034";"Vordorf";"Gemeinden";"77,66";"76,99";"77,07"
"03151035";"Wagenhoff";"Gemeinden";"56,94";"56,48";"55,79"
"03151036";"Wahrenholz";"Gemeinden";"51,02";"51,19";"51,19"
"03151037";"Wasbüttel";"Gemeinden";"63,68";"64,59";"64,13"
"03151038";"Wesendorf";"Gemeinden";"49,06";"48,99";"49,22"
"03151039";"Weyhausen";"Gemeinden";"59,20";"57,95";"56,70"
"03151040";"Wittingen, Stadt";"Gemeinden";"54,42";"54,08";"54,01"
"03151041";"Didderse";"Gemeinden";"72,10";"71,97";"71,97"
"03151501";"Giebel, gemfr. Gebiet";"Gemeinden";"3,85";"3,76";"3,76"
"03153002";"Bad Harzburg, Stadt";"Gemeinden";"29,95";"29,81";"29,76"
"03153008";"Liebenburg";"Gemeinden";"62,41";"62,39";"62,34"
"03153012";"Seesen, Stadt";"Gemeinden";"62,26";"62,10";"61,99"
"03153016";"Braunlage, Stadt";"Gemeinden";"22,18";"21,55";"21,33"
"03153017";"Goslar, Stadt";"Gemeinden";"40,22";"39,99";"39,91"
"03153018";"Clausthal-Zellerfeld, Berg- und Universitätsstadt";"Gemeinden";"20,99";"20,81";"20,42"
"03153019";"Langelsheim, Stadt";"Gemeinden";"49,15";"49,25";"49,14"
"03153504";"Harz (Landkreis Goslar), gemfr. Gebiet";"Gemeinden";"0,66";"0,64";"0,63"
"03154001";"Bahrdorf";"Gemeinden";"68,24";"67,97";"67,72"
"03154002";"Beierstedt";"Gemeinden";"86,95";"87,16";"87,07"
"03154004";"Danndorf";"Gemeinden";"32,48";"32,34";"31,98"
"03154005";"Frellstedt";"Gemeinden";"72,85";"72,36";"72,36"
"03154006";"Gevensleben";"Gemeinden";"89,77";"89,84";"89,84"
"03154007";"Grafhorst";"Gemeinden";"77,56";"76,73";"76,42"
"03154008";"Grasleben";"Gemeinden";"64,51";"63,98";"63,89"
"03154009";"Groß Twülpstedt";"Gemeinden";"79,57";"79,37";"79,29"
"03154012";"Jerxheim";"Gemeinden";"86,58";"86,98";"86,92"
"03154013";"Königslutter am Elm, Stadt";"Gemeinden";"64,99";"64,45";"64,29"
"03154014";"Lehre";"Gemeinden";"49,78";"49,26";"49,26"
"03154015";"Mariental";"Gemeinden";"71,15";"71,15";"71,15"
"03154016";"Querenhorst";"Gemeinden";"85,36";"85,36";"85,36"
"03154017";"Räbke";"Gemeinden";"69,71";"69,44";"69,09"
"03154018";"Rennau";"Gemeinden";"70,17";"69,60";"69,55"
"03154019";"Schöningen, Stadt";"Gemeinden";"47,67";"48,07";"47,25"
"03154021";"Süpplingen";"Gemeinden";"79,63";"79,25";"79,25"
"03154022";"Süpplingenburg";"Gemeinden";"52,16";"51,82";"51,75"
"03154024";"Velpke";"Gemeinden";"62,05";"61,50";"61,50"
"03154025";"Warberg";"Gemeinden";"87,30";"87,17";"87,17"
"03154026";"Wolsdorf";"Gemeinden";"43,02";"43,02";"43,02"
"03154027";"Söllingen";"Gemeinden";"89,27";"89,24";"89,17"
"03154028";"Helmstedt, Stadt";"Gemeinden";"51,29";"50,99";"50,58"
"03154501";"Brunsleberfeld, gemfr. Gebiet";"Gemeinden";"2,17";"2,17";"2,17"
"03154502";"Helmstedt, gemfr. Gebiet";"Gemeinden";"0,37";"0,37";"0,16"
"03154503";"Königslutter, gemfr. Gebiet";"Gemeinden";"0,22";"0,34";"0,34"
"03154504";"Mariental, gemfr. Gebiet";"Gemeinden";"0,44";"0,38";"0,38"
"03154506";"Schöningen, gemfr. Gebiet";"Gemeinden";"0,00";"0,00";"0,00"
"03155001";"Bad Gandersheim, Stadt";"Gemeinden";"60,72";"60,63";"60,58"
"03155002";"Bodenfelde, Flecken";"Gemeinden";"60,39";"60,29";"60,24"
"03155003";"Dassel, Stadt";"Gemeinden";"61,44";"61,19";"61,15"
"03155005";"Hardegsen, Stadt";"Gemeinden";"44,06";"43,85";"43,75"
"03155006";"Kalefeld";"Gemeinden";"48,34";"48,20";"48,15"
"03155007";"Katlenburg-Lindau";"Gemeinden";"55,48";"55,29";"55,28"
"03155009";"Moringen, Stadt";"Gemeinden";"53,38";"53,45";"53,57"
"03155010";"Nörten-Hardenberg, Flecken";"Gemeinden";"45,89";"45,69";"45,56"
"03155011";"Northeim, Stadt";"Gemeinden";"53,78";"53,73";"53,66"
"03155012";"Uslar, Stadt";"Gemeinden";"56,35";"56,19";"56,09"
"03155013";"Einbeck, Stadt";"Gemeinden";"62,12";"61,99";"61,95"
"03155501";"Solling (Landkreis Northeim), gemfr. Geb.";"Gemeinden";"1,64";"1,63";"1,62"
"03157001";"Edemissen";"Gemeinden";"70,13";"69,77";"69,76"
"03157002";"Hohenhameln";"Gemeinden";"83,20";"82,87";"82,51"
"03157005";"Lengede";"Gemeinden";"64,97";"64,09";"64,01"
"03157006";"Peine, Stadt";"Gemeinden";"60,46";"60,07";"59,74"
"03157007";"Vechelde";"Gemeinden";"66,85";"66,53";"66,47"
"03157008";"Wendeburg";"Gemeinden";"67,86";"67,53";"67,08"
"03157009";"Ilsede";"Gemeinden";"69,11";"68,72";"68,71"
"03158002";"Baddeckenstedt";"Gemeinden";"57,75";"57,51";"57,85"
"03158004";"Burgdorf";"Gemeinden";"64,02";"63,94";"63,94"
"03158005";"Cramme";"Gemeinden";"64,50";"64,58";"64,58"
"03158006";"Cremlingen";"Gemeinden";"59,61";"59,64";"60,97"
"03158007";"Dahlum";"Gemeinden";"72,07";"72,13";"72,20"
"03158008";"Denkte";"Gemeinden";"76,73";"76,45";"76,40"
"03158009";"Dettum";"Gemeinden";"86,34";"85,58";"85,58"
"03158010";"Dorstadt";"Gemeinden";"56,65";"56,74";"56,36"
"03158011";"Elbe";"Gemeinden";"75,45";"74,91";"74,85"
"03158012";"Erkerode";"Gemeinden";"46,68";"46,53";"46,45"
"03158013";"Evessen";"Gemeinden";"58,75";"58,69";"58,63"
"03158014";"Flöthe";"Gemeinden";"68,59";"68,54";"68,49"
"03158016";"Haverlah";"Gemeinden";"86,77";"86,71";"86,60"
"03158017";"Hedeper";"Gemeinden";"91,34";"91,34";"91,27"
"03158018";"Heere";"Gemeinden";"50,98";"50,91";"50,85"
"03158019";"Heiningen";"Gemeinden";"46,73";"46,73";"46,73"
"03158021";"Kissenbrück";"Gemeinden";"68,88";"68,26";"68,26"
"03158022";"Kneitlingen";"Gemeinden";"71,91";"71,91";"71,91"
"03158023";"Ohrum";"Gemeinden";"51,19";"51,19";"51,19"
"03158025";"Roklum";"Gemeinden";"91,50";"91,50";"91,14"
"03158027";"Schöppenstedt, Stadt";"Gemeinden";"59,90";"59,88";"59,84"
"03158028";"Sehlde";"Gemeinden";"35,70";"35,65";"35,65"
"03158030";"Sickte";"Gemeinden";"73,81";"73,53";"73,89"
"03158031";"Uehrde";"Gemeinden";"92,02";"92,02";"91,98"
"03158032";"Vahlberg";"Gemeinden";"83,36";"83,58";"83,58"
"03158033";"Veltheim (Ohe)";"Gemeinden";"60,42";"60,31";"60,31"
"03158035";"Winnigstedt";"Gemeinden";"88,25";"88,66";"88,49"
"03158036";"Wittmar";"Gemeinden";"46,78";"46,57";"46,78"
"03158037";"Wolfenbüttel, Stadt";"Gemeinden";"57,21";"56,70";"56,57"
"03158038";"Börßum";"Gemeinden";"84,71";"84,65";"84,61"
"03158039";"Schladen-Werla";"Gemeinden";"70,13";"70,13";"70,13"
"03158040";"Remlingen-Semmenstedt";"Gemeinden";"86,81";"86,60";"86,60"
"03158501";"Am Großen Rhode, gemfr. Gebiet";"Gemeinden";"1,38";"1,38";"1,38"
"03158502";"Barnstorf-Warle, gemfr. Gebiet";"Gemeinden";"0,00";"0,00";"0,00"
"03158503";"Voigtsdahlum, gemfr. Gebiet";"Gemeinden";"0,00";"0,00";"0,00"
"03159001";"Adelebsen, Flecken";"Gemeinden";"48,09";"48,09";"48,07"
"03159002";"Bad Grund (Harz)";"Gemeinden";"52,43";"52,31";"52,19"
"03159003";"Bad Lauterberg im Harz, Stadt";"Gemeinden";"52,50";"50,34";"50,36"
"03159004";"Bad Sachsa, Stadt";"Gemeinden";"40,48";"39,94";"39,85"
"03159005";"Bilshausen";"Gemeinden";"63,37";"63,25";"62,90"
"03159006";"Bodensee";"Gemeinden";"79,12";"78,98";"78,98"
"03159007";"Bovenden, Flecken";"Gemeinden";"46,81";"46,53";"46,48"
"03159008";"Bühren";"Gemeinden";"33,71";"33,64";"33,64"
"03159009";"Dransfeld, Stadt";"Gemeinden";"53,72";"53,55";"53,55"
"03159010";"Duderstadt, Stadt";"Gemeinden";"65,36";"65,27";"65,14"
"03159011";"Ebergötzen";"Gemeinden";"52,43";"52,38";"52,28"
"03159012";"Elbingerode";"Gemeinden";"71,33";"70,97";"70,97"
"03159013";"Friedland";"Gemeinden";"62,13";"61,79";"61,72"
"03159014";"Gieboldehausen, Flecken";"Gemeinden";"75,21";"75,82";"75,77"
"03159015";"Gleichen";"Gemeinden";"57,61";"57,52";"57,46"
"03159016";"Göttingen, Stadt";"Gemeinden";"33,88";"33,64";"33,59"
"03159017";"Hann. Münden, Stadt";"Gemeinden";"20,16";"20,13";"20,11"
"03159018";"Hattorf am Harz";"Gemeinden";"55,40";"55,29";"55,16"
"03159019";"Herzberg am Harz, Stadt";"Gemeinden";"47,89";"47,38";"47,33"
"03159020";"Hörden am Harz";"Gemeinden";"60,74";"60,61";"60,49"
"03159021";"Jühnde";"Gemeinden";"55,18";"55,05";"54,93"
"03159022";"Krebeck";"Gemeinden";"51,22";"51,31";"51,31"
"03159023";"Landolfshausen";"Gemeinden";"66,15";"66,21";"66,34"
"03159024";"Niemetal";"Gemeinden";"48,48";"48,41";"48,37"
"03159025";"Obernfeld";"Gemeinden";"69,40";"69,40";"69,40"
"03159026";"Osterode am Harz, Stadt";"Gemeinden";"50,46";"50,31";"50,33"
"03159027";"Rhumspringe";"Gemeinden";"64,42";"64,21";"64,10"
"03159028";"Rollshausen";"Gemeinden";"73,52";"73,61";"73,52"
"03159029";"Rosdorf";"Gemeinden";"61,63";"61,14";"61,14"
"03159030";"Rüdershausen";"Gemeinden";"67,06";"68,11";"68,11"
"03159031";"Scheden";"Gemeinden";"61,20";"61,20";"61,19"
"03159032";"Seeburg";"Gemeinden";"71,35";"71,28";"71,28"
"03159033";"Seulingen";"Gemeinden";"56,40";"56,31";"56,22"
"03159034";"Staufenberg";"Gemeinden";"31,51";"31,58";"31,48"
"03159035";"Waake";"Gemeinden";"41,14";"40,76";"40,76"
"03159036";"Walkenried";"Gemeinden";"31,45";"31,31";"31,31"
"03159037";"Wollbrandshausen";"Gemeinden";"85,46";"85,46";"85,46"
"03159038";"Wollershausen";"Gemeinden";"69,51";"71,69";"71,69"
"03159039";"Wulften am Harz";"Gemeinden";"53,04";"52,90";"52,90"
"03159501";"Harz (Landkreis Göttingen), gemfr. Geb.";"Gemeinden";"1,17";"1,16";"1,16"
"03241001";"Hannover, Landeshauptstadt";"Gemeinden";"13,06";"12,66";"12,76"
"03241002";"Barsinghausen, Stadt";"Gemeinden";"58,58";"57,96";"57,87"
"03241003";"Burgdorf, Stadt";"Gemeinden";"51,30";"50,97";"50,52"
"03241004";"Burgwedel, Stadt";"Gemeinden";"44,99";"44,63";"44,57"
"03241005";"Garbsen, Stadt";"Gemeinden";"57,00";"56,58";"56,46"
"03241006";"Gehrden, Stadt";"Gemeinden";"73,64";"73,15";"73,12"
"03241007";"Hemmingen, Stadt";"Gemeinden";"62,09";"61,77";"61,58"
"03241008";"Isernhagen";"Gemeinden";"57,04";"56,47";"56,49"
"03241009";"Laatzen, Stadt";"Gemeinden";"47,66";"45,14";"44,79"
"03241010";"Langenhagen, Stadt";"Gemeinden";"39,78";"38,82";"38,50"
"03241011";"Lehrte, Stadt";"Gemeinden";"56,14";"55,69";"55,64"
"03241012";"Neustadt am Rübenberge, Stadt";"Gemeinden";"57,67";"57,47";"57,39"
"03241013";"Pattensen, Stadt";"Gemeinden";"77,39";"76,64";"76,62"
"03241014";"Ronnenberg, Stadt";"Gemeinden";"66,64";"65,76";"65,65"
"03241015";"Seelze, Stadt";"Gemeinden";"56,43";"56,38";"55,94"
"03241016";"Sehnde, Stadt";"Gemeinden";"67,68";"67,08";"66,97"
"03241017";"Springe, Stadt";"Gemeinden";"54,73";"54,67";"54,63"
"03241018";"Uetze";"Gemeinden";"67,03";"66,68";"66,59"
"03241019";"Wedemark";"Gemeinden";"50,67";"50,35";"50,26"
"03241020";"Wennigsen (Deister)";"Gemeinden";"40,57";"40,34";"40,26"
"03241021";"Wunstorf, Stadt";"Gemeinden";"42,71";"42,33";"42,28"
"03251001";"Affinghausen";"Gemeinden";"69,74";"69,58";"69,15"
"03251002";"Asendorf";"Gemeinden";"81,56";"81,22";"81,08"
"03251003";"Bahrenborstel";"Gemeinden";"76,05";"76,12";"76,05"
"03251004";"Barenburg, Flecken";"Gemeinden";"69,00";"68,63";"68,21"
"03251005";"Barnstorf, Flecken";"Gemeinden";"58,38";"59,23";"59,14"
"03251006";"Barver";"Gemeinden";"77,92";"77,42";"77,27"
"03251007";"Bassum, Stadt";"Gemeinden";"71,99";"71,99";"71,71"
"03251008";"Borstel";"Gemeinden";"72,65";"72,39";"72,33"
"03251009";"Brockum";"Gemeinden";"65,06";"64,76";"64,73"
"03251011";"Dickel";"Gemeinden";"58,07";"57,54";"57,48"
"03251012";"Diepholz, Stadt";"Gemeinden";"64,52";"63,74";"63,51"
"03251013";"Drebber";"Gemeinden";"63,13";"63,10";"63,14"
"03251014";"Drentwede";"Gemeinden";"73,99";"74,22";"74,22"
"03251015";"Ehrenburg";"Gemeinden";"76,67";"76,61";"76,70"
"03251017";"Eydelstedt";"Gemeinden";"70,97";"70,89";"70,83"
"03251018";"Freistatt";"Gemeinden";"39,95";"42,11";"42,11"
"03251019";"Hemsloh";"Gemeinden";"48,14";"47,99";"47,82"
"03251020";"Hüde";"Gemeinden";"58,38";"57,23";"57,19"
"03251021";"Kirchdorf";"Gemeinden";"67,66";"67,34";"67,40"
"03251022";"Lembruch";"Gemeinden";"48,17";"47,60";"47,60"
"03251023";"Lemförde, Flecken";"Gemeinden";"48,92";"48,06";"48,35"
"03251024";"Maasen";"Gemeinden";"61,65";"61,54";"62,02"
"03251025";"Marl";"Gemeinden";"83,03";"83,13";"83,23"
"03251026";"Martfeld";"Gemeinden";"78,32";"78,01";"78,12"
"03251027";"Mellinghausen";"Gemeinden";"77,66";"77,58";"77,50"
"03251028";"Neuenkirchen";"Gemeinden";"74,91";"74,71";"74,64"
"03251029";"Quernheim";"Gemeinden";"72,60";"71,15";"71,15"
"03251030";"Rehden";"Gemeinden";"60,51";"60,81";"60,78"
"03251031";"Scholen";"Gemeinden";"82,41";"82,80";"82,76"
"03251032";"Schwaförden";"Gemeinden";"61,77";"61,77";"61,73"
"03251033";"Schwarme";"Gemeinden";"79,19";"78,94";"78,77"
"03251034";"Siedenburg, Flecken";"Gemeinden";"77,09";"76,95";"76,81"
"03251035";"Staffhorst";"Gemeinden";"70,10";"69,85";"69,85"
"03251036";"Stemshorn";"Gemeinden";"83,82";"83,71";"83,71"
"03251037";"Stuhr";"Gemeinden";"62,14";"61,93";"61,62"
"03251038";"Sudwalde";"Gemeinden";"68,61";"68,54";"68,55"
"03251040";"Sulingen, Stadt";"Gemeinden";"73,86";"73,56";"73,49"
"03251041";"Syke, Stadt";"Gemeinden";"66,61";"66,32";"66,12"
"03251042";"Twistringen, Stadt";"Gemeinden";"74,92";"74,80";"74,58"
"03251043";"Varrel";"Gemeinden";"72,70";"72,70";"72,68"
"03251044";"Wagenfeld";"Gemeinden";"72,65";"72,36";"72,14"
"03251045";"Wehrbleck";"Gemeinden";"68,53";"68,46";"68,39"
"03251046";"Wetschen";"Gemeinden";"79,21";"79,09";"78,89"
"03251047";"Weyhe";"Gemeinden";"64,23";"63,70";"63,72"
"03251049";"Bruchhausen-Vilsen, Flecken";"Gemeinden";"79,06";"78,91";"78,49"
"03252001";"Aerzen, Flecken";"Gemeinden";"55,69";"55,27";"55,26"
"03252002";"Bad Münder am Deister, Stadt";"Gemeinden";"48,74";"48,67";"48,55"
"03252003";"Bad Pyrmont, Stadt";"Gemeinden";"44,51";"44,22";"44,17"
"03252004";"Coppenbrügge, Flecken";"Gemeinden";"64,83";"64,82";"64,78"
"03252005";"Emmerthal";"Gemeinden";"56,26";"56,21";"56,32"
"03252006";"Hameln, Stadt";"Gemeinden";"40,16";"40,06";"39,98"
"03252007";"Hessisch Oldendorf, Stadt";"Gemeinden";"52,17";"52,13";"52,00"
"03252008";"Salzhemmendorf, Flecken";"Gemeinden";"50,14";"50,23";"50,14"
"03254002";"Alfeld (Leine), Stadt";"Gemeinden";"46,13";"46,05";"45,92"
"03254003";"Algermissen";"Gemeinden";"80,85";"80,85";"80,60"
"03254005";"Bad Salzdetfurth, Stadt";"Gemeinden";"46,44";"46,29";"46,22"
"03254008";"Bockenem, Stadt";"Gemeinden";"64,57";"64,48";"64,35"
"03254011";"Diekholzen";"Gemeinden";"36,76";"36,63";"36,47"
"03254013";"Eime, Flecken";"Gemeinden";"73,83";"73,55";"73,55"
"03254014";"Elze, Stadt";"Gemeinden";"66,03";"65,74";"65,66"
"03254017";"Giesen";"Gemeinden";"70,74";"70,74";"70,21"
"03254020";"Harsum";"Gemeinden";"80,26";"80,16";"79,94"
"03254021";"Hildesheim, Stadt";"Gemeinden";"37,91";"37,88";"37,86"
"03254022";"Holle";"Gemeinden";"56,85";"56,73";"56,34"
"03254026";"Nordstemmen";"Gemeinden";"63,40";"63,20";"63,11"
"03254028";"Sarstedt, Stadt";"Gemeinden";"64,42";"64,37";"64,37"
"03254029";"Schellerten";"Gemeinden";"73,75";"73,61";"73,60"
"03254032";"Söhlde";"Gemeinden";"76,45";"76,26";"76,27"
"03254041";"Duingen, Flecken";"Gemeinden";"39,72";"39,50";"39,49"
"03254042";"Freden (Leine)";"Gemeinden";"45,73";"45,39";"45,22"
"03254043";"Gronau (Leine), Stadt";"Gemeinden";"60,32";"60,13";"60,13"
"03254044";"Lamspringe";"Gemeinden";"53,65";"53,43";"53,30"
"03254045";"Sibbesse";"Gemeinden";"50,53";"50,42";"50,39"
"03255001";"Arholzen";"Gemeinden";"62,13";"61,94";"61,75"
"03255002";"Bevern, Flecken";"Gemeinden";"64,15";"63,54";"63,51"
"03255003";"Bodenwerder, Münchhausenstadt";"Gemeinden";"37,69";"37,52";"37,45"
"03255004";"Boffzen";"Gemeinden";"67,91";"66,83";"66,83"
"03255005";"Brevörde";"Gemeinden";"58,91";"58,84";"58,84"
"03255007";"Deensen";"Gemeinden";"62,90";"62,53";"62,50"
"03255008";"Delligsen, Flecken";"Gemeinden";"51,31";"51,04";"50,98"
"03255009";"Derental";"Gemeinden";"76,92";"76,92";"76,81"
"03255010";"Dielmissen";"Gemeinden";"83,38";"83,38";"83,24"
"03255012";"Eimen";"Gemeinden";"54,50";"54,28";"54,28"
"03255013";"Eschershausen, Stadt";"Gemeinden";"45,23";"45,19";"45,15"
"03255014";"Fürstenberg";"Gemeinden";"70,86";"70,21";"70,21"
"03255015";"Golmbach";"Gemeinden";"60,25";"60,31";"60,25"
"03255016";"Halle";"Gemeinden";"72,47";"72,41";"72,37"
"03255017";"Hehlen";"Gemeinden";"54,84";"54,75";"54,80"
"03255018";"Heinade";"Gemeinden";"77,12";"76,24";"76,24"
"03255019";"Heinsen";"Gemeinden";"38,13";"38,08";"37,70"
"03255020";"Heyen";"Gemeinden";"71,38";"71,26";"71,14"
"03255021";"Holenberg";"Gemeinden";"40,51";"39,97";"40,51"
"03255022";"Holzen";"Gemeinden";"61,42";"60,97";"60,97"
"03255023";"Holzminden, Stadt";"Gemeinden";"20,47";"20,21";"20,03"
"03255025";"Kirchbrak";"Gemeinden";"24,42";"24,31";"24,31"
"03255026";"Lauenförde, Flecken";"Gemeinden";"57,91";"57,44";"57,03"
"03255027";"Lenne";"Gemeinden";"55,46";"55,28";"55,11"
"03255028";"Lüerdissen";"Gemeinden";"61,87";"61,82";"61,82"
"03255030";"Negenborn";"Gemeinden";"69,66";"69,76";"69,76"
"03255031";"Ottenstein, Flecken";"Gemeinden";"57,23";"57,17";"56,87"
"03255032";"Pegestorf";"Gemeinden";"59,47";"59,47";"59,23"
"03255033";"Polle, Flecken";"Gemeinden";"35,88";"35,78";"35,73"
"03255034";"Stadtoldendorf, Stadt";"Gemeinden";"49,24";"49,32";"49,32"
"03255035";"Vahlbruch";"Gemeinden";"53,76";"53,69";"53,69"
"03255036";"Wangelnstedt";"Gemeinden";"55,89";"55,56";"55,56"
"03255501";"Boffzen, gemfr. Gebiet";"Gemeinden";"1,80";"1,63";"1,63"
"03255502";"Eimen, gemfr. Gebiet";"Gemeinden";"0,23";"0,31";"0,31"
"03255503";"Eschershausen, gemfr. Gebiet";"Gemeinden";"0,00";"0,00";"0,00"
"03255504";"Grünenplan, gemfr. Gebiet";"Gemeinden";"0,22";"0,35";"0,35"
"03255505";"Holzminden, gemfr. Gebiet";"Gemeinden";"2,73";"2,73";"2,73"
"03255506";"Merxhausen, gemfr. Gebiet";"Gemeinden";"3,07";"3,07";"3,07"
"03255508";"Wenzen, gemfr. Gebiet";"Gemeinden";"0,38";"0,44";"0,44"
"03256001";"Balge";"Gemeinden";"74,25";"74,16";"74,00"
"03256002";"Binnen";"Gemeinden";"45,88";"45,80";"45,66"
"03256003";"Bücken, Flecken";"Gemeinden";"78,15";"77,91";"77,87"
"03256004";"Diepenau, Flecken";"Gemeinden";"73,13";"73,09";"72,95"
"03256005";"Drakenburg, Flecken";"Gemeinden";"67,58";"67,32";"67,49"
"03256006";"Estorf";"Gemeinden";"60,50";"59,50";"58,84"
"03256007";"Eystrup";"Gemeinden";"55,18";"54,93";"54,89"
"03256008";"Gandesbergen";"Gemeinden";"56,55";"56,13";"56,13"
"03256009";"Hämelhausen";"Gemeinden";"72,28";"72,17";"72,06"
"03256010";"Hassel (Weser)";"Gemeinden";"61,57";"61,74";"61,63"
"03256011";"Haßbergen";"Gemeinden";"55,22";"54,91";"54,80"
"03256012";"Heemsen";"Gemeinden";"63,82";"63,47";"62,91"
"03256013";"Hilgermissen";"Gemeinden";"84,53";"84,30";"83,86"
"03256014";"Hoya, Stadt";"Gemeinden";"48,57";"48,05";"48,05"
"03256015";"Hoyerhagen";"Gemeinden";"70,49";"70,58";"70,45"
"03256016";"Husum";"Gemeinden";"67,26";"67,11";"67,11"
"03256017";"Landesbergen";"Gemeinden";"68,26";"67,59";"67,50"
"03256018";"Leese";"Gemeinden";"47,16";"46,61";"46,94"
"03256019";"Liebenau, Flecken";"Gemeinden";"54,51";"54,59";"54,33"
"03256020";"Linsburg";"Gemeinden";"39,24";"39,16";"39,12"
"03256021";"Marklohe";"Gemeinden";"64,47";"64,08";"63,98"
"03256022";"Nienburg (Weser), Stadt";"Gemeinden";"35,64";"35,21";"35,05"
"03256023";"Pennigsehl";"Gemeinden";"65,15";"65,11";"64,66"
"03256024";"Raddestorf";"Gemeinden";"81,55";"81,14";"81,05"
"03256025";"Rehburg-Loccum, Stadt";"Gemeinden";"50,98";"50,98";"50,69"
"03256026";"Rodewald";"Gemeinden";"67,26";"67,11";"67,09"
"03256027";"Rohrsen";"Gemeinden";"49,32";"48,34";"47,76"
"03256028";"Schweringen";"Gemeinden";"71,22";"71,48";"71,17"
"03256029";"Steimbke";"Gemeinden";"55,93";"55,59";"55,30"
"03256030";"Steyerberg, Flecken";"Gemeinden";"63,51";"63,36";"63,35"
"03256031";"Stöckse";"Gemeinden";"54,84";"54,68";"54,75"
"03256032";"Stolzenau";"Gemeinden";"75,43";"74,64";"74,18"
"03256033";"Uchte, Flecken";"Gemeinden";"60,89";"60,52";"60,45"
"03256034";"Warmsen";"Gemeinden";"74,32";"74,09";"74,08"
"03256035";"Warpe";"Gemeinden";"80,29";"80,14";"79,15"
"03256036";"Wietzen";"Gemeinden";"61,57";"61,53";"61,26"
"03257001";"Ahnsen";"Gemeinden";"66,76";"67,06";"66,76"
"03257002";"Apelern";"Gemeinden";"68,67";"68,62";"68,62"
"03257003";"Auetal";"Gemeinden";"71,94";"70,96";"70,94"
"03257004";"Auhagen";"Gemeinden";"43,48";"43,16";"43,16"
"03257005";"Bad Eilsen";"Gemeinden";"13,01";"13,41";"12,60"
"03257006";"Bad Nenndorf, Stadt";"Gemeinden";"64,30";"62,88";"62,66"
"03257007";"Beckedorf";"Gemeinden";"54,12";"53,81";"53,71"
"03257008";"Buchholz";"Gemeinden";"35,59";"35,59";"35,03"
"03257009";"Bückeburg, Stadt";"Gemeinden";"40,23";"39,87";"39,78"
"03257010";"Hagenburg, Flecken";"Gemeinden";"58,35";"57,92";"57,67"
"03257011";"Haste";"Gemeinden";"11,67";"11,64";"11,64"
"03257012";"Heeßen";"Gemeinden";"51,05";"51,05";"51,05"
"03257013";"Helpsen";"Gemeinden";"74,65";"74,39";"74,39"
"03257014";"Hespe";"Gemeinden";"69,65";"69,03";"69,03"
"03257015";"Heuerßen";"Gemeinden";"79,40";"77,64";"77,64"
"03257016";"Hohnhorst";"Gemeinden";"84,65";"84,28";"84,20"
"03257017";"Hülsede";"Gemeinden";"60,93";"60,87";"60,81"
"03257018";"Lauenau, Flecken";"Gemeinden";"36,62";"35,88";"35,88"
"03257019";"Lauenhagen";"Gemeinden";"78,78";"78,68";"78,58"
"03257020";"Lindhorst";"Gemeinden";"69,29";"69,04";"68,91"
"03257021";"Lüdersfeld";"Gemeinden";"85,35";"84,98";"84,83"
"03257022";"Luhden";"Gemeinden";"56,32";"56,09";"56,09"
"03257023";"Meerbeck";"Gemeinden";"54,55";"54,39";"54,16"
"03257024";"Messenkamp";"Gemeinden";"76,54";"76,10";"76,10"
"03257025";"Niedernwöhren";"Gemeinden";"50,45";"50,00";"49,91"
"03257026";"Nienstädt";"Gemeinden";"55,60";"54,75";"54,51"
"03257027";"Nordsehl";"Gemeinden";"82,08";"82,08";"82,08"
"03257028";"Obernkirchen, Stadt";"Gemeinden";"21,33";"21,17";"21,05"
"03257029";"Pohle";"Gemeinden";"71,43";"71,15";"70,74"
"03257030";"Pollhagen";"Gemeinden";"38,69";"38,31";"38,38"
"03257031";"Rinteln, Stadt";"Gemeinden";"43,12";"42,76";"42,48"
"03257032";"Rodenberg, Stadt";"Gemeinden";"62,87";"62,52";"62,46"
"03257033";"Sachsenhagen, Stadt";"Gemeinden";"75,41";"73,24";"73,17"
"03257034";"Seggebruch";"Gemeinden";"77,17";"76,23";"76,23"
"03257035";"Stadthagen, Stadt";"Gemeinden";"45,10";"44,68";"44,33"
"03257036";"Suthfeld";"Gemeinden";"81,23";"81,23";"81,03"
"03257037";"Wiedensahl, Flecken";"Gemeinden";"63,53";"63,44";"63,44"
"03257038";"Wölpinghausen";"Gemeinden";"57,45";"57,01";"56,96"
"03351001";"Adelheidsdorf";"Gemeinden";"63,78";"63,68";"63,62"
"03351002";"Ahnsbeck";"Gemeinden";"79,47";"79,32";"79,22"
"03351003";"Beedenbostel";"Gemeinden";"64,79";"64,79";"64,23"
"03351004";"Bergen, Stadt";"Gemeinden";"49,03";"48,80";"48,76"
"03351005";"Bröckel";"Gemeinden";"70,67";"70,36";"70,67"
"03351006";"Celle, Stadt";"Gemeinden";"35,22";"35,20";"35,23"
"03351007";"Eicklingen";"Gemeinden";"65,01";"64,57";"64,31"
"03351008";"Eldingen";"Gemeinden";"62,73";"62,75";"62,64"
"03351010";"Faßberg";"Gemeinden";"21,16";"21,58";"21,56"
"03351012";"Hambühren";"Gemeinden";"20,79";"20,91";"20,88"
"03351015";"Hohne";"Gemeinden";"65,87";"65,59";"65,38"
"03351016";"Lachendorf";"Gemeinden";"52,51";"52,41";"52,24"
"03351017";"Langlingen";"Gemeinden";"67,08";"67,00";"66,86"
"03351018";"Nienhagen";"Gemeinden";"35,17";"35,11";"35,06"
"03351021";"Wathlingen";"Gemeinden";"43,63";"42,90";"42,90"
"03351022";"Wienhausen, Klostergemeinde";"Gemeinden";"61,63";"61,60";"61,58"
"03351023";"Wietze";"Gemeinden";"28,82";"29,13";"29,15"
"03351024";"Winsen (Aller)";"Gemeinden";"29,50";"31,65";"31,59"
"03351025";"Eschede";"Gemeinden";"30,54";"30,79";"30,74"
"03351026";"Südheide";"Gemeinden";"23,51";"23,78";"23,71"
"03351501";"Lohheide, gemfr. Bezirk";"Gemeinden";"5,03";"7,47";"7,47"
"03352002";"Armstorf";"Gemeinden";"63,81";"63,45";"63,33"
"03352004";"Belum";"Gemeinden";"89,35";"89,27";"89,39"
"03352008";"Bülkau";"Gemeinden";"89,27";"89,19";"89,10"
"03352011";"Cuxhaven, Stadt";"Gemeinden";"61,70";"63,12";"63,16"
"03352020";"Hechthausen";"Gemeinden";"69,09";"68,04";"68,09"
"03352022";"Hemmoor, Stadt";"Gemeinden";"72,82";"72,20";"72,04"
"03352024";"Hollnseth";"Gemeinden";"83,24";"82,42";"82,47"
"03352025";"Ihlienworth";"Gemeinden";"90,00";"90,00";"90,09"
"03352029";"Lamstedt";"Gemeinden";"70,66";"70,25";"70,05"
"03352032";"Loxstedt";"Gemeinden";"71,96";"71,51";"70,47"
"03352036";"Mittelstenahe";"Gemeinden";"82,52";"81,81";"81,84"
"03352038";"Neuenkirchen";"Gemeinden";"88,95";"88,95";"88,95"
"03352039";"Neuhaus (Oste), Flecken";"Gemeinden";"82,03";"81,22";"81,32"
"03352041";"Nordleda";"Gemeinden";"90,28";"90,04";"89,90"
"03352042";"Oberndorf";"Gemeinden";"89,27";"88,72";"88,69"
"03352043";"Odisheim";"Gemeinden";"89,41";"87,72";"87,72"
"03352044";"Osten";"Gemeinden";"82,62";"82,31";"82,33"
"03352045";"Osterbruch";"Gemeinden";"87,17";"87,37";"87,66"
"03352046";"Otterndorf, Stadt";"Gemeinden";"76,04";"75,23";"75,14"
"03352050";"Schiffdorf";"Gemeinden";"71,22";"70,08";"69,64"
"03352051";"Steinau";"Gemeinden";"80,95";"80,86";"80,86"
"03352052";"Stinstedt";"Gemeinden";"80,68";"80,48";"80,58"
"03352055";"Wanna";"Gemeinden";"77,32";"77,66";"77,66"
"03352056";"Wingst";"Gemeinden";"61,62";"61,39";"61,51"
"03352059";"Beverstedt";"Gemeinden";"70,53";"70,18";"69,84"
"03352060";"Hagen im Bremischen";"Gemeinden";"67,94";"67,15";"66,75"
"03352061";"Wurster Nordseeküste";"Gemeinden";"76,76";"76,15";"75,92"
"03352062";"Geestland, Stadt";"Gemeinden";"66,93";"66,43";"66,15"
"03352063";"Cadenberge";"Gemeinden";"80,47";"80,12";"79,99"
"03353001";"Appel";"Gemeinden";"61,98";"61,65";"61,85"
"03353002";"Asendorf";"Gemeinden";"50,51";"49,97";"49,93"
"03353003";"Bendestorf";"Gemeinden";"31,27";"31,27";"31,27"
"03353004";"Brackel";"Gemeinden";"57,99";"57,63";"57,49"
"03353005";"Buchholz in der Nordheide, Stadt";"Gemeinden";"29,68";"29,32";"29,31"
"03353006";"Dohren";"Gemeinden";"68,03";"68,03";"68,44"
"03353007";"Drage";"Gemeinden";"69,39";"69,13";"69,13"
"03353008";"Drestedt";"Gemeinden";"65,10";"64,22";"64,05"
"03353009";"Egestorf";"Gemeinden";"41,57";"41,43";"41,12"
"03353010";"Eyendorf";"Gemeinden";"64,63";"64,70";"64,63"
"03353011";"Garlstorf";"Gemeinden";"37,68";"37,50";"37,44"
"03353012";"Garstedt";"Gemeinden";"50,53";"50,50";"50,43"
"03353013";"Gödenstorf";"Gemeinden";"50,24";"50,30";"50,24"
"03353014";"Halvesbostel";"Gemeinden";"69,49";"68,94";"68,94"
"03353015";"Handeloh";"Gemeinden";"28,63";"27,85";"28,52"
"03353016";"Hanstedt";"Gemeinden";"31,62";"31,72";"32,09"
"03353017";"Harmstorf";"Gemeinden";"50,92";"50,58";"50,58"
"03353018";"Heidenau";"Gemeinden";"72,93";"72,62";"72,60"
"03353019";"Hollenstedt";"Gemeinden";"60,56";"60,47";"60,84"
"03353020";"Jesteburg";"Gemeinden";"34,22";"34,01";"34,01"
"03353021";"Kakenstorf";"Gemeinden";"39,48";"39,32";"40,35"
"03353022";"Königsmoor";"Gemeinden";"82,52";"82,52";"82,52"
"03353023";"Marschacht";"Gemeinden";"72,19";"72,00";"71,54"
"03353024";"Marxen";"Gemeinden";"57,97";"57,60";"57,53"
"03353025";"Moisburg";"Gemeinden";"69,15";"68,88";"68,88"
"03353026";"Neu Wulmstorf";"Gemeinden";"48,23";"48,14";"48,12"
"03353027";"Otter";"Gemeinden";"64,89";"64,75";"64,60"
"03353028";"Regesbostel";"Gemeinden";"64,93";"64,93";"65,08"
"03353029";"Rosengarten";"Gemeinden";"40,66";"40,46";"40,35"
"03353030";"Salzhausen";"Gemeinden";"52,62";"52,36";"52,31"
"03353031";"Seevetal";"Gemeinden";"50,28";"50,13";"50,23"
"03353032";"Stelle";"Gemeinden";"52,30";"52,22";"51,88"
"03353033";"Tespe";"Gemeinden";"67,32";"67,12";"67,04"
"03353034";"Toppenstedt";"Gemeinden";"52,20";"52,16";"52,10"
"03353035";"Tostedt";"Gemeinden";"40,29";"39,96";"39,90"
"03353036";"Undeloh";"Gemeinden";"15,67";"15,82";"16,00"
"03353037";"Vierhöfen";"Gemeinden";"48,96";"49,10";"48,96"
"03353038";"Welle";"Gemeinden";"55,34";"55,04";"54,94"
"03353039";"Wenzendorf";"Gemeinden";"58,46";"58,41";"58,23"
"03353040";"Winsen (Luhe), Stadt";"Gemeinden";"62,17";"61,84";"61,77"
"03353041";"Wistedt";"Gemeinden";"71,79";"71,47";"71,47"
"03353042";"Wulfsen";"Gemeinden";"64,67";"64,20";"63,85"
"03354001";"Bergen an der Dumme, Flecken";"Gemeinden";"71,41";"69,81";"69,61"
"03354002";"Clenze, Flecken";"Gemeinden";"54,44";"53,78";"53,70"
"03354003";"Damnatz";"Gemeinden";"69,90";"67,55";"67,37"
"03354004";"Dannenberg (Elbe), Stadt";"Gemeinden";"68,19";"67,59";"67,53"
"03354005";"Gartow, Flecken";"Gemeinden";"46,78";"47,03";"46,99"
"03354006";"Göhrde";"Gemeinden";"32,15";"31,88";"31,83"
"03354007";"Gorleben";"Gemeinden";"26,09";"25,57";"25,48"
"03354008";"Gusborn";"Gemeinden";"58,30";"58,28";"58,24"
"03354009";"Hitzacker (Elbe), Stadt";"Gemeinden";"39,95";"39,22";"39,17"
"03354010";"Höhbeck";"Gemeinden";"52,77";"51,46";"51,05"
"03354011";"Jameln";"Gemeinden";"63,71";"63,13";"63,00"
"03354012";"Karwitz";"Gemeinden";"26,88";"26,41";"26,38"
"03354013";"Küsten";"Gemeinden";"67,04";"66,37";"66,10"
"03354014";"Langendorf";"Gemeinden";"44,64";"44,14";"43,87"
"03354015";"Lemgow";"Gemeinden";"68,04";"67,39";"67,40"
"03354016";"Luckau (Wendland)";"Gemeinden";"77,65";"76,98";"76,93"
"03354017";"Lübbow";"Gemeinden";"69,47";"68,90";"68,95"
"03354018";"Lüchow (Wendland), Stadt";"Gemeinden";"69,29";"68,73";"68,61"
"03354019";"Neu Darchau";"Gemeinden";"35,94";"35,15";"35,02"
"03354020";"Prezelle";"Gemeinden";"45,38";"45,91";"46,24"
"03354021";"Schnackenburg, Stadt";"Gemeinden";"67,47";"66,54";"65,74"
"03354022";"Schnega";"Gemeinden";"61,30";"60,52";"60,38"
"03354023";"Trebel";"Gemeinden";"49,28";"49,09";"49,04"
"03354024";"Waddeweitz";"Gemeinden";"51,24";"50,97";"50,93"
"03354025";"Woltersdorf";"Gemeinden";"68,81";"68,63";"68,16"
"03354026";"Wustrow (Wendland), Stadt";"Gemeinden";"70,29";"69,46";"69,35"
"03354027";"Zernien";"Gemeinden";"42,30";"42,27";"42,26"
"03354501";"Gartow, gemfr. Gebiet";"Gemeinden";"0,54";"0,61";"0,61"
"03354502";"Göhrde, gemfr. Gebiet";"Gemeinden";"0,02";"0,33";"0,33"
"03355001";"Adendorf";"Gemeinden";"39,12";"38,87";"38,87"
"03355002";"Amelinghausen";"Gemeinden";"53,13";"52,91";"52,76"
"03355003";"Artlenburg, Flecken";"Gemeinden";"68,13";"66,61";"66,61"
"03355004";"Bardowick, Flecken";"Gemeinden";"51,01";"50,11";"49,85"
"03355005";"Barendorf";"Gemeinden";"33,94";"33,51";"33,30"
"03355006";"Barnstedt";"Gemeinden";"53,97";"54,07";"54,07"
"03355007";"Barum";"Gemeinden";"62,16";"61,75";"61,85"
"03355008";"Betzendorf";"Gemeinden";"50,70";"50,73";"50,64"
"03355009";"Bleckede, Stadt";"Gemeinden";"57,93";"57,75";"57,66"
"03355010";"Boitze";"Gemeinden";"53,30";"53,30";"53,26"
"03355011";"Brietlingen";"Gemeinden";"63,24";"62,99";"62,89"
"03355012";"Dahlem";"Gemeinden";"60,04";"59,68";"59,63"
"03355013";"Dahlenburg, Flecken";"Gemeinden";"49,54";"49,26";"49,08"
"03355014";"Deutsch Evern";"Gemeinden";"24,00";"24,09";"24,00"
"03355015";"Echem";"Gemeinden";"73,60";"73,32";"73,32"
"03355016";"Embsen";"Gemeinden";"46,80";"46,63";"46,10"
"03355017";"Handorf";"Gemeinden";"68,12";"67,81";"67,81"
"03355018";"Hittbergen";"Gemeinden";"75,92";"75,85";"75,79"
"03355019";"Hohnstorf (Elbe)";"Gemeinden";"62,18";"62,08";"61,69"
"03355020";"Kirchgellersen";"Gemeinden";"42,69";"42,74";"42,49"
"03355021";"Lüdersburg";"Gemeinden";"57,06";"56,80";"56,88"
"03355022";"Lüneburg, Hansestadt";"Gemeinden";"24,77";"24,24";"24,16"
"03355023";"Mechtersen";"Gemeinden";"56,44";"56,23";"56,09"
"03355024";"Melbeck";"Gemeinden";"49,42";"48,87";"48,87"
"03355025";"Nahrendorf";"Gemeinden";"52,61";"52,64";"52,57"
"03355026";"Neetze";"Gemeinden";"58,45";"57,41";"57,33"
"03355027";"Oldendorf (Luhe)";"Gemeinden";"51,59";"51,29";"51,24"
"03355028";"Radbruch";"Gemeinden";"34,49";"34,03";"33,90"
"03355029";"Rehlingen";"Gemeinden";"31,47";"31,26";"31,25"
"03355030";"Reinstorf";"Gemeinden";"58,81";"57,84";"57,87"
"03355031";"Reppenstedt";"Gemeinden";"44,92";"43,71";"43,67"
"03355032";"Rullstorf";"Gemeinden";"54,70";"54,51";"54,35"
"03355033";"Scharnebeck";"Gemeinden";"46,39";"46,02";"45,95"
"03355034";"Soderstorf";"Gemeinden";"38,70";"38,78";"38,70"
"03355035";"Südergellersen";"Gemeinden";"46,44";"46,44";"46,39"
"03355036";"Thomasburg";"Gemeinden";"57,03";"56,88";"56,84"
"03355037";"Tosterglope";"Gemeinden";"53,06";"53,01";"53,01"
"03355038";"Vastorf";"Gemeinden";"52,16";"51,80";"51,66"
"03355039";"Vögelsen";"Gemeinden";"65,82";"65,82";"65,82"
"03355040";"Wendisch Evern";"Gemeinden";"37,68";"37,61";"37,34"
"03355041";"Westergellersen";"Gemeinden";"36,97";"37,21";"37,06"
"03355042";"Wittorf";"Gemeinden";"79,72";"79,14";"78,72"
"03355049";"Amt Neuhaus";"Gemeinden";"58,16";"57,62";"57,64"
"03356001";"Axstedt";"Gemeinden";"48,79";"48,60";"47,39"
"03356002";"Grasberg";"Gemeinden";"82,48";"80,94";"80,62"
"03356003";"Hambergen";"Gemeinden";"62,78";"61,98";"61,62"
"03356004";"Holste";"Gemeinden";"50,44";"49,53";"49,45"
"03356005";"Lilienthal";"Gemeinden";"74,69";"73,62";"73,47"
"03356006";"Lübberstedt";"Gemeinden";"50,77";"47,70";"47,78"
"03356007";"Osterholz-Scharmbeck, Stadt";"Gemeinden";"64,68";"64,04";"63,55"
"03356008";"Ritterhude";"Gemeinden";"62,86";"61,91";"60,76"
"03356009";"Schwanewede";"Gemeinden";"57,41";"57,18";"57,09"
"03356010";"Vollersode";"Gemeinden";"64,53";"63,73";"63,35"
"03356011";"Worpswede";"Gemeinden";"76,98";"76,43";"75,98"
"03357001";"Ahausen";"Gemeinden";"56,99";"56,93";"56,99"
"03357002";"Alfstedt";"Gemeinden";"81,87";"82,06";"81,32"
"03357003";"Anderlingen";"Gemeinden";"77,71";"77,15";"76,87"
"03357004";"Basdahl";"Gemeinden";"71,58";"71,36";"71,18"
"03357005";"Bötersen";"Gemeinden";"74,36";"74,26";"74,01"
"03357006";"Bothel";"Gemeinden";"69,72";"69,18";"69,12"
"03357007";"Breddorf";"Gemeinden";"81,24";"81,16";"81,16"
"03357008";"Bremervörde, Stadt";"Gemeinden";"66,16";"65,07";"64,75"
"03357009";"Brockel";"Gemeinden";"46,75";"47,06";"46,90"
"03357010";"Bülstedt";"Gemeinden";"68,48";"67,58";"67,81"
"03357011";"Deinstedt";"Gemeinden";"80,76";"80,71";"80,07"
"03357012";"Ebersdorf";"Gemeinden";"77,81";"77,60";"77,53"
"03357013";"Elsdorf";"Gemeinden";"76,78";"76,37";"76,35"
"03357014";"Farven";"Gemeinden";"76,58";"76,26";"76,03"
"03357015";"Fintel";"Gemeinden";"67,90";"67,65";"67,40"
"03357016";"Gnarrenburg";"Gemeinden";"66,03";"65,11";"64,19"
"03357017";"Groß Meckelsen";"Gemeinden";"59,79";"58,82";"58,98"
"03357018";"Gyhum";"Gemeinden";"67,42";"66,58";"66,33"
"03357019";"Hamersen";"Gemeinden";"81,04";"80,46";"80,09"
"03357020";"Hassendorf";"Gemeinden";"69,77";"69,77";"69,68"
"03357021";"Heeslingen";"Gemeinden";"73,58";"73,14";"72,84"
"03357022";"Hellwege";"Gemeinden";"53,07";"53,11";"53,47"
"03357023";"Helvesiek";"Gemeinden";"71,59";"72,42";"72,14"
"03357024";"Hemsbünde";"Gemeinden";"56,48";"56,44";"56,26"
"03357025";"Hemslingen";"Gemeinden";"69,04";"69,07";"68,85"
"03357026";"Hepstedt";"Gemeinden";"70,20";"70,10";"69,83"
"03357027";"Hipstedt";"Gemeinden";"47,43";"47,37";"47,30"
"03357028";"Horstedt";"Gemeinden";"71,30";"71,35";"70,67"
"03357029";"Kalbe";"Gemeinden";"64,75";"66,89";"66,50"
"03357030";"Kirchtimke";"Gemeinden";"71,08";"70,28";"70,28"
"03357031";"Kirchwalsede";"Gemeinden";"58,11";"57,84";"57,49"
"03357032";"Klein Meckelsen";"Gemeinden";"75,68";"75,41";"75,27"
"03357033";"Lauenbrück";"Gemeinden";"42,69";"42,19";"42,05"
"03357034";"Lengenbostel";"Gemeinden";"76,88";"76,83";"76,24"
"03357035";"Oerel";"Gemeinden";"71,22";"70,93";"70,72"
"03357036";"Ostereistedt";"Gemeinden";"73,28";"72,93";"72,78"
"03357037";"Reeßum";"Gemeinden";"76,34";"76,20";"75,74"
"03357038";"Rhade";"Gemeinden";"67,14";"66,61";"66,04"
"03357039";"Rotenburg (Wümme), Stadt";"Gemeinden";"47,06";"46,49";"46,23"
"03357040";"Sandbostel";"Gemeinden";"70,77";"70,49";"68,94"
"03357041";"Scheeßel";"Gemeinden";"72,30";"72,02";"71,89"
"03357042";"Seedorf";"Gemeinden";"53,12";"54,51";"54,29"
"03357043";"Selsingen";"Gemeinden";"69,15";"69,06";"68,63"
"03357044";"Sittensen";"Gemeinden";"54,45";"54,13";"52,89"
"03357045";"Sottrum";"Gemeinden";"59,98";"59,14";"58,86"
"03357046";"Stemmen";"Gemeinden";"64,09";"63,28";"62,88"
"03357047";"Tarmstedt";"Gemeinden";"67,22";"66,62";"66,47"
"03357048";"Tiste";"Gemeinden";"39,59";"39,47";"38,88"
"03357049";"Vahlde";"Gemeinden";"71,06";"70,72";"70,66"
"03357050";"Vierden";"Gemeinden";"74,46";"73,85";"73,76"
"03357051";"Visselhövede, Stadt";"Gemeinden";"64,67";"64,36";"64,30"
"03357052";"Vorwerk";"Gemeinden";"71,90";"71,80";"71,44"
"03357053";"Westertimke";"Gemeinden";"70,18";"69,77";"67,44"
"03357054";"Westerwalsede";"Gemeinden";"60,21";"60,26";"59,81"
"03357055";"Wilstedt";"Gemeinden";"75,72";"74,96";"74,63"
"03357056";"Wohnste";"Gemeinden";"79,77";"78,68";"78,63"
"03357057";"Zeven, Stadt";"Gemeinden";"61,45";"60,81";"59,83"
"03358001";"Ahlden (Aller), Flecken";"Gemeinden";"53,35";"53,39";"53,39"
"03358002";"Bispingen";"Gemeinden";"30,08";"30,07";"29,92"
"03358003";"Böhme";"Gemeinden";"53,11";"53,46";"53,73"
"03358005";"Buchholz (Aller)";"Gemeinden";"53,84";"53,73";"53,62"
"03358006";"Eickeloh";"Gemeinden";"66,79";"66,94";"66,94"
"03358007";"Essel";"Gemeinden";"49,84";"49,63";"49,60"
"03358008";"Bad Fallingbostel, Stadt";"Gemeinden";"47,41";"47,28";"47,38"
"03358009";"Frankenfeld";"Gemeinden";"54,81";"54,85";"54,53"
"03358010";"Gilten";"Gemeinden";"69,41";"69,14";"69,53"
"03358011";"Grethem";"Gemeinden";"54,47";"54,47";"54,35"
"03358012";"Hademstorf";"Gemeinden";"53,47";"53,58";"53,47"
"03358013";"Häuslingen";"Gemeinden";"73,70";"73,48";"73,27"
"03358014";"Hodenhagen";"Gemeinden";"40,45";"39,65";"39,65"
"03358015";"Lindwedel";"Gemeinden";"40,16";"40,40";"40,40"
"03358016";"Munster, Stadt";"Gemeinden";"15,47";"15,72";"15,69"
"03358017";"Neuenkirchen";"Gemeinden";"59,17";"59,06";"59,01"
"03358018";"Rethem (Aller), Stadt";"Gemeinden";"64,32";"64,23";"64,06"
"03358019";"Schneverdingen, Stadt";"Gemeinden";"45,58";"45,55";"45,49"
"03358020";"Schwarmstedt";"Gemeinden";"53,03";"52,63";"52,66"
"03358021";"Soltau, Stadt";"Gemeinden";"38,01";"37,82";"37,73"
"03358023";"Wietzendorf";"Gemeinden";"32,35";"32,19";"32,12"
"03358024";"Walsrode, Stadt";"Gemeinden";"49,61";"49,28";"49,11"
"03358501";"Osterheide, gemfr. Bezirk";"Gemeinden";"5,59";"5,95";"5,49"
"03359001";"Agathenburg";"Gemeinden";"72,06";"71,97";"72,15"
"03359002";"Ahlerstedt";"Gemeinden";"81,63";"81,14";"80,71"
"03359003";"Apensen";"Gemeinden";"78,15";"76,52";"76,47"
"03359004";"Balje";"Gemeinden";"88,97";"88,83";"88,78"
"03359005";"Bargstedt";"Gemeinden";"73,36";"72,75";"72,60"
"03359006";"Beckdorf";"Gemeinden";"76,21";"75,11";"74,80"
"03359007";"Bliedersdorf";"Gemeinden";"71,18";"70,85";"69,73"
"03359008";"Brest";"Gemeinden";"76,46";"76,26";"76,30"
"03359009";"Burweg";"Gemeinden";"83,50";"82,27";"81,34"
"03359010";"Buxtehude, Hansestadt";"Gemeinden";"60,27";"59,79";"59,39"
"03359011";"Deinste";"Gemeinden";"54,24";"54,10";"53,47"
"03359012";"Dollern";"Gemeinden";"56,49";"56,41";"56,49"
"03359013";"Drochtersen";"Gemeinden";"68,25";"68,13";"67,69"
"03359014";"Düdenbüttel";"Gemeinden";"81,05";"80,96";"80,76"
"03359015";"Engelschoff";"Gemeinden";"85,11";"84,86";"84,40"
"03359016";"Estorf";"Gemeinden";"69,31";"69,58";"69,21"
"03359017";"Fredenbeck";"Gemeinden";"74,35";"74,11";"73,86"
"03359018";"Freiburg (Elbe), Flecken";"Gemeinden";"67,41";"67,20";"67,23"
"03359019";"Großenwörden";"Gemeinden";"69,80";"69,64";"69,64"
"03359020";"Grünendeich";"Gemeinden";"31,89";"31,38";"31,38"
"03359021";"Guderhandviertel";"Gemeinden";"84,56";"83,89";"83,56"
"03359022";"Hammah";"Gemeinden";"81,08";"80,23";"79,85"
"03359023";"Harsefeld, Flecken";"Gemeinden";"61,45";"60,77";"60,56"
"03359024";"Heinbockel";"Gemeinden";"73,64";"73,07";"73,07"
"03359025";"Himmelpforten";"Gemeinden";"71,06";"71,01";"70,62"
"03359026";"Hollern-Twielenfleth";"Gemeinden";"68,57";"68,18";"68,04"
"03359027";"Horneburg, Flecken";"Gemeinden";"50,61";"49,04";"48,51"
"03359028";"Jork";"Gemeinden";"63,43";"63,43";"63,35"
"03359029";"Kranenburg";"Gemeinden";"83,29";"80,47";"80,25"
"03359030";"Krummendeich";"Gemeinden";"93,11";"93,04";"92,94"
"03359031";"Kutenholz";"Gemeinden";"76,97";"76,64";"76,75"
"03359032";"Mittelnkirchen";"Gemeinden";"84,47";"84,33";"84,33"
"03359033";"Neuenkirchen";"Gemeinden";"83,33";"83,21";"83,33"
"03359034";"Nottensdorf";"Gemeinden";"70,03";"69,89";"69,75"
"03359035";"Oederquart";"Gemeinden";"91,73";"91,46";"89,58"
"03359036";"Oldendorf";"Gemeinden";"66,40";"66,19";"66,07"
"03359037";"Sauensiek";"Gemeinden";"57,22";"57,13";"57,07"
"03359038";"Stade, Hansestadt";"Gemeinden";"53,24";"52,93";"52,59"
"03359039";"Steinkirchen";"Gemeinden";"67,85";"67,54";"67,64"
"03359040";"Wischhafen";"Gemeinden";"61,67";"60,37";"60,40"
"03360001";"Altenmedingen";"Gemeinden";"56,08";"56,04";"55,95"
"03360002";"Bad Bevensen, Stadt";"Gemeinden";"53,54";"53,13";"53,05"
"03360003";"Barum";"Gemeinden";"69,19";"69,10";"68,97"
"03360004";"Bienenbüttel";"Gemeinden";"54,44";"54,30";"54,20"
"03360005";"Bad Bodenteich, Flecken";"Gemeinden";"48,22";"48,24";"48,15"
"03360006";"Ebstorf,Klosterflecken";"Gemeinden";"44,74";"44,41";"44,27"
"03360007";"Eimke";"Gemeinden";"23,56";"26,67";"26,65"
"03360008";"Emmendorf";"Gemeinden";"68,22";"67,76";"67,76"
"03360009";"Gerdau";"Gemeinden";"61,34";"60,82";"60,82"
"03360010";"Hanstedt";"Gemeinden";"48,46";"48,31";"48,29"
"03360011";"Himbergen";"Gemeinden";"61,06";"60,98";"60,81"
"03360012";"Jelmstorf";"Gemeinden";"60,76";"60,69";"60,47"
"03360013";"Lüder";"Gemeinden";"54,65";"54,56";"54,58"
"03360014";"Natendorf";"Gemeinden";"76,82";"76,90";"76,87"
"03360015";"Oetzen";"Gemeinden";"71,07";"71,03";"71,13"
"03360016";"Rätzlingen";"Gemeinden";"82,79";"82,32";"82,44"
"03360017";"Römstedt";"Gemeinden";"81,16";"81,10";"81,10"
"03360018";"Rosche";"Gemeinden";"55,14";"55,09";"55,06"
"03360019";"Schwienau";"Gemeinden";"66,31";"65,77";"65,62"
"03360020";"Soltendieck";"Gemeinden";"56,77";"56,56";"56,56"
"03360022";"Stoetze";"Gemeinden";"51,68";"51,56";"51,51"
"03360023";"Suderburg";"Gemeinden";"30,97";"30,99";"30,93"
"03360024";"Suhlendorf";"Gemeinden";"69,30";"69,25";"69,28"
"03360025";"Uelzen, Hansestadt";"Gemeinden";"54,51";"54,05";"53,87"
"03360026";"Weste";"Gemeinden";"72,34";"72,46";"72,50"
"03360029";"Wriedel";"Gemeinden";"38,03";"39,71";"39,67"
"03360030";"Wrestedt";"Gemeinden";"56,28";"56,21";"56,18"
"03361001";"Achim, Stadt";"Gemeinden";"59,14";"58,67";"58,67"
"03361002";"Blender";"Gemeinden";"83,71";"83,01";"82,75"
"03361003";"Dörverden";"Gemeinden";"64,18";"63,81";"63,51"
"03361004";"Emtinghausen";"Gemeinden";"81,67";"81,43";"81,43"
"03361005";"Kirchlinteln";"Gemeinden";"59,84";"59,46";"59,36"
"03361006";"Langwedel, Flecken";"Gemeinden";"61,88";"61,95";"61,73"
"03361008";"Ottersberg, Flecken";"Gemeinden";"77,09";"76,22";"76,18"
"03361009";"Oyten";"Gemeinden";"69,07";"68,91";"68,22"
"03361010";"Riede";"Gemeinden";"85,91";"85,77";"85,51"
"03361012";"Verden (Aller), Stadt";"Gemeinden";"56,19";"55,71";"55,41"
"03361013";"Thedinghausen";"Gemeinden";"79,01";"78,58";"77,99"
"03401000";"Delmenhorst, Stadt";"Gemeinden";"44,79";"44,60";"44,44"
"03402000";"Emden, Stadt";"Gemeinden";"61,42";"60,43";"59,93"
"03403000";"Oldenburg (Oldenburg), Stadt";"Gemeinden";"28,50";"28,20";"28,04"
"03404000";"Osnabrück, Stadt";"Gemeinden";"31,33";"30,38";"30,04"
"03405000";"Wilhelmshaven, Stadt";"Gemeinden";"38,80";"38,50";"38,33"
"03451001";"Apen";"Gemeinden";"75,64";"74,33";"73,99"
"03451002";"Bad Zwischenahn";"Gemeinden";"60,13";"59,95";"60,00"
"03451004";"Edewecht";"Gemeinden";"67,22";"67,05";"67,19"
"03451005";"Rastede";"Gemeinden";"68,26";"67,66";"67,62"
"03451007";"Westerstede, Stadt";"Gemeinden";"69,65";"69,43";"69,43"
"03451008";"Wiefelstede";"Gemeinden";"69,30";"68,94";"68,85"
"03452001";"Aurich, Stadt";"Gemeinden";"63,23";"63,13";"62,98"
"03452002";"Baltrum";"Gemeinden";"8,62";"8,62";"8,62"
"03452003";"Berumbur";"Gemeinden";"51,09";"51,25";"51,25"
"03452006";"Großefehn";"Gemeinden";"81,31";"81,19";"81,09"
"03452007";"Großheide";"Gemeinden";"68,54";"68,42";"68,31"
"03452008";"Hage, Flecken";"Gemeinden";"57,64";"57,76";"57,64"
"03452009";"Hagermarsch";"Gemeinden";"92,25";"92,34";"92,16"
"03452010";"Halbemond";"Gemeinden";"76,34";"76,18";"76,03"
"03452011";"Hinte";"Gemeinden";"79,83";"79,46";"79,00"
"03452012";"Ihlow";"Gemeinden";"79,95";"79,79";"79,71"
"03452013";"Juist, Inselgemeinde";"Gemeinden";"16,64";"16,76";"8,84"
"03452014";"Krummhörn";"Gemeinden";"82,86";"83,07";"83,03"
"03452015";"Leezdorf";"Gemeinden";"72,70";"72,46";"72,34"
"03452016";"Lütetsburg";"Gemeinden";"52,42";"52,15";"51,97"
"03452017";"Marienhafe, Flecken";"Gemeinden";"59,61";"59,11";"59,11"
"03452019";"Norden, Stadt";"Gemeinden";"77,38";"77,33";"76,86"
"03452020";"Norderney, Stadt";"Gemeinden";"9,58";"9,77";"9,31"
"03452021";"Osteel";"Gemeinden";"85,45";"85,45";"85,30"
"03452022";"Rechtsupweg";"Gemeinden";"62,38";"61,79";"61,60"
"03452023";"Südbrookmerland";"Gemeinden";"72,58";"72,11";"72,10"
"03452024";"Upgant-Schott";"Gemeinden";"81,56";"81,40";"81,19"
"03452025";"Wiesmoor, Stadt";"Gemeinden";"61,45";"62,86";"63,76"
"03452026";"Wirdum";"Gemeinden";"87,61";"87,55";"87,48"
"03452027";"Dornum";"Gemeinden";"87,25";"87,22";"87,17"
"03452501";"Nordseeinsel Memmert, gemfr. Gebiet";"Gemeinden";"0,00";"0,00";"0,00"
"03453001";"Barßel";"Gemeinden";"70,84";"70,20";"69,89"
"03453002";"Bösel";"Gemeinden";"64,02";"63,72";"63,54"
"03453003";"Cappeln (Oldenburg)";"Gemeinden";"75,33";"75,03";"74,84"
"03453004";"Cloppenburg, Stadt";"Gemeinden";"53,29";"52,95";"52,68"
"03453005";"Emstek";"Gemeinden";"60,32";"59,87";"59,60"
"03453006";"Essen (Oldenburg)";"Gemeinden";"72,73";"72,04";"71,57"
"03453007";"Friesoythe, Stadt";"Gemeinden";"67,71";"67,50";"67,37"
"03453008";"Garrel";"Gemeinden";"76,25";"75,97";"75,78"
"03453009";"Lastrup";"Gemeinden";"74,43";"74,00";"73,92"
"03453010";"Lindern (Oldenburg)";"Gemeinden";"74,60";"74,47";"74,24"
"03453011";"Löningen, Stadt";"Gemeinden";"68,06";"67,83";"67,76"
"03453012";"Molbergen";"Gemeinden";"57,64";"57,42";"57,35"
"03453013";"Saterland";"Gemeinden";"59,38";"59,46";"58,86"
"03454001";"Andervenne";"Gemeinden";"69,14";"68,84";"68,73"
"03454002";"Bawinkel";"Gemeinden";"73,07";"71,55";"71,30"
"03454003";"Beesten";"Gemeinden";"71,76";"71,06";"70,82"
"03454004";"Bockhorst";"Gemeinden";"47,86";"47,70";"46,33"
"03454005";"Börger";"Gemeinden";"56,50";"56,39";"56,34"
"03454006";"Breddenberg";"Gemeinden";"81,54";"80,54";"79,42"
"03454007";"Dersum";"Gemeinden";"80,47";"79,66";"79,70"
"03454008";"Dörpen";"Gemeinden";"57,29";"57,50";"57,38"
"03454009";"Dohren";"Gemeinden";"71,92";"71,44";"71,21"
"03454010";"Emsbüren";"Gemeinden";"53,77";"52,37";"52,12"
"03454011";"Esterwegen";"Gemeinden";"52,73";"52,41";"52,25"
"03454012";"Freren, Stadt";"Gemeinden";"63,88";"62,63";"62,39"
"03454013";"Fresenburg";"Gemeinden";"64,95";"63,94";"64,06"
"03454014";"Geeste";"Gemeinden";"55,84";"55,51";"55,75"
"03454015";"Gersten";"Gemeinden";"78,46";"78,04";"78,01"
"03454016";"Groß Berßen";"Gemeinden";"73,55";"73,46";"73,12"
"03454017";"Handrup";"Gemeinden";"78,29";"78,08";"78,01"
"03454018";"Haren (Ems), Stadt";"Gemeinden";"59,95";"59,75";"59,52"
"03454019";"Haselünne, Stadt";"Gemeinden";"60,13";"59,39";"59,10"
"03454020";"Heede";"Gemeinden";"66,18";"65,90";"65,77"
"03454021";"Herzlake";"Gemeinden";"62,29";"61,27";"61,01"
"03454022";"Hilkenbrook";"Gemeinden";"82,55";"82,10";"82,01"
"03454023";"Hüven";"Gemeinden";"72,24";"72,31";"72,11"
"03454024";"Klein Berßen";"Gemeinden";"60,96";"59,78";"59,48"
"03454025";"Kluse";"Gemeinden";"67,68";"65,55";"64,66"
"03454026";"Lähden";"Gemeinden";"69,01";"68,03";"67,56"
"03454027";"Lahn";"Gemeinden";"69,77";"68,83";"68,79"
"03454028";"Langen";"Gemeinden";"70,50";"69,58";"69,52"
"03454029";"Lathen";"Gemeinden";"54,50";"53,98";"53,94"
"03454030";"Lehe";"Gemeinden";"69,17";"68,61";"68,55"
"03454031";"Lengerich";"Gemeinden";"69,80";"69,61";"69,42"
"03454032";"Lingen (Ems), Stadt";"Gemeinden";"45,33";"44,56";"44,01"
"03454033";"Lorup";"Gemeinden";"69,11";"68,59";"68,55"
"03454034";"Lünne";"Gemeinden";"64,87";"64,24";"63,55"
"03454035";"Meppen, Stadt";"Gemeinden";"52,09";"51,46";"51,14"
"03454036";"Messingen";"Gemeinden";"74,29";"74,06";"73,70"
"03454037";"Neubörger";"Gemeinden";"84,02";"83,54";"83,47"
"03454038";"Neulehe";"Gemeinden";"74,16";"73,86";"73,72"
"03454039";"Niederlangen";"Gemeinden";"63,32";"63,42";"63,22"
"03454040";"Oberlangen";"Gemeinden";"67,90";"67,00";"66,82"
"03454041";"Papenburg, Stadt";"Gemeinden";"50,65";"50,62";"50,26"
"03454042";"Rastdorf";"Gemeinden";"71,72";"70,87";"70,41"
"03454043";"Renkenberge";"Gemeinden";"77,88";"76,36";"75,97"
"03454044";"Rhede (Ems)";"Gemeinden";"76,93";"76,54";"76,39"
"03454045";"Salzbergen";"Gemeinden";"55,81";"55,32";"54,85"
"03454046";"Schapen";"Gemeinden";"80,69";"78,18";"77,80"
"03454047";"Sögel";"Gemeinden";"49,10";"48,81";"48,64"
"03454048";"Spahnharrenstätte";"Gemeinden";"55,28";"55,12";"55,06"
"03454049";"Spelle";"Gemeinden";"59,32";"58,59";"58,39"
"03454050";"Stavern";"Gemeinden";"40,62";"40,84";"40,82"
"03454051";"Surwold";"Gemeinden";"63,18";"64,53";"64,22"
"03454052";"Sustrum";"Gemeinden";"75,80";"75,69";"75,44"
"03454053";"Thuine";"Gemeinden";"58,62";"58,30";"57,74"
"03454054";"Twist";"Gemeinden";"56,28";"63,29";"62,22"
"03454055";"Vrees";"Gemeinden";"41,00";"42,00";"41,36"
"03454056";"Walchum";"Gemeinden";"74,98";"74,30";"74,23"
"03454057";"Werlte, Stadt";"Gemeinden";"64,47";"63,14";"63,11"
"03454058";"Werpeloh";"Gemeinden";"59,75";"59,41";"59,35"
"03454059";"Wettrup";"Gemeinden";"83,29";"83,07";"83,00"
"03454060";"Wippingen";"Gemeinden";"74,50";"74,26";"74,37"
"03455007";"Jever, Stadt";"Gemeinden";"67,82";"67,30";"67,31"
"03455014";"Sande";"Gemeinden";"77,49";"76,38";"76,34"
"03455015";"Schortens, Stadt";"Gemeinden";"57,53";"56,27";"56,10"
"03455020";"Wangerland";"Gemeinden";"85,52";"85,19";"85,19"
"03455021";"Wangerooge, Nordseebad";"Gemeinden";"28,77";"27,77";"27,77"
"03455025";"Bockhorn";"Gemeinden";"71,81";"71,92";"71,71"
"03455026";"Varel, Stadt";"Gemeinden";"67,17";"67,37";"67,58"
"03455027";"Zetel";"Gemeinden";"66,13";"65,34";"65,14"
"03456001";"Bad Bentheim, Stadt";"Gemeinden";"51,25";"50,30";"50,14"
"03456002";"Emlichheim";"Gemeinden";"76,05";"75,50";"75,13"
"03456003";"Engden";"Gemeinden";"50,99";"49,75";"49,55"
"03456004";"Esche";"Gemeinden";"78,64";"76,64";"76,64"
"03456005";"Georgsdorf";"Gemeinden";"68,27";"71,59";"71,38"
"03456006";"Getelo";"Gemeinden";"68,30";"67,64";"67,11"
"03456007";"Gölenkamp";"Gemeinden";"76,37";"74,75";"74,37"
"03456008";"Halle";"Gemeinden";"80,53";"79,63";"79,40"
"03456009";"Hoogstede";"Gemeinden";"68,35";"67,44";"67,24"
"03456010";"Isterberg";"Gemeinden";"72,69";"72,29";"72,19"
"03456011";"Itterbeck";"Gemeinden";"58,20";"57,67";"57,30"
"03456012";"Laar";"Gemeinden";"80,18";"79,73";"79,34"
"03456013";"Lage";"Gemeinden";"67,29";"66,51";"66,20"
"03456014";"Neuenhaus, Stadt";"Gemeinden";"65,70";"65,00";"64,55"
"03456015";"Nordhorn, Stadt";"Gemeinden";"59,29";"58,30";"58,09"
"03456016";"Ohne";"Gemeinden";"79,51";"77,85";"77,74"
"03456017";"Osterwald";"Gemeinden";"82,05";"81,79";"81,70"
"03456018";"Quendorf";"Gemeinden";"73,39";"71,69";"71,62"
"03456019";"Ringe";"Gemeinden";"77,01";"76,19";"75,99"
"03456020";"Samern";"Gemeinden";"59,65";"57,77";"57,77"
"03456023";"Uelsen";"Gemeinden";"56,96";"55,88";"55,01"
"03456024";"Wielen";"Gemeinden";"59,72";"58,81";"58,64"
"03456025";"Wietmarschen";"Gemeinden";"56,78";"56,14";"55,90"
"03456026";"Wilsum";"Gemeinden";"66,57";"66,36";"66,31"
"03456027";"Schüttorf, Stadt";"Gemeinden";"34,60";"32,39";"32,03"
"03457002";"Borkum, Stadt";"Gemeinden";"23,95";"24,69";"24,66"
"03457003";"Brinkum";"Gemeinden";"71,01";"69,20";"69,02"
"03457006";"Detern, Flecken";"Gemeinden";"81,41";"81,25";"81,37"
"03457008";"Filsum";"Gemeinden";"77,60";"77,64";"77,60"
"03457009";"Firrel";"Gemeinden";"82,79";"82,67";"82,67"
"03457010";"Hesel";"Gemeinden";"68,56";"68,08";"68,04"
"03457011";"Holtland";"Gemeinden";"80,20";"80,20";"80,20"
"03457012";"Jemgum";"Gemeinden";"82,09";"81,97";"81,93"
"03457013";"Leer (Ostfriesland), Stadt";"Gemeinden";"53,05";"52,55";"52,22"
"03457014";"Moormerland";"Gemeinden";"71,94";"71,79";"71,71"
"03457015";"Neukamperfehn";"Gemeinden";"69,90";"68,47";"68,47"
"03457016";"Nortmoor";"Gemeinden";"74,75";"74,62";"74,62"
"03457017";"Ostrhauderfehn";"Gemeinden";"60,36";"60,11";"60,01"
"03457018";"Rhauderfehn";"Gemeinden";"71,98";"71,64";"71,59"
"03457019";"Schwerinsdorf";"Gemeinden";"81,57";"81,22";"81,40"
"03457020";"Uplengen";"Gemeinden";"74,97";"74,30";"74,18"
"03457021";"Weener, Stadt";"Gemeinden";"73,52";"73,40";"73,04"
"03457022";"Westoverledingen";"Gemeinden";"73,44";"72,94";"72,82"
"03457024";"Bunde";"Gemeinden";"73,18";"72,89";"72,87"
"03457501";"Insel Lütje Hörn, gemfr. Gebiet";"Gemeinden";"0,00";"0,00";"0,00"
"03458001";"Beckeln";"Gemeinden";"70,36";"70,01";"69,98"
"03458002";"Colnrade";"Gemeinden";"77,71";"77,65";"77,65"
"03458003";"Dötlingen";"Gemeinden";"64,97";"64,74";"64,40"
"03458004";"Dünsen";"Gemeinden";"42,50";"42,23";"42,10"
"03458005";"Ganderkesee";"Gemeinden";"66,62";"66,27";"66,18"
"03458006";"Groß Ippener";"Gemeinden";"63,44";"63,48";"63,48"
"03458007";"Großenkneten";"Gemeinden";"58,49";"58,25";"57,94"
"03458008";"Harpstedt, Flecken";"Gemeinden";"50,19";"50,09";"50,04"
"03458009";"Hatten";"Gemeinden";"57,75";"57,39";"57,21"
"03458010";"Hude (Oldb)";"Gemeinden";"70,46";"70,21";"69,84"
"03458011";"Kirchseelte";"Gemeinden";"61,20";"61,20";"61,20"
"03458012";"Prinzhöfte";"Gemeinden";"65,65";"65,70";"65,65"
"03458013";"Wardenburg";"Gemeinden";"69,95";"69,69";"69,64"
"03458014";"Wildeshausen, Stadt";"Gemeinden";"55,38";"54,19";"54,01"
"03458015";"Winkelsett";"Gemeinden";"69,46";"69,29";"69,29"
"03459001";"Alfhausen";"Gemeinden";"65,12";"64,73";"64,38"
"03459002";"Ankum";"Gemeinden";"57,75";"56,94";"56,97"
"03459003";"Bad Essen";"Gemeinden";"54,75";"54,27";"54,19"
"03459004";"Bad Iburg, Stadt";"Gemeinden";"48,49";"48,29";"48,15"
"03459005";"Bad Laer";"Gemeinden";"62,74";"62,40";"62,21"
"03459006";"Bad Rothenfelde";"Gemeinden";"47,15";"46,71";"46,62"
"03459007";"Badbergen";"Gemeinden";"78,75";"78,21";"78,07"
"03459008";"Belm";"Gemeinden";"54,57";"53,47";"53,25"
"03459009";"Berge";"Gemeinden";"59,93";"59,64";"59,64"
"03459010";"Bersenbrück, Stadt";"Gemeinden";"71,32";"70,97";"70,83"
"03459011";"Bippen";"Gemeinden";"57,42";"56,99";"57,02"
"03459012";"Bissendorf";"Gemeinden";"59,53";"59,32";"59,03"
"03459013";"Bohmte";"Gemeinden";"68,40";"67,84";"67,64"
"03459014";"Bramsche, Stadt";"Gemeinden";"54,07";"53,60";"53,35"
"03459015";"Dissen am Teutoburger Wald, Stadt";"Gemeinden";"36,80";"36,02";"36,08"
"03459016";"Eggermühlen";"Gemeinden";"61,24";"60,99";"60,62"
"03459017";"Fürstenau, Stadt";"Gemeinden";"62,61";"62,19";"62,08"
"03459018";"Gehrde";"Gemeinden";"75,33";"74,89";"74,53"
"03459019";"Georgsmarienhütte, Stadt";"Gemeinden";"39,84";"39,57";"39,32"
"03459020";"Hagen am Teutoburger Wald";"Gemeinden";"45,61";"45,46";"45,14"
"03459021";"Hasbergen";"Gemeinden";"48,53";"47,61";"47,33"
"03459022";"Hilter am Teutoburger Wald";"Gemeinden";"54,51";"54,17";"53,91"
"03459023";"Kettenkamp";"Gemeinden";"78,96";"78,73";"78,49"
"03459024";"Melle, Stadt";"Gemeinden";"64,06";"63,77";"63,48"
"03459025";"Menslage";"Gemeinden";"77,83";"77,60";"77,43"
"03459026";"Merzen";"Gemeinden";"72,78";"72,16";"71,93"
"03459027";"Neuenkirchen";"Gemeinden";"81,57";"80,93";"80,64"
"03459028";"Nortrup";"Gemeinden";"64,22";"63,77";"63,66"
"03459029";"Ostercappeln";"Gemeinden";"63,57";"62,77";"62,43"
"03459030";"Quakenbrück, Stadt";"Gemeinden";"43,88";"41,93";"41,26"
"03459031";"Rieste";"Gemeinden";"70,51";"69,07";"68,58"
"03459032";"Voltlage";"Gemeinden";"82,62";"82,13";"82,13"
"03459033";"Wallenhorst";"Gemeinden";"48,27";"47,49";"47,06"
"03459034";"Glandorf";"Gemeinden";"75,15";"74,71";"74,41"
"03460001";"Bakum";"Gemeinden";"76,08";"75,71";"75,61"
"03460002";"Damme, Stadt";"Gemeinden";"65,09";"64,79";"64,72"
"03460003";"Dinklage, Stadt";"Gemeinden";"71,17";"70,88";"70,84"
"03460004";"Goldenstedt";"Gemeinden";"66,09";"66,02";"65,89"
"03460005";"Holdorf";"Gemeinden";"56,02";"55,38";"55,27"
"03460006";"Lohne (Oldenburg), Stadt";"Gemeinden";"59,83";"59,62";"59,59"
"03460007";"Neuenkirchen-Vörden";"Gemeinden";"68,63";"67,70";"67,70"
"03460008";"Steinfeld (Oldenburg)";"Gemeinden";"66,58";"66,38";"66,11"
"03460009";"Vechta, Stadt";"Gemeinden";"54,48";"54,19";"54,10"
"03460010";"Visbek";"Gemeinden";"65,27";"65,03";"64,95"
"03461001";"Berne";"Gemeinden";"81,87";"81,59";"81,40"
"03461002";"Brake (Unterweser), Stadt";"Gemeinden";"58,17";"57,75";"57,05"
"03461003";"Butjadingen";"Gemeinden";"88,16";"87,87";"87,80"
"03461004";"Elsfleth, Stadt";"Gemeinden";"79,17";"78,90";"78,89"
"03461005";"Jade";"Gemeinden";"81,38";"81,23";"80,73"
"03461006";"Lemwerder";"Gemeinden";"76,75";"76,29";"76,21"
"03461007";"Nordenham, Stadt";"Gemeinden";"68,11";"68,11";"67,96"
"03461008";"Ovelgönne";"Gemeinden";"85,43";"85,22";"84,90"
"03461009";"Stadland";"Gemeinden";"80,23";"79,95";"79,81"
"03462001";"Blomberg";"Gemeinden";"82,42";"82,27";"82,11"
"03462002";"Dunum";"Gemeinden";"83,20";"83,12";"82,79"
"03462003";"Esens, Stadt";"Gemeinden";"72,40";"71,99";"71,34"
"03462004";"Eversmeer";"Gemeinden";"55,15";"54,72";"54,55"
"03462005";"Friedeburg";"Gemeinden";"73,71";"73,43";"73,29"
"03462006";"Holtgast";"Gemeinden";"85,80";"85,67";"85,63"
"03462007";"Langeoog";"Gemeinden";"29,90";"29,04";"28,89"
"03462008";"Moorweg";"Gemeinden";"52,68";"52,63";"50,32"
"03462009";"Nenndorf";"Gemeinden";"82,22";"81,78";"81,49"
"03462010";"Neuharlingersiel";"Gemeinden";"84,24";"84,11";"84,03"
"03462011";"Neuschoo";"Gemeinden";"84,87";"84,59";"84,52"
"03462012";"Ochtersum";"Gemeinden";"84,67";"84,67";"84,67"
"03462013";"Schweindorf";"Gemeinden";"82,54";"81,99";"81,99"
"03462014";"Spiekeroog";"Gemeinden";"18,13";"18,07";"18,24"
"03462015";"Stedesdorf";"Gemeinden";"88,01";"88,05";"88,01"
"03462016";"Utarp";"Gemeinden";"85,11";"84,95";"84,95"
"03462017";"Werdum";"Gemeinden";"91,71";"91,54";"91,44"
"03462018";"Westerholt";"Gemeinden";"79,41";"79,00";"78,45"
"03462019";"Wittmund, Stadt";"Gemeinden";"81,18";"80,96";"80,83"
"04011000";"Bremen, Stadt";"Gemeinden";"30,78";"29,78";"29,17"
"04012000";"Bremerhaven, Stadt";"Gemeinden";"19,65";"19,36";"19,10"
"05111000";"Düsseldorf, Stadt";"Gemeinden";"19,17";"17,54";"17,50"
"05112000";"Duisburg, Stadt";"Gemeinden";"17,64";"16,33";"16,11"
"05113000";"Essen, Stadt";"Gemeinden";"15,62";"14,91";"14,81"
"05114000";"Krefeld, Stadt";"Gemeinden";"30,83";"30,22";"30,09"
"05116000";"Mönchengladbach, Stadt";"Gemeinden";"38,24";"36,31";"35,83"
"05117000";"Mülheim an der Ruhr, Stadt";"Gemeinden";"22,71";"22,55";"22,38"
"05119000";"Oberhausen, Stadt";"Gemeinden";"8,73";"8,60";"8,16"
"05120000";"Remscheid, Stadt";"Gemeinden";"22,79";"21,07";"21,43"
"05122000";"Solingen, Klingenstadt";"Gemeinden";"22,52";"20,16";"20,01"
"05124000";"Wuppertal, Stadt";"Gemeinden";"19,96";"19,57";"19,41"
"05154004";"Bedburg-Hau";"Gemeinden";"71,36";"70,10";"70,31"
"05154008";"Emmerich am Rhein, Stadt";"Gemeinden";"60,26";"60,09";"59,98"
"05154012";"Geldern, Stadt";"Gemeinden";"58,04";"57,78";"57,84"
"05154016";"Goch, Stadt";"Gemeinden";"60,68";"60,26";"60,33"
"05154020";"Issum";"Gemeinden";"66,77";"66,19";"66,08"
"05154024";"Kalkar, Stadt";"Gemeinden";"75,83";"73,76";"73,63"
"05154028";"Kerken";"Gemeinden";"71,19";"70,74";"70,59"
"05154032";"Kevelaer, Stadt";"Gemeinden";"67,31";"66,67";"66,64"
"05154036";"Kleve, Stadt";"Gemeinden";"55,04";"54,09";"54,07"
"05154040";"Kranenburg";"Gemeinden";"59,70";"58,99";"58,79"
"05154044";"Rees, Stadt";"Gemeinden";"68,26";"68,06";"68,05"
"05154048";"Rheurdt";"Gemeinden";"65,37";"65,27";"64,14"
"05154052";"Straelen, Stadt";"Gemeinden";"59,30";"58,89";"58,70"
"05154056";"Uedem";"Gemeinden";"67,19";"66,78";"66,81"
"05154060";"Wachtendonk";"Gemeinden";"65,81";"65,23";"64,71"
"05154064";"Weeze";"Gemeinden";"51,93";"51,29";"51,42"
"05158004";"Erkrath, Fundort des Neanderthalers, Stadt";"Gemeinden";"36,57";"36,05";"35,60"
"05158008";"Haan, Stadt";"Gemeinden";"32,62";"31,46";"31,05"
"05158012";"Heiligenhaus, Stadt";"Gemeinden";"50,51";"47,42";"47,17"
"05158016";"Hilden, Stadt";"Gemeinden";"13,49";"13,10";"13,06"
"05158020";"Langenfeld (Rheinland), Stadt";"Gemeinden";"27,70";"27,41";"27,24"
"05158024";"Mettmann, Stadt";"Gemeinden";"59,35";"59,16";"58,72"
"05158026";"Monheim am Rhein, Stadt";"Gemeinden";"30,50";"30,02";"29,72"
"05158028";"Ratingen, Stadt";"Gemeinden";"31,86";"30,94";"30,90"
"05158032";"Velbert, Stadt";"Gemeinden";"37,28";"35,93";"35,87"
"05158036";"Wülfrath, Stadt";"Gemeinden";"42,42";"41,21";"41,06"
"05162004";"Dormagen, Stadt";"Gemeinden";"48,73";"47,06";"46,98"
"05162008";"Grevenbroich, Stadt";"Gemeinden";"53,57";"53,23";"53,16"
"05162012";"Jüchen, Stadt";"Gemeinden";"44,79";"44,93";"47,28"
"05162016";"Kaarst, Stadt";"Gemeinden";"50,71";"48,81";"48,68"
"05162020";"Korschenbroich, Stadt";"Gemeinden";"61,82";"60,03";"59,99"
"05162022";"Meerbusch, Stadt";"Gemeinden";"53,32";"50,71";"50,65"
"05162024";"Neuss, Stadt";"Gemeinden";"38,41";"36,85";"36,06"
"05162028";"Rommerskirchen";"Gemeinden";"81,76";"79,31";"79,28"
"05166004";"Brüggen, Burggemeinde";"Gemeinden";"27,84";"27,45";"27,35"
"05166008";"Grefrath, Sport- und Freizeitgemeinde";"Gemeinden";"63,04";"62,81";"62,59"
"05166012";"Kempen, Stadt";"Gemeinden";"63,17";"62,70";"62,54"
"05166016";"Nettetal, Stadt";"Gemeinden";"51,09";"50,22";"50,03"
"05166020";"Niederkrüchten";"Gemeinden";"29,42";"28,95";"28,88"
"05166024";"Schwalmtal";"Gemeinden";"57,99";"56,79";"56,74"
"05166028";"Tönisvorst, Stadt";"Gemeinden";"67,30";"66,85";"66,76"
"05166032";"Viersen, Stadt";"Gemeinden";"54,87";"54,22";"54,04"
"05166036";"Willich, Stadt";"Gemeinden";"58,32";"57,80";"57,43"
"05170004";"Alpen";"Gemeinden";"70,02";"69,43";"69,40"
"05170008";"Dinslaken, Stadt";"Gemeinden";"25,70";"23,21";"23,23"
"05170012";"Hamminkeln, Stadt";"Gemeinden";"70,13";"70,03";"69,94"
"05170016";"Hünxe";"Gemeinden";"43,63";"42,18";"42,16"
"05170020";"Kamp-Lintfort, Stadt";"Gemeinden";"41,10";"40,04";"40,50"
"05170024";"Moers, Stadt";"Gemeinden";"34,90";"34,15";"34,11"
"05170028";"Neukirchen-Vluyn, Stadt";"Gemeinden";"57,40";"53,75";"53,63"
"05170032";"Rheinberg, Stadt";"Gemeinden";"52,98";"55,10";"54,78"
"05170036";"Schermbeck";"Gemeinden";"53,29";"53,03";"53,03"
"05170040";"Sonsbeck";"Gemeinden";"66,52";"66,18";"66,07"
"05170044";"Voerde (Niederrhein), Stadt";"Gemeinden";"46,21";"45,78";"45,82"
"05170048";"Wesel, Stadt";"Gemeinden";"43,08";"42,27";"41,87"
"05170052";"Xanten, Stadt";"Gemeinden";"55,28";"54,88";"55,09"
"05314000";"Bonn, Stadt";"Gemeinden";"15,94";"13,21";"12,12"
"05315000";"Köln, Stadt";"Gemeinden";"16,46";"16,16";"15,94"
"05316000";"Leverkusen, Stadt";"Gemeinden";"22,78";"22,56";"22,47"
"05334002";"Aachen, Stadt";"Gemeinden";"39,25";"38,56";"38,59"
"05334004";"Alsdorf, Stadt";"Gemeinden";"40,06";"39,33";"39,61"
"05334008";"Baesweiler, Stadt";"Gemeinden";"61,67";"60,85";"61,10"
"05334012";"Eschweiler, Stadt";"Gemeinden";"45,53";"44,71";"44,75"
"05334016";"Herzogenrath, Stadt";"Gemeinden";"41,07";"38,14";"38,17"
"05334020";"Monschau, Stadt";"Gemeinden";"41,12";"41,21";"41,71"
"05334024";"Roetgen, Tor zur Eifel";"Gemeinden";"16,04";"15,76";"15,78"
"05334028";"Simmerath";"Gemeinden";"34,42";"33,94";"34,31"
"05334032";"Stolberg (Rhld.), Kupferstadt";"Gemeinden";"24,42";"24,25";"24,44"
"05334036";"Würselen, Stadt";"Gemeinden";"56,41";"53,97";"53,71"
"05358004";"Aldenhoven";"Gemeinden";"70,49";"73,92";"73,72"
"05358008";"Düren, Stadt";"Gemeinden";"47,61";"46,71";"46,71"
"05358012";"Heimbach, Stadt";"Gemeinden";"33,17";"32,77";"32,77"
"05358016";"Hürtgenwald";"Gemeinden";"29,93";"29,22";"29,12"
"05358020";"Inden";"Gemeinden";"23,82";"27,09";"27,03"
"05358024";"Jülich, Stadt";"Gemeinden";"56,44";"55,98";"56,01"
"05358028";"Kreuzau";"Gemeinden";"50,66";"50,42";"50,25"
"05358032";"Langerwehe";"Gemeinden";"37,12";"36,54";"36,16"
"05358036";"Linnich, Stadt";"Gemeinden";"79,95";"79,52";"79,40"
"05358040";"Merzenich";"Gemeinden";"65,45";"64,08";"63,49"
"05358044";"Nideggen, Stadt";"Gemeinden";"48,85";"48,32";"48,15"
"05358048";"Niederzier";"Gemeinden";"34,10";"33,72";"33,33"
"05358052";"Nörvenich";"Gemeinden";"80,35";"79,63";"78,98"
"05358056";"Titz";"Gemeinden";"84,63";"83,64";"83,58"
"05358060";"Vettweiß";"Gemeinden";"75,35";"74,80";"74,55"
"05362004";"Bedburg, Stadt";"Gemeinden";"61,28";"60,64";"60,57"
"05362008";"Bergheim, Stadt";"Gemeinden";"52,97";"52,79";"52,30"
"05362012";"Brühl, Stadt";"Gemeinden";"21,04";"18,05";"17,25"
"05362016";"Elsdorf, Stadt";"Gemeinden";"52,38";"50,82";"50,28"
"05362020";"Erftstadt, Stadt";"Gemeinden";"67,36";"67,16";"66,48"
"05362024";"Frechen, Stadt";"Gemeinden";"28,72";"28,03";"27,45"
"05362028";"Hürth, Stadt";"Gemeinden";"30,91";"29,97";"29,40"
"05362032";"Kerpen, Kolpingstadt";"Gemeinden";"51,15";"49,89";"48,60"
"05362036";"Pulheim, Stadt";"Gemeinden";"65,03";"64,64";"64,32"
"05362040";"Wesseling, Stadt";"Gemeinden";"29,48";"27,94";"26,23"
"05366004";"Bad Münstereifel, Stadt";"Gemeinden";"34,83";"34,55";"34,45"
"05366008";"Blankenheim";"Gemeinden";"44,93";"45,19";"45,02"
"05366012";"Dahlem";"Gemeinden";"31,87";"32,18";"32,13"
"05366016";"Euskirchen, Stadt";"Gemeinden";"52,06";"51,45";"51,13"
"05366020";"Hellenthal";"Gemeinden";"35,06";"34,90";"34,76"
"05366024";"Kall";"Gemeinden";"45,16";"44,63";"44,56"
"05366028";"Mechernich, Stadt";"Gemeinden";"55,30";"55,14";"54,97"
"05366032";"Nettersheim";"Gemeinden";"45,20";"45,33";"45,27"
"05366036";"Schleiden, Stadt";"Gemeinden";"34,36";"26,53";"26,10"
"05366040";"Weilerswist";"Gemeinden";"66,47";"66,17";"65,40"
"05366044";"Zülpich, Stadt";"Gemeinden";"79,23";"78,51";"78,44"
"05370004";"Erkelenz, Stadt";"Gemeinden";"71,84";"67,45";"65,03"
"05370008";"Gangelt";"Gemeinden";"73,13";"71,06";"70,92"
"05370012";"Geilenkirchen, Stadt";"Gemeinden";"66,25";"65,28";"65,09"
"05370016";"Heinsberg, Stadt";"Gemeinden";"68,99";"67,99";"67,73"
"05370020";"Hückelhoven, Stadt";"Gemeinden";"55,04";"52,18";"52,15"
"05370024";"Selfkant";"Gemeinden";"68,61";"68,07";"67,88"
"05370028";"Übach-Palenberg, Stadt";"Gemeinden";"49,48";"48,95";"48,72"
"05370032";"Waldfeucht";"Gemeinden";"75,26";"74,66";"74,36"
"05370036";"Wassenberg, Stadt";"Gemeinden";"40,82";"39,08";"38,58"
"05370040";"Wegberg, Stadt";"Gemeinden";"45,90";"43,99";"43,69"
"05374004";"Bergneustadt, Stadt";"Gemeinden";"19,66";"19,19";"19,16"
"05374008";"Engelskirchen";"Gemeinden";"16,88";"16,64";"16,63"
"05374012";"Gummersbach, Stadt";"Gemeinden";"21,18";"20,33";"20,31"
"05374016";"Hückeswagen, Schloss-Stadt";"Gemeinden";"48,32";"47,64";"47,33"
"05374020";"Lindlar";"Gemeinden";"45,59";"45,25";"45,06"
"05374024";"Marienheide";"Gemeinden";"33,57";"32,69";"32,51"
"05374028";"Morsbach";"Gemeinden";"37,65";"37,56";"37,29"
"05374032";"Nümbrecht";"Gemeinden";"48,70";"48,51";"48,34"
"05374036";"Radevormwald, Stadt auf der Höhe";"Gemeinden";"48,74";"48,42";"48,40"
"05374040";"Reichshof";"Gemeinden";"36,28";"36,22";"36,21"
"05374044";"Waldbröl, Stadt";"Gemeinden";"44,27";"44,05";"44,01"
"05374048";"Wiehl, Stadt";"Gemeinden";"27,26";"27,09";"27,06"
"05374052";"Wipperfürth, Hansestadt";"Gemeinden";"53,29";"53,03";"52,97"
"05378004";"Bergisch Gladbach, Stadt";"Gemeinden";"22,02";"19,82";"19,70"
"05378008";"Burscheid, Stadt";"Gemeinden";"45,99";"43,03";"42,85"
"05378012";"Kürten";"Gemeinden";"45,76";"45,49";"45,37"
"05378016";"Leichlingen (Rheinland), Blütenstadt";"Gemeinden";"43,96";"43,34";"42,91"
"05378020";"Odenthal";"Gemeinden";"36,89";"34,89";"34,74"
"05378024";"Overath, Stadt";"Gemeinden";"43,41";"42,61";"42,64"
"05378028";"Rösrath, Stadt";"Gemeinden";"21,13";"20,41";"20,44"
"05378032";"Wermelskirchen, Stadt";"Gemeinden";"34,37";"32,88";"32,77"
"05382004";"Alfter";"Gemeinden";"30,69";"30,63";"30,57"
"05382008";"Bad Honnef, Stadt";"Gemeinden";"14,78";"14,73";"14,71"
"05382012";"Bornheim, Stadt";"Gemeinden";"51,69";"51,22";"50,71"
"05382016";"Eitorf";"Gemeinden";"27,90";"27,71";"27,60"
"05382020";"Hennef (Sieg), Stadt";"Gemeinden";"50,07";"49,71";"49,61"
"05382024";"Königswinter, Stadt";"Gemeinden";"40,04";"40,05";"40,01"
"05382028";"Lohmar, Stadt";"Gemeinden";"42,17";"41,47";"41,27"
"05382032";"Meckenheim, Stadt";"Gemeinden";"50,83";"50,60";"49,91"
"05382036";"Much";"Gemeinden";"60,16";"60,06";"59,99"
"05382040";"Neunkirchen-Seelscheid";"Gemeinden";"46,40";"46,25";"46,19"
"05382044";"Niederkassel, Stadt";"Gemeinden";"49,01";"48,70";"48,48"
"05382048";"Rheinbach, Stadt";"Gemeinden";"51,65";"50,93";"50,87"
"05382052";"Ruppichteroth";"Gemeinden";"36,83";"36,70";"36,57"
"05382056";"Sankt Augustin, Stadt";"Gemeinden";"27,03";"27,00";"26,88"
"05382060";"Siegburg, Stadt";"Gemeinden";"16,23";"16,19";"16,27"
"05382064";"Swisttal";"Gemeinden";"63,31";"63,28";"63,16"
"05382068";"Troisdorf, Stadt";"Gemeinden";"17,31";"16,85";"16,73"
"05382072";"Wachtberg";"Gemeinden";"59,96";"59,72";"59,70"
"05382076";"Windeck";"Gemeinden";"31,15";"30,57";"30,29"
"05512000";"Bottrop, Stadt";"Gemeinden";"28,88";"28,59";"28,05"
"05513000";"Gelsenkirchen, Stadt";"Gemeinden";"12,11";"11,37";"10,96"
"05515000";"Münster, Stadt";"Gemeinden";"44,31";"43,52";"43,14"
"05554004";"Ahaus, Stadt";"Gemeinden";"63,09";"62,67";"62,42"
"05554008";"Bocholt, Stadt";"Gemeinden";"62,99";"61,87";"61,71"
"05554012";"Borken, Stadt";"Gemeinden";"64,12";"63,33";"63,23"
"05554016";"Gescher, Glockenstadt";"Gemeinden";"69,25";"68,51";"68,47"
"05554020";"Gronau (Westf.), Stadt";"Gemeinden";"53,16";"52,88";"52,60"
"05554024";"Heek";"Gemeinden";"72,10";"72,09";"71,76"
"05554028";"Heiden";"Gemeinden";"62,35";"61,62";"61,49"
"05554032";"Isselburg, Stadt";"Gemeinden";"63,69";"62,41";"62,38"
"05554036";"Legden";"Gemeinden";"67,96";"67,50";"67,02"
"05554040";"Raesfeld";"Gemeinden";"69,49";"69,01";"68,96"
"05554044";"Reken";"Gemeinden";"60,31";"59,86";"59,83"
"05554048";"Rhede, Stadt";"Gemeinden";"64,28";"63,78";"63,66"
"05554052";"Schöppingen";"Gemeinden";"75,08";"74,92";"74,63"
"05554056";"Stadtlohn, Stadt";"Gemeinden";"59,34";"58,98";"58,94"
"05554060";"Südlohn";"Gemeinden";"68,09";"67,63";"67,63"
"05554064";"Velen, Stadt";"Gemeinden";"64,68";"64,33";"64,07"
"05554068";"Vreden, Stadt";"Gemeinden";"66,62";"66,30";"66,04"
"05558004";"Ascheberg";"Gemeinden";"71,35";"70,88";"70,75"
"05558008";"Billerbeck, Stadt";"Gemeinden";"74,94";"74,21";"74,09"
"05558012";"Coesfeld, Stadt";"Gemeinden";"63,93";"63,69";"63,57"
"05558016";"Dülmen, Stadt";"Gemeinden";"65,72";"65,27";"65,11"
"05558020";"Havixbeck";"Gemeinden";"70,06";"69,19";"69,10"
"05558024";"Lüdinghausen, Stadt";"Gemeinden";"63,18";"62,85";"62,75"
"05558028";"Nordkirchen";"Gemeinden";"67,70";"66,46";"66,30"
"05558032";"Nottuln";"Gemeinden";"71,31";"70,71";"70,55"
"05558036";"Olfen, Stadt";"Gemeinden";"58,38";"57,49";"57,24"
"05558040";"Rosendahl";"Gemeinden";"70,12";"69,90";"69,72"
"05558044";"Senden";"Gemeinden";"64,27";"63,86";"63,51"
"05562004";"Castrop-Rauxel, Stadt";"Gemeinden";"25,25";"24,11";"23,97"
"05562008";"Datteln, Stadt";"Gemeinden";"49,15";"46,44";"44,49"
"05562012";"Dorsten, Stadt";"Gemeinden";"47,96";"47,03";"46,70"
"05562014";"Gladbeck, Stadt";"Gemeinden";"23,69";"22,19";"22,13"
"05562016";"Haltern am See, Stadt";"Gemeinden";"29,33";"28,00";"27,96"
"05562020";"Herten, Stadt";"Gemeinden";"22,69";"22,37";"22,13"
"05562024";"Marl, Stadt";"Gemeinden";"31,40";"28,73";"28,68"
"05562028";"Oer-Erkenschwick, Stadt";"Gemeinden";"27,73";"25,61";"25,43"
"05562032";"Recklinghausen, Stadt";"Gemeinden";"33,37";"31,85";"31,23"
"05562036";"Waltrop, Stadt";"Gemeinden";"51,82";"50,52";"50,24"
"05566004";"Altenberge";"Gemeinden";"77,23";"75,25";"74,14"
"05566008";"Emsdetten, Stadt";"Gemeinden";"60,13";"59,10";"58,94"
"05566012";"Greven, Stadt";"Gemeinden";"61,10";"60,25";"60,01"
"05566016";"Hörstel, Stadt";"Gemeinden";"62,63";"62,55";"62,30"
"05566020";"Hopsten";"Gemeinden";"80,65";"79,63";"79,57"
"05566024";"Horstmar, Stadt der Burgmannshöfe";"Gemeinden";"70,38";"69,12";"68,92"
"05566028";"Ibbenbüren, Stadt";"Gemeinden";"47,94";"46,85";"46,33"
"05566032";"Ladbergen";"Gemeinden";"65,77";"64,28";"63,50"
"05566036";"Laer";"Gemeinden";"75,64";"74,31";"74,11"
"05566040";"Lengerich, Stadt";"Gemeinden";"62,53";"61,42";"61,28"
"05566044";"Lienen";"Gemeinden";"66,90";"65,84";"64,58"
"05566048";"Lotte";"Gemeinden";"46,59";"45,74";"45,42"
"05566052";"Metelen";"Gemeinden";"71,97";"70,58";"70,03"
"05566056";"Mettingen";"Gemeinden";"63,94";"63,65";"62,54"
"05566060";"Neuenkirchen";"Gemeinden";"66,99";"65,94";"65,32"
"05566064";"Nordwalde";"Gemeinden";"73,14";"70,12";"68,97"
"05566068";"Ochtrup, Stadt";"Gemeinden";"66,31";"65,23";"64,96"
"05566072";"Recke";"Gemeinden";"66,12";"65,77";"65,67"
"05566076";"Rheine, Stadt";"Gemeinden";"49,24";"48,39";"48,20"
"05566080";"Saerbeck, NRW-Klimakommune";"Gemeinden";"69,66";"68,90";"68,63"
"05566084";"Steinfurt, Stadt";"Gemeinden";"66,61";"65,30";"65,20"
"05566088";"Tecklenburg, Stadt";"Gemeinden";"59,67";"58,45";"57,64"
"05566092";"Westerkappeln";"Gemeinden";"67,81";"65,92";"65,73"
"05566096";"Wettringen";"Gemeinden";"72,72";"71,40";"70,86"
"05570004";"Ahlen, Stadt";"Gemeinden";"66,62";"66,04";"65,87"
"05570008";"Beckum, Stadt";"Gemeinden";"62,98";"62,46";"62,31"
"05570012";"Beelen";"Gemeinden";"75,73";"75,50";"74,99"
"05570016";"Drensteinfurt, Stadt";"Gemeinden";"73,00";"71,62";"71,52"
"05570020";"Ennigerloh, Stadt";"Gemeinden";"72,43";"72,33";"72,26"
"05570024";"Everswinkel";"Gemeinden";"70,28";"69,91";"69,81"
"05570028";"Oelde, Stadt";"Gemeinden";"63,51";"63,13";"62,85"
"05570032";"Ostbevern";"Gemeinden";"66,82";"66,50";"65,80"
"05570036";"Sassenberg, Stadt";"Gemeinden";"68,05";"67,20";"66,79"
"05570040";"Sendenhorst, Stadt";"Gemeinden";"78,73";"78,46";"78,37"
"05570044";"Telgte, Stadt";"Gemeinden";"64,42";"64,17";"63,53"
"05570048";"Wadersloh";"Gemeinden";"76,46";"76,26";"76,23"
"05570052";"Warendorf, Stadt";"Gemeinden";"68,52";"67,97";"67,31"
"05711000";"Bielefeld, Stadt";"Gemeinden";"33,65";"33,06";"32,25"
"05754004";"Borgholzhausen, Stadt";"Gemeinden";"56,58";"55,94";"55,92"
"05754008";"Gütersloh, Stadt";"Gemeinden";"49,20";"47,82";"47,70"
"05754012";"Halle (Westf.), Stadt";"Gemeinden";"57,86";"54,55";"54,48"
"05754016";"Harsewinkel, Die Mähdrescherstadt";"Gemeinden";"63,48";"62,88";"62,59"
"05754020";"Herzebrock-Clarholz";"Gemeinden";"69,13";"68,18";"68,15"
"05754024";"Langenberg";"Gemeinden";"74,21";"73,64";"73,45"
"05754028";"Rheda-Wiedenbrück, Stadt";"Gemeinden";"54,89";"54,46";"54,40"
"05754032";"Rietberg, Stadt";"Gemeinden";"72,59";"70,43";"70,06"
"05754036";"Schloß Holte-Stukenbrock, Stadt";"Gemeinden";"28,76";"29,72";"29,49"
"05754040";"Steinhagen";"Gemeinden";"57,56";"53,55";"53,47"
"05754044";"Verl, Stadt";"Gemeinden";"65,52";"65,15";"64,72"
"05754048";"Versmold, Stadt";"Gemeinden";"69,37";"68,28";"68,18"
"05754052";"Werther (Westf.), Stadt";"Gemeinden";"62,48";"62,03";"61,91"
"05758004";"Bünde, Stadt";"Gemeinden";"56,21";"55,51";"53,49"
"05758008";"Enger, Widukindstadt";"Gemeinden";"66,27";"64,84";"63,39"
"05758012";"Herford, Hansestadt";"Gemeinden";"51,02";"47,24";"47,10"
"05758016";"Hiddenhausen";"Gemeinden";"48,85";"45,16";"45,08"
"05758020";"Kirchlengern";"Gemeinden";"59,86";"59,15";"57,25"
"05758024";"Löhne, Stadt";"Gemeinden";"53,97";"52,28";"50,71"
"05758028";"Rödinghausen";"Gemeinden";"62,67";"60,02";"59,86"
"05758032";"Spenge, Stadt";"Gemeinden";"68,67";"67,91";"67,58"
"05758036";"Vlotho, Stadt";"Gemeinden";"63,29";"61,81";"61,26"
"05762004";"Bad Driburg, Stadt";"Gemeinden";"43,61";"42,52";"42,37"
"05762008";"Beverungen, Stadt";"Gemeinden";"49,98";"49,12";"49,03"
"05762012";"Borgentreich, Orgelstadt";"Gemeinden";"79,56";"79,18";"79,11"
"05762016";"Brakel, Stadt";"Gemeinden";"55,40";"54,98";"54,91"
"05762020";"Höxter, Stadt";"Gemeinden";"43,66";"42,98";"42,87"
"05762024";"Marienmünster, Stadt";"Gemeinden";"70,11";"69,67";"69,53"
"05762028";"Nieheim, Stadt";"Gemeinden";"66,28";"65,16";"64,85"
"05762032";"Steinheim, Stadt";"Gemeinden";"61,91";"60,54";"60,25"
"05762036";"Warburg, Hansestadt";"Gemeinden";"56,46";"56,08";"55,90"
"05762040";"Willebadessen, Stadt";"Gemeinden";"63,62";"63,43";"63,34"
"05766004";"Augustdorf";"Gemeinden";"23,42";"23,57";"23,54"
"05766008";"Bad Salzuflen, Stadt";"Gemeinden";"55,30";"54,90";"54,62"
"05766012";"Barntrup, Stadt";"Gemeinden";"55,89";"55,67";"55,08"
"05766016";"Blomberg, Stadt";"Gemeinden";"59,51";"59,15";"59,08"
"05766020";"Detmold, Stadt";"Gemeinden";"39,89";"39,19";"39,09"
"05766024";"Dörentrup";"Gemeinden";"60,17";"59,77";"59,48"
"05766028";"Extertal";"Gemeinden";"63,22";"61,12";"60,88"
"05766032";"Horn-Bad Meinberg, Stadt";"Gemeinden";"45,20";"45,08";"44,67"
"05766036";"Kalletal";"Gemeinden";"57,30";"55,60";"55,68"
"05766040";"Lage, Stadt";"Gemeinden";"56,01";"55,38";"54,91"
"05766044";"Lemgo, Stadt";"Gemeinden";"55,67";"54,65";"54,56"
"05766048";"Leopoldshöhe";"Gemeinden";"64,85";"64,37";"64,09"
"05766052";"Lügde, Stadt der Osterräder";"Gemeinden";"48,05";"47,82";"47,78"
"05766056";"Oerlinghausen, Stadt";"Gemeinden";"22,58";"22,48";"22,45"
"05766060";"Schieder-Schwalenberg, Stadt";"Gemeinden";"39,24";"39,11";"39,06"
"05766064";"Schlangen";"Gemeinden";"26,50";"26,48";"26,42"
"05770004";"Bad Oeynhausen, Stadt";"Gemeinden";"47,42";"45,26";"45,16"
"05770008";"Espelkamp, Stadt";"Gemeinden";"61,50";"60,50";"59,81"
"05770012";"Hille";"Gemeinden";"71,64";"71,31";"71,09"
"05770016";"Hüllhorst";"Gemeinden";"63,22";"62,39";"61,90"
"05770020";"Lübbecke, Stadt";"Gemeinden";"49,74";"49,11";"49,02"
"05770024";"Minden, Stadt";"Gemeinden";"49,27";"48,44";"48,02"
"05770028";"Petershagen, Stadt";"Gemeinden";"66,63";"65,17";"65,07"
"05770032";"Porta Westfalica, Stadt";"Gemeinden";"48,78";"47,20";"47,07"
"05770036";"Preußisch Oldendorf, Stadt";"Gemeinden";"62,11";"61,56";"61,30"
"05770040";"Rahden, Stadt";"Gemeinden";"77,68";"76,88";"76,78"
"05770044";"Stemwede";"Gemeinden";"73,73";"73,21";"72,94"
"05774004";"Altenbeken";"Gemeinden";"33,90";"33,77";"33,74"
"05774008";"Bad Lippspringe, Stadt";"Gemeinden";"33,72";"32,07";"31,21"
"05774012";"Borchen";"Gemeinden";"66,33";"65,81";"65,70"
"05774016";"Büren, Stadt";"Gemeinden";"48,89";"48,69";"48,54"
"05774020";"Delbrück, Stadt";"Gemeinden";"73,31";"72,69";"72,29"
"05774024";"Hövelhof, Sennegemeinde";"Gemeinden";"46,83";"46,81";"46,08"
"05774028";"Lichtenau, Stadt";"Gemeinden";"49,42";"49,23";"49,09"
"05774032";"Paderborn, Stadt";"Gemeinden";"44,26";"43,73";"43,45"
"05774036";"Salzkotten, Stadt";"Gemeinden";"68,07";"67,77";"67,70"
"05774040";"Bad Wünnenberg, Stadt";"Gemeinden";"47,01";"46,65";"46,61"
"05911000";"Bochum, Stadt";"Gemeinden";"18,20";"15,74";"15,58"
"05913000";"Dortmund, Stadt";"Gemeinden";"23,56";"23,27";"23,01"
"05914000";"Hagen, Stadt der FernUniversität";"Gemeinden";"18,35";"16,14";"16,04"
"05915000";"Hamm, Stadt";"Gemeinden";"53,41";"52,34";"51,85"
"05916000";"Herne, Stadt";"Gemeinden";"8,32";"8,17";"8,09"
"05954004";"Breckerfeld, Hansestadt";"Gemeinden";"46,57";"46,51";"45,95"
"05954008";"Ennepetal, Stadt der Kluterthöhle";"Gemeinden";"34,76";"34,00";"33,53"
"05954012";"Gevelsberg, Stadt";"Gemeinden";"35,50";"34,71";"34,24"
"05954016";"Hattingen, Stadt";"Gemeinden";"44,15";"43,29";"42,89"
"05954020";"Herdecke, Stadt";"Gemeinden";"21,44";"21,21";"21,13"
"05954024";"Schwelm, Stadt";"Gemeinden";"33,09";"31,66";"31,61"
"05954028";"Sprockhövel, Stadt";"Gemeinden";"48,75";"47,27";"47,00"
"05954032";"Wetter (Ruhr), Stadt";"Gemeinden";"37,89";"37,40";"37,12"
"05954036";"Witten, Stadt";"Gemeinden";"30,94";"30,41";"30,32"
"05958004";"Arnsberg, Stadt";"Gemeinden";"16,57";"16,48";"16,08"
"05958008";"Bestwig";"Gemeinden";"23,45";"23,55";"25,11"
"05958012";"Brilon, Stadt";"Gemeinden";"37,97";"37,81";"37,81"
"05958016";"Eslohe (Sauerland)";"Gemeinden";"39,68";"39,40";"39,56"
"05958020";"Hallenberg, Stadt";"Gemeinden";"39,28";"37,89";"38,04"
"05958024";"Marsberg, Stadt";"Gemeinden";"49,08";"48,58";"48,51"
"05958028";"Medebach, Hansestadt";"Gemeinden";"40,25";"39,98";"40,00"
"05958032";"Meschede, Kreis- und  Hochschulstadt";"Gemeinden";"28,75";"28,27";"28,37"
"05958036";"Olsberg, Stadt";"Gemeinden";"21,09";"21,58";"21,57"
"05958040";"Schmallenberg, Stadt";"Gemeinden";"29,96";"30,37";"30,56"
"05958044";"Sundern (Sauerland), Stadt";"Gemeinden";"24,70";"24,80";"24,78"
"05958048";"Winterberg, Stadt";"Gemeinden";"19,11";"19,78";"20,09"
"05962004";"Altena, Stadt";"Gemeinden";"17,36";"15,04";"14,99"
"05962008";"Balve, Stadt";"Gemeinden";"35,14";"34,86";"34,86"
"05962012";"Halver, Stadt";"Gemeinden";"49,77";"49,64";"49,61"
"05962016";"Hemer, Stadt";"Gemeinden";"21,12";"22,04";"22,08"
"05962020";"Herscheid";"Gemeinden";"30,57";"29,48";"29,12"
"05962024";"Iserlohn, Stadt";"Gemeinden";"34,23";"33,45";"33,30"
"05962028";"Kierspe, Stadt";"Gemeinden";"38,87";"38,69";"38,51"
"05962032";"Lüdenscheid, Stadt";"Gemeinden";"19,17";"17,85";"17,81"
"05962036";"Meinerzhagen, Stadt";"Gemeinden";"30,29";"30,32";"30,39"
"05962040";"Menden (Sauerland), Stadt";"Gemeinden";"35,84";"35,32";"35,01"
"05962044";"Nachrodt-Wiblingwerde";"Gemeinden";"29,87";"29,93";"29,87"
"05962048";"Neuenrade, Stadt";"Gemeinden";"32,92";"32,31";"32,20"
"05962052";"Plettenberg, Stadt";"Gemeinden";"18,46";"15,76";"15,69"
"05962056";"Schalksmühle";"Gemeinden";"35,68";"33,84";"33,76"
"05962060";"Werdohl, Stadt";"Gemeinden";"16,93";"15,58";"15,40"
"05966004";"Attendorn, Hansestadt";"Gemeinden";"24,80";"24,45";"24,38"
"05966008";"Drolshagen, Stadt";"Gemeinden";"40,66";"40,69";"40,74"
"05966012";"Finnentrop";"Gemeinden";"21,41";"21,34";"21,25"
"05966016";"Kirchhundem";"Gemeinden";"15,38";"14,86";"14,78"
"05966020";"Lennestadt, Stadt";"Gemeinden";"19,95";"20,10";"20,10"
"05966024";"Olpe, Stadt";"Gemeinden";"21,73";"21,55";"21,46"
"05966028";"Wenden";"Gemeinden";"35,13";"35,13";"35,03"
"05970004";"Bad Berleburg, Stadt";"Gemeinden";"23,99";"24,00";"23,94"
"05970008";"Burbach";"Gemeinden";"18,59";"18,58";"18,45"
"05970012";"Erndtebrück";"Gemeinden";"26,43";"26,66";"26,73"
"05970016";"Freudenberg, Stadt";"Gemeinden";"19,18";"19,05";"19,03"
"05970020";"Hilchenbach, Stadt";"Gemeinden";"12,89";"12,81";"12,72"
"05970024";"Kreuztal, Stadt";"Gemeinden";"14,51";"14,16";"14,16"
"05970028";"Bad Laasphe, Stadt";"Gemeinden";"18,67";"18,85";"18,80"
"05970032";"Netphen, Stadt";"Gemeinden";"14,94";"15,04";"15,02"
"05970036";"Neunkirchen";"Gemeinden";"11,23";"11,03";"10,95"
"05970040";"Siegen, Universitätsstadt";"Gemeinden";"12,87";"12,52";"12,42"
"05970044";"Wilnsdorf";"Gemeinden";"20,68";"20,52";"20,50"
"05974004";"Anröchte";"Gemeinden";"73,14";"72,34";"72,27"
"05974008";"Bad Sassendorf";"Gemeinden";"79,55";"79,07";"79,04"
"05974012";"Ense";"Gemeinden";"62,94";"62,41";"62,06"
"05974016";"Erwitte, Stadt";"Gemeinden";"77,27";"75,85";"75,79"
"05974020";"Geseke, Stadt";"Gemeinden";"71,51";"70,66";"70,58"
"05974024";"Lippetal";"Gemeinden";"72,59";"72,40";"72,32"
"05974028";"Lippstadt, Stadt";"Gemeinden";"59,02";"58,00";"57,97"
"05974032";"Möhnesee";"Gemeinden";"34,28";"34,25";"34,31"
"05974036";"Rüthen, Stadt";"Gemeinden";"58,56";"57,34";"57,14"
"05974040";"Soest, Stadt";"Gemeinden";"68,01";"67,35";"67,02"
"05974044";"Warstein, Stadt";"Gemeinden";"32,25";"31,60";"30,67"
"05974048";"Welver";"Gemeinden";"77,61";"77,26";"77,12"
"05974052";"Werl, Stadt";"Gemeinden";"70,23";"69,64";"69,22"
"05974056";"Wickede (Ruhr)";"Gemeinden";"53,29";"53,37";"52,89"
"05978004";"Bergkamen, Stadt";"Gemeinden";"32,94";"32,32";"32,18"
"05978008";"Bönen";"Gemeinden";"62,59";"61,33";"60,54"
"05978012";"Fröndenberg/Ruhr, Stadt";"Gemeinden";"61,20";"61,04";"61,07"
"05978016";"Holzwickede";"Gemeinden";"42,35";"41,99";"41,10"
"05978020";"Kamen, Stadt";"Gemeinden";"47,45";"47,40";"47,23"
"05978024";"Lünen, Stadt";"Gemeinden";"34,60";"31,37";"31,22"
"05978028";"Schwerte, Hansestadt an der Ruhr";"Gemeinden";"36,55";"35,94";"35,48"
"05978032";"Selm, Stadt";"Gemeinden";"61,91";"59,48";"59,18"
"05978036";"Unna, Stadt";"Gemeinden";"63,02";"61,05";"60,73"
"05978040";"Werne, Stadt";"Gemeinden";"59,76";"57,50";"57,13"
"06411000";"Darmstadt, Wissenschaftsstadt";"Gemeinden";"19,13";"19,10";"18,54"
"06412000";"Frankfurt am Main, Stadt";"Gemeinden";"24,02";"23,90";"23,70"
"06413000";"Offenbach am Main, Stadt";"Gemeinden";"14,13";"14,06";"14,06"
"06414000";"Wiesbaden, Landeshauptstadt";"Gemeinden";"29,56";"29,08";"28,98"
"06431001";"Abtsteinach";"Gemeinden";"41,20";"40,65";"40,65"
"06431002";"Bensheim, Stadt";"Gemeinden";"43,14";"42,80";"42,04"
"06431003";"Biblis";"Gemeinden";"62,46";"60,32";"59,70"
"06431004";"Birkenau";"Gemeinden";"49,76";"49,63";"49,55"
"06431005";"Bürstadt, Stadt";"Gemeinden";"51,04";"50,49";"50,06"
"06431006";"Einhausen";"Gemeinden";"29,43";"29,10";"28,91"
"06431007";"Fürth";"Gemeinden";"49,21";"49,10";"49,00"
"06431008";"Gorxheimertal";"Gemeinden";"35,98";"35,98";"35,98"
"06431009";"Grasellenbach";"Gemeinden";"36,23";"36,10";"35,97"
"06431010";"Groß-Rohrheim";"Gemeinden";"64,98";"63,55";"63,55"
"06431011";"Heppenheim (Bergstraße), Kreisstadt";"Gemeinden";"44,70";"44,46";"44,24"
"06431012";"Hirschhorn (Neckar), Stadt";"Gemeinden";"9,34";"7,71";"7,68"
"06431013";"Lampertheim, Stadt";"Gemeinden";"47,54";"47,49";"46,56"
"06431014";"Lautertal (Odenwald)";"Gemeinden";"50,24";"48,78";"48,72"
"06431015";"Lindenfels, Stadt";"Gemeinden";"46,23";"45,57";"45,47"
"06431016";"Lorsch, Karolingerstadt";"Gemeinden";"36,37";"36,09";"36,05"
"06431017";"Mörlenbach";"Gemeinden";"51,58";"51,47";"51,47"
"06431018";"Neckarsteinach, Stadt";"Gemeinden";"14,15";"12,65";"12,53"
"06431019";"Rimbach";"Gemeinden";"53,97";"53,89";"53,80"
"06431020";"Viernheim, Stadt";"Gemeinden";"20,62";"19,25";"19,25"
"06431021";"Wald-Michelbach";"Gemeinden";"24,10";"24,02";"24,01"
"06431022";"Zwingenberg, Stadt";"Gemeinden";"54,95";"54,95";"54,59"
"06431200";"Michelbuch, gemfr. Gebiet";"Gemeinden";"0,41";"0,41";"0,41"
"06432001";"Alsbach-Hähnlein";"Gemeinden";"55,55";"55,29";"55,29"
"06432002";"Babenhausen, Stadt";"Gemeinden";"33,72";"32,82";"32,63"
"06432003";"Bickenbach";"Gemeinden";"49,03";"48,81";"48,81"
"06432004";"Dieburg, Stadt";"Gemeinden";"20,23";"20,15";"19,71"
"06432005";"Eppertshausen";"Gemeinden";"18,23";"18,23";"17,85"
"06432006";"Erzhausen";"Gemeinden";"45,27";"45,27";"44,32"
"06432007";"Fischbachtal";"Gemeinden";"39,49";"39,26";"39,19"
"06432008";"Griesheim, Stadt";"Gemeinden";"46,31";"46,08";"45,99"
"06432009";"Groß-Bieberau, Stadt";"Gemeinden";"48,82";"48,77";"48,60"
"06432010";"Groß-Umstadt, Stadt";"Gemeinden";"49,64";"49,56";"49,59"
"06432011";"Groß-Zimmern";"Gemeinden";"41,39";"40,64";"40,59"
"06432012";"Messel";"Gemeinden";"24,90";"24,76";"24,56"
"06432013";"Modautal";"Gemeinden";"49,58";"48,98";"49,07"
"06432014";"Mühltal";"Gemeinden";"33,86";"32,68";"32,64"
"06432015";"Münster (Hessen)";"Gemeinden";"34,60";"34,55";"34,36"
"06432016";"Ober-Ramstadt, Stadt";"Gemeinden";"41,09";"41,00";"41,05"
"06432017";"Otzberg";"Gemeinden";"63,69";"63,66";"63,02"
"06432018";"Pfungstadt, Stadt";"Gemeinden";"46,03";"45,96";"45,35"
"06432019";"Reinheim, Stadt";"Gemeinden";"70,65";"69,31";"66,28"
"06432020";"Roßdorf";"Gemeinden";"38,40";"37,72";"37,57"
"06432021";"Schaafheim";"Gemeinden";"50,40";"50,37";"50,19"
"06432022";"Seeheim-Jugenheim";"Gemeinden";"28,57";"28,32";"28,29"
"06432023";"Weiterstadt, Stadt";"Gemeinden";"47,67";"47,27";"47,06"
"06433001";"Biebesheim am Rhein";"Gemeinden";"62,21";"61,03";"60,97"
"06433002";"Bischofsheim";"Gemeinden";"38,43";"37,76";"37,76"
"06433003";"Büttelborn";"Gemeinden";"57,88";"55,61";"55,08"
"06433004";"Gernsheim, Schöfferstadt";"Gemeinden";"52,85";"52,46";"52,46"
"06433005";"Ginsheim-Gustavsburg, Stadt";"Gemeinden";"31,71";"31,49";"31,42"
"06433006";"Groß-Gerau, Stadt";"Gemeinden";"52,65";"52,51";"52,29"
"06433007";"Kelsterbach, Stadt";"Gemeinden";"15,44";"14,41";"14,41"
"06433008";"Mörfelden-Walldorf, Stadt";"Gemeinden";"20,42";"20,35";"20,30"
"06433009";"Nauheim";"Gemeinden";"34,86";"34,57";"34,20"
"06433010";"Raunheim, Stadt";"Gemeinden";"2,46";"2,46";"2,46"
"06433011";"Riedstadt, Büchnerstadt";"Gemeinden";"65,73";"65,09";"63,99"
"06433012";"Rüsselsheim am Main, Stadt";"Gemeinden";"19,37";"19,35";"18,96"
"06433013";"Stockstadt am Rhein";"Gemeinden";"53,82";"53,55";"53,44"
"06433014";"Trebur";"Gemeinden";"72,51";"72,15";"69,82"
"06434001";"Bad Homburg v. d. Höhe, Stadt";"Gemeinden";"26,87";"26,75";"26,67"
"06434002";"Friedrichsdorf, Stadt";"Gemeinden";"25,49";"24,79";"24,79"
"06434003";"Glashütten";"Gemeinden";"17,97";"17,90";"17,79"
"06434004";"Grävenwiesbach";"Gemeinden";"35,83";"35,76";"35,76"
"06434005";"Königstein im Taunus, Stadt";"Gemeinden";"11,38";"11,18";"11,18"
"06434006";"Kronberg im Taunus, Stadt";"Gemeinden";"26,91";"26,16";"26,21"
"06434007";"Neu-Anspach, Stadt";"Gemeinden";"34,75";"34,58";"34,55"
"06434008";"Oberursel (Taunus), Stadt";"Gemeinden";"29,07";"28,94";"28,87"
"06434009";"Schmitten im Taunus";"Gemeinden";"17,91";"17,88";"17,85"
"06434010";"Steinbach (Taunus), Stadt";"Gemeinden";"42,95";"41,59";"41,59"
"06434011";"Usingen, Stadt";"Gemeinden";"38,65";"38,56";"38,54"
"06434012";"Wehrheim";"Gemeinden";"40,09";"39,93";"39,93"
"06434013";"Weilrod";"Gemeinden";"28,85";"28,76";"28,82"
"06435001";"Bad Orb, Stadt";"Gemeinden";"20,86";"20,59";"19,52"
"06435002";"Bad Soden-Salmünster, Stadt";"Gemeinden";"44,07";"43,64";"43,64"
"06435003";"Biebergemünd";"Gemeinden";"21,94";"21,84";"19,60"
"06435004";"Birstein";"Gemeinden";"55,37";"55,22";"55,28"
"06435005";"Brachttal";"Gemeinden";"53,79";"53,50";"53,15"
"06435006";"Bruchköbel, Stadt";"Gemeinden";"57,46";"57,19";"56,49"
"06435007";"Erlensee, Stadt";"Gemeinden";"46,93";"45,59";"44,51"
"06435008";"Flörsbachtal";"Gemeinden";"19,77";"19,77";"19,65"
"06435009";"Freigericht";"Gemeinden";"34,24";"34,12";"33,88"
"06435010";"Gelnhausen, Barbarossastadt, Kreisstadt";"Gemeinden";"26,05";"23,92";"23,50"
"06435011";"Großkrotzenburg";"Gemeinden";"26,10";"25,97";"25,03"
"06435012";"Gründau";"Gemeinden";"33,88";"34,04";"33,70"
"06435013";"Hammersbach";"Gemeinden";"56,85";"56,95";"56,41"
"06435014";"Hanau, Brüder-Grimm-Stadt";"Gemeinden";"17,12";"16,78";"16,28"
"06435015";"Hasselroth";"Gemeinden";"50,18";"50,18";"50,18"
"06435016";"Jossgrund";"Gemeinden";"35,65";"35,67";"35,63"
"06435017";"Langenselbold, Stadt";"Gemeinden";"51,66";"50,93";"50,55"
"06435018";"Linsengericht";"Gemeinden";"37,01";"36,64";"35,91"
"06435019";"Maintal, Stadt";"Gemeinden";"45,14";"44,86";"44,40"
"06435020";"Neuberg";"Gemeinden";"61,14";"60,47";"60,09"
"06435021";"Nidderau, Stadt";"Gemeinden";"59,51";"59,11";"58,59"
"06435022";"Niederdorfelden";"Gemeinden";"71,93";"70,40";"70,09"
"06435023";"Rodenbach";"Gemeinden";"19,59";"18,64";"18,46"
"06435024";"Ronneburg";"Gemeinden";"66,11";"66,04";"65,89"
"06435025";"Schlüchtern, Stadt";"Gemeinden";"50,76";"50,59";"50,04"
"06435026";"Schöneck";"Gemeinden";"65,67";"64,60";"63,21"
"06435027";"Sinntal";"Gemeinden";"43,66";"43,43";"42,21"
"06435028";"Steinau an der Straße, Brüder-Grimm-Stadt";"Gemeinden";"54,79";"52,76";"52,74"
"06435029";"Wächtersbach, Stadt";"Gemeinden";"35,50";"34,59";"34,18"
"06435200";"Gutsbezirk Spessart, gemfr. Gebiet";"Gemeinden";"1,87";"1,87";"1,88"
"06436001";"Bad Soden am Taunus, Stadt";"Gemeinden";"37,52";"37,44";"37,44"
"06436002";"Eppstein, Stadt";"Gemeinden";"27,78";"27,74";"27,66"
"06436003";"Eschborn, Stadt";"Gemeinden";"49,79";"49,55";"49,55"
"06436004";"Flörsheim am Main, Stadt";"Gemeinden";"55,07";"54,85";"54,68"
"06436005";"Hattersheim am Main, Stadt";"Gemeinden";"50,13";"48,92";"48,73"
"06436006";"Hochheim am Main, Stadt";"Gemeinden";"58,19";"57,73";"57,52"
"06436007";"Hofheim am Taunus, Kreisstadt";"Gemeinden";"33,24";"33,00";"32,96"
"06436008";"Kelkheim (Taunus), Stadt";"Gemeinden";"30,88";"30,82";"30,36"
"06436009";"Kriftel";"Gemeinden";"52,37";"52,07";"51,92"
"06436010";"Liederbach am Taunus";"Gemeinden";"62,26";"61,61";"61,61"
"06436011";"Schwalbach am Taunus, Stadt";"Gemeinden";"32,15";"32,15";"32,15"
"06436012";"Sulzbach (Taunus)";"Gemeinden";"54,27";"52,74";"52,23"
"06437001";"Bad König, Stadt";"Gemeinden";"41,04";"40,55";"40,59"
"06437003";"Brensbach";"Gemeinden";"52,50";"52,42";"52,46"
"06437004";"Breuberg, Stadt";"Gemeinden";"21,46";"21,36";"21,36"
"06437005";"Brombachtal";"Gemeinden";"53,77";"53,52";"52,40"
"06437006";"Erbach, Kreisstadt";"Gemeinden";"27,75";"27,24";"27,23"
"06437007";"Fränkisch-Crumbach";"Gemeinden";"56,58";"56,02";"56,14"
"06437009";"Höchst i. Odw.";"Gemeinden";"29,14";"29,17";"29,20"
"06437010";"Lützelbach";"Gemeinden";"32,99";"32,84";"32,84"
"06437011";"Michelstadt, Stadt";"Gemeinden";"27,95";"27,40";"27,36"
"06437012";"Mossautal";"Gemeinden";"27,88";"27,68";"27,68"
"06437013";"Reichelsheim (Odenwald)";"Gemeinden";"54,97";"53,96";"53,98"
"06437016";"Oberzent, Stadt";"Gemeinden";"21,42";"20,85";"20,84"
"06438001";"Dietzenbach, Kreisstadt";"Gemeinden";"22,65";"22,46";"22,37"
"06438002";"Dreieich, Stadt";"Gemeinden";"25,38";"25,38";"25,21"
"06438003";"Egelsbach";"Gemeinden";"30,52";"30,25";"30,25"
"06438004";"Hainburg";"Gemeinden";"28,23";"28,23";"28,17"
"06438005";"Heusenstamm, Stadt";"Gemeinden";"12,56";"11,72";"11,72"
"06438006";"Langen (Hessen), Stadt";"Gemeinden";"15,93";"15,01";"15,01"
"06438007";"Mainhausen";"Gemeinden";"15,40";"15,51";"15,40"
"06438008";"Mühlheim am Main, Stadt";"Gemeinden";"21,19";"21,04";"21,04"
"06438009";"Neu-Isenburg, Stadt";"Gemeinden";"5,23";"5,06";"5,06"
"06438010";"Obertshausen, Stadt";"Gemeinden";"17,03";"17,11";"17,11"
"06438011";"Rodgau, Stadt";"Gemeinden";"31,52";"30,98";"30,54"
"06438012";"Rödermark, Stadt";"Gemeinden";"32,08";"32,01";"31,68"
"06438013";"Seligenstadt, Einhardstadt";"Gemeinden";"28,07";"28,04";"28,01"
"06439001";"Aarbergen";"Gemeinden";"40,68";"40,65";"40,65"
"06439002";"Bad Schwalbach, Kreisstadt";"Gemeinden";"23,64";"23,59";"23,62"
"06439003";"Eltville am Rhein, Stadt";"Gemeinden";"32,86";"32,84";"32,84"
"06439004";"Geisenheim, Hochschulstadt";"Gemeinden";"19,24";"19,09";"19,01"
"06439005";"Heidenrod";"Gemeinden";"29,31";"29,28";"29,26"
"06439006";"Hohenstein";"Gemeinden";"37,19";"37,25";"37,27"
"06439007";"Hünstetten";"Gemeinden";"43,71";"43,52";"43,53"
"06439008";"Idstein, Hochschulstadt";"Gemeinden";"36,33";"35,01";"35,09"
"06439009";"Kiedrich";"Gemeinden";"35,98";"35,90";"35,90"
"06439010";"Lorch, Stadt";"Gemeinden";"18,15";"15,74";"15,29"
"06439011";"Niedernhausen";"Gemeinden";"22,56";"22,36";"22,39"
"06439012";"Oestrich-Winkel, Stadt";"Gemeinden";"19,95";"19,88";"19,86"
"06439013";"Rüdesheim am Rhein, Stadt";"Gemeinden";"19,70";"19,67";"19,67"
"06439014";"Schlangenbad";"Gemeinden";"24,40";"24,40";"24,46"
"06439015";"Taunusstein, Stadt";"Gemeinden";"27,47";"27,44";"27,47"
"06439016";"Waldems";"Gemeinden";"31,98";"31,90";"32,01"
"06439017";"Walluf";"Gemeinden";"42,81";"42,07";"41,69"
"06440001";"Altenstadt";"Gemeinden";"59,69";"59,29";"57,53"
"06440002";"Bad Nauheim, Stadt";"Gemeinden";"54,92";"54,12";"53,35"
"06440003";"Bad Vilbel, Stadt";"Gemeinden";"52,10";"51,25";"50,35"
"06440004";"Büdingen, Stadt";"Gemeinden";"41,98";"41,80";"41,79"
"06440005";"Butzbach, Friedrich-Ludwig-Weidig-Stadt";"Gemeinden";"43,27";"43,19";"42,93"
"06440006";"Echzell";"Gemeinden";"54,18";"54,16";"54,05"
"06440007";"Florstadt, Stadt";"Gemeinden";"58,36";"58,01";"57,85"
"06440008";"Friedberg (Hessen), Kreisstadt";"Gemeinden";"56,24";"56,02";"55,38"
"06440009";"Gedern, Stadt";"Gemeinden";"45,04";"44,86";"44,35"
"06440010";"Glauburg";"Gemeinden";"60,06";"59,51";"58,88"
"06440011";"Hirzenhain";"Gemeinden";"28,00";"27,87";"27,93"
"06440012";"Karben, Stadt";"Gemeinden";"71,42";"70,76";"70,51"
"06440013";"Kefenrod";"Gemeinden";"63,32";"63,22";"63,32"
"06440014";"Limeshain";"Gemeinden";"46,96";"46,80";"46,88"
"06440015";"Münzenberg, Stadt";"Gemeinden";"68,42";"68,32";"66,90"
"06440016";"Nidda, Stadt";"Gemeinden";"51,91";"51,77";"51,15"
"06440017";"Niddatal, Stadt";"Gemeinden";"67,60";"67,53";"67,43"
"06440018";"Ober-Mörlen";"Gemeinden";"40,74";"40,72";"40,32"
"06440019";"Ortenberg, Stadt";"Gemeinden";"45,01";"44,86";"44,55"
"06440020";"Ranstadt";"Gemeinden";"52,25";"52,16";"51,63"
"06440021";"Reichelsheim (Wetterau), Stadt";"Gemeinden";"74,64";"74,09";"74,09"
"06440022";"Rockenberg";"Gemeinden";"60,10";"60,10";"59,79"
"06440023";"Rosbach v. d. Höhe, Stadt";"Gemeinden";"47,32";"47,05";"46,68"
"06440024";"Wölfersheim";"Gemeinden";"72,67";"72,47";"72,00"
"06440025";"Wöllstadt";"Gemeinden";"80,88";"79,65";"77,24"
"06531001";"Allendorf (Lumda), Stadt";"Gemeinden";"47,30";"47,30";"46,17"
"06531002";"Biebertal";"Gemeinden";"37,21";"37,14";"37,14"
"06531003";"Buseck";"Gemeinden";"49,99";"49,75";"49,60"
"06531004";"Fernwald";"Gemeinden";"40,52";"40,52";"40,24"
"06531005";"Gießen, Universitätsstadt";"Gemeinden";"29,99";"30,30";"29,51"
"06531006";"Grünberg, Stadt";"Gemeinden";"53,73";"53,65";"53,56"
"06531007";"Heuchelheim a. d. Lahn";"Gemeinden";"50,38";"50,28";"50,76"
"06531008";"Hungen, Stadt";"Gemeinden";"55,53";"55,28";"55,28"
"06531009";"Langgöns";"Gemeinden";"42,72";"42,57";"42,39"
"06531010";"Laubach, Stadt";"Gemeinden";"35,82";"35,75";"35,92"
"06531011";"Lich, Stadt";"Gemeinden";"50,10";"49,62";"49,61"
"06531012";"Linden, Stadt";"Gemeinden";"42,86";"42,86";"43,13"
"06531013";"Lollar, Stadt";"Gemeinden";"38,76";"38,57";"38,57"
"06531014";"Pohlheim, Stadt";"Gemeinden";"61,55";"61,50";"61,37"
"06531015";"Rabenau";"Gemeinden";"48,25";"47,53";"46,91"
"06531016";"Reiskirchen";"Gemeinden";"48,48";"48,37";"48,43"
"06531017";"Staufenberg, Stadt";"Gemeinden";"43,95";"43,63";"43,42"
"06531018";"Wettenberg";"Gemeinden";"24,21";"24,21";"24,07"
"06532001";"Aßlar, Stadt";"Gemeinden";"33,00";"32,55";"31,35"
"06532002";"Bischoffen";"Gemeinden";"29,83";"29,77";"29,66"
"06532003";"Braunfels, Stadt";"Gemeinden";"26,29";"26,18";"25,97"
"06532004";"Breitscheid";"Gemeinden";"48,79";"48,72";"46,52"
"06532005";"Dietzhölztal";"Gemeinden";"21,35";"21,30";"20,63"
"06532006";"Dillenburg, Oranienstadt";"Gemeinden";"28,93";"28,57";"25,70"
"06532007";"Driedorf";"Gemeinden";"51,07";"50,93";"50,15"
"06532008";"Ehringshausen";"Gemeinden";"34,01";"33,48";"32,62"
"06532009";"Eschenburg";"Gemeinden";"32,59";"32,57";"32,09"
"06532010";"Greifenstein";"Gemeinden";"33,01";"32,98";"32,31"
"06532011";"Haiger, Stadt";"Gemeinden";"25,21";"24,14";"22,73"
"06532012";"Herborn, Stadt";"Gemeinden";"26,73";"26,54";"26,11"
"06532013";"Hohenahr";"Gemeinden";"43,54";"43,10";"42,55"
"06532014";"Hüttenberg";"Gemeinden";"52,85";"52,85";"53,04"
"06532015";"Lahnau";"Gemeinden";"43,27";"43,27";"42,82"
"06532016";"Leun, Stadt";"Gemeinden";"32,69";"32,48";"32,14"
"06532017";"Mittenaar";"Gemeinden";"27,89";"21,43";"19,66"
"06532018";"Schöffengrund";"Gemeinden";"52,07";"51,95";"51,80"
"06532019";"Siegbach";"Gemeinden";"35,96";"35,96";"31,07"
"06532020";"Sinn";"Gemeinden";"17,67";"17,57";"17,57"
"06532021";"Solms, Stadt";"Gemeinden";"32,39";"31,51";"30,89"
"06532022";"Waldsolms";"Gemeinden";"29,61";"29,50";"29,41"
"06532023";"Wetzlar, Stadt";"Gemeinden";"32,11";"31,61";"31,13"
"06533001";"Beselich";"Gemeinden";"52,54";"51,68";"51,24"
"06533002";"Brechen";"Gemeinden";"67,18";"66,85";"66,77"
"06533003";"Bad Camberg, Stadt";"Gemeinden";"37,20";"36,92";"36,89"
"06533004";"Dornburg";"Gemeinden";"49,10";"48,48";"47,85"
"06533005";"Elbtal";"Gemeinden";"58,24";"57,61";"57,34"
"06533006";"Elz";"Gemeinden";"29,48";"29,06";"29,06"
"06533007";"Hadamar, Stadt";"Gemeinden";"55,89";"55,45";"55,40"
"06533008";"Hünfelden";"Gemeinden";"61,37";"60,73";"60,62"
"06533009";"Limburg a. d. Lahn, Kreisstadt";"Gemeinden";"51,88";"51,15";"50,91"
"06533010";"Löhnberg";"Gemeinden";"35,64";"34,63";"34,63"
"06533011";"Mengerskirchen, Marktflecken";"Gemeinden";"38,32";"37,87";"38,06"
"06533012";"Merenberg, Marktflecken";"Gemeinden";"43,66";"43,09";"43,09"
"06533013";"Runkel, Stadt";"Gemeinden";"51,75";"51,66";"51,45"
"06533014";"Selters (Taunus)";"Gemeinden";"40,03";"40,00";"39,98"
"06533015";"Villmar, Marktflecken";"Gemeinden";"47,96";"47,96";"47,89"
"06533016";"Waldbrunn (Westerwald)";"Gemeinden";"47,16";"46,83";"46,93"
"06533017";"Weilburg, Stadt";"Gemeinden";"34,41";"34,31";"34,20"
"06533018";"Weilmünster, Marktflecken";"Gemeinden";"36,61";"36,57";"36,53"
"06533019";"Weinbach";"Gemeinden";"43,22";"42,50";"42,50"
"06534001";"Amöneburg, Stadt";"Gemeinden";"59,29";"59,20";"59,07"
"06534002";"Angelburg";"Gemeinden";"33,71";"33,77";"33,83"
"06534003";"Bad Endbach";"Gemeinden";"39,22";"39,02";"38,52"
"06534004";"Biedenkopf, Stadt";"Gemeinden";"18,86";"18,54";"18,49"
"06534005";"Breidenbach";"Gemeinden";"27,44";"27,48";"27,53"
"06534006";"Cölbe";"Gemeinden";"58,25";"57,53";"57,12"
"06534007";"Dautphetal";"Gemeinden";"35,63";"35,45";"35,45"
"06534008";"Ebsdorfergrund";"Gemeinden";"54,86";"54,37";"54,19"
"06534009";"Fronhausen";"Gemeinden";"51,20";"50,81";"50,66"
"06534010";"Gladenbach, Stadt";"Gemeinden";"42,53";"42,38";"42,40"
"06534011";"Kirchhain, Stadt";"Gemeinden";"57,69";"57,17";"56,75"
"06534012";"Lahntal";"Gemeinden";"49,11";"48,07";"47,95"
"06534013";"Lohra";"Gemeinden";"43,31";"43,21";"43,19"
"06534014";"Marburg, Universitätsstadt";"Gemeinden";"34,35";"34,15";"33,26"
"06534015";"Münchhausen";"Gemeinden";"65,62";"65,38";"64,64"
"06534016";"Neustadt (Hessen), Stadt";"Gemeinden";"49,37";"49,31";"49,16"
"06534017";"Rauschenberg, Stadt";"Gemeinden";"43,15";"43,02";"43,11"
"06534018";"Stadtallendorf, Stadt";"Gemeinden";"37,92";"37,56";"37,64"
"06534019";"Steffenberg";"Gemeinden";"38,64";"38,60";"38,68"
"06534020";"Weimar (Lahn)";"Gemeinden";"53,28";"53,11";"51,90"
"06534021";"Wetter (Hessen), Stadt";"Gemeinden";"41,43";"40,85";"40,59"
"06534022";"Wohratal";"Gemeinden";"49,82";"49,76";"49,69"
"06535001";"Alsfeld, Stadt";"Gemeinden";"52,22";"51,77";"51,65"
"06535002";"Antrifttal";"Gemeinden";"52,05";"52,09";"52,12"
"06535003";"Feldatal";"Gemeinden";"58,11";"57,91";"57,98"
"06535004";"Freiensteinau";"Gemeinden";"61,96";"61,85";"61,80"
"06535005";"Gemünden (Felda)";"Gemeinden";"44,50";"44,62";"44,60"
"06535006";"Grebenau, Stadt";"Gemeinden";"35,22";"35,18";"35,15"
"06535007";"Grebenhain";"Gemeinden";"53,06";"52,71";"52,69"
"06535008";"Herbstein, Stadt";"Gemeinden";"49,84";"49,30";"49,29"
"06535009";"Homberg (Ohm), Stadt";"Gemeinden";"53,83";"53,75";"53,66"
"06535010";"Kirtorf, Stadt";"Gemeinden";"48,35";"48,25";"48,07"
"06535011";"Lauterbach (Hessen), Kreisstadt";"Gemeinden";"49,89";"48,51";"48,34"
"06535012";"Lautertal (Vogelsberg)";"Gemeinden";"48,84";"48,54";"48,36"
"06535013";"Mücke";"Gemeinden";"55,19";"54,92";"54,86"
"06535014";"Romrod, Stadt";"Gemeinden";"45,42";"45,16";"45,18"
"06535015";"Schlitz, Stadt";"Gemeinden";"35,81";"35,27";"35,22"
"06535016";"Schotten, Stadt";"Gemeinden";"43,62";"43,28";"43,29"
"06535017";"Schwalmtal";"Gemeinden";"54,87";"53,61";"53,61"
"06535018";"Ulrichstein, Stadt";"Gemeinden";"58,24";"58,19";"58,18"
"06535019";"Wartenberg";"Gemeinden";"32,57";"32,42";"32,27"
"06611000";"Kassel, documenta-Stadt";"Gemeinden";"14,21";"13,75";"13,69"
"06631001";"Bad Salzschlirf";"Gemeinden";"27,64";"27,64";"27,57"
"06631002";"Burghaun, Marktgemeinde";"Gemeinden";"48,89";"48,85";"48,77"
"06631003";"Dipperz";"Gemeinden";"63,45";"62,85";"62,82"
"06631004";"Ebersburg";"Gemeinden";"57,22";"56,71";"56,36"
"06631005";"Ehrenberg (Rhön)";"Gemeinden";"58,15";"58,08";"57,76"
"06631006";"Eichenzell";"Gemeinden";"43,51";"43,15";"42,70"
"06631007";"Eiterfeld, Marktgemeinde";"Gemeinden";"59,08";"58,92";"58,57"
"06631008";"Flieden";"Gemeinden";"60,79";"59,70";"58,83"
"06631009";"Fulda, Stadt";"Gemeinden";"43,43";"42,91";"42,69"
"06631010";"Gersfeld (Rhön), Stadt";"Gemeinden";"38,45";"37,97";"37,87"
"06631011";"Großenlüder";"Gemeinden";"45,57";"44,85";"44,80"
"06631012";"Hilders, Marktgemeinde";"Gemeinden";"48,42";"48,09";"47,79"
"06631013";"Hofbieber";"Gemeinden";"49,59";"49,51";"49,31"
"06631014";"Hosenfeld";"Gemeinden";"46,50";"46,19";"45,71"
"06631015";"Hünfeld, Konrad-Zuse-Stadt";"Gemeinden";"42,08";"41,70";"41,33"
"06631016";"Kalbach";"Gemeinden";"45,08";"44,95";"44,84"
"06631017";"Künzell";"Gemeinden";"51,55";"51,32";"51,32"
"06631018";"Neuhof";"Gemeinden";"30,64";"30,13";"29,90"
"06631019";"Nüsttal";"Gemeinden";"52,12";"51,75";"50,93"
"06631020";"Petersberg";"Gemeinden";"59,42";"59,22";"59,11"
"06631021";"Poppenhausen (Wasserkuppe)";"Gemeinden";"58,60";"58,45";"58,43"
"06631022";"Rasdorf, Point-Alpha-Gemeinde";"Gemeinden";"60,31";"60,51";"60,11"
"06631023";"Tann (Rhön), Stadt";"Gemeinden";"55,30";"55,00";"54,77"
"06632001";"Alheim";"Gemeinden";"45,90";"45,55";"45,49"
"06632002";"Bad Hersfeld, Kreisstadt";"Gemeinden";"32,95";"32,71";"32,45"
"06632003";"Bebra, Stadt";"Gemeinden";"48,91";"47,91";"47,42"
"06632004";"Breitenbach a. Herzberg";"Gemeinden";"36,58";"36,55";"36,41"
"06632005";"Cornberg";"Gemeinden";"54,45";"54,45";"54,41"
"06632006";"Friedewald";"Gemeinden";"39,18";"38,70";"38,47"
"06632007";"Hauneck";"Gemeinden";"59,44";"59,32";"58,37"
"06632008";"Haunetal";"Gemeinden";"49,11";"49,04";"49,09"
"06632009";"Heringen (Werra), Stadt";"Gemeinden";"35,67";"35,59";"34,18"
"06632010";"Hohenroda";"Gemeinden";"58,41";"58,38";"58,37"
"06632011";"Kirchheim";"Gemeinden";"37,54";"37,34";"37,36"
"06632012";"Ludwigsau";"Gemeinden";"28,04";"27,99";"27,80"
"06632013";"Nentershausen";"Gemeinden";"34,57";"34,51";"34,37"
"06632014";"Neuenstein";"Gemeinden";"35,43";"35,37";"35,35"
"06632015";"Niederaula, Marktgemeinde";"Gemeinden";"45,12";"45,04";"44,61"
"06632016";"Philippsthal (Werra), Marktgemeinde";"Gemeinden";"45,57";"45,47";"45,00"
"06632017";"Ronshausen";"Gemeinden";"20,09";"20,01";"19,59"
"06632018";"Rotenburg a. d. Fulda, Stadt";"Gemeinden";"38,54";"38,45";"37,40"
"06632019";"Schenklengsfeld";"Gemeinden";"50,87";"50,71";"50,71"
"06632020";"Wildeck";"Gemeinden";"41,35";"41,17";"39,94"
"06633001";"Ahnatal";"Gemeinden";"54,19";"54,02";"54,02"
"06633002";"Bad Karlshafen, Stadt";"Gemeinden";"62,76";"62,29";"60,94"
"06633003";"Baunatal, Stadt";"Gemeinden";"35,62";"35,33";"35,20"
"06633004";"Breuna";"Gemeinden";"64,57";"64,35";"64,12"
"06633005";"Calden";"Gemeinden";"60,89";"58,89";"57,58"
"06633006";"Bad Emstal";"Gemeinden";"44,67";"44,23";"43,77"
"06633007";"Espenau";"Gemeinden";"70,51";"69,78";"69,49"
"06633008";"Fuldabrück";"Gemeinden";"49,78";"47,59";"47,26"
"06633009";"Fuldatal";"Gemeinden";"48,69";"48,47";"48,44"
"06633010";"Grebenstein, Stadt";"Gemeinden";"77,07";"75,58";"74,98"
"06633011";"Habichtswald";"Gemeinden";"49,59";"49,38";"48,92"
"06633012";"Helsa";"Gemeinden";"25,54";"25,23";"25,08"
"06633013";"Hofgeismar, Stadt";"Gemeinden";"62,86";"62,58";"61,60"
"06633014";"Immenhausen, Stadt";"Gemeinden";"74,53";"73,90";"73,20"
"06633015";"Kaufungen";"Gemeinden";"39,16";"38,78";"38,74"
"06633016";"Liebenau, Stadt";"Gemeinden";"61,89";"61,93";"59,80"
"06633017";"Lohfelden";"Gemeinden";"51,75";"50,36";"50,36"
"06633018";"Naumburg, Stadt";"Gemeinden";"48,87";"48,66";"48,05"
"06633019";"Nieste";"Gemeinden";"48,77";"47,78";"47,54"
"06633020";"Niestetal";"Gemeinden";"42,89";"42,55";"42,42"
"06633022";"Reinhardshagen";"Gemeinden";"64,97";"63,90";"60,35"
"06633023";"Schauenburg";"Gemeinden";"58,76";"58,21";"57,24"
"06633024";"Söhrewald";"Gemeinden";"14,18";"14,13";"14,13"
"06633025";"Trendelburg, Stadt";"Gemeinden";"71,02";"70,79";"69,89"
"06633026";"Vellmar, Stadt";"Gemeinden";"41,73";"41,09";"40,09"
"06633028";"Wolfhagen, Hans-Staden-Stadt";"Gemeinden";"51,96";"51,24";"50,73"
"06633029";"Zierenberg, Stadt";"Gemeinden";"38,71";"38,51";"37,18"
"06633030";"Wesertal";"Gemeinden";"45,00";"44,62";"44,62"
"06633200";"Gutsbezirk Reinhardswald, gemfr. Gebiet";"Gemeinden";"0,78";"0,70";"0,94"
"06634001";"Borken (Hessen), Stadt";"Gemeinden";"55,14";"54,55";"54,01"
"06634002";"Edermünde";"Gemeinden";"60,39";"59,23";"59,23"
"06634003";"Felsberg, Stadt";"Gemeinden";"54,54";"54,25";"53,67"
"06634004";"Frielendorf, Marktflecken";"Gemeinden";"52,36";"52,26";"52,24"
"06634005";"Fritzlar, Dom- und Kaiserstadt";"Gemeinden";"51,39";"50,76";"50,43"
"06634006";"Gilserberg";"Gemeinden";"43,87";"43,87";"43,88"
"06634007";"Gudensberg, Stadt";"Gemeinden";"65,76";"65,20";"65,24"
"06634008";"Guxhagen";"Gemeinden";"50,02";"49,83";"49,79"
"06634009";"Homberg (Efze), Reformationsstadt, Kreisstadt";"Gemeinden";"56,42";"55,95";"55,85"
"06634010";"Jesberg";"Gemeinden";"38,08";"38,04";"38,04"
"06634011";"Knüllwald";"Gemeinden";"29,59";"29,31";"29,29"
"06634012";"Körle";"Gemeinden";"44,60";"44,37";"44,37"
"06634013";"Malsfeld";"Gemeinden";"59,47";"58,00";"57,65"
"06634014";"Melsungen, Stadt";"Gemeinden";"27,17";"27,04";"26,83"
"06634015";"Morschen";"Gemeinden";"36,98";"34,37";"34,02"
"06634016";"Neuental";"Gemeinden";"64,88";"64,88";"63,56"
"06634017";"Neukirchen, Stadt";"Gemeinden";"43,67";"43,62";"43,61"
"06634018";"Niedenstein, Stadt";"Gemeinden";"63,77";"63,51";"63,48"
"06634019";"Oberaula";"Gemeinden";"39,49";"39,49";"39,45"
"06634020";"Ottrau";"Gemeinden";"43,77";"43,69";"43,79"
"06634021";"Schrecksbach";"Gemeinden";"60,69";"60,37";"60,34"
"06634022";"Schwalmstadt, Konfirmationsstadt";"Gemeinden";"53,26";"52,67";"52,57"
"06634023";"Schwarzenborn, Stadt";"Gemeinden";"30,82";"30,59";"30,56"
"06634024";"Spangenberg, Liebenbachstadt";"Gemeinden";"34,82";"34,49";"34,53"
"06634025";"Wabern";"Gemeinden";"69,93";"67,98";"67,59"
"06634026";"Willingshausen";"Gemeinden";"64,17";"64,08";"64,12"
"06634027";"Bad Zwesten";"Gemeinden";"37,97";"37,95";"38,10"
"06635001";"Allendorf (Eder)";"Gemeinden";"29,87";"29,71";"29,09"
"06635002";"Bad Arolsen, Stadt";"Gemeinden";"38,07";"37,40";"37,39"
"06635003";"Bad Wildungen, Stadt";"Gemeinden";"34,12";"34,00";"34,07"
"06635004";"Battenberg (Eder), Stadt";"Gemeinden";"29,86";"29,84";"29,73"
"06635006";"Burgwald";"Gemeinden";"38,21";"37,55";"36,92"
"06635007";"Diemelsee";"Gemeinden";"59,77";"59,65";"59,30"
"06635008";"Diemelstadt, Stadt";"Gemeinden";"52,09";"51,86";"50,75"
"06635009";"Edertal, Nationalparkgemeinde";"Gemeinden";"35,22";"34,86";"34,83"
"06635010";"Frankenau, Nationalparkstadt";"Gemeinden";"39,43";"39,24";"38,75"
"06635011";"Frankenberg (Eder), Philipp-Soldan-Stadt";"Gemeinden";"43,64";"42,48";"41,69"
"06635012";"Gemünden (Wohra), Stadt";"Gemeinden";"44,74";"44,62";"43,67"
"06635013";"Haina (Kloster)";"Gemeinden";"29,15";"29,05";"28,79"
"06635014";"Hatzfeld (Eder), Stadt";"Gemeinden";"22,25";"21,81";"21,96"
"06635015";"Korbach, Hansestadt, Kreisstadt";"Gemeinden";"53,87";"53,65";"53,37"
"06635016";"Lichtenfels, Stadt";"Gemeinden";"52,55";"51,63";"51,63"
"06635017";"Rosenthal, Stadt";"Gemeinden";"26,09";"26,03";"25,92"
"06635018";"Twistetal";"Gemeinden";"55,97";"55,74";"55,59"
"06635019";"Vöhl, Nationalparkgemeinde";"Gemeinden";"37,25";"36,73";"36,12"
"06635020";"Volkmarsen, Stadt";"Gemeinden";"57,17";"56,77";"56,60"
"06635021";"Waldeck, Nationalparkstadt";"Gemeinden";"47,42";"46,69";"46,46"
"06635022";"Willingen (Upland)";"Gemeinden";"35,63";"35,41";"35,02"
"06636001";"Bad Sooden-Allendorf, Stadt";"Gemeinden";"35,38";"35,09";"35,08"
"06636002";"Berkatal";"Gemeinden";"60,65";"60,55";"60,55"
"06636003";"Eschwege, Kreisstadt";"Gemeinden";"46,93";"46,85";"46,79"
"06636004";"Großalmerode, Stadt";"Gemeinden";"44,21";"44,16";"44,13"
"06636005";"Herleshausen";"Gemeinden";"51,31";"51,43";"51,43"
"06636006";"Hessisch Lichtenau, Stadt";"Gemeinden";"38,62";"38,46";"38,00"
"06636007";"Meinhard";"Gemeinden";"37,63";"37,63";"37,48"
"06636008";"Meißner";"Gemeinden";"53,14";"53,11";"53,09"
"06636009";"Neu-Eichenberg";"Gemeinden";"56,11";"56,07";"55,24"
"06636010";"Ringgau";"Gemeinden";"55,03";"54,29";"54,27"
"06636011";"Sontra, Stadt";"Gemeinden";"51,23";"51,13";"51,15"
"06636012";"Waldkappel, Stadt";"Gemeinden";"41,31";"41,01";"40,71"
"06636013";"Wanfried, Stadt";"Gemeinden";"38,84";"38,82";"38,63"
"06636014";"Wehretal";"Gemeinden";"43,93";"43,78";"43,75"
"06636015";"Weißenborn";"Gemeinden";"44,92";"44,86";"44,86"
"06636016";"Witzenhausen, Stadt";"Gemeinden";"42,81";"42,70";"42,64"
"06636200";"Gutsbezirk Kaufunger Wald, gemfr. Gebiet";"Gemeinden";"0,20";"0,20";"0,20"
"07111000";"Koblenz, Stadt";"Gemeinden";"23,12";"22,77";"22,53"
"07131001";"Adenau, Stadt";"Gemeinden";"11,48";"11,15";"11,10"
"07131002";"Ahrbrück";"Gemeinden";"9,68";"9,13";"8,89"
"07131003";"Altenahr";"Gemeinden";"12,47";"11,87";"11,87"
"07131004";"Antweiler";"Gemeinden";"28,48";"28,48";"28,25"
"07131005";"Aremberg";"Gemeinden";"26,22";"26,43";"26,33"
"07131006";"Bad Breisig, Stadt";"Gemeinden";"24,49";"24,54";"23,63"
"07131007";"Bad Neuenahr-Ahrweiler, Stadt";"Gemeinden";"20,62";"20,37";"20,20"
"07131008";"Barweiler";"Gemeinden";"37,09";"36,38";"36,38"
"07131009";"Bauler";"Gemeinden";"57,94";"57,94";"57,94"
"07131011";"Berg";"Gemeinden";"29,60";"29,23";"29,29"
"07131014";"Brohl-Lützing";"Gemeinden";"21,48";"21,69";"21,26"
"07131015";"Dankerath";"Gemeinden";"33,74";"33,44";"33,44"
"07131016";"Dedenbach";"Gemeinden";"44,18";"44,18";"43,92"
"07131017";"Dernau";"Gemeinden";"23,47";"21,72";"21,72"
"07131018";"Dorsel";"Gemeinden";"39,58";"40,14";"40,14"
"07131021";"Eichenbach";"Gemeinden";"15,74";"15,74";"15,54"
"07131022";"Fuchshofen";"Gemeinden";"27,46";"27,46";"27,11"
"07131025";"Gönnersdorf";"Gemeinden";"41,27";"41,27";"40,48"
"07131026";"Harscheid";"Gemeinden";"51,12";"50,80";"51,44"
"07131027";"Heckenbach";"Gemeinden";"21,95";"21,95";"22,02"
"07131028";"Herschbroich";"Gemeinden";"20,63";"20,77";"20,77"
"07131029";"Hönningen";"Gemeinden";"15,57";"15,27";"14,67"
"07131030";"Hoffeld";"Gemeinden";"50,49";"50,10";"50,10"
"07131032";"Honerath";"Gemeinden";"42,79";"41,79";"41,79"
"07131033";"Hümmel";"Gemeinden";"40,09";"39,84";"39,71"
"07131034";"Insul";"Gemeinden";"34,60";"34,13";"33,73"
"07131036";"Kalenborn";"Gemeinden";"23,61";"24,31";"24,07"
"07131037";"Kaltenborn";"Gemeinden";"19,16";"19,16";"18,96"
"07131039";"Kesseling";"Gemeinden";"9,38";"9,44";"9,73"
"07131040";"Kirchsahr";"Gemeinden";"24,43";"24,10";"24,26"
"07131041";"Königsfeld";"Gemeinden";"41,25";"40,69";"40,42"
"07131042";"Kottenborn";"Gemeinden";"43,12";"43,12";"43,12"
"07131044";"Leimbach";"Gemeinden";"8,31";"8,06";"7,99"
"07131047";"Lind";"Gemeinden";"24,68";"24,33";"24,09"
"07131049";"Mayschoß";"Gemeinden";"23,80";"22,20";"22,20"
"07131050";"Meuspath";"Gemeinden";"53,59";"52,61";"52,29"
"07131051";"Müllenbach";"Gemeinden";"34,66";"33,79";"33,67"
"07131052";"Müsch";"Gemeinden";"23,62";"23,62";"23,62"
"07131054";"Niederdürenbach";"Gemeinden";"46,63";"46,33";"45,75"
"07131055";"Niederzissen";"Gemeinden";"44,85";"44,35";"42,85"
"07131058";"Nürburg";"Gemeinden";"14,60";"14,88";"14,88"
"07131059";"Oberdürenbach";"Gemeinden";"36,89";"36,74";"36,60"
"07131060";"Oberzissen";"Gemeinden";"53,48";"53,11";"52,01"
"07131062";"Ohlenhard";"Gemeinden";"38,92";"38,92";"38,72"
"07131065";"Pomster";"Gemeinden";"33,56";"33,73";"33,56"
"07131066";"Quiddelbach";"Gemeinden";"31,83";"28,44";"27,99"
"07131068";"Rech";"Gemeinden";"11,65";"10,81";"11,02"
"07131069";"Reifferscheid";"Gemeinden";"27,18";"26,83";"26,76"
"07131070";"Remagen, Stadt";"Gemeinden";"20,78";"20,51";"19,84"
"07131072";"Rodder";"Gemeinden";"38,09";"37,46";"37,46"
"07131073";"Schalkenbach";"Gemeinden";"31,38";"31,58";"30,99"
"07131074";"Schuld";"Gemeinden";"21,08";"20,07";"20,07"
"07131075";"Senscheid";"Gemeinden";"37,47";"37,47";"37,47"
"07131076";"Sierscheid";"Gemeinden";"42,13";"42,13";"41,70"
"07131077";"Sinzig, Stadt";"Gemeinden";"33,21";"33,07";"32,43"
"07131079";"Trierscheid";"Gemeinden";"42,58";"42,34";"42,34"
"07131081";"Waldorf";"Gemeinden";"40,81";"40,94";"40,55"
"07131082";"Wershofen";"Gemeinden";"35,03";"34,96";"34,75"
"07131083";"Wiesemscheid";"Gemeinden";"41,25";"40,89";"40,89"
"07131084";"Wimbach";"Gemeinden";"31,29";"30,41";"30,41"
"07131085";"Winnerath";"Gemeinden";"49,25";"49,55";"49,55"
"07131086";"Wirft";"Gemeinden";"43,38";"41,85";"41,85"
"07131090";"Grafschaft";"Gemeinden";"61,96";"61,86";"62,05"
"07131201";"Brenk";"Gemeinden";"54,69";"54,69";"54,37"
"07131202";"Burgbrohl";"Gemeinden";"52,40";"52,59";"51,93"
"07131204";"Galenberg";"Gemeinden";"39,04";"38,60";"38,16"
"07131205";"Glees";"Gemeinden";"34,85";"34,93";"34,50"
"07131206";"Hohenleimbach";"Gemeinden";"39,04";"38,84";"38,64"
"07131208";"Spessart";"Gemeinden";"52,98";"52,41";"51,95"
"07131209";"Wassenach";"Gemeinden";"54,94";"54,94";"53,81"
"07131210";"Wehr";"Gemeinden";"52,11";"52,01";"51,61"
"07131211";"Weibern";"Gemeinden";"54,36";"53,98";"53,41"
"07131501";"Dümpelfeld";"Gemeinden";"12,48";"12,31";"12,14"
"07131502";"Kempenich";"Gemeinden";"45,55";"45,47";"44,97"
"07132001";"Almersbach";"Gemeinden";"26,23";"26,23";"26,23"
"07132002";"Alsdorf";"Gemeinden";"4,05";"4,05";"4,05"
"07132004";"Bachenberg";"Gemeinden";"59,88";"59,88";"59,28"
"07132005";"Berzhausen";"Gemeinden";"51,90";"51,48";"51,48"
"07132006";"Betzdorf, Stadt";"Gemeinden";"9,41";"9,21";"9,21"
"07132007";"Birkenbeul";"Gemeinden";"54,41";"54,20";"54,20"
"07132008";"Birken-Honigsessen";"Gemeinden";"27,51";"26,90";"26,74"
"07132009";"Birnbach";"Gemeinden";"50,80";"50,16";"50,16"
"07132010";"Bitzen";"Gemeinden";"32,17";"33,48";"32,61"
"07132011";"Mittelhof";"Gemeinden";"39,44";"39,98";"39,80"
"07132012";"Brachbach";"Gemeinden";"7,70";"8,02";"8,02"
"07132013";"Breitscheidt";"Gemeinden";"38,80";"37,43";"37,43"
"07132014";"Bruchertseifen";"Gemeinden";"39,79";"40,48";"40,14"
"07132015";"Bürdenbach";"Gemeinden";"26,06";"25,70";"25,00"
"07132016";"Burglahr";"Gemeinden";"25,61";"25,95";"25,61"
"07132017";"Busenhausen";"Gemeinden";"58,28";"57,95";"57,95"
"07132018";"Daaden, Stadt";"Gemeinden";"9,86";"10,16";"10,21"
"07132019";"Derschen";"Gemeinden";"43,10";"40,00";"40,85"
"07132020";"Dickendorf";"Gemeinden";"17,93";"15,86";"16,55"
"07132022";"Eichelhardt";"Gemeinden";"52,11";"52,46";"52,11"
"07132023";"Eichen";"Gemeinden";"53,86";"53,86";"53,63"
"07132024";"Elben";"Gemeinden";"28,15";"28,57";"25,21"
"07132025";"Elkenroth";"Gemeinden";"33,74";"35,83";"35,71"
"07132026";"Emmerzhausen";"Gemeinden";"22,21";"22,63";"22,91"
"07132027";"Ersfeld";"Gemeinden";"77,86";"78,57";"77,86"
"07132028";"Etzbach";"Gemeinden";"35,53";"36,51";"35,86"
"07132029";"Eulenberg";"Gemeinden";"23,08";"23,08";"22,22"
"07132030";"Fensdorf";"Gemeinden";"38,71";"37,79";"38,25"
"07132031";"Fiersbach";"Gemeinden";"45,87";"45,87";"45,54"
"07132032";"Flammersfeld";"Gemeinden";"54,68";"53,45";"53,45"
"07132033";"Fluterschen";"Gemeinden";"42,73";"41,25";"42,49"
"07132034";"Forst";"Gemeinden";"36,56";"36,56";"36,56"
"07132035";"Forstmehren";"Gemeinden";"77,02";"77,02";"76,40"
"07132036";"Friedewald";"Gemeinden";"45,92";"45,49";"45,49"
"07132037";"Friesenhagen";"Gemeinden";"25,51";"25,47";"25,41"
"07132038";"Fürthen";"Gemeinden";"28,64";"27,85";"27,85"
"07132039";"Gebhardshain";"Gemeinden";"20,84";"20,84";"20,84"
"07132040";"Gieleroth";"Gemeinden";"57,26";"57,43";"57,26"
"07132041";"Giershausen";"Gemeinden";"61,61";"61,61";"61,61"
"07132042";"Grünebach";"Gemeinden";"11,90";"11,90";"11,90"
"07132043";"Güllesheim";"Gemeinden";"31,36";"30,91";"30,00"
"07132044";"Hamm (Sieg), Raiffeisengemeinde";"Gemeinden";"21,04";"20,22";"19,67"
"07132045";"Harbach";"Gemeinden";"20,39";"20,57";"20,04"
"07132046";"Hasselbach";"Gemeinden";"31,77";"30,73";"30,56"
"07132047";"Helmenzen";"Gemeinden";"54,46";"53,98";"53,73"
"07132048";"Helmeroth";"Gemeinden";"42,30";"42,30";"42,02"
"07132049";"Hemmelzen";"Gemeinden";"51,94";"50,53";"51,59"
"07132050";"Herdorf, Stadt";"Gemeinden";"6,17";"6,11";"6,17"
"07132051";"Heupelzen";"Gemeinden";"58,14";"58,14";"58,53"
"07132052";"Hilgenroth";"Gemeinden";"47,14";"47,47";"47,47"
"07132053";"Hirz-Maulsbach";"Gemeinden";"49,11";"49,11";"48,94"
"07132054";"Hövels";"Gemeinden";"27,03";"27,28";"27,41"
"07132055";"Horhausen (Westerwald)";"Gemeinden";"30,08";"29,87";"28,60"
"07132056";"Idelberg";"Gemeinden";"39,82";"40,71";"39,82"
"07132057";"Ingelbach";"Gemeinden";"56,30";"56,10";"56,10"
"07132058";"Isert";"Gemeinden";"57,61";"59,24";"58,70"
"07132059";"Kausen";"Gemeinden";"25,69";"25,41";"25,41"
"07132060";"Kescheid";"Gemeinden";"32,51";"32,51";"32,09"
"07132061";"Kettenhausen";"Gemeinden";"63,69";"63,69";"64,29"
"07132062";"Kircheib";"Gemeinden";"54,81";"54,81";"54,66"
"07132063";"Kirchen (Sieg), Stadt";"Gemeinden";"8,48";"8,63";"8,43"
"07132064";"Kraam";"Gemeinden";"58,24";"57,51";"57,88"
"07132065";"Krunkel";"Gemeinden";"29,54";"29,18";"28,11"
"07132066";"Malberg";"Gemeinden";"32,02";"31,09";"31,09"
"07132067";"Mammelzen";"Gemeinden";"57,42";"57,66";"57,42"
"07132068";"Mauden";"Gemeinden";"23,56";"23,56";"23,56"
"07132069";"Mehren";"Gemeinden";"41,80";"41,80";"41,53"
"07132070";"Michelbach (Westerwald)";"Gemeinden";"51,92";"51,24";"51,02"
"07132071";"Molzhain";"Gemeinden";"23,37";"23,45";"23,45"
"07132072";"Mudersbach";"Gemeinden";"3,38";"3,27";"2,95"
"07132073";"Nauroth";"Gemeinden";"24,16";"23,87";"23,87"
"07132075";"Niederdreisbach";"Gemeinden";"5,76";"5,76";"5,76"
"07132076";"Niederfischbach";"Gemeinden";"8,71";"8,36";"7,46"
"07132077";"Niederirsen";"Gemeinden";"40,49";"39,79";"39,44"
"07132078";"Niedersteinebach";"Gemeinden";"36,71";"36,71";"36,71"
"07132079";"Nisterberg";"Gemeinden";"57,93";"52,64";"53,08"
"07132080";"Katzwinkel (Sieg)";"Gemeinden";"32,97";"32,66";"32,09"
"07132081";"Obererbach (Westerwald)";"Gemeinden";"52,62";"52,07";"52,07"
"07132082";"Oberirsen";"Gemeinden";"49,36";"48,31";"48,20"
"07132083";"Oberlahr";"Gemeinden";"29,33";"28,98";"28,62"
"07132085";"Obersteinebach";"Gemeinden";"29,13";"29,13";"29,13"
"07132086";"Oberwambach";"Gemeinden";"60,15";"60,15";"59,90"
"07132087";"Ölsen";"Gemeinden";"60,62";"59,73";"59,73"
"07132088";"Orfgen";"Gemeinden";"71,93";"71,39";"70,86"
"07132089";"Peterslahr";"Gemeinden";"23,28";"22,84";"21,98"
"07132090";"Pleckhausen";"Gemeinden";"37,19";"36,68";"36,68"
"07132091";"Pracht";"Gemeinden";"28,73";"28,36";"28,18"
"07132092";"Racksen";"Gemeinden";"48,99";"50,00";"49,49"
"07132093";"Reiferscheid";"Gemeinden";"57,75";"57,75";"57,75"
"07132094";"Rettersen";"Gemeinden";"42,68";"42,68";"42,37"
"07132095";"Rosenheim (Landkreis Altenkirchen)";"Gemeinden";"25,18";"24,94";"24,94"
"07132096";"Roth";"Gemeinden";"31,48";"31,48";"30,69"
"07132097";"Rott";"Gemeinden";"26,73";"26,63";"26,73"
"07132098";"Scheuerfeld";"Gemeinden";"9,40";"9,02";"7,89"
"07132099";"Schöneberg";"Gemeinden";"45,31";"45,31";"43,41"
"07132100";"Schürdt";"Gemeinden";"60,20";"60,20";"60,70"
"07132101";"Schutzbach";"Gemeinden";"4,76";"4,76";"4,76"
"07132102";"Seelbach bei Hamm (Sieg)";"Gemeinden";"33,72";"34,02";"33,72"
"07132103";"Seelbach (Westerwald)";"Gemeinden";"56,19";"56,19";"55,85"
"07132104";"Seifen";"Gemeinden";"36,73";"36,39";"36,39"
"07132105";"Selbach (Sieg)";"Gemeinden";"26,78";"26,78";"25,96"
"07132106";"Sörth";"Gemeinden";"56,78";"57,29";"57,29"
"07132107";"Steinebach/ Sieg";"Gemeinden";"36,48";"36,12";"35,68"
"07132108";"Steineroth";"Gemeinden";"24,51";"22,92";"22,92"
"07132109";"Stürzelbach";"Gemeinden";"40,11";"40,11";"39,55"
"07132110";"Volkerzen";"Gemeinden";"47,24";"47,24";"47,74"
"07132111";"Wallmenroth";"Gemeinden";"13,99";"13,73";"13,21"
"07132112";"Walterschen";"Gemeinden";"57,55";"57,55";"57,55"
"07132113";"Weitefeld";"Gemeinden";"39,69";"40,52";"40,28"
"07132114";"Werkhausen";"Gemeinden";"28,94";"28,60";"28,60"
"07132115";"Weyerbusch";"Gemeinden";"55,45";"55,69";"55,69"
"07132116";"Willroth";"Gemeinden";"15,31";"14,29";"14,29"
"07132117";"Wissen, Stadt";"Gemeinden";"24,20";"24,17";"24,08"
"07132118";"Wölmersen";"Gemeinden";"55,13";"55,13";"55,13"
"07132119";"Ziegenhain";"Gemeinden";"80,28";"78,87";"78,87"
"07132201";"Berod bei Hachenburg";"Gemeinden";"45,06";"44,66";"44,66"
"07132501";"Altenkirchen (Westerwald), Stadt";"Gemeinden";"37,34";"36,89";"36,61"
"07132502";"Neitersen";"Gemeinden";"50,84";"50,70";"49,72"
"07133001";"Abtweiler";"Gemeinden";"69,79";"69,10";"68,92"
"07133002";"Allenfeld";"Gemeinden";"55,70";"56,04";"55,70"
"07133003";"Altenbamberg";"Gemeinden";"26,53";"23,47";"23,08"
"07133004";"Argenschwang";"Gemeinden";"46,59";"45,41";"45,41"
"07133005";"Auen";"Gemeinden";"46,49";"45,76";"46,86"
"07133006";"Bad Kreuznach, Stadt";"Gemeinden";"36,88";"36,03";"35,73"
"07133008";"Bärenbach";"Gemeinden";"37,68";"36,96";"36,61"
"07133009";"Bärweiler";"Gemeinden";"72,18";"71,19";"71,03"
"07133010";"Becherbach bei Kirn";"Gemeinden";"53,27";"52,79";"52,68"
"07133011";"Becherbach";"Gemeinden";"73,43";"73,15";"72,69"
"07133012";"Biebelsheim";"Gemeinden";"86,13";"85,48";"85,48"
"07133013";"Bockenau";"Gemeinden";"26,19";"25,05";"24,95"
"07133014";"Boos";"Gemeinden";"48,65";"47,75";"46,85"
"07133015";"Braunweiler";"Gemeinden";"38,66";"38,87";"39,08"
"07133016";"Brauweiler";"Gemeinden";"36,39";"35,13";"34,81"
"07133017";"Breitenheim";"Gemeinden";"58,52";"57,29";"56,94"
"07133018";"Bretzenheim";"Gemeinden";"63,34";"62,31";"61,45"
"07133019";"Burgsponheim";"Gemeinden";"70,91";"56,36";"55,45"
"07133020";"Callbach";"Gemeinden";"51,86";"52,23";"52,23"
"07133021";"Dalberg";"Gemeinden";"23,91";"23,91";"22,17"
"07133022";"Daubach";"Gemeinden";"50,52";"50,17";"49,83"
"07133023";"Daxweiler";"Gemeinden";"5,77";"6,61";"6,67"
"07133024";"Desloch";"Gemeinden";"71,02";"70,55";"70,24"
"07133025";"Dörrebach";"Gemeinden";"23,52";"23,06";"23,06"
"07133026";"Dorsheim";"Gemeinden";"62,16";"59,46";"59,91"
"07133027";"Duchroth";"Gemeinden";"58,57";"49,48";"49,17"
"07133028";"Eckenroth";"Gemeinden";"71,30";"69,44";"69,44"
"07133030";"Feilbingert";"Gemeinden";"56,18";"54,78";"54,78"
"07133031";"Frei-Laubersheim";"Gemeinden";"51,01";"50,81";"50,61"
"07133032";"Fürfeld";"Gemeinden";"68,11";"68,11";"67,87"
"07133033";"Gebroth";"Gemeinden";"69,75";"70,59";"70,17"
"07133035";"Guldental";"Gemeinden";"73,29";"72,67";"71,75"
"07133036";"Gutenberg";"Gemeinden";"66,75";"66,51";"66,27"
"07133037";"Hackenheim";"Gemeinden";"71,69";"71,23";"70,53"
"07133038";"Hahnenbach";"Gemeinden";"24,73";"22,94";"22,58"
"07133039";"Hallgarten";"Gemeinden";"57,87";"55,51";"55,51"
"07133040";"Hargesheim";"Gemeinden";"50,00";"49,22";"48,84"
"07133041";"Heimweiler";"Gemeinden";"44,87";"44,10";"43,77"
"07133042";"Heinzenberg";"Gemeinden";"22,56";"20,00";"20,00"
"07133043";"Hennweiler";"Gemeinden";"33,90";"32,84";"32,84"
"07133044";"Hergenfeld";"Gemeinden";"25,13";"24,79";"24,79"
"07133045";"Hochstätten";"Gemeinden";"40,07";"37,34";"37,34"
"07133046";"Hochstetten-Dhaun";"Gemeinden";"38,47";"36,65";"35,85"
"07133047";"Horbach";"Gemeinden";"51,56";"50,52";"50,52"
"07133048";"Hüffelsheim";"Gemeinden";"78,63";"77,71";"76,79"
"07133049";"Hundsbach";"Gemeinden";"54,81";"54,41";"54,01"
"07133050";"Ippenschied";"Gemeinden";"67,18";"66,03";"66,03"
"07133051";"Jeckenbach";"Gemeinden";"53,03";"52,07";"51,75"
"07133052";"Kirn, Stadt";"Gemeinden";"15,12";"12,52";"12,58"
"07133053";"Kirschroth";"Gemeinden";"48,17";"46,34";"45,94"
"07133054";"Langenlonsheim";"Gemeinden";"40,97";"39,80";"39,21"
"07133055";"Langenthal";"Gemeinden";"32,47";"32,47";"32,84"
"07133056";"Laubenheim";"Gemeinden";"68,56";"67,66";"67,37"
"07133057";"Lauschied";"Gemeinden";"62,76";"61,92";"61,72"
"07133058";"Lettweiler";"Gemeinden";"66,93";"66,45";"66,30"
"07133059";"Limbach";"Gemeinden";"55,66";"55,12";"54,90"
"07133060";"Löllbach";"Gemeinden";"61,94";"61,13";"61,13"
"07133061";"Mandel";"Gemeinden";"70,77";"70,77";"70,62"
"07133062";"Martinstein";"Gemeinden";"33,33";"30,77";"28,21"
"07133063";"Meckenbach";"Gemeinden";"49,64";"46,20";"46,20"
"07133064";"Meddersheim";"Gemeinden";"50,72";"49,66";"49,35"
"07133065";"Meisenheim, Stadt";"Gemeinden";"50,73";"49,66";"49,47"
"07133066";"Merxheim";"Gemeinden";"39,06";"38,53";"38,53"
"07133067";"Monzingen";"Gemeinden";"43,02";"42,94";"42,61"
"07133068";"Münchwald";"Gemeinden";"60,27";"60,27";"60,27"
"07133069";"Neu-Bamberg";"Gemeinden";"51,75";"51,10";"51,10"
"07133070";"Niederhausen";"Gemeinden";"38,65";"35,83";"35,83"
"07133071";"Norheim";"Gemeinden";"40,95";"40,95";"40,63"
"07133072";"Nußbaum";"Gemeinden";"52,05";"51,71";"51,71"
"07133073";"Oberhausen bei Kirn";"Gemeinden";"44,54";"43,45";"43,01"
"07133074";"Oberhausen an der Nahe";"Gemeinden";"44,41";"36,56";"36,56"
"07133075";"Oberstreit";"Gemeinden";"71,29";"68,32";"68,32"
"07133076";"Odernheim am Glan";"Gemeinden";"50,15";"47,51";"47,21"
"07133077";"Otzweiler";"Gemeinden";"44,69";"44,69";"44,37"
"07133078";"Pfaffen-Schwabenheim";"Gemeinden";"81,47";"80,12";"79,73"
"07133080";"Pleitersheim";"Gemeinden";"88,79";"88,79";"88,79"
"07133081";"Raumbach";"Gemeinden";"61,68";"60,77";"60,32"
"07133082";"Rehbach";"Gemeinden";"75,11";"75,11";"74,21"
"07133083";"Rehborn";"Gemeinden";"56,17";"56,17";"55,97"
"07133084";"Reiffelbach";"Gemeinden";"66,22";"63,98";"63,98"
"07133085";"Roth";"Gemeinden";"63,41";"60,98";"57,32"
"07133086";"Roxheim";"Gemeinden";"70,49";"69,14";"68,47"
"07133087";"Rümmelsheim";"Gemeinden";"65,26";"64,29";"64,29"
"07133088";"Sankt Katharinen";"Gemeinden";"76,47";"77,06";"75,88"
"07133089";"Schloßböckelheim";"Gemeinden";"57,35";"56,93";"56,72"
"07133090";"Schmittweiler";"Gemeinden";"78,10";"77,92";"77,74"
"07133091";"Schöneberg";"Gemeinden";"26,37";"24,40";"24,40"
"07133092";"Schweinschied";"Gemeinden";"55,59";"55,12";"54,33"
"07133093";"Schweppenhausen";"Gemeinden";"56,39";"53,11";"53,44"
"07133094";"Seesbach";"Gemeinden";"58,91";"58,91";"58,25"
"07133095";"Seibersbach";"Gemeinden";"22,15";"21,46";"21,39"
"07133096";"Simmertal";"Gemeinden";"34,53";"34,65";"34,65"
"07133098";"Sommerloch";"Gemeinden";"66,67";"64,29";"66,67"
"07133099";"Spabrücken";"Gemeinden";"26,13";"25,89";"25,95"
"07133100";"Spall";"Gemeinden";"10,81";"10,81";"10,81"
"07133101";"Sponheim";"Gemeinden";"33,38";"32,61";"32,26"
"07133102";"Staudernheim";"Gemeinden";"51,61";"51,53";"51,44"
"07133103";"Stromberg, Stadt";"Gemeinden";"13,98";"13,43";"13,43"
"07133104";"Tiefenthal";"Gemeinden";"63,70";"63,70";"63,70"
"07133105";"Traisen";"Gemeinden";"51,39";"51,04";"49,65"
"07133106";"Volxheim";"Gemeinden";"82,48";"82,48";"82,48"
"07133107";"Waldböckelheim";"Gemeinden";"43,60";"42,95";"42,84"
"07133108";"Waldlaubersheim";"Gemeinden";"52,42";"52,42";"52,30"
"07133109";"Wallhausen";"Gemeinden";"44,95";"43,11";"42,33"
"07133110";"Warmsroth";"Gemeinden";"40,00";"39,15";"39,15"
"07133111";"Weiler bei Monzingen";"Gemeinden";"60,14";"60,14";"60,14"
"07133112";"Weinsheim";"Gemeinden";"62,11";"61,57";"61,36"
"07133113";"Weitersborn";"Gemeinden";"35,58";"35,90";"35,58"
"07133114";"Windesheim";"Gemeinden";"52,90";"52,21";"51,92"
"07133115";"Winterbach";"Gemeinden";"18,25";"18,18";"18,11"
"07133116";"Winterburg";"Gemeinden";"48,83";"48,05";"48,05"
"07133117";"Rüdesheim";"Gemeinden";"52,44";"52,44";"50,14"
"07133201";"Bruschied";"Gemeinden";"37,31";"36,57";"36,94"
"07133202";"Kellenbach";"Gemeinden";"21,66";"20,82";"20,82"
"07133203";"Königsau";"Gemeinden";"21,67";"21,67";"21,67"
"07133204";"Schneppenbach";"Gemeinden";"48,79";"47,58";"47,58"
"07133205";"Schwarzerden";"Gemeinden";"34,00";"34,00";"33,86"
"07133501";"Bad Sobernheim, Stadt";"Gemeinden";"26,12";"25,95";"25,25"
"07134001";"Abentheuer";"Gemeinden";"16,83";"15,52";"15,52"
"07134002";"Achtelsbach";"Gemeinden";"24,54";"24,43";"24,33"
"07134003";"Allenbach";"Gemeinden";"9,21";"9,24";"9,46"
"07134004";"Asbach";"Gemeinden";"55,62";"55,33";"55,62"
"07134005";"Baumholder, Stadt";"Gemeinden";"28,60";"22,58";"22,68"
"07134006";"Bergen";"Gemeinden";"49,33";"49,33";"49,04"
"07134007";"Berglangenbach";"Gemeinden";"42,31";"42,31";"42,48"
"07134008";"Berschweiler bei Baumholder";"Gemeinden";"45,05";"44,74";"44,59"
"07134009";"Berschweiler bei Kirn";"Gemeinden";"44,37";"43,71";"43,58"
"07134010";"Birkenfeld, Stadt";"Gemeinden";"40,76";"38,64";"38,49"
"07134011";"Börfink";"Gemeinden";"14,01";"14,25";"14,13"
"07134012";"Bollenbach";"Gemeinden";"56,50";"55,97";"55,97"
"07134013";"Breitenthal";"Gemeinden";"42,93";"42,39";"42,39"
"07134014";"Bruchweiler";"Gemeinden";"25,71";"25,71";"25,58"
"07134015";"Brücken";"Gemeinden";"27,16";"26,06";"25,92"
"07134016";"Buhlenberg";"Gemeinden";"36,60";"35,77";"35,77"
"07134017";"Bundenbach";"Gemeinden";"35,84";"34,42";"34,29"
"07134018";"Dambach";"Gemeinden";"51,17";"50,84";"50,17"
"07134019";"Dickesbach";"Gemeinden";"46,65";"45,84";"45,84"
"07134020";"Dienstweiler";"Gemeinden";"39,34";"38,75";"38,00"
"07134021";"Eckersweiler";"Gemeinden";"62,33";"62,33";"62,06"
"07134022";"Elchweiler";"Gemeinden";"46,05";"46,05";"46,05"
"07134023";"Ellenberg";"Gemeinden";"53,47";"53,47";"52,97"
"07134024";"Ellweiler";"Gemeinden";"18,79";"18,39";"17,99"
"07134025";"Fischbach";"Gemeinden";"29,43";"26,18";"26,18"
"07134026";"Fohren-Linden";"Gemeinden";"45,76";"46,21";"46,06"
"07134027";"Frauenberg";"Gemeinden";"17,92";"11,95";"11,69"
"07134028";"Gerach";"Gemeinden";"35,37";"33,62";"33,19"
"07134029";"Gimbweiler";"Gemeinden";"45,57";"45,57";"44,48"
"07134030";"Gösenroth";"Gemeinden";"58,35";"58,13";"58,13"
"07134031";"Gollenberg";"Gemeinden";"48,31";"47,69";"47,08"
"07134032";"Griebelschied";"Gemeinden";"47,26";"47,26";"47,26"
"07134033";"Hahnweiler";"Gemeinden";"65,35";"65,35";"64,91"
"07134034";"Hattgenstein";"Gemeinden";"20,05";"19,93";"19,81"
"07134035";"Hausen";"Gemeinden";"46,49";"46,29";"46,09"
"07134036";"Heimbach";"Gemeinden";"40,27";"38,94";"38,94"
"07134037";"Hellertshausen";"Gemeinden";"22,92";"22,92";"23,06"
"07134038";"Herborn";"Gemeinden";"31,71";"30,49";"29,67"
"07134039";"Herrstein";"Gemeinden";"50,52";"49,06";"48,65"
"07134040";"Hettenrodt";"Gemeinden";"19,96";"19,59";"19,40"
"07134041";"Hintertiefenbach";"Gemeinden";"35,39";"33,90";"33,69"
"07134042";"Hoppstädten-Weiersbach";"Gemeinden";"37,85";"36,45";"36,40"
"07134043";"Horbruch";"Gemeinden";"46,05";"45,28";"45,09"
"07134044";"Hottenbach";"Gemeinden";"41,57";"41,39";"41,39"
"07134045";"Idar-Oberstein, Stadt";"Gemeinden";"17,17";"17,59";"17,11"
"07134046";"Kempfeld";"Gemeinden";"30,66";"30,56";"30,45"
"07134047";"Kirschweiler";"Gemeinden";"19,02";"18,81";"18,81"
"07134048";"Kronweiler";"Gemeinden";"30,57";"30,86";"30,48"
"07134049";"Krummenau";"Gemeinden";"30,09";"29,17";"29,17"
"07134050";"Leisel";"Gemeinden";"24,60";"24,26";"24,26"
"07134051";"Leitzweiler";"Gemeinden";"53,31";"52,98";"53,31"
"07134052";"Mackenrodt";"Gemeinden";"25,61";"25,00";"25,00"
"07134053";"Meckenbach";"Gemeinden";"32,45";"30,34";"30,34"
"07134054";"Mettweiler";"Gemeinden";"42,36";"42,36";"42,18"
"07134055";"Mittelreidenbach";"Gemeinden";"57,51";"54,74";"53,95"
"07134056";"Mörschied";"Gemeinden";"26,29";"25,89";"25,42"
"07134057";"Niederbrombach";"Gemeinden";"40,52";"41,21";"40,80"
"07134058";"Niederhambach";"Gemeinden";"41,86";"41,66";"41,56"
"07134059";"Niederhosenbach";"Gemeinden";"47,38";"46,97";"46,97"
"07134060";"Niederwörresbach";"Gemeinden";"31,80";"30,73";"30,51"
"07134061";"Nohen";"Gemeinden";"42,21";"41,81";"41,94"
"07134062";"Oberbrombach";"Gemeinden";"37,75";"37,44";"37,44"
"07134063";"Oberhambach";"Gemeinden";"27,06";"27,06";"26,86"
"07134064";"Oberhosenbach";"Gemeinden";"41,79";"41,55";"41,55"
"07134065";"Oberkirn";"Gemeinden";"49,91";"49,36";"49,36"
"07134066";"Oberreidenbach";"Gemeinden";"42,22";"39,93";"39,38"
"07134067";"Oberwörresbach";"Gemeinden";"44,29";"43,57";"42,86"
"07134068";"Reichenbach";"Gemeinden";"43,53";"45,32";"45,05"
"07134069";"Rhaunen";"Gemeinden";"49,67";"48,28";"47,81"
"07134070";"Rimsberg";"Gemeinden";"60,94";"60,94";"60,00"
"07134071";"Rinzenberg";"Gemeinden";"17,69";"17,34";"17,52"
"07134072";"Rötsweiler-Nockenthal";"Gemeinden";"37,62";"37,30";"36,99"
"07134073";"Rohrbach";"Gemeinden";"46,53";"45,71";"45,71"
"07134074";"Rückweiler";"Gemeinden";"52,19";"50,73";"50,73"
"07134075";"Ruschberg";"Gemeinden";"36,24";"40,13";"40,00"
"07134076";"Schauren";"Gemeinden";"26,37";"26,23";"26,23"
"07134077";"Schmidthachenbach";"Gemeinden";"40,40";"39,40";"39,70"
"07134078";"Schmißberg";"Gemeinden";"45,83";"45,83";"44,64"
"07134079";"Schwerbach";"Gemeinden";"47,06";"46,67";"46,67"
"07134080";"Schwollen";"Gemeinden";"24,72";"24,60";"24,49"
"07134081";"Sensweiler";"Gemeinden";"26,80";"26,56";"26,56"
"07134082";"Sien";"Gemeinden";"54,36";"54,01";"53,77"
"07134083";"Sienhachenbach";"Gemeinden";"50,40";"47,76";"47,10"
"07134084";"Siesbach";"Gemeinden";"21,91";"21,51";"21,24"
"07134085";"Sonnenberg-Winnenberg";"Gemeinden";"49,13";"47,39";"47,04"
"07134086";"Sonnschied";"Gemeinden";"34,55";"34,55";"34,55"
"07134087";"Stipshausen";"Gemeinden";"21,54";"21,45";"21,45"
"07134088";"Sulzbach";"Gemeinden";"59,58";"59,58";"59,58"
"07134089";"Veitsrodt";"Gemeinden";"26,16";"25,79";"25,79"
"07134090";"Vollmersbach";"Gemeinden";"40,57";"39,75";"38,52"
"07134091";"Weiden";"Gemeinden";"41,15";"41,15";"41,15"
"07134092";"Weitersbach";"Gemeinden";"18,15";"18,15";"18,15"
"07134093";"Wickenrodt";"Gemeinden";"47,06";"47,25";"47,25"
"07134094";"Wilzenberg-Hußweiler";"Gemeinden";"37,93";"37,62";"36,69"
"07134095";"Wirschweiler";"Gemeinden";"23,63";"24,41";"24,12"
"07134502";"Langweiler";"Gemeinden";"4,19";"4,19";"4,19"
"07135001";"Alf";"Gemeinden";"6,78";"6,47";"6,15"
"07135002";"Alflen";"Gemeinden";"49,70";"49,40";"45,31"
"07135003";"Altlay";"Gemeinden";"46,61";"45,22";"45,22"
"07135004";"Altstrimmig";"Gemeinden";"24,83";"24,61";"24,49"
"07135005";"Auderath";"Gemeinden";"44,43";"44,26";"43,78"
"07135007";"Beilstein";"Gemeinden";"8,88";"7,10";"7,10"
"07135008";"Beuren";"Gemeinden";"28,87";"28,58";"28,21"
"07135009";"Binningen";"Gemeinden";"57,81";"57,81";"57,21"
"07135010";"Blankenrath";"Gemeinden";"44,23";"43,36";"43,14"
"07135011";"Brachtendorf";"Gemeinden";"77,55";"76,73";"76,33"
"07135012";"Bremm";"Gemeinden";"30,74";"30,53";"29,32"
"07135013";"Briedel";"Gemeinden";"41,65";"40,86";"40,74"
"07135014";"Brieden";"Gemeinden";"66,29";"65,60";"65,15"
"07135015";"Briedern";"Gemeinden";"19,94";"19,66";"19,38"
"07135016";"Brohl";"Gemeinden";"60,95";"60,95";"60,78"
"07135017";"Bruttig-Fankel";"Gemeinden";"18,16";"18,30";"17,75"
"07135018";"Büchel";"Gemeinden";"47,35";"47,04";"41,28"
"07135019";"Bullay";"Gemeinden";"16,08";"14,82";"14,32"
"07135020";"Cochem, Stadt";"Gemeinden";"13,98";"14,07";"13,64"
"07135021";"Dohr";"Gemeinden";"32,41";"32,21";"31,81"
"07135022";"Dünfus";"Gemeinden";"63,69";"63,38";"63,08"
"07135023";"Düngenheim";"Gemeinden";"55,21";"54,67";"53,81"
"07135024";"Ediger-Eller";"Gemeinden";"13,35";"12,30";"12,04"
"07135025";"Ellenz-Poltersdorf";"Gemeinden";"26,95";"26,82";"25,88"
"07135026";"Eppenberg";"Gemeinden";"41,26";"40,53";"40,05"
"07135027";"Ernst";"Gemeinden";"27,92";"27,68";"26,25"
"07135028";"Eulgem";"Gemeinden";"64,78";"65,78";"64,12"
"07135029";"Faid";"Gemeinden";"41,53";"41,05";"40,44"
"07135030";"Filz";"Gemeinden";"39,03";"39,03";"38,71"
"07135031";"Forst (Eifel)";"Gemeinden";"75,32";"75,06";"74,55"
"07135032";"Forst (Hunsrück)";"Gemeinden";"35,52";"35,52";"35,52"
"07135033";"Gamlen";"Gemeinden";"64,94";"64,94";"64,22"
"07135034";"Gevenich";"Gemeinden";"48,60";"48,46";"47,89"
"07135035";"Gillenbeuren";"Gemeinden";"54,89";"54,47";"54,47"
"07135036";"Greimersburg";"Gemeinden";"43,70";"43,60";"43,21"
"07135037";"Grenderich";"Gemeinden";"45,36";"45,12";"45,24"
"07135038";"Hambuch";"Gemeinden";"45,11";"44,49";"43,66"
"07135039";"Haserich";"Gemeinden";"61,57";"61,12";"61,12"
"07135040";"Hauroth";"Gemeinden";"39,59";"38,83";"37,82"
"07135041";"Hesweiler";"Gemeinden";"65,37";"63,64";"63,64"
"07135042";"Illerich";"Gemeinden";"62,32";"62,06";"61,68"
"07135043";"Kaifenheim";"Gemeinden";"57,37";"57,21";"56,89"
"07135044";"Kail";"Gemeinden";"47,08";"46,92";"46,59"
"07135045";"Kaisersesch, Stadt";"Gemeinden";"33,99";"32,89";"31,05"
"07135046";"Kalenborn";"Gemeinden";"38,49";"38,30";"37,55"
"07135048";"Kliding";"Gemeinden";"47,63";"47,63";"47,25"
"07135049";"Klotten";"Gemeinden";"30,80";"30,55";"30,42"
"07135051";"Landkern";"Gemeinden";"52,78";"52,78";"52,21"
"07135052";"Laubach";"Gemeinden";"37,43";"34,64";"34,36"
"07135053";"Lieg";"Gemeinden";"34,88";"34,78";"34,78"
"07135054";"Liesenich";"Gemeinden";"35,96";"35,73";"35,73"
"07135056";"Lütz";"Gemeinden";"18,98";"18,80";"18,80"
"07135057";"Lutzerath";"Gemeinden";"45,91";"45,86";"45,70"
"07135058";"Masburg";"Gemeinden";"42,50";"41,73";"40,64"
"07135060";"Mesenich";"Gemeinden";"28,19";"27,85";"27,85"
"07135061";"Mittelstrimmig";"Gemeinden";"28,86";"28,25";"28,25"
"07135062";"Möntenich";"Gemeinden";"64,71";"64,95";"64,71"
"07135064";"Moritzheim";"Gemeinden";"33,83";"33,33";"33,33"
"07135065";"Moselkern";"Gemeinden";"36,86";"36,44";"36,23"
"07135066";"Müden (Mosel)";"Gemeinden";"37,25";"36,98";"36,85"
"07135067";"Müllenbach";"Gemeinden";"40,52";"40,75";"40,28"
"07135068";"Neef";"Gemeinden";"15,90";"15,74";"15,59"
"07135069";"Nehren";"Gemeinden";"57,89";"56,58";"56,58"
"07135070";"Panzweiler";"Gemeinden";"54,29";"53,51";"53,51"
"07135071";"Peterswald-Löffelscheid";"Gemeinden";"41,88";"41,36";"41,29"
"07135072";"Pommern";"Gemeinden";"20,57";"19,86";"19,15"
"07135073";"Pünderich";"Gemeinden";"29,65";"28,91";"28,36"
"07135074";"Reidenhausen";"Gemeinden";"66,02";"65,05";"65,05"
"07135075";"Roes";"Gemeinden";"65,28";"64,84";"64,84"
"07135076";"Sankt Aldegund";"Gemeinden";"13,73";"13,25";"12,76"
"07135077";"Schauren";"Gemeinden";"35,41";"35,08";"35,08"
"07135078";"Schmitt";"Gemeinden";"59,41";"59,41";"59,41"
"07135079";"Senheim";"Gemeinden";"21,98";"19,18";"19,26"
"07135080";"Sosberg";"Gemeinden";"49,87";"49,62";"49,36"
"07135081";"Tellig";"Gemeinden";"61,16";"61,16";"61,16"
"07135082";"Treis-Karden";"Gemeinden";"18,78";"18,94";"18,74"
"07135083";"Ulmen, Stadt";"Gemeinden";"27,17";"27,00";"26,69"
"07135084";"Urmersbach";"Gemeinden";"51,38";"51,15";"50,12"
"07135085";"Urschmitt";"Gemeinden";"33,89";"33,89";"33,74"
"07135086";"Valwig";"Gemeinden";"35,79";"35,79";"35,44"
"07135087";"Wagenhausen";"Gemeinden";"58,33";"58,33";"57,78"
"07135088";"Walhausen";"Gemeinden";"44,93";"44,05";"44,05"
"07135089";"Weiler";"Gemeinden";"46,38";"46,11";"45,70"
"07135090";"Wirfus";"Gemeinden";"66,67";"66,02";"65,81"
"07135091";"Wollmerath";"Gemeinden";"50,12";"49,88";"49,14"
"07135092";"Zell (Mosel), Stadt";"Gemeinden";"19,38";"19,15";"18,93"
"07135093";"Zettingen";"Gemeinden";"77,03";"77,03";"77,57"
"07135501";"Bad Bertrich";"Gemeinden";"29,97";"29,85";"29,85"
"07135502";"Leienkaul";"Gemeinden";"42,15";"41,23";"40,00"
"07137001";"Acht";"Gemeinden";"12,93";"12,93";"11,61"
"07137003";"Andernach, Stadt";"Gemeinden";"44,99";"44,51";"44,09"
"07137004";"Anschau";"Gemeinden";"47,38";"47,18";"46,80"
"07137006";"Arft";"Gemeinden";"15,78";"13,72";"13,38"
"07137007";"Baar";"Gemeinden";"54,00";"52,98";"52,98"
"07137008";"Bell";"Gemeinden";"49,71";"49,51";"48,73"
"07137011";"Bermel";"Gemeinden";"35,69";"35,56";"33,20"
"07137014";"Boos";"Gemeinden";"41,23";"40,27";"40,08"
"07137019";"Ditscheid";"Gemeinden";"55,58";"55,36";"54,91"
"07137023";"Einig";"Gemeinden";"89,32";"89,32";"89,00"
"07137025";"Ettringen";"Gemeinden";"38,91";"38,69";"38,14"
"07137027";"Gappenach";"Gemeinden";"86,32";"86,32";"85,75"
"07137029";"Gering";"Gemeinden";"62,41";"62,76";"62,41"
"07137030";"Gierschnach";"Gemeinden";"88,99";"88,99";"88,69"
"07137034";"Hausten";"Gemeinden";"44,10";"43,26";"42,70"
"07137035";"Herresbach";"Gemeinden";"45,81";"45,34";"45,45"
"07137036";"Hirten";"Gemeinden";"66,14";"65,34";"65,34"
"07137041";"Kalt";"Gemeinden";"78,17";"77,99";"77,61"
"07137043";"Kehrig";"Gemeinden";"48,84";"48,65";"48,27"
"07137048";"Kerben";"Gemeinden";"87,05";"86,84";"86,41"
"07137049";"Kirchwald";"Gemeinden";"26,92";"26,29";"26,08"
"07137053";"Kollig";"Gemeinden";"55,49";"55,09";"54,69"
"07137055";"Kottenheim";"Gemeinden";"41,54";"41,05";"40,07"
"07137056";"Kretz";"Gemeinden";"54,31";"53,83";"53,35"
"07137057";"Kruft";"Gemeinden";"58,09";"57,71";"57,05"
"07137060";"Langenfeld";"Gemeinden";"14,65";"13,16";"13,16"
"07137061";"Langscheid";"Gemeinden";"18,50";"16,14";"16,14"
"07137063";"Lind";"Gemeinden";"54,68";"54,32";"53,96"
"07137065";"Lonnig";"Gemeinden";"72,73";"72,36";"71,82"
"07137066";"Luxem";"Gemeinden";"55,58";"54,97";"54,97"
"07137068";"Mayen, Stadt";"Gemeinden";"38,94";"38,68";"38,51"
"07137069";"Mendig, Stadt";"Gemeinden";"47,20";"50,06";"49,35"
"07137070";"Mertloch";"Gemeinden";"83,75";"83,46";"83,27"
"07137074";"Monreal";"Gemeinden";"38,84";"38,77";"38,11"
"07137077";"Münk";"Gemeinden";"32,75";"30,21";"30,21"
"07137079";"Nachtsheim";"Gemeinden";"46,95";"46,12";"46,12"
"07137080";"Naunheim";"Gemeinden";"77,94";"78,10";"77,94"
"07137081";"Nickenich";"Gemeinden";"42,52";"42,76";"41,38"
"07137086";"Ochtendung";"Gemeinden";"63,20";"62,37";"61,41"
"07137087";"Pillig";"Gemeinden";"70,75";"70,59";"70,27"
"07137088";"Plaidt";"Gemeinden";"43,88";"43,34";"42,39"
"07137089";"Polch, Stadt";"Gemeinden";"69,84";"69,35";"68,06"
"07137092";"Reudelsterz";"Gemeinden";"51,02";"50,51";"50,25"
"07137093";"Rieden";"Gemeinden";"34,62";"34,40";"33,85"
"07137095";"Rüber";"Gemeinden";"82,17";"82,00";"81,64"
"07137096";"Saffig";"Gemeinden";"66,43";"65,85";"65,28"
"07137097";"Sankt Johann";"Gemeinden";"29,63";"29,63";"29,40"
"07137099";"Siebenbach";"Gemeinden";"38,42";"37,24";"37,24"
"07137101";"Thür";"Gemeinden";"84,48";"84,36";"84,24"
"07137102";"Trimbs";"Gemeinden";"69,44";"69,21";"69,21"
"07137105";"Virneburg";"Gemeinden";"24,81";"23,88";"23,88"
"07137106";"Volkesfeld";"Gemeinden";"28,68";"27,52";"27,52"
"07137110";"Weiler";"Gemeinden";"49,13";"48,74";"48,40"
"07137112";"Welling";"Gemeinden";"78,15";"77,71";"77,27"
"07137113";"Welschenbach";"Gemeinden";"8,96";"8,60";"8,96"
"07137114";"Wierschem";"Gemeinden";"45,44";"45,44";"45,44"
"07137201";"Alken";"Gemeinden";"16,00";"15,88";"15,76"
"07137202";"Bassenheim";"Gemeinden";"57,66";"56,98";"56,57"
"07137203";"Bendorf, Stadt";"Gemeinden";"17,95";"17,70";"17,66"
"07137204";"Brey";"Gemeinden";"42,26";"42,41";"41,49"
"07137205";"Brodenbach";"Gemeinden";"16,03";"15,93";"15,82"
"07137206";"Burgen";"Gemeinden";"18,45";"18,37";"18,10"
"07137207";"Dieblich";"Gemeinden";"39,41";"39,02";"38,80"
"07137208";"Hatzenport";"Gemeinden";"32,80";"32,80";"32,27"
"07137209";"Kaltenengers";"Gemeinden";"59,61";"59,28";"59,28"
"07137211";"Kettig";"Gemeinden";"70,75";"69,46";"68,43"
"07137212";"Kobern-Gondorf";"Gemeinden";"57,08";"57,39";"57,29"
"07137214";"Löf";"Gemeinden";"56,55";"56,55";"55,81"
"07137215";"Macken";"Gemeinden";"35,19";"34,96";"34,84"
"07137216";"Mülheim-Kärlich, Stadt";"Gemeinden";"44,76";"44,34";"43,36"
"07137217";"Niederfell";"Gemeinden";"20,31";"20,48";"20,22"
"07137218";"Niederwerth";"Gemeinden";"27,96";"27,96";"27,30"
"07137219";"Nörtershausen";"Gemeinden";"32,51";"32,16";"31,98"
"07137220";"Oberfell";"Gemeinden";"20,51";"20,51";"20,51"
"07137221";"Rhens, Stadt";"Gemeinden";"37,46";"37,34";"36,97"
"07137222";"Sankt Sebastian";"Gemeinden";"58,68";"58,68";"58,33"
"07137223";"Spay";"Gemeinden";"15,56";"14,87";"13,38"
"07137224";"Urbar";"Gemeinden";"33,53";"33,24";"32,66"
"07137225";"Urmitz";"Gemeinden";"27,06";"24,67";"24,67"
"07137226";"Vallendar, Stadt";"Gemeinden";"15,13";"14,98";"14,75"
"07137227";"Waldesch";"Gemeinden";"42,22";"42,34";"41,14"
"07137228";"Weißenthurm, Stadt";"Gemeinden";"11,53";"10,78";"10,78"
"07137229";"Weitersburg";"Gemeinden";"45,02";"44,86";"44,86"
"07137230";"Winningen";"Gemeinden";"48,87";"48,42";"47,97"
"07137231";"Wolken";"Gemeinden";"71,33";"70,98";"69,58"
"07137501";"Münstermaifeld, Stadt";"Gemeinden";"77,06";"76,99";"76,67"
"07137504";"Lehmen";"Gemeinden";"70,15";"70,24";"69,76"
"07138002";"Anhausen";"Gemeinden";"24,45";"24,34";"24,34"
"07138003";"Asbach";"Gemeinden";"61,04";"61,02";"60,26"
"07138004";"Bad Hönningen, Stadt";"Gemeinden";"11,75";"12,20";"11,70"
"07138005";"Bonefeld";"Gemeinden";"41,15";"40,96";"40,96"
"07138006";"Breitscheid";"Gemeinden";"31,75";"31,34";"31,01"
"07138007";"Hausen (Wied)";"Gemeinden";"47,80";"47,41";"47,28"
"07138008";"Bruchhausen";"Gemeinden";"48,06";"47,67";"47,67"
"07138009";"Dattenberg";"Gemeinden";"23,47";"22,83";"22,72"
"07138010";"Datzeroth";"Gemeinden";"10,49";"10,74";"10,61"
"07138011";"Dernbach";"Gemeinden";"33,82";"33,45";"33,45"
"07138012";"Dierdorf, Stadt";"Gemeinden";"43,21";"43,40";"43,34"
"07138013";"Döttesfeld";"Gemeinden";"31,85";"31,16";"31,16"
"07138014";"Dürrholz";"Gemeinden";"35,65";"35,22";"34,93"
"07138015";"Ehlscheid";"Gemeinden";"19,30";"19,46";"19,46"
"07138019";"Erpel";"Gemeinden";"21,72";"21,06";"20,74"
"07138023";"Großmaischeid";"Gemeinden";"30,22";"29,90";"29,96"
"07138024";"Hammerstein";"Gemeinden";"14,19";"13,77";"13,77"
"07138025";"Hanroth";"Gemeinden";"42,80";"43,21";"43,21"
"07138026";"Hardert";"Gemeinden";"40,70";"40,99";"40,70"
"07138027";"Harschbach";"Gemeinden";"59,17";"59,17";"59,17"
"07138030";"Hümmerich";"Gemeinden";"29,27";"29,27";"29,04"
"07138031";"Isenburg";"Gemeinden";"18,23";"17,75";"17,75"
"07138034";"Kleinmaischeid";"Gemeinden";"24,61";"24,32";"24,32"
"07138036";"Kurtscheid";"Gemeinden";"29,41";"28,82";"28,63"
"07138037";"Leubsdorf";"Gemeinden";"17,61";"16,93";"16,93"
"07138038";"Leutesdorf";"Gemeinden";"22,79";"22,43";"22,61"
"07138040";"Linkenbach";"Gemeinden";"28,91";"28,18";"28,36"
"07138041";"Linz am Rhein, Stadt";"Gemeinden";"16,18";"16,52";"16,41"
"07138042";"Meinborn";"Gemeinden";"35,76";"35,76";"35,76"
"07138043";"Melsbach";"Gemeinden";"33,21";"32,14";"32,14"
"07138044";"Neustadt (Wied)";"Gemeinden";"40,21";"40,10";"39,12"
"07138045";"Neuwied, Stadt";"Gemeinden";"28,62";"27,65";"27,33"
"07138047";"Niederbreitbach";"Gemeinden";"25,32";"25,32";"25,32"
"07138048";"Niederhofen";"Gemeinden";"50,72";"50,00";"50,00"
"07138050";"Niederwambach";"Gemeinden";"36,23";"35,65";"35,51"
"07138052";"Oberdreis";"Gemeinden";"41,09";"41,98";"41,98"
"07138053";"Oberhonnefeld-Gierend";"Gemeinden";"23,68";"23,17";"22,92"
"07138054";"Oberraden";"Gemeinden";"55,20";"55,20";"55,20"
"07138055";"Ockenfels";"Gemeinden";"46,39";"43,98";"42,77"
"07138057";"Puderbach";"Gemeinden";"35,21";"34,39";"33,58"
"07138058";"Ratzert";"Gemeinden";"43,73";"43,01";"43,01"
"07138059";"Raubach";"Gemeinden";"27,93";"26,40";"26,40"
"07138061";"Rengsdorf";"Gemeinden";"20,41";"19,83";"19,83"
"07138062";"Rheinbreitbach";"Gemeinden";"5,62";"5,32";"5,17"
"07138063";"Rheinbrohl";"Gemeinden";"13,78";"13,08";"13,20"
"07138064";"Rodenbach bei Puderbach";"Gemeinden";"38,88";"38,43";"38,43"
"07138065";"Roßbach";"Gemeinden";"38,28";"38,12";"37,81"
"07138066";"Rüscheid";"Gemeinden";"37,55";"37,76";"37,76"
"07138068";"Sankt Katharinen (Landkreis Neuwied)";"Gemeinden";"41,18";"40,97";"40,39"
"07138069";"Stebach";"Gemeinden";"40,76";"39,92";"39,92"
"07138070";"Steimel";"Gemeinden";"32,20";"31,84";"31,66"
"07138071";"Straßenhaus";"Gemeinden";"31,17";"31,27";"31,17"
"07138072";"Thalhausen";"Gemeinden";"40,00";"40,00";"40,00"
"07138073";"Unkel, Stadt";"Gemeinden";"11,03";"11,76";"10,78"
"07138074";"Urbach";"Gemeinden";"24,09";"24,36";"24,36"
"07138075";"Vettelschoß";"Gemeinden";"29,67";"30,25";"29,67"
"07138076";"Waldbreitbach";"Gemeinden";"30,20";"29,73";"29,58"
"07138077";"Windhagen";"Gemeinden";"42,41";"42,33";"40,73"
"07138078";"Woldert";"Gemeinden";"47,12";"46,92";"46,92"
"07138080";"Buchholz (Westerwald)";"Gemeinden";"62,12";"62,08";"60,57"
"07138201";"Marienhausen";"Gemeinden";"43,62";"43,00";"43,00"
"07138501";"Kasbach-Ohlenberg";"Gemeinden";"36,61";"35,36";"34,10"
"07140001";"Alterkülz";"Gemeinden";"52,64";"52,64";"52,37"
"07140002";"Altweidelbach";"Gemeinden";"60,73";"60,49";"60,49"
"07140003";"Argenthal";"Gemeinden";"22,14";"22,46";"22,14"
"07140005";"Badenhard";"Gemeinden";"49,50";"49,50";"49,17"
"07140006";"Bärenbach";"Gemeinden";"41,41";"40,79";"40,79"
"07140007";"Belg";"Gemeinden";"46,97";"46,97";"46,97"
"07140008";"Belgweiler";"Gemeinden";"69,62";"69,03";"68,73"
"07140009";"Bell (Hunsrück)";"Gemeinden";"58,01";"57,88";"57,59"
"07140010";"Beltheim";"Gemeinden";"52,64";"52,47";"52,35"
"07140011";"Benzweiler";"Gemeinden";"53,61";"53,29";"52,98"
"07140012";"Bergenhausen";"Gemeinden";"55,60";"55,60";"55,60"
"07140014";"Bickenbach";"Gemeinden";"39,53";"39,22";"38,91"
"07140015";"Biebern";"Gemeinden";"69,51";"69,02";"68,78"
"07140016";"Birkheim";"Gemeinden";"41,30";"41,30";"41,30"
"07140018";"Braunshorn";"Gemeinden";"57,22";"57,51";"57,08"
"07140020";"Bubach";"Gemeinden";"46,20";"46,34";"46,20"
"07140021";"Buch";"Gemeinden";"49,59";"49,44";"49,22"
"07140023";"Budenbach";"Gemeinden";"52,71";"52,99";"52,71"
"07140024";"Büchenbeuren";"Gemeinden";"30,83";"29,83";"29,67"
"07140025";"Damscheid";"Gemeinden";"16,44";"17,29";"17,29"
"07140027";"Dichtelbach";"Gemeinden";"40,41";"40,04";"39,85"
"07140028";"Dickenschied";"Gemeinden";"64,33";"63,99";"63,82"
"07140029";"Dill";"Gemeinden";"64,32";"63,96";"63,96"
"07140030";"Dillendorf";"Gemeinden";"30,05";"30,05";"30,05"
"07140031";"Dörth";"Gemeinden";"22,91";"23,88";"23,69"
"07140035";"Ellern (Hunsrück)";"Gemeinden";"41,97";"42,18";"41,86"
"07140036";"Emmelshausen, Stadt";"Gemeinden";"33,54";"33,54";"33,29"
"07140037";"Erbach";"Gemeinden";"50,25";"50,76";"49,75"
"07140039";"Fronhofen";"Gemeinden";"65,23";"64,69";"64,69"
"07140040";"Gehlweiler";"Gemeinden";"32,89";"32,67";"32,67"
"07140041";"Gemünden";"Gemeinden";"43,43";"43,34";"43,25"
"07140042";"Gödenroth";"Gemeinden";"61,09";"58,44";"58,15"
"07140043";"Gondershausen";"Gemeinden";"46,47";"46,47";"46,32"
"07140044";"Hahn";"Gemeinden";"53,88";"53,50";"53,50"
"07140045";"Halsenbach";"Gemeinden";"35,19";"35,39";"35,29"
"07140046";"Hasselbach";"Gemeinden";"53,86";"53,86";"53,24"
"07140047";"Hausbay";"Gemeinden";"44,75";"44,75";"44,75"
"07140048";"Hecken";"Gemeinden";"42,16";"41,65";"41,65"
"07140049";"Heinzenbach";"Gemeinden";"69,59";"68,42";"68,42"
"07140050";"Henau";"Gemeinden";"26,01";"26,46";"26,16"
"07140053";"Hirschfeld (Hunsrück)";"Gemeinden";"48,13";"47,74";"47,74"
"07140055";"Hollnich";"Gemeinden";"66,52";"66,52";"65,64"
"07140056";"Holzbach";"Gemeinden";"70,58";"70,38";"69,78"
"07140058";"Horn";"Gemeinden";"49,27";"49,42";"49,27"
"07140060";"Hungenroth";"Gemeinden";"24,07";"24,75";"24,58"
"07140062";"Kappel";"Gemeinden";"42,71";"42,55";"42,30"
"07140063";"Karbach";"Gemeinden";"40,24";"40,85";"40,64"
"07140064";"Kastellaun, Stadt";"Gemeinden";"24,79";"24,20";"20,33"
"07140065";"Keidelheim";"Gemeinden";"57,35";"54,04";"53,31"
"07140067";"Kirchberg (Hunsrück), Stadt";"Gemeinden";"48,09";"47,48";"47,48"
"07140068";"Kisselbach";"Gemeinden";"44,69";"44,36";"44,03"
"07140070";"Klosterkumbd";"Gemeinden";"37,24";"37,24";"37,11"
"07140071";"Kludenbach";"Gemeinden";"62,15";"59,72";"59,72"
"07140073";"Korweiler";"Gemeinden";"67,90";"67,08";"67,08"
"07140075";"Kratzenburg";"Gemeinden";"14,85";"14,99";"14,85"
"07140076";"Külz (Hunsrück)";"Gemeinden";"41,33";"41,33";"41,04"
"07140077";"Kümbdchen";"Gemeinden";"76,32";"76,32";"76,01"
"07140079";"Laubach";"Gemeinden";"41,62";"41,62";"41,42"
"07140080";"Laudert";"Gemeinden";"37,60";"37,76";"37,44"
"07140081";"Laufersweiler";"Gemeinden";"51,55";"51,25";"51,40"
"07140082";"Lautzenhausen";"Gemeinden";"35,56";"35,15";"35,15"
"07140084";"Leiningen";"Gemeinden";"49,22";"49,74";"49,04"
"07140085";"Liebshausen";"Gemeinden";"41,88";"40,85";"40,34"
"07140086";"Lindenschied";"Gemeinden";"66,25";"65,62";"65,62"
"07140087";"Lingerhahn";"Gemeinden";"37,90";"38,90";"38,73"
"07140089";"Maisborn";"Gemeinden";"49,66";"49,66";"48,98"
"07140090";"Maitzborn";"Gemeinden";"55,24";"54,92";"54,92"
"07140092";"Mengerschied";"Gemeinden";"41,87";"42,08";"41,97"
"07140093";"Mermuth";"Gemeinden";"39,63";"39,43";"39,63"
"07140094";"Metzenhausen";"Gemeinden";"53,55";"53,23";"53,23"
"07140095";"Michelbach";"Gemeinden";"75,31";"75,31";"74,48"
"07140096";"Mörschbach";"Gemeinden";"45,88";"45,88";"45,36"
"07140098";"Mühlpfad";"Gemeinden";"60,43";"61,15";"60,43"
"07140099";"Mutterschied";"Gemeinden";"81,11";"81,11";"81,11"
"07140100";"Nannhausen";"Gemeinden";"65,45";"64,63";"64,63"
"07140101";"Neuerkirch";"Gemeinden";"48,86";"48,86";"47,92"
"07140102";"Ney";"Gemeinden";"46,43";"45,36";"45,36"
"07140104";"Niederburg";"Gemeinden";"29,52";"30,10";"30,25"
"07140105";"Nieder Kostenz";"Gemeinden";"58,74";"58,50";"58,50"
"07140106";"Niederkumbd";"Gemeinden";"43,61";"43,17";"42,73"
"07140107";"Niedersohren";"Gemeinden";"60,77";"60,51";"60,51"
"07140108";"Niedert";"Gemeinden";"57,01";"56,56";"56,56"
"07140109";"Niederweiler";"Gemeinden";"55,72";"55,09";"55,09"
"07140110";"Norath";"Gemeinden";"39,39";"39,39";"38,79"
"07140111";"Ober Kostenz";"Gemeinden";"56,16";"55,99";"55,99"
"07140112";"Oberwesel, Stadt";"Gemeinden";"35,56";"35,79";"35,51"
"07140113";"Ohlweiler";"Gemeinden";"64,19";"64,19";"63,94"
"07140115";"Oppertshausen";"Gemeinden";"67,76";"67,11";"67,11"
"07140116";"Perscheid";"Gemeinden";"16,96";"17,50";"17,50"
"07140117";"Pfalzfeld";"Gemeinden";"29,98";"29,98";"29,22"
"07140118";"Pleizenhausen";"Gemeinden";"52,97";"52,97";"52,48"
"07140119";"Ravengiersburg";"Gemeinden";"52,92";"52,60";"52,60"
"07140120";"Raversbeuren";"Gemeinden";"54,67";"54,47";"54,47"
"07140121";"Rayerschied";"Gemeinden";"60,16";"59,36";"59,36"
"07140122";"Reckershausen";"Gemeinden";"34,23";"33,86";"33,86"
"07140123";"Reich";"Gemeinden";"67,86";"66,60";"65,97"
"07140125";"Rheinböllen, Stadt";"Gemeinden";"26,04";"25,79";"25,18"
"07140126";"Riegenroth";"Gemeinden";"47,77";"47,77";"47,13"
"07140127";"Riesweiler";"Gemeinden";"20,97";"21,45";"21,21"
"07140128";"Rödelhausen";"Gemeinden";"56,64";"56,25";"56,25"
"07140129";"Rödern";"Gemeinden";"44,12";"43,01";"43,01"
"07140130";"Rohrbach";"Gemeinden";"70,29";"70,03";"70,03"
"07140131";"Roth";"Gemeinden";"57,36";"57,11";"54,64"
"07140133";"Sankt Goar, Stadt";"Gemeinden";"22,23";"22,23";"21,84"
"07140134";"Sargenroth";"Gemeinden";"25,12";"25,89";"25,81"
"07140135";"Schlierschied";"Gemeinden";"32,06";"31,94";"31,94"
"07140138";"Schnorbach";"Gemeinden";"63,74";"63,45";"63,74"
"07140139";"Schönborn";"Gemeinden";"67,44";"65,64";"65,38"
"07140140";"Schwall";"Gemeinden";"47,19";"46,63";"44,94"
"07140141";"Schwarzen";"Gemeinden";"49,48";"49,23";"48,97"
"07140144";"Simmern/ Hunsrück, Stadt";"Gemeinden";"43,23";"41,22";"39,46"
"07140145";"Sohren";"Gemeinden";"40,87";"39,60";"38,96"
"07140146";"Sohrschied";"Gemeinden";"56,73";"56,50";"56,50"
"07140147";"Spesenroth";"Gemeinden";"52,71";"52,42";"51,85"
"07140148";"Steinbach";"Gemeinden";"51,92";"51,54";"51,54"
"07140149";"Thörlingen";"Gemeinden";"44,69";"44,69";"44,25"
"07140150";"Tiefenbach";"Gemeinden";"57,96";"57,61";"57,44"
"07140151";"Todenroth";"Gemeinden";"66,03";"65,38";"64,74"
"07140153";"Uhler";"Gemeinden";"53,23";"53,05";"52,87"
"07140154";"Unzenberg";"Gemeinden";"63,39";"62,84";"62,84"
"07140155";"Urbar";"Gemeinden";"51,27";"49,86";"49,30"
"07140156";"Utzenhain";"Gemeinden";"31,46";"31,01";"30,79"
"07140158";"Wahlbach";"Gemeinden";"52,07";"52,07";"51,84"
"07140159";"Wahlenau";"Gemeinden";"50,67";"49,55";"49,55"
"07140161";"Wiebelsheim";"Gemeinden";"29,16";"29,56";"29,16"
"07140163";"Womrath";"Gemeinden";"53,87";"53,52";"53,52"
"07140164";"Woppenroth";"Gemeinden";"35,57";"35,57";"35,57"
"07140165";"Würrich";"Gemeinden";"49,65";"49,42";"49,42"
"07140166";"Wüschheim";"Gemeinden";"49,74";"49,49";"49,23"
"07140201";"Beulich";"Gemeinden";"32,15";"32,30";"32,38"
"07140202";"Dommershausen";"Gemeinden";"40,58";"40,06";"40,02"
"07140204";"Mastershausen";"Gemeinden";"43,15";"42,39";"42,30"
"07140205";"Morshausen";"Gemeinden";"43,05";"42,52";"42,52"
"07140501";"Boppard, Stadt";"Gemeinden";"18,06";"17,98";"17,60"
"07140502";"Lahr";"Gemeinden";"45,00";"44,72";"43,33"
"07140503";"Mörsdorf";"Gemeinden";"32,82";"32,93";"32,93"
"07140504";"Zilshausen";"Gemeinden";"53,39";"53,24";"53,24"
"07141001";"Allendorf";"Gemeinden";"49,83";"49,50";"49,50"
"07141002";"Altendiez";"Gemeinden";"29,18";"29,18";"29,18"
"07141003";"Attenhausen";"Gemeinden";"49,74";"49,40";"49,06"
"07141004";"Auel";"Gemeinden";"53,96";"52,45";"52,83"
"07141005";"Aull";"Gemeinden";"53,46";"51,61";"52,07"
"07141006";"Bad Ems, Stadt";"Gemeinden";"11,62";"11,49";"11,36"
"07141008";"Becheln";"Gemeinden";"42,76";"42,99";"42,99"
"07141009";"Berg";"Gemeinden";"51,81";"51,51";"51,51"
"07141010";"Berghausen";"Gemeinden";"58,90";"59,13";"59,13"
"07141011";"Berndroth";"Gemeinden";"57,81";"57,33";"57,33"
"07141012";"Bettendorf";"Gemeinden";"61,73";"60,80";"60,80"
"07141013";"Biebrich";"Gemeinden";"43,48";"42,61";"42,61"
"07141014";"Birlenbach";"Gemeinden";"41,58";"41,09";"40,35"
"07141015";"Bogel";"Gemeinden";"54,31";"53,93";"53,93"
"07141016";"Bornich";"Gemeinden";"52,67";"52,42";"52,50"
"07141018";"Bremberg";"Gemeinden";"43,16";"42,50";"42,50"
"07141019";"Buch";"Gemeinden";"53,98";"53,25";"53,01"
"07141020";"Burgschwalbach";"Gemeinden";"46,09";"45,76";"45,65"
"07141021";"Charlottenberg";"Gemeinden";"64,47";"64,47";"65,79"
"07141022";"Cramberg";"Gemeinden";"48,38";"48,38";"48,38"
"07141023";"Dachsenhausen";"Gemeinden";"37,02";"35,87";"35,44"
"07141024";"Dahlheim";"Gemeinden";"45,89";"45,01";"44,28"
"07141025";"Dausenau";"Gemeinden";"18,35";"17,14";"17,24"
"07141026";"Dessighofen";"Gemeinden";"42,58";"42,02";"42,02"
"07141027";"Dienethal";"Gemeinden";"24,46";"21,58";"21,58"
"07141029";"Diez, Stadt";"Gemeinden";"35,70";"34,49";"34,33"
"07141030";"Dörnberg";"Gemeinden";"39,79";"39,79";"39,62"
"07141031";"Dörscheid";"Gemeinden";"30,90";"30,79";"30,79"
"07141032";"Dörsdorf";"Gemeinden";"53,59";"53,59";"53,59"
"07141033";"Dornholzhausen";"Gemeinden";"43,40";"43,40";"42,64"
"07141034";"Ebertshausen";"Gemeinden";"71,21";"70,82";"70,82"
"07141035";"Ehr";"Gemeinden";"76,86";"76,86";"76,86"
"07141036";"Eisighofen";"Gemeinden";"44,75";"45,30";"44,75"
"07141037";"Endlichhofen";"Gemeinden";"75,89";"75,89";"75,89"
"07141038";"Eppenrod";"Gemeinden";"43,12";"42,98";"42,84"
"07141039";"Ergeshausen";"Gemeinden";"46,67";"46,22";"46,22"
"07141040";"Eschbach";"Gemeinden";"44,57";"44,57";"44,57"
"07141041";"Fachbach";"Gemeinden";"4,48";"2,69";"3,14"
"07141042";"Filsen";"Gemeinden";"44,32";"44,32";"37,84"
"07141043";"Flacht";"Gemeinden";"58,11";"58,11";"58,11"
"07141044";"Frücht";"Gemeinden";"39,78";"39,96";"39,60"
"07141045";"Geilnau";"Gemeinden";"25,89";"24,55";"24,55"
"07141046";"Geisig";"Gemeinden";"54,48";"54,48";"54,48"
"07141047";"Gemmerich";"Gemeinden";"47,42";"47,13";"46,83"
"07141049";"Gückingen";"Gemeinden";"46,58";"45,73";"45,73"
"07141050";"Gutenacker";"Gemeinden";"41,51";"40,99";"40,99"
"07141051";"Hahnstätten";"Gemeinden";"28,22";"26,45";"25,61"
"07141052";"Hambach";"Gemeinden";"25,36";"25,00";"24,64"
"07141053";"Heistenbach";"Gemeinden";"37,64";"37,26";"37,07"
"07141054";"Herold";"Gemeinden";"52,57";"52,81";"52,81"
"07141055";"Himmighofen";"Gemeinden";"58,25";"58,25";"58,25"
"07141057";"Hirschberg";"Gemeinden";"51,60";"51,60";"51,60"
"07141058";"Hömberg";"Gemeinden";"36,08";"34,85";"34,64"
"07141059";"Holzappel";"Gemeinden";"51,65";"51,28";"50,92"
"07141060";"Holzhausen an der Haide";"Gemeinden";"50,35";"49,65";"49,53"
"07141061";"Holzheim";"Gemeinden";"51,10";"51,10";"51,10"
"07141062";"Horhausen";"Gemeinden";"26,19";"26,01";"26,01"
"07141063";"Hunzel";"Gemeinden";"57,21";"56,22";"56,22"
"07141064";"Isselbach";"Gemeinden";"29,90";"29,90";"29,90"
"07141065";"Kaltenholzhausen";"Gemeinden";"49,83";"50,00";"50,17"
"07141066";"Kamp-Bornhofen";"Gemeinden";"22,09";"21,12";"20,60"
"07141067";"Kasdorf";"Gemeinden";"61,33";"61,08";"61,08"
"07141068";"Katzenelnbogen, Stadt";"Gemeinden";"37,25";"36,38";"36,27"
"07141069";"Kaub, Stadt";"Gemeinden";"8,43";"8,28";"8,12"
"07141070";"Kehlbach";"Gemeinden";"61,50";"61,50";"59,62"
"07141071";"Kemmenau";"Gemeinden";"29,37";"28,04";"28,04"
"07141072";"Kestert";"Gemeinden";"22,53";"21,80";"21,80"
"07141073";"Klingelbach";"Gemeinden";"53,89";"53,89";"53,70"
"07141074";"Kördorf";"Gemeinden";"55,57";"55,44";"55,44"
"07141075";"Lahnstein, Stadt";"Gemeinden";"12,71";"11,94";"11,83"
"07141076";"Langenscheid";"Gemeinden";"30,12";"30,57";"30,57"
"07141077";"Laurenburg";"Gemeinden";"29,17";"28,70";"28,70"
"07141078";"Lautert";"Gemeinden";"51,40";"51,12";"51,40"
"07141079";"Lierschied";"Gemeinden";"48,24";"47,06";"47,06"
"07141080";"Lipporn";"Gemeinden";"45,42";"45,51";"43,22"
"07141081";"Lohrheim";"Gemeinden";"51,57";"51,33";"49,15"
"07141082";"Lollschied";"Gemeinden";"40,00";"39,50";"39,25"
"07141083";"Lykershausen";"Gemeinden";"62,39";"61,79";"60,60"
"07141084";"Marienfels";"Gemeinden";"61,98";"60,16";"60,42"
"07141085";"Miehlen";"Gemeinden";"53,70";"52,50";"51,90"
"07141086";"Miellen";"Gemeinden";"12,14";"11,17";"9,71"
"07141087";"Misselberg";"Gemeinden";"51,35";"50,00";"50,00"
"07141088";"Mittelfischbach";"Gemeinden";"57,61";"57,61";"57,07"
"07141089";"Mudershausen";"Gemeinden";"38,98";"38,98";"38,98"
"07141091";"Nassau, Stadt";"Gemeinden";"11,91";"11,17";"11,17"
"07141092";"Nastätten, Stadt";"Gemeinden";"34,10";"33,10";"32,87"
"07141093";"Netzbach";"Gemeinden";"84,66";"84,96";"84,96"
"07141094";"Niederbachheim";"Gemeinden";"68,60";"67,92";"66,55"
"07141095";"Niederneisen";"Gemeinden";"57,99";"57,43";"57,81"
"07141096";"Niedertiefenbach";"Gemeinden";"47,51";"46,77";"46,77"
"07141097";"Niederwallmenach";"Gemeinden";"59,12";"59,12";"58,69"
"07141098";"Nievern";"Gemeinden";"33,49";"33,96";"33,96"
"07141099";"Nochern";"Gemeinden";"52,18";"52,04";"51,90"
"07141100";"Oberbachheim";"Gemeinden";"71,93";"71,68";"69,12"
"07141101";"Oberfischbach";"Gemeinden";"26,93";"26,93";"26,93"
"07141102";"Oberneisen";"Gemeinden";"45,03";"45,03";"45,25"
"07141103";"Obernhof";"Gemeinden";"8,29";"8,29";"8,29"
"07141104";"Obertiefenbach";"Gemeinden";"49,22";"48,18";"47,83"
"07141105";"Oberwallmenach";"Gemeinden";"48,59";"48,28";"48,28"
"07141106";"Oberwies";"Gemeinden";"60,40";"60,40";"59,41"
"07141107";"Oelsberg";"Gemeinden";"49,75";"48,51";"48,51"
"07141108";"Osterspai";"Gemeinden";"25,04";"23,58";"23,12"
"07141109";"Patersberg";"Gemeinden";"55,47";"54,34";"54,34"
"07141110";"Hainau";"Gemeinden";"62,54";"61,93";"61,93"
"07141111";"Pohl";"Gemeinden";"43,74";"43,74";"43,74"
"07141112";"Prath";"Gemeinden";"60,28";"59,82";"59,58"
"07141113";"Reckenroth";"Gemeinden";"47,70";"47,13";"47,13"
"07141114";"Reichenberg";"Gemeinden";"69,66";"68,42";"68,42"
"07141115";"Reitzenhain";"Gemeinden";"57,42";"56,89";"56,89"
"07141116";"Rettershain";"Gemeinden";"43,24";"43,24";"43,24"
"07141117";"Rettert";"Gemeinden";"47,84";"47,50";"47,50"
"07141118";"Roth";"Gemeinden";"48,82";"48,24";"47,94"
"07141120";"Ruppertshofen";"Gemeinden";"70,08";"69,67";"69,46"
"07141121";"Sankt Goarshausen, Loreleystadt, Stadt";"Gemeinden";"16,01";"15,72";"16,01"
"07141122";"Sauerthal";"Gemeinden";"17,93";"17,93";"17,65"
"07141124";"Scheidt";"Gemeinden";"28,69";"28,29";"27,89"
"07141125";"Schiesheim";"Gemeinden";"52,45";"52,45";"52,45"
"07141126";"Schönborn";"Gemeinden";"29,63";"29,46";"29,46"
"07141127";"Schweighausen";"Gemeinden";"42,62";"42,62";"42,35"
"07141128";"Seelbach";"Gemeinden";"38,48";"37,93";"37,93"
"07141129";"Singhofen";"Gemeinden";"45,76";"44,61";"44,48"
"07141130";"Steinsberg";"Gemeinden";"44,48";"44,48";"44,48"
"07141131";"Strüth";"Gemeinden";"48,28";"48,07";"48,07"
"07141132";"Sulzbach";"Gemeinden";"34,08";"31,39";"31,39"
"07141133";"Wasenbach";"Gemeinden";"48,33";"48,33";"48,33"
"07141134";"Weidenbach";"Gemeinden";"39,29";"39,29";"39,29"
"07141135";"Weinähr";"Gemeinden";"10,00";"8,53";"8,53"
"07141136";"Weisel";"Gemeinden";"46,40";"46,02";"46,02"
"07141137";"Welterod";"Gemeinden";"30,85";"30,65";"30,75"
"07141138";"Weyer";"Gemeinden";"45,74";"45,74";"45,58"
"07141139";"Winden";"Gemeinden";"9,51";"9,22";"9,22"
"07141140";"Winterwerb";"Gemeinden";"56,46";"56,12";"55,10"
"07141141";"Zimmerschied";"Gemeinden";"24,31";"23,85";"23,39"
"07141201";"Arzbach";"Gemeinden";"10,58";"9,98";"9,98"
"07141501";"Braubach, Stadt";"Gemeinden";"11,23";"10,92";"10,72"
"07141502";"Diethardt";"Gemeinden";"55,43";"54,98";"54,75"
"07141503";"Balduinstein";"Gemeinden";"25,78";"24,61";"24,61"
"07143001";"Alsbach";"Gemeinden";"35,94";"35,73";"34,46"
"07143003";"Bannberscheid";"Gemeinden";"51,34";"50,80";"49,20"
"07143005";"Boden";"Gemeinden";"49,13";"45,22";"44,78"
"07143006";"Breitenau";"Gemeinden";"29,68";"29,35";"29,02"
"07143007";"Caan";"Gemeinden";"32,46";"30,72";"30,72"
"07143008";"Daubach";"Gemeinden";"31,87";"31,47";"31,47"
"07143009";"Deesen";"Gemeinden";"38,82";"38,24";"37,94"
"07143010";"Dernbach (Westerwald)";"Gemeinden";"25,91";"26,03";"25,91"
"07143011";"Dreikirchen";"Gemeinden";"52,83";"52,02";"51,75"
"07143012";"Ebernhahn";"Gemeinden";"15,11";"15,11";"14,20"
"07143013";"Eitelborn";"Gemeinden";"34,97";"34,55";"34,41"
"07143015";"Ellenhausen";"Gemeinden";"56,32";"55,79";"55,26"
"07143018";"Freilingen";"Gemeinden";"32,97";"32,43";"31,88"
"07143019";"Freirachdorf";"Gemeinden";"32,94";"31,31";"31,54"
"07143020";"Gackenbach";"Gemeinden";"24,63";"24,63";"24,63"
"07143021";"Girod";"Gemeinden";"41,42";"41,82";"41,82"
"07143022";"Goddert";"Gemeinden";"38,49";"36,82";"36,82"
"07143023";"Görgeshausen";"Gemeinden";"33,23";"32,62";"32,31"
"07143024";"Großholbach";"Gemeinden";"37,76";"38,01";"38,01"
"07143025";"Hartenfels";"Gemeinden";"43,54";"44,15";"45,85"
"07143026";"Heilberscheid";"Gemeinden";"40,97";"41,29";"41,35"
"07143027";"Heiligenroth";"Gemeinden";"39,40";"37,73";"37,73"
"07143028";"Helferskirchen";"Gemeinden";"41,60";"41,40";"41,40"
"07143029";"Herschbach";"Gemeinden";"25,67";"26,11";"24,78"
"07143030";"Hilgert";"Gemeinden";"24,73";"24,29";"23,41"
"07143031";"Hillscheid";"Gemeinden";"13,64";"13,64";"13,49"
"07143032";"Höhr-Grenzhausen, Stadt";"Gemeinden";"15,62";"15,05";"14,42"
"07143033";"Holler";"Gemeinden";"45,03";"45,25";"45,03"
"07143034";"Horbach";"Gemeinden";"31,04";"31,04";"31,30"
"07143036";"Hübingen";"Gemeinden";"32,02";"31,74";"31,74"
"07143037";"Hundsangen";"Gemeinden";"54,13";"53,87";"53,87"
"07143038";"Hundsdorf";"Gemeinden";"42,86";"42,86";"42,14"
"07143039";"Kadenbach";"Gemeinden";"23,15";"23,37";"23,37"
"07143040";"Kammerforst";"Gemeinden";"15,04";"14,29";"15,04"
"07143041";"Krümmel";"Gemeinden";"50,23";"50,68";"50,23"
"07143042";"Leuterod";"Gemeinden";"22,94";"22,16";"21,91"
"07143044";"Marienrachdorf";"Gemeinden";"41,95";"42,35";"41,35"
"07143045";"Maroth";"Gemeinden";"35,57";"35,57";"35,57"
"07143046";"Maxsain";"Gemeinden";"40,31";"40,39";"40,39"
"07143047";"Mogendorf";"Gemeinden";"14,69";"14,69";"14,45"
"07143048";"Montabaur, Stadt";"Gemeinden";"21,97";"21,71";"21,32"
"07143049";"Moschheim";"Gemeinden";"21,80";"21,22";"20,64"
"07143050";"Nauort";"Gemeinden";"23,52";"23,68";"23,05"
"07143051";"Nentershausen";"Gemeinden";"31,26";"30,86";"30,86"
"07143052";"Neuhäusel";"Gemeinden";"13,17";"13,17";"13,17"
"07143053";"Niederelbert";"Gemeinden";"18,83";"18,93";"18,54"
"07143054";"Niedererbach";"Gemeinden";"37,61";"36,94";"36,49"
"07143055";"Nomborn";"Gemeinden";"43,00";"43,00";"43,25"
"07143056";"Nordhofen";"Gemeinden";"45,08";"44,82";"44,82"
"07143057";"Oberelbert";"Gemeinden";"26,38";"26,96";"26,38"
"07143058";"Obererbach";"Gemeinden";"60,77";"59,23";"59,23"
"07143059";"Oberhaid";"Gemeinden";"44,27";"43,75";"43,75"
"07143060";"Ötzingen";"Gemeinden";"44,65";"42,64";"42,64"
"07143061";"Quirnbach";"Gemeinden";"39,29";"38,96";"38,96"
"07143062";"Ransbach-Baumbach, Stadt";"Gemeinden";"16,13";"15,88";"14,81"
"07143064";"Rückeroth";"Gemeinden";"37,46";"36,31";"36,31"
"07143065";"Ruppach-Goldhausen";"Gemeinden";"42,50";"42,50";"42,50"
"07143066";"Schenkelberg";"Gemeinden";"41,60";"40,74";"40,74"
"07143067";"Selters (Westerwald), Stadt";"Gemeinden";"26,09";"24,94";"24,94"
"07143068";"Sessenbach";"Gemeinden";"31,18";"31,18";"31,18"
"07143069";"Sessenhausen";"Gemeinden";"39,96";"38,87";"38,87"
"07143070";"Siershahn";"Gemeinden";"10,86";"11,99";"9,50"
"07143071";"Simmern";"Gemeinden";"32,45";"32,23";"32,23"
"07143072";"Stahlhofen";"Gemeinden";"42,62";"42,28";"42,28"
"07143073";"Staudt";"Gemeinden";"43,40";"43,40";"42,64"
"07143074";"Steinefrenz";"Gemeinden";"58,56";"58,35";"58,35"
"07143075";"Steinen";"Gemeinden";"37,20";"37,53";"37,77"
"07143077";"Untershausen";"Gemeinden";"47,92";"47,40";"47,40"
"07143078";"Vielbach";"Gemeinden";"40,27";"40,49";"40,49"
"07143079";"Welschneudorf";"Gemeinden";"28,44";"27,54";"27,67"
"07143080";"Weroth";"Gemeinden";"44,27";"43,87";"43,87"
"07143081";"Wirges, Stadt";"Gemeinden";"24,13";"24,04";"23,05"
"07143082";"Wirscheid";"Gemeinden";"27,24";"27,24";"27,61"
"07143084";"Wittgert";"Gemeinden";"17,74";"17,95";"17,95"
"07143085";"Wölferlingen";"Gemeinden";"47,03";"47,76";"47,76"
"07143200";"Ailertchen";"Gemeinden";"43,37";"43,55";"43,01"
"07143202";"Alpenrod";"Gemeinden";"36,90";"37,15";"36,82"
"07143203";"Arnshöfen";"Gemeinden";"73,81";"74,15";"74,15"
"07143204";"Astert";"Gemeinden";"37,66";"36,82";"36,82"
"07143205";"Atzelgift";"Gemeinden";"21,17";"21,17";"20,80"
"07143206";"Bad Marienberg (Westerwald), Stadt";"Gemeinden";"29,95";"29,75";"28,84"
"07143207";"Bellingen";"Gemeinden";"50,35";"51,05";"51,75"
"07143208";"Berod bei Wallmerod";"Gemeinden";"39,29";"37,76";"37,76"
"07143209";"Berzhahn";"Gemeinden";"43,43";"43,12";"42,51"
"07143210";"Bilkheim";"Gemeinden";"49,25";"47,74";"47,37"
"07143211";"Bölsberg";"Gemeinden";"43,15";"42,47";"42,47"
"07143212";"Borod";"Gemeinden";"47,63";"47,00";"47,00"
"07143213";"Brandscheid";"Gemeinden";"32,01";"31,68";"31,35"
"07143214";"Bretthausen";"Gemeinden";"57,99";"57,69";"57,69"
"07143215";"Dreifelden";"Gemeinden";"25,69";"25,69";"26,86"
"07143216";"Dreisbach";"Gemeinden";"47,62";"47,84";"47,62"
"07143218";"Elsoff (Westerwald)";"Gemeinden";"45,55";"45,97";"45,44"
"07143219";"Enspel";"Gemeinden";"23,29";"23,29";"22,60"
"07143220";"Ettinghausen";"Gemeinden";"49,16";"49,58";"48,74"
"07143221";"Ewighausen";"Gemeinden";"55,12";"55,51";"55,51"
"07143222";"Fehl-Ritzhausen";"Gemeinden";"55,22";"55,72";"54,48"
"07143223";"Gehlert";"Gemeinden";"28,08";"27,88";"27,69"
"07143224";"Gemünden";"Gemeinden";"44,89";"47,40";"46,82"
"07143225";"Giesenhausen";"Gemeinden";"51,95";"52,16";"51,95"
"07143226";"Girkenroth";"Gemeinden";"43,32";"43,32";"43,68"
"07143227";"Großseifen";"Gemeinden";"29,61";"30,92";"30,26"
"07143228";"Guckheim";"Gemeinden";"37,93";"38,46";"37,40"
"07143229";"Hachenburg, Stadt";"Gemeinden";"25,01";"24,13";"24,08"
"07143230";"Härtlingen";"Gemeinden";"56,56";"55,94";"55,94"
"07143231";"Hahn bei Marienberg";"Gemeinden";"43,64";"44,09";"44,09"
"07143232";"Hahn am See";"Gemeinden";"46,76";"45,68";"45,41"
"07143233";"Halbs";"Gemeinden";"45,28";"45,75";"46,23"
"07143234";"Hardt";"Gemeinden";"52,66";"51,06";"51,06"
"07143235";"Hattert";"Gemeinden";"57,49";"57,40";"57,40"
"07143236";"Heimborn";"Gemeinden";"40,80";"40,80";"40,27"
"07143237";"Hellenhahn-Schellenberg";"Gemeinden";"54,67";"53,98";"54,12"
"07143238";"Hergenroth";"Gemeinden";"48,68";"48,68";"49,21"
"07143239";"Herschbach (Oberwesterwald)";"Gemeinden";"58,75";"56,16";"55,08"
"07143240";"Heuzert";"Gemeinden";"29,63";"29,63";"30,09"
"07143241";"Höchstenbach";"Gemeinden";"30,84";"30,49";"30,49"
"07143242";"Höhn";"Gemeinden";"48,32";"48,39";"47,95"
"07143243";"Hof";"Gemeinden";"47,15";"46,78";"46,53"
"07143244";"Homberg";"Gemeinden";"64,35";"65,28";"65,28"
"07143245";"Hüblingen";"Gemeinden";"44,67";"45,78";"44,67"
"07143246";"Irmtraut";"Gemeinden";"62,17";"63,05";"62,17"
"07143247";"Kaden";"Gemeinden";"64,29";"63,84";"63,39"
"07143248";"Kirburg";"Gemeinden";"26,85";"26,60";"26,35"
"07143249";"Kölbingen";"Gemeinden";"54,79";"55,04";"54,79"
"07143250";"Kroppach";"Gemeinden";"40,90";"40,15";"39,90"
"07143251";"Kuhnhöfen";"Gemeinden";"61,68";"61,68";"61,68"
"07143252";"Kundert";"Gemeinden";"49,52";"49,52";"49,52"
"07143253";"Langenbach bei Kirburg";"Gemeinden";"42,13";"41,59";"41,77"
"07143254";"Langenhahn";"Gemeinden";"31,83";"31,30";"30,43"
"07143255";"Lautzenbrücken";"Gemeinden";"31,31";"32,48";"33,18"
"07143256";"Liebenscheid";"Gemeinden";"51,89";"52,27";"53,12"
"07143257";"Limbach";"Gemeinden";"26,83";"26,29";"26,29"
"07143258";"Linden";"Gemeinden";"33,73";"33,33";"34,13"
"07143259";"Lochum";"Gemeinden";"42,58";"42,15";"42,15"
"07143260";"Luckenbach";"Gemeinden";"29,64";"29,36";"29,64"
"07143261";"Marzhausen";"Gemeinden";"54,28";"54,93";"54,93"
"07143262";"Merkelbach";"Gemeinden";"37,11";"36,72";"36,72"
"07143263";"Meudt";"Gemeinden";"55,18";"55,25";"54,56"
"07143264";"Mörlen";"Gemeinden";"21,43";"22,40";"22,08"
"07143265";"Mörsbach";"Gemeinden";"50,76";"50,59";"50,42"
"07143266";"Molsberg";"Gemeinden";"37,81";"38,08";"37,81"
"07143267";"Mudenbach";"Gemeinden";"52,30";"52,09";"52,09"
"07143268";"Mündersbach";"Gemeinden";"33,98";"33,55";"33,66"
"07143269";"Müschenbach";"Gemeinden";"23,65";"22,22";"22,22"
"07143270";"Neunkhausen";"Gemeinden";"40,51";"40,89";"41,01"
"07143271";"Neunkirchen";"Gemeinden";"57,94";"58,25";"57,79"
"07143272";"Neustadt/ Westerwald";"Gemeinden";"52,50";"52,50";"51,79"
"07143273";"Niederahr";"Gemeinden";"37,31";"33,33";"33,08"
"07143274";"Niederroßbach";"Gemeinden";"62,87";"63,55";"63,33"
"07143275";"Niedersayn";"Gemeinden";"51,43";"51,07";"51,07"
"07143276";"Nister";"Gemeinden";"15,81";"15,26";"15,44"
"07143277";"Nisterau";"Gemeinden";"38,04";"37,42";"36,81"
"07143278";"Nister-Möhrendorf";"Gemeinden";"62,29";"62,29";"61,95"
"07143279";"Nistertal";"Gemeinden";"32,74";"32,74";"32,49"
"07143280";"Norken";"Gemeinden";"26,32";"27,15";"25,83"
"07143281";"Oberahr";"Gemeinden";"53,40";"50,35";"50,59"
"07143282";"Oberrod";"Gemeinden";"41,07";"40,77";"39,73"
"07143283";"Oberroßbach";"Gemeinden";"51,25";"51,25";"50,53"
"07143284";"Pottum";"Gemeinden";"46,33";"46,79";"46,56"
"07143285";"Rehe";"Gemeinden";"39,41";"40,35";"39,68"
"07143286";"Rennerod, Stadt";"Gemeinden";"44,27";"44,60";"44,60"
"07143287";"Roßbach";"Gemeinden";"43,98";"43,72";"43,72"
"07143288";"Rotenhain";"Gemeinden";"41,46";"41,95";"41,95"
"07143289";"Rothenbach";"Gemeinden";"53,26";"52,97";"52,97"
"07143290";"Salz";"Gemeinden";"54,23";"54,84";"52,82"
"07143291";"Salzburg";"Gemeinden";"51,30";"52,17";"52,17"
"07143292";"Seck";"Gemeinden";"40,88";"41,46";"40,65"
"07143293";"Stahlhofen am Wiesensee";"Gemeinden";"18,60";"18,60";"18,60"
"07143294";"Steinebach an der Wied";"Gemeinden";"37,47";"38,07";"38,07"
"07143295";"Stein-Neukirch";"Gemeinden";"49,44";"53,76";"53,76"
"07143296";"Stein-Wingert";"Gemeinden";"37,43";"37,43";"36,57"
"07143297";"Stockhausen-Illfurth";"Gemeinden";"56,17";"55,86";"56,17"
"07143298";"Stockum-Püschen";"Gemeinden";"30,51";"30,51";"30,51"
"07143299";"Streithausen";"Gemeinden";"35,11";"36,39";"36,39"
"07143300";"Unnau";"Gemeinden";"42,35";"42,35";"42,59"
"07143301";"Wahlrod";"Gemeinden";"49,58";"49,75";"49,75"
"07143302";"Waigandshain";"Gemeinden";"56,44";"57,18";"57,43"
"07143303";"Waldmühlen";"Gemeinden";"61,29";"62,26";"61,94"
"07143304";"Wallmerod";"Gemeinden";"45,28";"44,53";"44,15"
"07143305";"Weidenhahn";"Gemeinden";"58,51";"58,51";"58,82"
"07143306";"Welkenbach";"Gemeinden";"40,00";"41,30";"41,30"
"07143307";"Weltersburg";"Gemeinden";"38,35";"38,72";"38,35"
"07143308";"Westerburg, Stadt";"Gemeinden";"23,76";"23,86";"23,38"
"07143309";"Westernohe";"Gemeinden";"36,27";"36,40";"34,27"
"07143310";"Wied";"Gemeinden";"38,46";"38,89";"38,89"
"07143311";"Willingen";"Gemeinden";"42,39";"42,39";"42,66"
"07143312";"Willmenrod";"Gemeinden";"46,83";"46,56";"45,45"
"07143313";"Winkelbach";"Gemeinden";"50,00";"50,00";"50,00"
"07143314";"Winnen";"Gemeinden";"42,33";"42,94";"42,02"
"07143315";"Zehnhausen bei Rennerod";"Gemeinden";"53,72";"53,38";"53,38"
"07143316";"Zehnhausen bei Wallmerod";"Gemeinden";"65,19";"62,03";"61,39"
"07143501";"Elbingen";"Gemeinden";"52,40";"52,40";"52,40"
"07143502";"Mähren";"Gemeinden";"61,01";"61,01";"59,75"
"07211000";"Trier, Stadt";"Gemeinden";"20,31";"20,14";"20,19"
"07231001";"Altrich";"Gemeinden";"40,00";"36,06";"35,63"
"07231003";"Arenrath";"Gemeinden";"44,99";"44,99";"43,95"
"07231004";"Bausendorf";"Gemeinden";"30,44";"29,68";"29,60"
"07231005";"Bengel";"Gemeinden";"16,51";"16,36";"16,29"
"07231006";"Berglicht";"Gemeinden";"45,70";"45,03";"45,17"
"07231007";"Bergweiler";"Gemeinden";"38,50";"38,50";"38,43"
"07231008";"Bernkastel-Kues, Stadt";"Gemeinden";"26,91";"24,97";"24,50"
"07231009";"Bettenfeld";"Gemeinden";"38,06";"36,84";"36,61"
"07231010";"Binsfeld";"Gemeinden";"35,48";"35,28";"35,28"
"07231012";"Brauneberg";"Gemeinden";"44,24";"43,66";"43,58"
"07231013";"Bruch";"Gemeinden";"27,78";"27,89";"27,66"
"07231014";"Burg (Mosel)";"Gemeinden";"38,46";"31,95";"31,36"
"07231016";"Burgen";"Gemeinden";"39,85";"37,66";"37,15"
"07231017";"Burtscheid";"Gemeinden";"56,19";"57,19";"57,19"
"07231018";"Deuselbach";"Gemeinden";"59,70";"59,95";"60,20"
"07231019";"Dhronecken";"Gemeinden";"53,79";"53,79";"53,79"
"07231020";"Diefenbach";"Gemeinden";"23,24";"22,54";"22,54"
"07231021";"Dierfeld";"Gemeinden";"28,39";"36,77";"36,77"
"07231022";"Dierscheid";"Gemeinden";"40,33";"39,51";"39,51"
"07231023";"Dodenburg";"Gemeinden";"33,07";"35,68";"34,90"
"07231024";"Dreis";"Gemeinden";"38,67";"38,31";"37,96"
"07231025";"Eckfeld";"Gemeinden";"41,16";"41,24";"40,85"
"07231026";"Eisenschmitt";"Gemeinden";"16,47";"16,28";"15,91"
"07231029";"Enkirch";"Gemeinden";"22,53";"19,90";"20,45"
"07231030";"Erden";"Gemeinden";"44,44";"42,28";"42,82"
"07231031";"Esch";"Gemeinden";"57,21";"56,33";"56,77"
"07231032";"Etgert";"Gemeinden";"48,00";"47,20";"47,20"
"07231033";"Flußbach";"Gemeinden";"28,86";"29,01";"28,72"
"07231035";"Gielert";"Gemeinden";"39,36";"38,39";"38,14"
"07231036";"Gipperath";"Gemeinden";"49,90";"48,25";"48,25"
"07231037";"Gladbach";"Gemeinden";"50,55";"50,55";"49,45"
"07231040";"Gornhausen";"Gemeinden";"30,19";"30,19";"28,49"
"07231041";"Graach an der Mosel";"Gemeinden";"38,86";"33,18";"34,80"
"07231042";"Gräfendhron";"Gemeinden";"18,85";"18,53";"17,57"
"07231044";"Greimerath";"Gemeinden";"32,98";"32,18";"31,38"
"07231046";"Großlittgen";"Gemeinden";"46,68";"47,13";"46,98"
"07231049";"Hasborn";"Gemeinden";"38,45";"37,06";"36,73"
"07231050";"Heckenmünster";"Gemeinden";"24,74";"24,54";"23,93"
"07231051";"Heidweiler";"Gemeinden";"22,27";"22,94";"22,85"
"07231053";"Hetzerath";"Gemeinden";"53,54";"51,23";"51,88"
"07231054";"Hilscheid";"Gemeinden";"15,02";"15,68";"15,63"
"07231056";"Hochscheid";"Gemeinden";"13,64";"13,77";"13,77"
"07231057";"Hontheim";"Gemeinden";"33,56";"33,41";"33,37"
"07231058";"Horath";"Gemeinden";"18,84";"18,92";"18,84"
"07231062";"Hupperath";"Gemeinden";"48,91";"48,66";"48,42"
"07231064";"Immert";"Gemeinden";"54,14";"53,82";"53,82"
"07231065";"Karl";"Gemeinden";"31,36";"31,07";"30,98"
"07231066";"Kesten";"Gemeinden";"42,37";"37,37";"37,63"
"07231067";"Kinderbeuern";"Gemeinden";"56,47";"56,12";"55,22"
"07231068";"Kinheim";"Gemeinden";"29,07";"28,63";"28,74"
"07231069";"Klausen";"Gemeinden";"51,19";"51,30";"50,98"
"07231070";"Kleinich";"Gemeinden";"53,08";"52,93";"52,88"
"07231071";"Kommen";"Gemeinden";"49,29";"48,58";"47,52"
"07231072";"Kröv";"Gemeinden";"25,68";"21,88";"24,25"
"07231074";"Laufeld";"Gemeinden";"49,26";"48,61";"48,61"
"07231075";"Lieser";"Gemeinden";"48,99";"46,96";"47,15"
"07231076";"Lösnich";"Gemeinden";"30,83";"29,25";"29,64"
"07231077";"Longkamp";"Gemeinden";"44,52";"39,39";"39,83"
"07231078";"Lückenburg";"Gemeinden";"58,75";"58,75";"58,37"
"07231079";"Malborn";"Gemeinden";"20,17";"20,81";"20,85"
"07231080";"Manderscheid, Stadt";"Gemeinden";"32,11";"32,11";"31,91"
"07231081";"Maring-Noviand";"Gemeinden";"42,60";"41,86";"42,03"
"07231082";"Meerfeld";"Gemeinden";"25,66";"24,45";"24,45"
"07231083";"Merschbach";"Gemeinden";"21,25";"18,75";"18,12"
"07231085";"Minderlittgen";"Gemeinden";"49,39";"49,14";"49,02"
"07231086";"Minheim";"Gemeinden";"40,93";"39,63";"39,44"
"07231087";"Monzelfeld";"Gemeinden";"41,57";"41,01";"40,45"
"07231090";"Mülheim an der Mosel";"Gemeinden";"34,55";"32,72";"32,93"
"07231091";"Musweiler";"Gemeinden";"65,57";"65,57";"65,57"
"07231092";"Neumagen-Dhron";"Gemeinden";"42,81";"41,52";"41,28"
"07231093";"Neunkirchen";"Gemeinden";"41,46";"41,77";"41,77"
"07231095";"Niederöfflingen";"Gemeinden";"46,27";"45,90";"45,90"
"07231096";"Niederscheidweiler";"Gemeinden";"46,36";"46,10";"45,85"
"07231100";"Oberöfflingen";"Gemeinden";"50,27";"50,27";"50,27"
"07231101";"Oberscheidweiler";"Gemeinden";"53,11";"52,89";"52,89"
"07231103";"Osann-Monzel";"Gemeinden";"41,80";"39,26";"39,20"
"07231104";"Pantenburg";"Gemeinden";"59,68";"59,28";"59,08"
"07231105";"Piesport";"Gemeinden";"37,45";"37,19";"36,79"
"07231107";"Platten";"Gemeinden";"66,52";"60,48";"60,63"
"07231108";"Plein";"Gemeinden";"31,30";"30,75";"30,75"
"07231110";"Reil";"Gemeinden";"22,84";"21,27";"20,28"
"07231111";"Rivenich";"Gemeinden";"47,49";"46,72";"47,36"
"07231112";"Rorodt";"Gemeinden";"43,11";"42,82";"43,40"
"07231113";"Salmtal";"Gemeinden";"40,88";"41,02";"41,09"
"07231114";"Schladt";"Gemeinden";"52,02";"52,02";"52,02"
"07231115";"Schönberg";"Gemeinden";"47,65";"47,84";"47,65"
"07231116";"Schwarzenborn";"Gemeinden";"24,37";"23,59";"23,59"
"07231117";"Sehlem";"Gemeinden";"54,84";"55,11";"55,02"
"07231120";"Starkenburg";"Gemeinden";"46,71";"46,71";"46,71"
"07231122";"Talling";"Gemeinden";"52,05";"52,05";"52,56"
"07231123";"Thalfang";"Gemeinden";"26,98";"28,17";"28,17"
"07231124";"Traben-Trarbach, Stadt";"Gemeinden";"18,69";"17,99";"18,25"
"07231125";"Ürzig";"Gemeinden";"41,72";"39,40";"38,74"
"07231126";"Veldenz";"Gemeinden";"31,48";"32,31";"31,69"
"07231127";"Wallscheid";"Gemeinden";"58,12";"57,29";"57,12"
"07231132";"Willwerscheid";"Gemeinden";"29,67";"30,08";"30,08"
"07231133";"Wintrich";"Gemeinden";"29,51";"28,94";"28,77"
"07231134";"Wittlich, Stadt";"Gemeinden";"42,43";"40,57";"40,57"
"07231136";"Zeltingen-Rachtig";"Gemeinden";"38,06";"33,39";"33,57"
"07231202";"Breit";"Gemeinden";"63,00";"63,50";"63,50"
"07231203";"Büdlich";"Gemeinden";"36,82";"36,57";"36,57"
"07231204";"Heidenburg";"Gemeinden";"41,31";"40,89";"40,67"
"07231206";"Lötzbeuren";"Gemeinden";"44,51";"44,80";"44,51"
"07231501";"Irmenach";"Gemeinden";"44,87";"44,99";"44,87"
"07231502";"Morbach";"Gemeinden";"35,69";"36,07";"35,91"
"07231503";"Landscheid";"Gemeinden";"30,77";"30,84";"30,41"
"07231504";"Niersbach";"Gemeinden";"25,68";"24,51";"23,97"
"07232001";"Affler";"Gemeinden";"45,73";"45,73";"38,19"
"07232002";"Alsdorf";"Gemeinden";"52,66";"52,35";"52,19"
"07232003";"Altscheid";"Gemeinden";"41,09";"41,09";"40,92"
"07232004";"Ammeldingen an der Our";"Gemeinden";"60,15";"59,77";"59,39"
"07232005";"Ammeldingen bei Neuerburg";"Gemeinden";"64,59";"63,92";"63,70"
"07232006";"Auw an der Kyll";"Gemeinden";"17,35";"16,33";"16,33"
"07232007";"Badem";"Gemeinden";"72,49";"72,27";"70,20"
"07232008";"Bauler";"Gemeinden";"59,54";"59,87";"59,54"
"07232009";"Baustert";"Gemeinden";"59,38";"58,48";"58,26"
"07232010";"Beilingen";"Gemeinden";"59,16";"58,70";"57,54"
"07232011";"Berkoth";"Gemeinden";"42,88";"41,48";"40,78"
"07232012";"Berscheid";"Gemeinden";"44,86";"44,86";"44,19"
"07232013";"Bettingen";"Gemeinden";"49,59";"49,52";"49,66"
"07232014";"Bickendorf";"Gemeinden";"68,12";"65,57";"65,21"
"07232015";"Biersdorf am See";"Gemeinden";"61,18";"59,94";"59,01"
"07232016";"Biesdorf";"Gemeinden";"50,83";"50,64";"50,46"
"07232017";"Birtlingen";"Gemeinden";"65,31";"65,65";"65,65"
"07232018";"Bitburg, Stadt";"Gemeinden";"49,36";"49,04";"48,87"
"07232019";"Bollendorf";"Gemeinden";"18,82";"18,74";"18,66"
"07232020";"Brecht";"Gemeinden";"55,56";"55,56";"55,33"
"07232022";"Burg";"Gemeinden";"70,33";"70,33";"69,96"
"07232024";"Dahlem";"Gemeinden";"36,77";"36,77";"36,77"
"07232025";"Dauwelshausen";"Gemeinden";"66,83";"66,83";"65,85"
"07232026";"Dockendorf";"Gemeinden";"59,69";"59,69";"59,52"
"07232027";"Dudeldorf";"Gemeinden";"73,23";"73,41";"73,23"
"07232028";"Echternacherbrück";"Gemeinden";"43,67";"42,62";"43,25"
"07232029";"Echtershausen";"Gemeinden";"39,76";"39,76";"39,76"
"07232030";"Ehlenz";"Gemeinden";"69,75";"69,75";"69,58"
"07232031";"Emmelbaum";"Gemeinden";"60,30";"59,93";"59,55"
"07232032";"Enzen";"Gemeinden";"54,97";"54,97";"54,97"
"07232033";"Ernzen";"Gemeinden";"53,45";"53,45";"53,85"
"07232034";"Eßlingen";"Gemeinden";"66,16";"65,97";"65,78"
"07232035";"Etteldorf";"Gemeinden";"71,10";"71,68";"71,68"
"07232036";"Feilsdorf";"Gemeinden";"56,32";"55,79";"55,53"
"07232037";"Ferschweiler";"Gemeinden";"66,13";"65,99";"63,97"
"07232038";"Fischbach-Oberraden";"Gemeinden";"31,17";"30,27";"29,97"
"07232039";"Fließem";"Gemeinden";"59,07";"58,95";"57,52"
"07232040";"Geichlingen";"Gemeinden";"62,78";"62,41";"62,41"
"07232041";"Gemünd";"Gemeinden";"20,85";"20,14";"19,79"
"07232042";"Gentingen";"Gemeinden";"71,05";"70,57";"70,10"
"07232043";"Gindorf";"Gemeinden";"68,34";"68,34";"68,04"
"07232044";"Gondorf";"Gemeinden";"55,05";"53,99";"53,99"
"07232045";"Halsdorf";"Gemeinden";"90,65";"90,97";"85,36"
"07232046";"Hamm";"Gemeinden";"26,01";"25,43";"26,59"
"07232047";"Heilbach";"Gemeinden";"71,10";"71,10";"70,48"
"07232048";"Heilenbach";"Gemeinden";"42,73";"42,98";"42,86"
"07232049";"Herbstmühle";"Gemeinden";"53,49";"53,49";"53,49"
"07232050";"Herforst";"Gemeinden";"44,00";"43,47";"43,47"
"07232053";"Holsthum";"Gemeinden";"44,15";"43,93";"44,04"
"07232054";"Hommerdingen";"Gemeinden";"89,22";"88,73";"88,73"
"07232055";"Hosten";"Gemeinden";"40,97";"40,62";"40,28"
"07232056";"Hütten";"Gemeinden";"62,26";"59,03";"59,03"
"07232057";"Hütterscheid";"Gemeinden";"68,90";"68,56";"68,56"
"07232058";"Hüttingen an der Kyll";"Gemeinden";"35,37";"34,35";"34,35"
"07232059";"Hüttingen bei Lahr";"Gemeinden";"71,82";"71,59";"71,59"
"07232060";"Idenheim";"Gemeinden";"70,78";"69,48";"69,00"
"07232061";"Idesheim";"Gemeinden";"74,11";"72,92";"71,88"
"07232062";"Ingendorf";"Gemeinden";"74,40";"73,80";"73,49"
"07232063";"Irrel";"Gemeinden";"27,34";"26,06";"26,06"
"07232064";"Karlshausen";"Gemeinden";"57,45";"56,88";"56,88"
"07232065";"Kaschenbach";"Gemeinden";"72,58";"72,58";"72,81"
"07232066";"Keppeshausen";"Gemeinden";"33,77";"32,47";"32,03"
"07232067";"Körperich";"Gemeinden";"51,99";"51,46";"51,78"
"07232068";"Koxhausen";"Gemeinden";"65,88";"64,83";"64,83"
"07232069";"Kruchten";"Gemeinden";"66,36";"66,36";"66,17"
"07232070";"Kyllburg, Stadt";"Gemeinden";"36,80";"36,36";"35,93"
"07232071";"Kyllburgweiler";"Gemeinden";"56,06";"56,06";"55,92"
"07232072";"Lahr";"Gemeinden";"62,38";"62,24";"62,10"
"07232073";"Leimbach";"Gemeinden";"68,14";"66,78";"66,78"
"07232074";"Ließem";"Gemeinden";"82,61";"81,94";"82,27"
"07232075";"Malberg";"Gemeinden";"26,92";"27,37";"27,22"
"07232076";"Malbergweich";"Gemeinden";"44,42";"43,93";"43,54"
"07232077";"Meckel";"Gemeinden";"71,85";"71,67";"71,38"
"07232078";"Menningen";"Gemeinden";"54,09";"54,09";"54,39"
"07232079";"Messerich";"Gemeinden";"70,40";"69,79";"69,63"
"07232080";"Mettendorf";"Gemeinden";"62,68";"62,28";"61,82"
"07232081";"Metterich";"Gemeinden";"69,46";"69,64";"69,64"
"07232082";"Minden";"Gemeinden";"53,23";"52,96";"52,96"
"07232083";"Mülbach";"Gemeinden";"78,71";"78,71";"77,42"
"07232084";"Muxerath";"Gemeinden";"69,60";"67,84";"67,62"
"07232085";"Nasingen";"Gemeinden";"54,62";"52,10";"51,68"
"07232086";"Nattenheim";"Gemeinden";"72,15";"72,58";"73,02"
"07232087";"Neidenbach";"Gemeinden";"39,57";"39,57";"39,68"
"07232088";"Neuerburg, Stadt";"Gemeinden";"28,32";"27,53";"27,04"
"07232089";"Niedergeckler";"Gemeinden";"70,50";"69,78";"69,06"
"07232090";"Niederraden";"Gemeinden";"48,24";"48,24";"39,70"
"07232091";"Niederstedem";"Gemeinden";"71,25";"70,88";"70,88"
"07232092";"Niederweiler";"Gemeinden";"56,55";"56,77";"56,99"
"07232093";"Niederweis";"Gemeinden";"64,11";"64,24";"64,11"
"07232094";"Niehl";"Gemeinden";"85,93";"84,42";"84,42"
"07232095";"Nusbaum";"Gemeinden";"53,85";"53,79";"53,79"
"07232096";"Obergeckler";"Gemeinden";"58,02";"56,76";"55,50"
"07232097";"Oberstedem";"Gemeinden";"73,88";"73,66";"73,66"
"07232098";"Oberweiler";"Gemeinden";"37,03";"36,84";"36,28"
"07232099";"Oberweis";"Gemeinden";"57,97";"57,86";"57,76"
"07232100";"Olsdorf";"Gemeinden";"82,48";"82,80";"82,48"
"07232101";"Orsfeld";"Gemeinden";"90,33";"90,72";"89,94"
"07232102";"Utscheid";"Gemeinden";"54,61";"55,30";"54,26"
"07232103";"Peffingen";"Gemeinden";"53,97";"53,97";"53,79"
"07232104";"Philippsheim";"Gemeinden";"62,92";"64,04";"64,04"
"07232105";"Pickließem";"Gemeinden";"83,02";"83,54";"83,54"
"07232106";"Plascheid";"Gemeinden";"50,00";"49,41";"49,11"
"07232107";"Preist";"Gemeinden";"50,62";"50,93";"50,93"
"07232108";"Prümzurlay";"Gemeinden";"38,56";"38,30";"38,05"
"07232109";"Rittersdorf";"Gemeinden";"73,38";"73,21";"72,87"
"07232110";"Rodershausen";"Gemeinden";"52,70";"52,51";"51,58"
"07232111";"Röhl";"Gemeinden";"50,05";"50,14";"50,14"
"07232112";"Roth an der Our";"Gemeinden";"50,79";"49,21";"48,15"
"07232113";"Sankt Thomas";"Gemeinden";"17,23";"16,90";"16,90"
"07232114";"Schankweiler";"Gemeinden";"48,09";"48,24";"48,09"
"07232115";"Scharfbillig";"Gemeinden";"67,84";"67,84";"67,43"
"07232116";"Scheitenkorb";"Gemeinden";"72,60";"72,24";"64,06"
"07232117";"Scheuern";"Gemeinden";"52,47";"48,77";"48,15"
"07232118";"Schleid";"Gemeinden";"51,28";"51,28";"51,12"
"07232119";"Seffern";"Gemeinden";"34,96";"27,85";"27,24"
"07232120";"Sefferweich";"Gemeinden";"48,22";"46,26";"46,26"
"07232121";"Sevenig bei Neuerburg";"Gemeinden";"34,91";"34,74";"32,88"
"07232122";"Sinspelt";"Gemeinden";"49,59";"49,18";"49,18"
"07232123";"Speicher, Stadt";"Gemeinden";"33,27";"32,81";"32,81"
"07232124";"Stockem";"Gemeinden";"65,49";"65,24";"64,74"
"07232125";"Sülm";"Gemeinden";"61,28";"60,71";"60,51"
"07232126";"Trimport";"Gemeinden";"73,64";"73,64";"73,64"
"07232127";"Übereisenbach";"Gemeinden";"42,26";"42,26";"42,26"
"07232128";"Uppershausen";"Gemeinden";"63,64";"62,76";"62,76"
"07232129";"Usch";"Gemeinden";"32,33";"33,08";"32,33"
"07232130";"Waldhof-Falkenstein";"Gemeinden";"12,67";"12,00";"11,67"
"07232131";"Wallendorf";"Gemeinden";"29,39";"29,39";"29,28"
"07232132";"Weidingen";"Gemeinden";"57,71";"57,71";"54,28"
"07232133";"Wettlingen";"Gemeinden";"64,45";"63,87";"63,87"
"07232134";"Wiersdorf";"Gemeinden";"62,32";"62,56";"62,32"
"07232135";"Wilsecker";"Gemeinden";"63,13";"63,36";"62,69"
"07232137";"Wolsfeld";"Gemeinden";"53,77";"53,88";"53,88"
"07232138";"Zweifelscheid";"Gemeinden";"67,03";"65,38";"65,38"
"07232201";"Arzfeld";"Gemeinden";"66,17";"66,27";"65,65"
"07232202";"Auw bei Prüm";"Gemeinden";"66,12";"65,94";"65,94"
"07232203";"Balesfeld";"Gemeinden";"49,79";"49,36";"49,36"
"07232206";"Bleialf";"Gemeinden";"63,31";"62,91";"62,78"
"07232207";"Brandscheid";"Gemeinden";"49,32";"49,45";"48,71"
"07232208";"Buchet";"Gemeinden";"45,50";"45,48";"45,26"
"07232209";"Büdesheim";"Gemeinden";"42,23";"42,08";"42,08"
"07232210";"Burbach";"Gemeinden";"18,78";"18,78";"18,72"
"07232211";"Dackscheid";"Gemeinden";"60,39";"60,20";"60,39"
"07232212";"Dahnen";"Gemeinden";"45,32";"43,58";"43,46"
"07232213";"Daleiden";"Gemeinden";"35,66";"35,47";"35,34"
"07232214";"Dasburg";"Gemeinden";"23,86";"23,44";"23,44"
"07232216";"Dingdorf";"Gemeinden";"67,45";"67,19";"66,93"
"07232217";"Eilscheid";"Gemeinden";"60,34";"59,92";"60,50"
"07232218";"Eisenach";"Gemeinden";"77,65";"77,65";"77,97"
"07232220";"Eschfeld";"Gemeinden";"72,75";"72,12";"71,91"
"07232221";"Euscheid";"Gemeinden";"73,37";"72,01";"72,01"
"07232222";"Feuerscheid";"Gemeinden";"55,91";"55,74";"55,57"
"07232223";"Fleringen";"Gemeinden";"72,59";"72,24";"72,00"
"07232224";"Giesdorf";"Gemeinden";"65,92";"65,92";"65,63"
"07232225";"Gilzem";"Gemeinden";"66,67";"66,47";"66,27"
"07232226";"Weinsheim";"Gemeinden";"46,86";"46,28";"46,36"
"07232227";"Gondenbrett";"Gemeinden";"38,38";"36,60";"36,60"
"07232228";"Gransdorf";"Gemeinden";"66,95";"66,95";"66,10"
"07232229";"Großkampenberg";"Gemeinden";"59,78";"59,78";"60,25"
"07232230";"Großlangenfeld";"Gemeinden";"57,45";"57,16";"57,45"
"07232231";"Habscheid";"Gemeinden";"61,65";"61,25";"61,31"
"07232233";"Hargarten";"Gemeinden";"66,17";"65,67";"66,17"
"07232234";"Harspelt";"Gemeinden";"65,07";"65,07";"62,79"
"07232236";"Heckhuscheid";"Gemeinden";"44,89";"44,89";"44,89"
"07232238";"Heisdorf";"Gemeinden";"37,15";"36,90";"36,64"
"07232240";"Herzfeld";"Gemeinden";"72,66";"72,66";"72,12"
"07232245";"Irrhausen";"Gemeinden";"47,57";"47,43";"47,29"
"07232246";"Jucken";"Gemeinden";"65,59";"64,63";"63,83"
"07232247";"Kesfeld";"Gemeinden";"83,11";"83,78";"83,11"
"07232248";"Kickeshausen";"Gemeinden";"81,70";"81,05";"81,05"
"07232249";"Kinzenburg";"Gemeinden";"67,21";"67,21";"66,94"
"07232250";"Kleinlangenfeld";"Gemeinden";"44,76";"44,50";"44,50"
"07232253";"Krautscheid";"Gemeinden";"63,34";"62,65";"59,51"
"07232254";"Lambertsberg";"Gemeinden";"54,77";"55,04";"54,50"
"07232255";"Lascheid";"Gemeinden";"53,58";"53,01";"52,72"
"07232256";"Lasel";"Gemeinden";"48,56";"48,34";"48,34"
"07232258";"Lauperath";"Gemeinden";"64,01";"62,28";"62,35"
"07232259";"Leidenborn";"Gemeinden";"68,46";"68,46";"68,46"
"07232260";"Lichtenborn";"Gemeinden";"70,66";"69,96";"69,69"
"07232261";"Lierfeld";"Gemeinden";"68,42";"66,67";"63,95"
"07232262";"Lünebach";"Gemeinden";"60,23";"58,58";"58,53"
"07232263";"Lützkampen";"Gemeinden";"50,77";"50,14";"47,36"
"07232264";"Manderscheid";"Gemeinden";"54,12";"53,88";"53,65"
"07232265";"Masthorn";"Gemeinden";"41,23";"41,89";"41,67"
"07232266";"Matzerath";"Gemeinden";"66,13";"65,89";"65,20"
"07232267";"Mauel";"Gemeinden";"35,51";"35,51";"35,14"
"07232270";"Merlscheid";"Gemeinden";"66,48";"65,34";"65,08"
"07232271";"Mützenich";"Gemeinden";"63,14";"63,61";"63,61"
"07232272";"Neuendorf";"Gemeinden";"40,98";"40,98";"40,98"
"07232273";"Neuheilenbach";"Gemeinden";"54,64";"54,64";"53,61"
"07232276";"Niederlauch";"Gemeinden";"79,75";"78,48";"78,48"
"07232277";"Niederpierscheid";"Gemeinden";"57,32";"56,71";"56,71"
"07232279";"Nimshuscheid";"Gemeinden";"47,13";"47,13";"46,93"
"07232280";"Nimsreuland";"Gemeinden";"47,40";"46,50";"46,50"
"07232282";"Oberkail";"Gemeinden";"28,11";"28,27";"28,23"
"07232283";"Oberlascheid";"Gemeinden";"76,04";"75,83";"75,83"
"07232284";"Oberlauch";"Gemeinden";"73,54";"73,54";"73,54"
"07232285";"Oberpierscheid";"Gemeinden";"36,92";"36,82";"36,54"
"07232287";"Olmscheid";"Gemeinden";"46,41";"46,41";"46,41"
"07232288";"Olzheim";"Gemeinden";"39,15";"39,21";"39,21"
"07232289";"Orenhofen";"Gemeinden";"43,90";"44,07";"43,40"
"07232290";"Orlenbach";"Gemeinden";"29,52";"29,19";"29,35"
"07232291";"Pintesfeld";"Gemeinden";"77,54";"78,61";"80,21"
"07232292";"Pittenbach";"Gemeinden";"44,16";"43,64";"43,64"
"07232293";"Plütscheid";"Gemeinden";"37,43";"37,51";"37,35"
"07232294";"Preischeid";"Gemeinden";"46,72";"43,52";"43,52"
"07232295";"Pronsfeld";"Gemeinden";"48,67";"48,80";"48,80"
"07232296";"Prüm, Stadt";"Gemeinden";"43,99";"43,09";"42,74"
"07232297";"Reiff";"Gemeinden";"56,97";"56,80";"56,97"
"07232298";"Reipeldingen";"Gemeinden";"55,23";"54,60";"54,39"
"07232300";"Rommersheim";"Gemeinden";"57,01";"57,01";"57,13"
"07232301";"Roscheid";"Gemeinden";"77,43";"77,04";"77,04"
"07232302";"Roth bei Prüm";"Gemeinden";"48,32";"48,32";"48,32"
"07232304";"Schönecken";"Gemeinden";"52,10";"52,40";"52,10"
"07232305";"Schwirzheim";"Gemeinden";"44,74";"44,66";"44,74"
"07232306";"Seinsfeld";"Gemeinden";"44,28";"44,28";"44,13"
"07232307";"Seiwerath";"Gemeinden";"34,79";"35,12";"35,35"
"07232308";"Sellerich";"Gemeinden";"44,81";"43,10";"43,10"
"07232309";"Sengerich";"Gemeinden";"57,80";"57,80";"56,88"
"07232310";"Sevenig (Our)";"Gemeinden";"49,48";"49,48";"46,99"
"07232311";"Spangdahlem";"Gemeinden";"36,78";"36,63";"36,56"
"07232313";"Steinborn";"Gemeinden";"31,91";"32,09";"32,09"
"07232315";"Strickscheid";"Gemeinden";"70,21";"68,79";"68,79"
"07232318";"Wallersheim";"Gemeinden";"46,86";"47,14";"47,14"
"07232320";"Watzerath";"Gemeinden";"53,68";"53,25";"53,03"
"07232321";"Wawern";"Gemeinden";"50,00";"49,74";"49,61"
"07232322";"Waxweiler";"Gemeinden";"41,71";"40,37";"40,94"
"07232327";"Winringen";"Gemeinden";"81,57";"81,18";"81,57"
"07232328";"Winterscheid";"Gemeinden";"44,94";"44,59";"45,06"
"07232329";"Winterspelt";"Gemeinden";"52,07";"51,99";"51,99"
"07232331";"Zendscheid";"Gemeinden";"23,83";"23,83";"23,40"
"07232332";"Hersdorf";"Gemeinden";"49,77";"49,69";"49,77"
"07232333";"Üttfeld";"Gemeinden";"58,77";"58,77";"58,77"
"07232501";"Wißmannsdorf";"Gemeinden";"59,38";"59,23";"58,78"
"07232502";"Brimingen";"Gemeinden";"90,61";"77,53";"77,36"
"07233002";"Basberg";"Gemeinden";"83,19";"83,19";"83,19"
"07233003";"Beinhausen";"Gemeinden";"42,05";"40,91";"40,91"
"07233004";"Berlingen";"Gemeinden";"52,92";"51,53";"51,53"
"07233005";"Berndorf";"Gemeinden";"46,72";"46,51";"46,51"
"07233006";"Betteldorf";"Gemeinden";"52,87";"53,17";"53,17"
"07233007";"Birgel";"Gemeinden";"53,22";"53,07";"52,91"
"07233008";"Bleckhausen";"Gemeinden";"42,25";"42,09";"41,46"
"07233010";"Boxberg";"Gemeinden";"49,73";"50,09";"50,44"
"07233011";"Brockscheid";"Gemeinden";"36,59";"36,10";"35,61"
"07233014";"Darscheid";"Gemeinden";"38,97";"39,31";"38,79"
"07233016";"Demerath";"Gemeinden";"44,05";"44,34";"44,24"
"07233017";"Deudesfeld";"Gemeinden";"47,45";"47,20";"46,58"
"07233018";"Dockweiler";"Gemeinden";"43,84";"40,23";"40,23"
"07233019";"Dohm-Lammersdorf";"Gemeinden";"54,19";"53,30";"53,30"
"07233020";"Dreis-Brück";"Gemeinden";"41,02";"39,98";"40,03"
"07233021";"Ellscheid";"Gemeinden";"49,14";"48,56";"48,18"
"07233022";"Esch";"Gemeinden";"56,34";"56,05";"56,05"
"07233023";"Feusdorf";"Gemeinden";"62,22";"62,22";"61,99"
"07233025";"Gefell";"Gemeinden";"39,43";"39,43";"39,43"
"07233026";"Gerolstein, Stadt";"Gemeinden";"33,04";"32,62";"32,58"
"07233027";"Gillenfeld";"Gemeinden";"57,13";"56,80";"56,60"
"07233028";"Gönnersdorf";"Gemeinden";"38,34";"38,34";"38,34"
"07233029";"Hillesheim, Stadt";"Gemeinden";"45,60";"45,06";"45,00"
"07233030";"Hinterweiler";"Gemeinden";"61,84";"61,09";"61,09"
"07233031";"Hörscheid";"Gemeinden";"43,07";"43,07";"42,82"
"07233032";"Hörschhausen";"Gemeinden";"59,66";"57,98";"57,98"
"07233033";"Hohenfels-Essingen";"Gemeinden";"41,72";"41,24";"41,24"
"07233034";"Immerath";"Gemeinden";"53,70";"54,04";"54,04"
"07233035";"Jünkerath";"Gemeinden";"28,51";"28,12";"28,12"
"07233036";"Kalenborn-Scheuern";"Gemeinden";"64,90";"64,90";"64,76"
"07233037";"Katzwinkel";"Gemeinden";"52,47";"52,21";"52,21"
"07233038";"Kerpen (Eifel)";"Gemeinden";"49,51";"48,67";"48,67"
"07233039";"Kirchweiler";"Gemeinden";"43,55";"41,51";"41,35"
"07233040";"Kradenbach";"Gemeinden";"71,26";"69,54";"69,54"
"07233041";"Lissendorf";"Gemeinden";"37,84";"37,84";"37,84"
"07233042";"Mehren";"Gemeinden";"40,74";"40,77";"40,23"
"07233043";"Meisburg";"Gemeinden";"43,14";"42,57";"42,57"
"07233046";"Mückeln";"Gemeinden";"51,80";"52,22";"52,43"
"07233048";"Neichen";"Gemeinden";"50,00";"50,00";"49,66"
"07233049";"Nerdlen";"Gemeinden";"51,24";"50,56";"50,34"
"07233050";"Neroth";"Gemeinden";"30,80";"30,80";"34,12"
"07233052";"Niederstadtfeld";"Gemeinden";"34,06";"33,19";"33,41"
"07233053";"Oberbettingen";"Gemeinden";"51,38";"51,05";"50,89"
"07233054";"Oberehe-Stroheich";"Gemeinden";"49,61";"49,71";"49,71"
"07233055";"Oberstadtfeld";"Gemeinden";"24,88";"24,39";"24,39"
"07233056";"Pelm";"Gemeinden";"24,18";"22,09";"22,09"
"07233058";"Rockeskyll";"Gemeinden";"52,04";"51,87";"51,87"
"07233060";"Salm";"Gemeinden";"40,68";"40,24";"40,90"
"07233061";"Sarmersbach";"Gemeinden";"48,08";"47,89";"47,51"
"07233062";"Saxler";"Gemeinden";"69,78";"70,88";"71,43"
"07233063";"Schalkenmehren";"Gemeinden";"45,81";"42,07";"42,26"
"07233064";"Schönbach";"Gemeinden";"58,46";"58,24";"58,03"
"07233065";"Schutz";"Gemeinden";"21,22";"20,00";"19,67"
"07233067";"Steineberg";"Gemeinden";"53,24";"53,24";"53,24"
"07233068";"Steiningen";"Gemeinden";"34,25";"34,12";"33,86"
"07233070";"Strohn";"Gemeinden";"56,51";"55,81";"55,81"
"07233071";"Strotzbüsch";"Gemeinden";"58,45";"57,83";"57,67"
"07233074";"Udler";"Gemeinden";"53,49";"53,02";"53,17"
"07233075";"Üdersdorf";"Gemeinden";"34,32";"33,92";"33,75"
"07233076";"Üxheim";"Gemeinden";"43,98";"43,79";"43,82"
"07233077";"Utzerath";"Gemeinden";"44,91";"44,74";"44,56"
"07233079";"Wallenborn";"Gemeinden";"25,15";"24,30";"23,82"
"07233080";"Walsdorf";"Gemeinden";"60,20";"60,11";"60,11"
"07233081";"Weidenbach";"Gemeinden";"30,67";"30,48";"30,39"
"07233083";"Wiesbaum";"Gemeinden";"49,54";"49,28";"49,21"
"07233084";"Winkel (Eifel)";"Gemeinden";"62,48";"62,63";"62,48"
"07233201";"Arbach";"Gemeinden";"32,88";"32,65";"32,43"
"07233202";"Bereborn";"Gemeinden";"56,42";"55,64";"56,03"
"07233203";"Berenbach";"Gemeinden";"36,51";"36,19";"35,56"
"07233204";"Birresborn";"Gemeinden";"23,24";"23,14";"22,86"
"07233205";"Bodenbach";"Gemeinden";"48,54";"47,28";"45,93"
"07233206";"Bongard";"Gemeinden";"38,89";"39,19";"38,74"
"07233207";"Borler";"Gemeinden";"49,56";"50,00";"48,46"
"07233208";"Brücktal";"Gemeinden";"49,17";"48,35";"48,76"
"07233209";"Densborn";"Gemeinden";"15,76";"15,83";"15,69"
"07233210";"Drees";"Gemeinden";"57,42";"56,45";"56,20"
"07233211";"Duppach";"Gemeinden";"47,47";"47,47";"47,47"
"07233212";"Gelenberg";"Gemeinden";"45,71";"45,71";"45,57"
"07233213";"Gunderath";"Gemeinden";"38,76";"38,76";"37,21"
"07233214";"Hallschlag";"Gemeinden";"54,79";"54,55";"54,79"
"07233215";"Höchstberg";"Gemeinden";"33,40";"32,99";"32,78"
"07233216";"Horperath";"Gemeinden";"51,67";"52,08";"51,67"
"07233217";"Kaperich";"Gemeinden";"33,09";"32,71";"32,71"
"07233218";"Kelberg";"Gemeinden";"37,41";"37,09";"36,89"
"07233219";"Kerschenbach";"Gemeinden";"24,28";"24,71";"24,42"
"07233220";"Kirsbach";"Gemeinden";"54,25";"54,25";"53,22"
"07233221";"Kötterichen";"Gemeinden";"54,96";"54,20";"53,44"
"07233222";"Kolverath";"Gemeinden";"51,63";"52,03";"52,03"
"07233223";"Kopp";"Gemeinden";"34,40";"34,29";"34,05"
"07233224";"Lirstal";"Gemeinden";"40,87";"39,92";"39,92"
"07233225";"Mannebach";"Gemeinden";"39,65";"39,37";"38,96"
"07233226";"Mosbruch";"Gemeinden";"46,02";"45,72";"45,13"
"07233227";"Mürlenbach";"Gemeinden";"14,62";"14,53";"13,98"
"07233228";"Nitz";"Gemeinden";"83,33";"83,33";"83,33"
"07233229";"Nohn";"Gemeinden";"39,98";"39,62";"39,62"
"07233230";"Oberelz";"Gemeinden";"45,23";"44,68";"44,32"
"07233232";"Ormont";"Gemeinden";"41,48";"41,80";"42,04"
"07233233";"Reimerath";"Gemeinden";"53,15";"53,15";"52,76"
"07233234";"Retterath";"Gemeinden";"47,72";"47,54";"47,36"
"07233235";"Reuth";"Gemeinden";"63,92";"64,34";"64,34"
"07233236";"Sassen";"Gemeinden";"45,35";"45,05";"44,74"
"07233237";"Scheid";"Gemeinden";"61,93";"61,93";"62,30"
"07233239";"Schüller";"Gemeinden";"38,30";"37,39";"36,93"
"07233240";"Stadtkyll";"Gemeinden";"37,68";"37,82";"37,97"
"07233241";"Steffeln";"Gemeinden";"46,97";"47,30";"47,26"
"07233242";"Uersfeld";"Gemeinden";"34,74";"34,74";"34,51"
"07233243";"Ueß";"Gemeinden";"59,06";"59,06";"58,39"
"07233244";"Welcherath";"Gemeinden";"46,86";"46,86";"47,17"
"07233501";"Daun, Stadt";"Gemeinden";"32,95";"32,58";"32,42"
"07235001";"Aach";"Gemeinden";"38,79";"38,51";"38,22"
"07235002";"Ayl";"Gemeinden";"47,23";"46,97";"46,97"
"07235003";"Baldringen";"Gemeinden";"70,45";"70,45";"69,89"
"07235004";"Bekond";"Gemeinden";"71,39";"70,65";"69,87"
"07235005";"Bescheid";"Gemeinden";"30,39";"30,13";"29,61"
"07235008";"Beuren (Hochwald)";"Gemeinden";"24,00";"23,62";"23,41"
"07235010";"Bonerath";"Gemeinden";"40,80";"38,44";"39,15"
"07235014";"Damflos";"Gemeinden";"11,63";"12,38";"12,20"
"07235015";"Detzem";"Gemeinden";"30,94";"29,14";"28,96"
"07235019";"Ensch";"Gemeinden";"28,55";"27,82";"27,86"
"07235021";"Farschweiler";"Gemeinden";"30,74";"30,74";"30,60"
"07235022";"Fell";"Gemeinden";"23,65";"22,25";"21,74"
"07235025";"Fisch";"Gemeinden";"69,24";"69,10";"68,95"
"07235026";"Föhren";"Gemeinden";"31,56";"30,44";"30,54"
"07235027";"Franzenheim";"Gemeinden";"51,01";"50,85";"51,01"
"07235028";"Freudenburg";"Gemeinden";"48,78";"48,42";"48,06"
"07235030";"Geisfeld";"Gemeinden";"34,27";"31,57";"31,12"
"07235033";"Greimerath";"Gemeinden";"30,02";"29,04";"29,04"
"07235035";"Grimburg";"Gemeinden";"26,06";"26,35";"26,35"
"07235036";"Gusenburg";"Gemeinden";"40,68";"41,09";"41,09"
"07235037";"Gusterath";"Gemeinden";"53,86";"53,64";"53,41"
"07235038";"Gutweiler";"Gemeinden";"32,67";"31,47";"31,47"
"07235040";"Heddert";"Gemeinden";"26,94";"26,33";"26,12"
"07235043";"Hentern";"Gemeinden";"39,35";"39,02";"38,54"
"07235044";"Herl";"Gemeinden";"44,52";"44,52";"44,52"
"07235045";"Hermeskeil, Stadt";"Gemeinden";"25,15";"25,28";"25,28"
"07235046";"Hinzenburg";"Gemeinden";"23,78";"23,43";"22,03"
"07235047";"Hinzert-Pölert";"Gemeinden";"56,49";"55,46";"55,26"
"07235048";"Hockweiler";"Gemeinden";"56,25";"55,77";"55,77"
"07235050";"Holzerath";"Gemeinden";"14,73";"14,43";"13,99"
"07235051";"Igel";"Gemeinden";"49,86";"48,84";"48,29"
"07235052";"Irsch";"Gemeinden";"31,87";"31,80";"31,80"
"07235055";"Kanzem";"Gemeinden";"37,30";"38,00";"38,00"
"07235056";"Kasel";"Gemeinden";"35,10";"34,88";"34,88"
"07235057";"Kastel-Staadt";"Gemeinden";"31,83";"31,26";"31,26"
"07235058";"Kell am See";"Gemeinden";"20,56";"19,78";"19,32"
"07235060";"Kenn";"Gemeinden";"22,51";"21,48";"21,48"
"07235062";"Kirf";"Gemeinden";"71,50";"70,77";"70,77"
"07235063";"Klüsserath";"Gemeinden";"39,97";"39,28";"38,68"
"07235067";"Köwerich";"Gemeinden";"65,37";"65,37";"65,37"
"07235068";"Konz, Stadt";"Gemeinden";"35,19";"34,37";"34,33"
"07235069";"Kordel";"Gemeinden";"12,98";"13,04";"12,73"
"07235070";"Korlingen";"Gemeinden";"63,46";"63,46";"62,98"
"07235072";"Lampaden";"Gemeinden";"52,52";"51,91";"50,80"
"07235073";"Langsur";"Gemeinden";"56,63";"56,26";"55,67"
"07235074";"Leiwen";"Gemeinden";"27,22";"26,75";"25,41"
"07235077";"Longen";"Gemeinden";"48,45";"47,42";"47,42"
"07235078";"Longuich";"Gemeinden";"29,71";"29,93";"29,93"
"07235080";"Lorscheid";"Gemeinden";"45,38";"45,58";"44,60"
"07235081";"Mandern";"Gemeinden";"21,00";"21,09";"21,00"
"07235082";"Mannebach";"Gemeinden";"47,60";"47,27";"47,27"
"07235083";"Mehring";"Gemeinden";"30,49";"30,13";"30,00"
"07235085";"Mertesdorf";"Gemeinden";"28,51";"28,51";"28,35"
"07235090";"Morscheid";"Gemeinden";"44,08";"43,72";"43,53"
"07235091";"Naurath (Eifel)";"Gemeinden";"23,75";"23,94";"23,94"
"07235092";"Naurath (Wald)";"Gemeinden";"31,07";"30,54";"29,82"
"07235093";"Neuhütten";"Gemeinden";"10,47";"10,56";"9,98"
"07235094";"Newel";"Gemeinden";"64,60";"64,66";"64,36"
"07235095";"Nittel";"Gemeinden";"53,15";"52,85";"52,79"
"07235096";"Oberbillig";"Gemeinden";"46,27";"44,22";"44,59"
"07235098";"Ockfen";"Gemeinden";"57,72";"57,32";"57,32"
"07235100";"Ollmuth";"Gemeinden";"72,70";"71,68";"70,92"
"07235101";"Onsdorf";"Gemeinden";"67,05";"66,47";"66,47"
"07235103";"Osburg";"Gemeinden";"14,16";"13,76";"13,58"
"07235104";"Palzem";"Gemeinden";"63,31";"63,36";"63,36"
"07235105";"Paschel";"Gemeinden";"56,74";"56,98";"56,51"
"07235106";"Pellingen";"Gemeinden";"52,98";"52,70";"52,43"
"07235107";"Pluwig";"Gemeinden";"60,21";"59,79";"59,59"
"07235108";"Pölich";"Gemeinden";"34,27";"33,33";"33,33"
"07235111";"Ralingen";"Gemeinden";"57,42";"57,16";"56,87"
"07235112";"Rascheid";"Gemeinden";"25,96";"26,21";"26,21"
"07235114";"Reinsfeld";"Gemeinden";"35,83";"34,87";"34,87"
"07235115";"Riol";"Gemeinden";"31,27";"31,27";"31,11"
"07235116";"Riveris";"Gemeinden";"13,33";"12,38";"12,38"
"07235118";"Saarburg, Stadt";"Gemeinden";"27,10";"26,85";"26,81"
"07235119";"Schillingen";"Gemeinden";"24,04";"23,79";"23,58"
"07235120";"Schleich";"Gemeinden";"37,74";"33,33";"33,33"
"07235122";"Schoden";"Gemeinden";"27,96";"27,96";"27,57"
"07235123";"Schömerich";"Gemeinden";"54,25";"54,25";"53,44"
"07235124";"Schöndorf";"Gemeinden";"34,40";"34,70";"34,70"
"07235125";"Schweich, Stadt";"Gemeinden";"25,79";"25,71";"25,64"
"07235126";"Serrig";"Gemeinden";"21,95";"21,95";"21,89"
"07235129";"Sommerau";"Gemeinden";"40,38";"39,42";"39,42"
"07235131";"Taben-Rodt";"Gemeinden";"13,82";"14,07";"14,00"
"07235132";"Tawern";"Gemeinden";"41,21";"40,76";"40,76"
"07235133";"Temmels";"Gemeinden";"54,14";"52,93";"52,93"
"07235134";"Thörnich";"Gemeinden";"65,86";"65,46";"65,46"
"07235135";"Thomm";"Gemeinden";"45,43";"44,54";"44,54"
"07235136";"Trassem";"Gemeinden";"29,27";"26,38";"26,38"
"07235137";"Trierweiler";"Gemeinden";"57,41";"57,14";"56,98"
"07235140";"Vierherrenborn";"Gemeinden";"82,50";"82,03";"82,03"
"07235141";"Waldrach";"Gemeinden";"34,91";"34,59";"34,59"
"07235142";"Waldweiler";"Gemeinden";"26,28";"25,83";"25,38"
"07235143";"Wasserliesch";"Gemeinden";"22,43";"22,16";"22,16"
"07235144";"Wawern";"Gemeinden";"38,71";"36,81";"36,81"
"07235146";"Wellen";"Gemeinden";"39,81";"39,48";"39,48"
"07235148";"Wiltingen";"Gemeinden";"21,99";"22,74";"23,11"
"07235149";"Wincheringen";"Gemeinden";"66,68";"66,26";"66,29"
"07235151";"Zemmer";"Gemeinden";"39,50";"39,70";"39,70"
"07235152";"Zerf";"Gemeinden";"22,87";"22,87";"22,60"
"07235153";"Züsch";"Gemeinden";"31,02";"31,27";"30,65"
"07235154";"Merzkirchen";"Gemeinden";"72,77";"72,93";"72,87"
"07235207";"Trittenheim";"Gemeinden";"31,12";"30,92";"30,72"
"07235501";"Welschbillig";"Gemeinden";"62,26";"62,21";"61,66"
"07311000";"Frankenthal (Pfalz), Stadt";"Gemeinden";"58,34";"58,25";"57,91"
"07312000";"Kaiserslautern, Stadt";"Gemeinden";"8,69";"8,23";"8,22"
"07313000";"Landau in der Pfalz, Stadt";"Gemeinden";"43,66";"43,54";"42,80"
"07314000";"Ludwigshafen am Rhein, Stadt";"Gemeinden";"28,46";"28,70";"28,68"
"07315000";"Mainz, Stadt";"Gemeinden";"42,26";"41,80";"41,33"
"07316000";"Neustadt an der Weinstraße, Stadt";"Gemeinden";"35,43";"34,96";"34,96"
"07317000";"Pirmasens, Stadt";"Gemeinden";"27,44";"26,00";"25,75"
"07318000";"Speyer, Stadt";"Gemeinden";"19,78";"18,82";"18,45"
"07319000";"Worms, Stadt";"Gemeinden";"61,37";"60,45";"60,19"
"07320000";"Zweibrücken, Stadt";"Gemeinden";"46,67";"45,58";"45,60"
"07331001";"Albig";"Gemeinden";"75,00";"74,90";"75,10"
"07331002";"Alsheim";"Gemeinden";"84,75";"84,56";"84,43"
"07331003";"Alzey, Stadt";"Gemeinden";"68,68";"68,46";"68,34"
"07331004";"Armsheim";"Gemeinden";"78,91";"78,71";"78,21"
"07331005";"Bechenheim";"Gemeinden";"75,29";"75,29";"74,90"
"07331006";"Bechtheim";"Gemeinden";"86,21";"86,28";"86,13"
"07331007";"Bechtolsheim";"Gemeinden";"85,92";"85,35";"85,26"
"07331008";"Bermersheim vor der Höhe";"Gemeinden";"75,61";"75,61";"75,61"
"07331009";"Bermersheim";"Gemeinden";"87,07";"86,64";"86,64"
"07331010";"Biebelnheim";"Gemeinden";"87,10";"86,77";"86,77"
"07331011";"Hochborn";"Gemeinden";"89,61";"89,61";"88,76"
"07331012";"Bornheim";"Gemeinden";"76,85";"76,85";"76,63"
"07331014";"Dintesheim";"Gemeinden";"83,67";"83,16";"83,16"
"07331015";"Dittelsheim-Heßloch";"Gemeinden";"87,35";"86,70";"86,77"
"07331017";"Eckelsheim";"Gemeinden";"84,76";"84,55";"84,15"
"07331018";"Eich";"Gemeinden";"70,17";"66,56";"65,98"
"07331019";"Ensheim";"Gemeinden";"83,97";"83,46";"82,70"
"07331020";"Eppelsheim";"Gemeinden";"78,64";"78,99";"78,99"
"07331021";"Erbes-Büdesheim";"Gemeinden";"78,35";"77,46";"77,17"
"07331022";"Esselborn";"Gemeinden";"88,05";"88,05";"87,80"
"07331023";"Flörsheim-Dalsheim";"Gemeinden";"82,14";"81,90";"81,90"
"07331024";"Flomborn";"Gemeinden";"85,77";"85,77";"85,39"
"07331025";"Flonheim";"Gemeinden";"83,21";"83,34";"83,21"
"07331026";"Framersheim";"Gemeinden";"83,35";"82,81";"82,60"
"07331027";"Freimersheim";"Gemeinden";"82,22";"81,90";"80,34"
"07331028";"Frettenheim";"Gemeinden";"89,78";"89,78";"89,78"
"07331029";"Gabsheim";"Gemeinden";"90,00";"89,63";"89,63"
"07331030";"Gau-Bickelheim";"Gemeinden";"72,97";"71,34";"71,21"
"07331031";"Gau-Heppenheim";"Gemeinden";"88,79";"88,25";"88,25"
"07331032";"Gau-Odernheim";"Gemeinden";"86,21";"85,88";"85,55"
"07331033";"Gau-Weinheim";"Gemeinden";"84,14";"84,14";"83,63"
"07331034";"Gimbsheim";"Gemeinden";"62,09";"61,12";"60,84"
"07331035";"Gumbsheim";"Gemeinden";"85,63";"85,33";"85,33"
"07331036";"Gundersheim";"Gemeinden";"78,10";"76,71";"76,83"
"07331037";"Gundheim";"Gemeinden";"83,08";"82,00";"82,00"
"07331038";"Hamm am Rhein";"Gemeinden";"53,99";"53,36";"52,98"
"07331039";"Hangen-Weisheim";"Gemeinden";"86,09";"85,43";"85,22"
"07331041";"Hohen-Sülzen";"Gemeinden";"80,42";"80,42";"80,42"
"07331042";"Kettenheim";"Gemeinden";"82,71";"82,71";"81,84"
"07331043";"Lonsheim";"Gemeinden";"74,56";"74,56";"74,34"
"07331044";"Mauchenheim";"Gemeinden";"85,74";"85,59";"85,30"
"07331045";"Mettenheim";"Gemeinden";"83,15";"83,00";"83,00"
"07331046";"Mölsheim";"Gemeinden";"87,45";"87,45";"87,45"
"07331047";"Mörstadt";"Gemeinden";"80,96";"80,25";"80,25"
"07331048";"Monsheim";"Gemeinden";"74,09";"71,80";"72,32"
"07331049";"Monzernheim";"Gemeinden";"86,58";"86,33";"86,08"
"07331050";"Nack";"Gemeinden";"78,24";"78,06";"78,06"
"07331051";"Nieder-Wiesen";"Gemeinden";"57,26";"56,85";"56,65"
"07331052";"Ober-Flörsheim";"Gemeinden";"89,65";"88,57";"88,48"
"07331053";"Offenheim";"Gemeinden";"33,19";"33,19";"33,19"
"07331054";"Offstein";"Gemeinden";"80,67";"79,96";"79,96"
"07331055";"Osthofen, Stadt";"Gemeinden";"77,89";"77,60";"77,55"
"07331056";"Partenheim";"Gemeinden";"85,61";"84,07";"83,83"
"07331058";"Saulheim";"Gemeinden";"78,04";"77,72";"77,46"
"07331059";"Schornsheim";"Gemeinden";"86,20";"85,86";"85,86"
"07331060";"Siefersheim";"Gemeinden";"74,84";"74,84";"75,00"
"07331061";"Spiesheim";"Gemeinden";"81,81";"81,53";"81,40"
"07331062";"Stein-Bockenheim";"Gemeinden";"59,28";"58,92";"58,92"
"07331063";"Sulzheim";"Gemeinden";"83,86";"83,03";"82,70"
"07331064";"Udenheim";"Gemeinden";"88,46";"88,08";"88,08"
"07331065";"Vendersheim";"Gemeinden";"86,81";"86,57";"86,81"
"07331066";"Wachenheim";"Gemeinden";"78,03";"77,18";"76,34"
"07331067";"Wahlheim";"Gemeinden";"84,97";"84,66";"83,13"
"07331068";"Wallertheim";"Gemeinden";"82,47";"82,35";"82,10"
"07331070";"Wendelsheim";"Gemeinden";"45,06";"44,75";"44,59"
"07331071";"Westhofen";"Gemeinden";"81,81";"81,60";"81,60"
"07331072";"Wöllstein";"Gemeinden";"72,42";"71,75";"71,42"
"07331073";"Wörrstadt, Stadt";"Gemeinden";"71,52";"70,15";"69,79"
"07331075";"Wonsheim";"Gemeinden";"56,26";"56,04";"55,92"
"07332001";"Altleiningen";"Gemeinden";"19,27";"19,27";"19,27"
"07332002";"Bad Dürkheim, Stadt";"Gemeinden";"12,98";"12,98";"12,86"
"07332003";"Battenberg (Pfalz)";"Gemeinden";"21,28";"21,28";"21,28"
"07332004";"Bissersheim";"Gemeinden";"84,82";"84,82";"84,82"
"07332005";"Bobenheim am Berg";"Gemeinden";"17,35";"17,35";"16,75"
"07332006";"Bockenheim an der Weinstraße";"Gemeinden";"77,58";"78,02";"78,02"
"07332007";"Carlsberg";"Gemeinden";"15,50";"15,65";"15,65"
"07332008";"Dackenheim";"Gemeinden";"45,18";"45,05";"45,05"
"07332009";"Deidesheim, Stadt";"Gemeinden";"23,59";"23,55";"23,55"
"07332010";"Dirmstein";"Gemeinden";"85,28";"85,21";"85,28"
"07332012";"Ebertsheim";"Gemeinden";"73,53";"72,78";"72,02"
"07332013";"Ellerstadt";"Gemeinden";"64,20";"64,20";"63,88"
"07332014";"Elmstein";"Gemeinden";"1,56";"1,51";"1,44"
"07332015";"Erpolzheim";"Gemeinden";"77,50";"77,50";"75,83"
"07332016";"Esthal";"Gemeinden";"4,97";"5,03";"4,84"
"07332017";"Forst an der Weinstraße";"Gemeinden";"53,76";"53,76";"53,20"
"07332018";"Frankeneck";"Gemeinden";"0,84";"1,05";"1,05"
"07332019";"Freinsheim, Stadt";"Gemeinden";"49,52";"47,98";"47,39"
"07332020";"Friedelsheim";"Gemeinden";"80,05";"80,05";"79,81"
"07332021";"Gerolsheim";"Gemeinden";"76,30";"76,09";"76,09"
"07332022";"Gönnheim";"Gemeinden";"85,47";"85,32";"85,32"
"07332023";"Großkarlbach";"Gemeinden";"82,89";"82,32";"82,13"
"07332024";"Grünstadt, Stadt";"Gemeinden";"48,09";"47,60";"47,65"
"07332025";"Haßloch";"Gemeinden";"37,07";"36,47";"36,25"
"07332026";"Herxheim am Berg";"Gemeinden";"47,82";"47,82";"47,36"
"07332027";"Hettenleidelheim";"Gemeinden";"50,59";"50,98";"50,98"
"07332028";"Kallstadt";"Gemeinden";"38,05";"38,20";"38,05"
"07332029";"Kindenheim";"Gemeinden";"87,39";"87,28";"87,17"
"07332030";"Kirchheim an der Weinstraße";"Gemeinden";"51,11";"51,11";"50,89"
"07332031";"Kleinkarlbach";"Gemeinden";"77,70";"77,32";"77,32"
"07332032";"Lambrecht (Pfalz), Stadt";"Gemeinden";"2,76";"1,56";"1,80"
"07332033";"Laumersheim";"Gemeinden";"78,19";"77,98";"77,98"
"07332034";"Lindenberg";"Gemeinden";"2,64";"3,17";"3,17"
"07332035";"Meckenheim";"Gemeinden";"86,11";"85,98";"85,98"
"07332036";"Mertesheim";"Gemeinden";"70,00";"70,00";"70,00"
"07332037";"Neidenfels";"Gemeinden";"0,30";"0,30";"0,30"
"07332038";"Neuleiningen";"Gemeinden";"37,42";"37,31";"37,31"
"07332039";"Niederkirchen bei Deidesheim";"Gemeinden";"73,28";"73,28";"72,22"
"07332040";"Obersülzen";"Gemeinden";"82,67";"82,67";"82,67"
"07332041";"Obrigheim (Pfalz)";"Gemeinden";"76,97";"76,78";"76,78"
"07332042";"Quirnheim";"Gemeinden";"82,25";"82,25";"82,25"
"07332043";"Ruppertsberg";"Gemeinden";"61,29";"61,17";"61,17"
"07332044";"Tiefenthal";"Gemeinden";"80,76";"80,52";"80,29"
"07332046";"Wachenheim an der Weinstraße, Stadt";"Gemeinden";"20,10";"20,18";"20,06"
"07332047";"Wattenheim";"Gemeinden";"22,71";"22,71";"22,71"
"07332048";"Weidenthal";"Gemeinden";"3,66";"3,45";"3,45"
"07332049";"Weisenheim am Berg";"Gemeinden";"32,14";"32,14";"31,92"
"07332050";"Weisenheim am Sand";"Gemeinden";"58,85";"58,78";"57,98"
"07333001";"Albisheim (Pfrimm)";"Gemeinden";"83,89";"83,52";"82,22"
"07333003";"Alsenz";"Gemeinden";"52,33";"50,23";"50,16"
"07333004";"Bayerfeld-Steckweiler";"Gemeinden";"56,69";"55,65";"55,53"
"07333005";"Bennhausen";"Gemeinden";"85,81";"81,76";"80,41"
"07333006";"Biedesheim";"Gemeinden";"90,66";"90,66";"90,35"
"07333007";"Bischheim";"Gemeinden";"79,43";"79,43";"78,37"
"07333008";"Bisterschied";"Gemeinden";"69,51";"68,93";"68,54"
"07333009";"Börrstadt";"Gemeinden";"45,46";"45,33";"45,00"
"07333010";"Bolanden";"Gemeinden";"45,24";"44,95";"44,44"
"07333011";"Breunigweiler";"Gemeinden";"77,78";"77,16";"76,85"
"07333012";"Bubenheim";"Gemeinden";"85,71";"86,05";"86,05"
"07333013";"Dannenfels";"Gemeinden";"24,21";"22,24";"21,29"
"07333014";"Dielkirchen";"Gemeinden";"59,01";"57,28";"57,16"
"07333016";"Dörrmoschel";"Gemeinden";"88,50";"88,15";"88,15"
"07333017";"Dreisen";"Gemeinden";"82,17";"80,62";"79,62"
"07333018";"Einselthum";"Gemeinden";"88,57";"88,93";"88,93"
"07333019";"Eisenberg (Pfalz), Stadt";"Gemeinden";"21,33";"19,89";"19,31"
"07333020";"Falkenstein";"Gemeinden";"30,84";"29,37";"26,70"
"07333021";"Finkenbach-Gersweiler";"Gemeinden";"63,26";"62,61";"62,35"
"07333022";"Gauersheim";"Gemeinden";"87,24";"86,29";"86,10"
"07333023";"Gaugrehweiler";"Gemeinden";"60,58";"59,58";"57,76"
"07333024";"Gehrweiler";"Gemeinden";"46,70";"45,23";"44,99"
"07333025";"Gerbach";"Gemeinden";"71,86";"70,90";"69,95"
"07333026";"Göllheim";"Gemeinden";"51,83";"51,78";"51,61"
"07333027";"Gonbach";"Gemeinden";"70,41";"69,39";"69,05"
"07333028";"Gundersweiler";"Gemeinden";"49,62";"49,23";"49,33"
"07333030";"Höringen";"Gemeinden";"49,21";"48,46";"48,00"
"07333031";"Ilbesheim";"Gemeinden";"87,07";"86,91";"86,42"
"07333032";"Immesheim";"Gemeinden";"83,28";"78,26";"75,92"
"07333033";"Imsbach";"Gemeinden";"32,88";"32,55";"32,21"
"07333034";"Imsweiler";"Gemeinden";"57,98";"57,27";"56,42"
"07333035";"Jakobsweiler";"Gemeinden";"86,31";"77,18";"74,69"
"07333036";"Kalkofen";"Gemeinden";"71,58";"68,31";"67,21"
"07333037";"Katzenbach";"Gemeinden";"70,08";"68,93";"69,26"
"07333038";"Kerzenheim";"Gemeinden";"42,20";"41,48";"41,31"
"07333039";"Kirchheimbolanden, Stadt";"Gemeinden";"24,17";"23,33";"22,15"
"07333040";"Kriegsfeld";"Gemeinden";"36,35";"36,20";"35,48"
"07333041";"Lautersheim";"Gemeinden";"86,52";"85,98";"85,44"
"07333042";"Lohnsfeld";"Gemeinden";"72,46";"72,17";"71,59"
"07333043";"Mannweiler-Cölln";"Gemeinden";"61,43";"60,41";"60,00"
"07333045";"Marnheim";"Gemeinden";"79,60";"78,99";"78,29"
"07333046";"Mörsfeld";"Gemeinden";"76,76";"75,81";"75,43"
"07333047";"Morschheim";"Gemeinden";"86,18";"86,02";"85,25"
"07333048";"Münchweiler an der Alsenz";"Gemeinden";"49,08";"48,66";"48,52"
"07333049";"Münsterappel";"Gemeinden";"67,61";"66,82";"64,93"
"07333050";"Niederhausen an der Appel";"Gemeinden";"72,34";"71,43";"70,15"
"07333051";"Niedermoschel";"Gemeinden";"70,95";"69,44";"69,29"
"07333053";"Oberhausen an der Appel";"Gemeinden";"84,08";"82,58";"81,38"
"07333054";"Obermoschel, Stadt";"Gemeinden";"49,85";"48,77";"48,37"
"07333055";"Oberndorf";"Gemeinden";"70,00";"67,86";"68,21"
"07333056";"Oberwiesen";"Gemeinden";"28,57";"28,57";"27,95"
"07333057";"Orbis";"Gemeinden";"60,92";"60,74";"60,74"
"07333058";"Ottersheim";"Gemeinden";"82,48";"82,12";"82,12"
"07333060";"Ramsen";"Gemeinden";"13,45";"12,97";"12,90"
"07333061";"Ransweiler";"Gemeinden";"77,66";"77,24";"77,04"
"07333062";"Rittersheim";"Gemeinden";"91,14";"90,89";"90,89"
"07333064";"Rüssingen";"Gemeinden";"77,69";"77,48";"77,07"
"07333065";"Ruppertsecken";"Gemeinden";"31,81";"31,50";"31,07"
"07333066";"Sankt Alban";"Gemeinden";"81,68";"80,40";"79,12"
"07333067";"Schiersfeld";"Gemeinden";"64,36";"63,93";"63,93"
"07333068";"Schönborn";"Gemeinden";"80,46";"79,69";"79,31"
"07333069";"Schweisweiler";"Gemeinden";"50,93";"50,10";"45,68"
"07333071";"Sippersfeld";"Gemeinden";"31,34";"30,66";"30,36"
"07333072";"Sitters";"Gemeinden";"61,22";"60,46";"60,46"
"07333073";"Stahlberg";"Gemeinden";"20,85";"20,85";"20,85"
"07333074";"Standenbühl";"Gemeinden";"71,20";"71,20";"72,80"
"07333075";"Steinbach am Donnersberg";"Gemeinden";"78,78";"78,56";"76,98"
"07333076";"Stetten";"Gemeinden";"90,06";"89,60";"89,14"
"07333077";"Teschenmoschel";"Gemeinden";"77,75";"77,21";"77,21"
"07333078";"Unkenbach";"Gemeinden";"66,41";"65,62";"65,43"
"07333079";"Waldgrehweiler";"Gemeinden";"65,50";"65,12";"64,86"
"07333080";"Wartenberg-Rohrbach";"Gemeinden";"49,33";"48,44";"48,44"
"07333081";"Weitersweiler";"Gemeinden";"79,87";"80,09";"79,65"
"07333083";"Winterborn";"Gemeinden";"36,69";"36,45";"35,98"
"07333084";"Würzweiler";"Gemeinden";"81,90";"80,60";"80,17"
"07333201";"Rathskirchen";"Gemeinden";"70,31";"69,14";"69,14"
"07333202";"Reichsthal";"Gemeinden";"83,41";"83,41";"82,95"
"07333203";"Seelen";"Gemeinden";"75,32";"75,32";"75,00"
"07333501";"Zellertal";"Gemeinden";"81,27";"81,27";"80,84"
"07333502";"Rockenhausen, Stadt";"Gemeinden";"40,18";"38,77";"38,31"
"07333503";"Winnweiler";"Gemeinden";"57,25";"56,79";"56,01"
"07334001";"Bellheim";"Gemeinden";"38,52";"37,69";"38,03"
"07334002";"Berg (Pfalz)";"Gemeinden";"58,14";"57,54";"55,18"
"07334004";"Erlenbach bei Kandel";"Gemeinden";"63,07";"62,89";"62,52"
"07334005";"Freckenfeld";"Gemeinden";"72,08";"71,99";"71,72"
"07334006";"Freisbach";"Gemeinden";"69,22";"69,82";"69,22"
"07334007";"Germersheim, Stadt";"Gemeinden";"20,62";"20,85";"20,80"
"07334008";"Hagenbach, Stadt";"Gemeinden";"40,10";"38,52";"37,26"
"07334009";"Hatzenbühl";"Gemeinden";"60,95";"60,57";"60,44"
"07334011";"Hördt";"Gemeinden";"38,66";"38,49";"38,49"
"07334012";"Jockgrim";"Gemeinden";"43,30";"41,32";"40,92"
"07334013";"Kandel, Stadt";"Gemeinden";"47,58";"47,06";"46,72"
"07334014";"Knittelsheim";"Gemeinden";"66,72";"66,41";"66,56"
"07334015";"Kuhardt";"Gemeinden";"57,17";"57,17";"57,17"
"07334016";"Leimersheim";"Gemeinden";"48,96";"48,19";"47,65"
"07334017";"Lingenfeld";"Gemeinden";"25,44";"25,18";"25,05"
"07334018";"Lustadt";"Gemeinden";"43,24";"43,28";"43,11"
"07334020";"Minfeld";"Gemeinden";"83,59";"83,59";"83,12"
"07334021";"Neuburg am Rhein";"Gemeinden";"51,38";"49,82";"47,05"
"07334022";"Neupotz";"Gemeinden";"54,10";"48,33";"48,21"
"07334023";"Ottersheim bei Landau";"Gemeinden";"68,69";"68,82";"68,82"
"07334024";"Rheinzabern";"Gemeinden";"60,45";"57,32";"57,09"
"07334025";"Rülzheim";"Gemeinden";"43,58";"43,40";"43,28"
"07334027";"Scheibenhardt";"Gemeinden";"43,06";"42,36";"42,36"
"07334028";"Schwegenheim";"Gemeinden";"55,75";"55,09";"54,85"
"07334030";"Steinweiler";"Gemeinden";"63,30";"63,22";"63,22"
"07334031";"Vollmersweiler";"Gemeinden";"86,70";"86,24";"86,24"
"07334032";"Weingarten (Pfalz)";"Gemeinden";"72,11";"71,66";"71,51"
"07334033";"Westheim (Pfalz)";"Gemeinden";"42,22";"42,50";"42,50"
"07334034";"Winden";"Gemeinden";"71,03";"70,72";"70,09"
"07334036";"Zeiskam";"Gemeinden";"53,22";"53,11";"52,20"
"07334501";"Wörth am Rhein, Stadt";"Gemeinden";"9,78";"10,13";"9,67"
"07335002";"Bann";"Gemeinden";"26,66";"25,66";"25,35"
"07335003";"Bruchmühlbach-Miesau";"Gemeinden";"36,61";"35,16";"35,16"
"07335004";"Enkenbach-Alsenborn";"Gemeinden";"23,15";"22,62";"22,02"
"07335005";"Erzenhausen";"Gemeinden";"50,44";"48,85";"48,49"
"07335006";"Eulenbis";"Gemeinden";"52,64";"51,13";"50,88"
"07335007";"Fischbach";"Gemeinden";"14,74";"14,01";"13,88"
"07335009";"Frankelbach";"Gemeinden";"34,59";"31,95";"31,57"
"07335010";"Frankenstein";"Gemeinden";"1,88";"1,38";"1,23"
"07335011";"Gerhardsbrunn";"Gemeinden";"52,79";"51,69";"51,39"
"07335012";"Hauptstuhl";"Gemeinden";"22,60";"21,80";"21,20"
"07335013";"Heiligenmoschel";"Gemeinden";"64,63";"63,82";"63,71"
"07335014";"Hirschhorn/ Pfalz";"Gemeinden";"65,36";"62,65";"61,75"
"07335015";"Hochspeyer";"Gemeinden";"5,85";"5,15";"4,97"
"07335016";"Hütschenhausen";"Gemeinden";"67,44";"66,39";"65,78"
"07335017";"Katzweiler";"Gemeinden";"66,67";"66,14";"65,92"
"07335018";"Kindsbach";"Gemeinden";"7,72";"6,70";"6,58"
"07335019";"Kollweiler";"Gemeinden";"63,20";"61,94";"62,30"
"07335020";"Kottweiler-Schwanden";"Gemeinden";"50,99";"49,80";"46,25"
"07335021";"Krickenbach";"Gemeinden";"25,22";"24,03";"23,73"
"07335022";"Landstuhl, Sickingenstadt, Stadt";"Gemeinden";"9,84";"9,00";"8,21"
"07335023";"Linden";"Gemeinden";"32,81";"29,08";"28,49"
"07335024";"Mackenbach";"Gemeinden";"21,47";"21,47";"21,19"
"07335025";"Mehlbach";"Gemeinden";"37,98";"36,77";"37,10"
"07335026";"Mehlingen";"Gemeinden";"36,72";"36,26";"36,26"
"07335027";"Mittelbrunn";"Gemeinden";"49,78";"49,00";"48,88"
"07335028";"Neuhemsbach";"Gemeinden";"30,63";"29,28";"28,53"
"07335029";"Niederkirchen";"Gemeinden";"71,33";"71,17";"69,57"
"07335030";"Niedermohr";"Gemeinden";"63,37";"61,06";"60,81"
"07335031";"Oberarnbach";"Gemeinden";"60,24";"57,48";"56,89"
"07335033";"Olsbrücken";"Gemeinden";"49,52";"47,16";"46,89"
"07335034";"Otterbach";"Gemeinden";"49,19";"47,90";"47,90"
"07335035";"Otterberg, Stadt";"Gemeinden";"20,80";"20,18";"20,09"
"07335037";"Queidersbach";"Gemeinden";"26,37";"24,88";"24,54"
"07335038";"Ramstein-Miesenbach, Stadt";"Gemeinden";"18,65";"17,48";"17,28"
"07335040";"Rodenbach";"Gemeinden";"27,24";"26,95";"26,80"
"07335041";"Schallodenbach";"Gemeinden";"86,60";"86,46";"86,04"
"07335042";"Schneckenhausen";"Gemeinden";"84,14";"82,80";"82,26"
"07335043";"Schwedelbach";"Gemeinden";"52,79";"51,72";"51,49"
"07335044";"Steinwenden";"Gemeinden";"58,28";"56,59";"56,25"
"07335045";"Stelzenberg";"Gemeinden";"11,58";"9,85";"9,85"
"07335046";"Sulzbachtal";"Gemeinden";"52,24";"49,55";"49,40"
"07335047";"Trippstadt";"Gemeinden";"8,05";"7,55";"7,55"
"07335048";"Waldleiningen";"Gemeinden";"3,03";"3,03";"2,92"
"07335049";"Weilerbach";"Gemeinden";"32,65";"32,40";"30,77"
"07335201";"Lambsborn";"Gemeinden";"54,76";"53,91";"53,91"
"07335202";"Langwieden";"Gemeinden";"44,44";"43,45";"43,45"
"07335203";"Martinshöhe";"Gemeinden";"69,35";"68,25";"68,07"
"07335204";"Schopp";"Gemeinden";"10,57";"9,78";"9,60"
"07335205";"Sembach";"Gemeinden";"48,73";"47,27";"44,73"
"07335501";"Reichenbach-Steegen";"Gemeinden";"64,04";"62,76";"62,50"
"07336001";"Adenbach";"Gemeinden";"57,82";"57,48";"57,14"
"07336002";"Albessen";"Gemeinden";"61,40";"61,40";"60,95"
"07336003";"Altenglan";"Gemeinden";"39,04";"36,69";"36,62"
"07336004";"Altenkirchen";"Gemeinden";"56,06";"49,53";"49,69"
"07336005";"Aschbach";"Gemeinden";"48,31";"47,87";"47,64"
"07336006";"Blaubach";"Gemeinden";"59,42";"58,79";"58,79"
"07336008";"Börsborn";"Gemeinden";"68,21";"67,18";"66,67"
"07336009";"Bosenbach";"Gemeinden";"41,65";"39,80";"39,93"
"07336010";"Breitenbach";"Gemeinden";"60,29";"60,29";"58,16"
"07336011";"Brücken (Pfalz)";"Gemeinden";"50,99";"47,29";"47,41"
"07336012";"Buborn";"Gemeinden";"68,42";"68,42";"68,07"
"07336013";"Cronenberg";"Gemeinden";"56,60";"56,23";"55,85"
"07336014";"Deimberg";"Gemeinden";"74,06";"74,06";"73,58"
"07336015";"Dennweiler-Frohnbach";"Gemeinden";"51,88";"50,57";"50,25"
"07336016";"Dittweiler";"Gemeinden";"55,24";"46,54";"46,71"
"07336017";"Dunzweiler";"Gemeinden";"36,59";"32,25";"32,43"
"07336018";"Ehweiler";"Gemeinden";"66,39";"65,83";"65,55"
"07336019";"Einöllen";"Gemeinden";"68,92";"68,30";"66,87"
"07336021";"Elzweiler";"Gemeinden";"34,45";"34,93";"34,45"
"07336022";"Erdesbach";"Gemeinden";"34,10";"32,82";"32,82"
"07336023";"Eßweiler";"Gemeinden";"38,07";"38,32";"38,20"
"07336024";"Etschberg";"Gemeinden";"50,43";"46,96";"46,96"
"07336025";"Föckelberg";"Gemeinden";"40,30";"38,54";"38,54"
"07336027";"Frohnhofen";"Gemeinden";"58,14";"55,30";"55,30"
"07336029";"Ginsweiler";"Gemeinden";"51,13";"51,13";"50,88"
"07336030";"Glanbrücken";"Gemeinden";"54,51";"53,86";"53,00"
"07336031";"Glan-Münchweiler";"Gemeinden";"50,92";"48,41";"48,41"
"07336032";"Gries";"Gemeinden";"57,57";"54,34";"54,59"
"07336033";"Grumbach";"Gemeinden";"52,99";"51,80";"51,50"
"07336034";"Haschbach am Remigiusberg";"Gemeinden";"54,98";"52,49";"51,99"
"07336035";"Hausweiler";"Gemeinden";"54,49";"54,49";"54,49"
"07336036";"Hefersweiler";"Gemeinden";"63,19";"62,50";"62,22"
"07336037";"Henschtal";"Gemeinden";"64,45";"63,58";"63,58"
"07336038";"Heinzenhausen";"Gemeinden";"42,08";"40,27";"40,27"
"07336039";"Herchweiler";"Gemeinden";"51,58";"49,82";"50,18"
"07336040";"Herren-Sulzbach";"Gemeinden";"73,29";"72,95";"72,95"
"07336041";"Herschweiler-Pettersheim";"Gemeinden";"56,36";"56,22";"54,48"
"07336042";"Hinzweiler";"Gemeinden";"37,97";"36,84";"36,47"
"07336043";"Hohenöllen";"Gemeinden";"52,52";"51,16";"50,97"
"07336044";"Homberg";"Gemeinden";"39,07";"44,26";"37,98"
"07336045";"Hoppstädten";"Gemeinden";"50,56";"50,24";"50,24"
"07336046";"Horschbach";"Gemeinden";"56,68";"55,11";"54,69"
"07336047";"Hüffler";"Gemeinden";"76,99";"76,44";"76,71"
"07336048";"Jettenbach";"Gemeinden";"44,63";"41,11";"41,31"
"07336049";"Kappeln";"Gemeinden";"66,41";"66,28";"66,28"
"07336050";"Kirrweiler";"Gemeinden";"43,24";"43,24";"42,92"
"07336051";"Körborn";"Gemeinden";"56,66";"55,46";"55,29"
"07336052";"Konken";"Gemeinden";"67,76";"67,33";"67,19"
"07336053";"Kreimbach-Kaulbach";"Gemeinden";"39,98";"38,32";"37,21"
"07336054";"Krottelbach";"Gemeinden";"56,94";"55,50";"55,22"
"07336055";"Kusel, Stadt";"Gemeinden";"44,05";"42,31";"42,24"
"07336056";"Langenbach";"Gemeinden";"57,06";"55,84";"55,99"
"07336057";"Langweiler";"Gemeinden";"36,06";"35,34";"35,10"
"07336058";"Lauterecken, Stadt";"Gemeinden";"35,66";"35,10";"34,65"
"07336060";"Lohnweiler";"Gemeinden";"41,30";"40,49";"40,28"
"07336061";"Medard";"Gemeinden";"54,35";"53,85";"53,68"
"07336062";"Merzweiler";"Gemeinden";"63,00";"63,44";"64,32"
"07336064";"Nanzdietschweiler";"Gemeinden";"60,96";"59,12";"58,72"
"07336065";"Nerzweiler";"Gemeinden";"58,22";"57,75";"57,75"
"07336066";"Neunkirchen am Potzberg";"Gemeinden";"54,29";"52,30";"52,30"
"07336067";"Niederalben";"Gemeinden";"15,37";"17,63";"17,63"
"07336068";"Niederstaufenbach";"Gemeinden";"55,22";"52,48";"53,47"
"07336069";"Nußbach";"Gemeinden";"61,90";"61,28";"61,28"
"07336070";"Oberalben";"Gemeinden";"52,49";"51,96";"51,78"
"07336071";"Oberstaufenbach";"Gemeinden";"61,19";"60,07";"59,70"
"07336072";"Oberweiler im Tal";"Gemeinden";"50,96";"49,26";"49,26"
"07336073";"Oberweiler-Tiefenbach";"Gemeinden";"58,57";"55,76";"55,14"
"07336074";"Odenbach";"Gemeinden";"54,79";"53,65";"53,40"
"07336075";"Offenbach-Hundheim";"Gemeinden";"55,03";"54,01";"54,01"
"07336076";"Ohmbach";"Gemeinden";"60,77";"56,15";"55,90"
"07336077";"Pfeffelbach";"Gemeinden";"46,28";"45,57";"45,48"
"07336079";"Rammelsbach";"Gemeinden";"42,05";"37,50";"37,50"
"07336081";"Rathsweiler";"Gemeinden";"37,35";"35,70";"35,46"
"07336082";"Rehweiler";"Gemeinden";"61,57";"61,13";"60,98"
"07336084";"Reichweiler";"Gemeinden";"33,59";"33,33";"32,30"
"07336085";"Reipoltskirchen";"Gemeinden";"47,40";"46,86";"46,60"
"07336086";"Relsberg";"Gemeinden";"81,41";"81,41";"79,00"
"07336087";"Rothselberg";"Gemeinden";"68,23";"67,31";"67,31"
"07336088";"Ruthweiler";"Gemeinden";"49,55";"47,73";"48,04"
"07336089";"Rutsweiler am Glan";"Gemeinden";"25,16";"22,64";"22,64"
"07336090";"Rutsweiler an der Lauter";"Gemeinden";"45,24";"42,23";"41,76"
"07336091";"Schellweiler";"Gemeinden";"65,66";"64,27";"64,04"
"07336092";"Schönenberg-Kübelberg";"Gemeinden";"33,78";"32,71";"32,71"
"07336094";"Selchenbach";"Gemeinden";"73,33";"72,92";"72,71"
"07336095";"Sankt Julian";"Gemeinden";"37,69";"36,48";"36,62"
"07336096";"Steinbach am Glan";"Gemeinden";"64,96";"62,63";"62,48"
"07336097";"Thallichtenberg";"Gemeinden";"48,60";"47,90";"47,38"
"07336098";"Theisbergstegen";"Gemeinden";"48,00";"46,40";"46,40"
"07336099";"Ulmet";"Gemeinden";"49,58";"47,75";"47,75"
"07336100";"Unterjeckenbach";"Gemeinden";"37,27";"37,27";"37,53"
"07336101";"Wahnwegen";"Gemeinden";"58,84";"57,76";"57,11"
"07336102";"Waldmohr, Stadt";"Gemeinden";"31,08";"29,39";"29,32"
"07336103";"Welchweiler";"Gemeinden";"43,68";"41,95";"40,80"
"07336104";"Wiesweiler";"Gemeinden";"55,86";"55,86";"55,86"
"07336105";"Wolfstein, Stadt";"Gemeinden";"36,22";"33,75";"33,62"
"07336106";"Bedesbach";"Gemeinden";"40,18";"38,15";"38,15"
"07336107";"Matzenbach";"Gemeinden";"56,74";"55,89";"55,74"
"07336501";"Quirnbach/ Pfalz";"Gemeinden";"55,25";"53,44";"53,61"
"07337001";"Albersweiler";"Gemeinden";"13,18";"13,36";"13,36"
"07337002";"Altdorf";"Gemeinden";"65,46";"64,68";"64,68"
"07337005";"Bad Bergzabern, Stadt";"Gemeinden";"15,03";"14,85";"14,47"
"07337006";"Barbelroth";"Gemeinden";"79,75";"79,51";"79,26"
"07337007";"Billigheim-Ingenheim";"Gemeinden";"79,91";"79,87";"79,56"
"07337008";"Birkenhördt";"Gemeinden";"12,59";"12,47";"12,47"
"07337009";"Birkweiler";"Gemeinden";"28,54";"28,14";"27,94"
"07337011";"Böbingen";"Gemeinden";"73,23";"73,08";"73,08"
"07337012";"Böchingen";"Gemeinden";"40,56";"40,56";"40,37"
"07337013";"Böllenborn";"Gemeinden";"8,76";"8,76";"8,27"
"07337014";"Bornheim";"Gemeinden";"64,79";"64,51";"64,51"
"07337015";"Burrweiler";"Gemeinden";"24,76";"24,92";"24,92"
"07337017";"Dernbach";"Gemeinden";"22,28";"22,28";"22,02"
"07337018";"Dierbach";"Gemeinden";"86,50";"86,31";"86,31"
"07337019";"Dörrenbach";"Gemeinden";"40,63";"40,73";"40,63"
"07337020";"Edenkoben, Stadt";"Gemeinden";"20,18";"20,12";"20,12"
"07337021";"Edesheim";"Gemeinden";"42,10";"42,10";"42,10"
"07337022";"Eschbach";"Gemeinden";"26,50";"26,23";"25,68"
"07337023";"Essingen";"Gemeinden";"67,08";"66,55";"66,55"
"07337024";"Eußerthal";"Gemeinden";"11,83";"11,83";"11,67"
"07337025";"Flemlingen";"Gemeinden";"47,29";"47,03";"47,03"
"07337026";"Frankweiler";"Gemeinden";"24,14";"24,14";"24,14"
"07337027";"Freimersheim (Pfalz)";"Gemeinden";"81,56";"81,19";"81,19"
"07337028";"Gleisweiler";"Gemeinden";"18,77";"18,77";"18,77"
"07337029";"Gleiszellen-Gleishorbach";"Gemeinden";"30,08";"30,08";"29,89"
"07337031";"Göcklingen";"Gemeinden";"83,91";"83,63";"83,22"
"07337032";"Gommersheim";"Gemeinden";"51,59";"51,15";"51,15"
"07337033";"Gossersweiler-Stein";"Gemeinden";"23,00";"22,65";"22,42"
"07337035";"Großfischlingen";"Gemeinden";"81,21";"79,58";"78,89"
"07337036";"Hainfeld";"Gemeinden";"31,57";"31,41";"31,41"
"07337037";"Hergersweiler";"Gemeinden";"83,89";"83,89";"83,89"
"07337038";"Herxheim bei Landau/ Pfalz";"Gemeinden";"60,38";"60,18";"60,08"
"07337039";"Herxheimweyher";"Gemeinden";"62,18";"62,18";"61,90"
"07337040";"Heuchelheim-Klingen";"Gemeinden";"78,05";"78,05";"77,51"
"07337041";"Hochstadt (Pfalz)";"Gemeinden";"62,89";"62,76";"62,37"
"07337042";"Ilbesheim bei Landau in der Pfalz";"Gemeinden";"61,94";"62,27";"62,11"
"07337043";"Impflingen";"Gemeinden";"83,40";"80,69";"80,31"
"07337044";"Insheim";"Gemeinden";"59,75";"59,62";"59,38"
"07337045";"Kapellen-Drusweiler";"Gemeinden";"81,80";"81,28";"81,11"
"07337046";"Kapsweyer";"Gemeinden";"45,52";"45,52";"45,28"
"07337047";"Kirrweiler (Pfalz)";"Gemeinden";"47,47";"47,07";"47,00"
"07337048";"Kleinfischlingen";"Gemeinden";"84,58";"83,79";"83,79"
"07337049";"Klingenmünster";"Gemeinden";"21,16";"20,97";"20,88"
"07337050";"Knöringen";"Gemeinden";"74,21";"73,81";"73,81"
"07337051";"Leinsweiler";"Gemeinden";"25,34";"25,34";"24,83"
"07337052";"Maikammer";"Gemeinden";"24,65";"23,99";"23,77"
"07337054";"Münchweiler am Klingbach";"Gemeinden";"10,28";"9,81";"9,35"
"07337055";"Niederhorbach";"Gemeinden";"83,33";"83,33";"83,10"
"07337056";"Niederotterbach";"Gemeinden";"84,08";"84,36";"84,08"
"07337058";"Oberhausen";"Gemeinden";"86,00";"86,00";"86,00"
"07337059";"Oberotterbach";"Gemeinden";"38,69";"38,56";"38,36"
"07337060";"Oberschlettenbach";"Gemeinden";"23,58";"22,05";"22,27"
"07337061";"Offenbach an der Queich";"Gemeinden";"60,66";"60,72";"60,52"
"07337062";"Pleisweiler-Oberhofen";"Gemeinden";"47,52";"47,33";"46,73"
"07337064";"Ramberg";"Gemeinden";"12,26";"12,39";"12,39"
"07337065";"Ranschbach";"Gemeinden";"57,14";"56,30";"55,46"
"07337066";"Rhodt unter Rietburg";"Gemeinden";"24,45";"24,45";"24,45"
"07337067";"Rinnthal";"Gemeinden";"3,91";"3,91";"3,98"
"07337068";"Rohrbach";"Gemeinden";"69,95";"69,62";"69,51"
"07337069";"Roschbach";"Gemeinden";"39,42";"39,42";"39,13"
"07337070";"Sankt Martin";"Gemeinden";"17,32";"17,05";"17,05"
"07337071";"Schweigen-Rechtenbach";"Gemeinden";"21,55";"21,42";"21,42"
"07337072";"Schweighofen";"Gemeinden";"73,11";"73,37";"72,75"
"07337073";"Siebeldingen";"Gemeinden";"26,40";"25,58";"25,58"
"07337074";"Silz";"Gemeinden";"13,88";"12,82";"12,94"
"07337076";"Steinfeld";"Gemeinden";"31,63";"31,63";"31,03"
"07337077";"Venningen";"Gemeinden";"64,00";"63,39";"63,29"
"07337078";"Völkersweiler";"Gemeinden";"42,44";"42,44";"42,20"
"07337079";"Vorderweidenthal";"Gemeinden";"13,74";"13,64";"13,64"
"07337080";"Waldhambach";"Gemeinden";"8,67";"8,67";"8,67"
"07337081";"Waldrohrbach";"Gemeinden";"16,61";"16,95";"16,78"
"07337082";"Walsheim";"Gemeinden";"50,49";"49,90";"49,90"
"07337083";"Wernersberg";"Gemeinden";"20,30";"20,42";"19,93"
"07337084";"Weyher in der Pfalz";"Gemeinden";"17,44";"17,44";"17,44"
"07337501";"Annweiler am Trifels, Stadt";"Gemeinden";"12,34";"12,44";"12,11"
"07338001";"Altrip";"Gemeinden";"27,03";"27,41";"27,22"
"07338002";"Beindersheim";"Gemeinden";"73,82";"73,65";"73,82"
"07338003";"Birkenheide";"Gemeinden";"42,32";"40,96";"39,93"
"07338004";"Bobenheim-Roxheim";"Gemeinden";"55,73";"55,24";"54,22"
"07338005";"Böhl-Iggelheim";"Gemeinden";"40,02";"39,90";"39,90"
"07338006";"Dannstadt-Schauernheim";"Gemeinden";"74,48";"74,08";"73,75"
"07338007";"Dudenhofen";"Gemeinden";"32,90";"31,43";"31,35"
"07338008";"Fußgönheim";"Gemeinden";"68,27";"67,22";"67,37"
"07338009";"Großniedesheim";"Gemeinden";"76,46";"76,46";"76,46"
"07338010";"Hanhofen";"Gemeinden";"45,69";"44,14";"44,14"
"07338011";"Harthausen";"Gemeinden";"62,96";"62,49";"62,49"
"07338012";"Heßheim";"Gemeinden";"64,01";"65,57";"64,88"
"07338013";"Heuchelheim bei Frankenthal";"Gemeinden";"82,12";"82,12";"82,12"
"07338014";"Hochdorf-Assenheim";"Gemeinden";"78,68";"78,68";"78,58"
"07338015";"Kleinniedesheim";"Gemeinden";"85,05";"84,79";"85,05"
"07338016";"Lambsheim";"Gemeinden";"72,39";"70,43";"70,20"
"07338017";"Limburgerhof";"Gemeinden";"44,00";"43,78";"44,00"
"07338018";"Maxdorf";"Gemeinden";"46,26";"46,26";"45,44"
"07338019";"Mutterstadt";"Gemeinden";"66,24";"65,22";"64,44"
"07338020";"Neuhofen";"Gemeinden";"62,36";"62,20";"62,20"
"07338021";"Otterstadt";"Gemeinden";"34,93";"35,19";"34,93"
"07338022";"Rödersheim-Gronau";"Gemeinden";"81,55";"81,55";"81,31"
"07338023";"Römerberg";"Gemeinden";"55,83";"54,94";"54,79"
"07338025";"Schifferstadt, Stadt";"Gemeinden";"32,82";"32,00";"31,97"
"07338026";"Waldsee";"Gemeinden";"54,64";"55,10";"54,87"
"07339001";"Appenheim";"Gemeinden";"78,08";"77,94";"77,65"
"07339002";"Aspisheim";"Gemeinden";"81,07";"80,72";"80,55"
"07339003";"Bacharach, Stadt";"Gemeinden";"28,95";"28,61";"28,31"
"07339004";"Badenheim";"Gemeinden";"82,91";"82,68";"82,68"
"07339005";"Bingen am Rhein, Stadt";"Gemeinden";"49,56";"49,15";"48,99"
"07339006";"Bodenheim";"Gemeinden";"70,74";"70,29";"69,77"
"07339007";"Breitscheid";"Gemeinden";"25,42";"25,24";"25,24"
"07339008";"Bubenheim";"Gemeinden";"85,84";"85,62";"85,16"
"07339009";"Budenheim";"Gemeinden";"12,54";"10,37";"10,56"
"07339010";"Dalheim";"Gemeinden";"86,44";"85,96";"85,96"
"07339011";"Dexheim";"Gemeinden";"82,95";"82,25";"82,25"
"07339012";"Dienheim";"Gemeinden";"78,00";"77,60";"77,70"
"07339013";"Dolgesheim";"Gemeinden";"87,79";"87,33";"87,33"
"07339015";"Eimsheim";"Gemeinden";"88,29";"88,29";"88,29"
"07339016";"Engelstadt";"Gemeinden";"87,37";"86,98";"86,47"
"07339017";"Essenheim";"Gemeinden";"84,11";"84,02";"83,63"
"07339018";"Friesenheim";"Gemeinden";"86,46";"85,59";"85,30"
"07339019";"Gau-Algesheim, Stadt";"Gemeinden";"66,83";"66,40";"66,12"
"07339020";"Gau-Bischofsheim";"Gemeinden";"69,01";"67,96";"67,61"
"07339021";"Gensingen";"Gemeinden";"58,26";"57,80";"56,31"
"07339022";"Grolsheim";"Gemeinden";"61,89";"61,64";"57,03"
"07339024";"Guntersblum";"Gemeinden";"78,04";"77,26";"77,26"
"07339025";"Hahnheim";"Gemeinden";"81,53";"78,56";"78,56"
"07339026";"Harxheim";"Gemeinden";"71,79";"71,51";"71,51"
"07339028";"Hillesheim";"Gemeinden";"84,66";"84,30";"84,30"
"07339029";"Horrweiler";"Gemeinden";"84,97";"84,28";"84,28"
"07339030";"Ingelheim am Rhein, Stadt";"Gemeinden";"63,82";"63,37";"63,06"
"07339031";"Jugenheim in Rheinhessen";"Gemeinden";"76,34";"75,04";"75,04"
"07339032";"Klein-Winternheim";"Gemeinden";"69,87";"69,33";"68,42"
"07339033";"Köngernheim";"Gemeinden";"80,17";"80,17";"80,17"
"07339034";"Lörzweiler";"Gemeinden";"82,47";"80,73";"80,73"
"07339035";"Ludwigshöhe";"Gemeinden";"62,88";"63,88";"62,88"
"07339036";"Manubach";"Gemeinden";"32,46";"32,20";"31,68"
"07339037";"Mommenheim";"Gemeinden";"76,92";"75,51";"75,13"
"07339038";"Münster-Sarmsheim";"Gemeinden";"29,91";"30,06";"29,91"
"07339039";"Nackenheim";"Gemeinden";"58,70";"58,24";"57,19"
"07339040";"Niederheimbach";"Gemeinden";"14,83";"14,83";"14,57"
"07339041";"Nieder-Hilbersheim";"Gemeinden";"81,48";"80,61";"79,96"
"07339042";"Nieder-Olm, Stadt";"Gemeinden";"62,39";"60,96";"60,87"
"07339043";"Nierstein, Stadt";"Gemeinden";"66,91";"66,03";"65,93"
"07339044";"Oberdiebach";"Gemeinden";"29,31";"28,83";"29,78"
"07339045";"Oberheimbach";"Gemeinden";"27,72";"28,06";"27,61"
"07339046";"Ober-Hilbersheim";"Gemeinden";"86,18";"86,18";"85,91"
"07339047";"Ober-Olm";"Gemeinden";"64,64";"65,28";"64,99"
"07339048";"Ockenheim";"Gemeinden";"74,96";"73,63";"71,64"
"07339049";"Oppenheim, Stadt";"Gemeinden";"31,55";"31,13";"30,70"
"07339050";"Sankt Johann";"Gemeinden";"68,55";"68,37";"68,02"
"07339051";"Schwabenheim an der Selz";"Gemeinden";"81,88";"81,77";"81,45"
"07339053";"Selzen";"Gemeinden";"85,14";"84,53";"84,53"
"07339054";"Sörgenloch";"Gemeinden";"72,84";"72,43";"72,43"
"07339056";"Sprendlingen";"Gemeinden";"65,39";"64,39";"64,47"
"07339057";"Stadecken-Elsheim";"Gemeinden";"79,41";"79,06";"78,51"
"07339058";"Trechtingshausen";"Gemeinden";"6,65";"6,91";"6,39"
"07339059";"Uelversheim";"Gemeinden";"88,00";"86,80";"86,80"
"07339060";"Undenheim";"Gemeinden";"83,45";"82,65";"82,55"
"07339062";"Waldalgesheim";"Gemeinden";"32,50";"33,31";"33,19"
"07339063";"Weiler bei Bingen";"Gemeinden";"8,82";"9,87";"9,78"
"07339064";"Weinolsheim";"Gemeinden";"87,86";"87,18";"87,18"
"07339065";"Welgesheim";"Gemeinden";"76,35";"74,38";"73,89"
"07339066";"Wintersheim";"Gemeinden";"90,34";"89,82";"89,82"
"07339067";"Zornheim";"Gemeinden";"73,12";"71,68";"71,68"
"07339068";"Zotzenheim";"Gemeinden";"74,21";"74,21";"72,64"
"07339201";"Dorn-Dürkheim";"Gemeinden";"87,86";"87,68";"87,68"
"07339202";"Wolfsheim";"Gemeinden";"85,77";"85,57";"84,97"
"07340001";"Bobenthal";"Gemeinden";"4,47";"3,81";"3,71"
"07340002";"Busenberg";"Gemeinden";"22,93";"22,10";"21,89"
"07340003";"Clausen";"Gemeinden";"9,64";"9,00";"9,08"
"07340004";"Dahn, Stadt";"Gemeinden";"5,45";"5,25";"5,20"
"07340005";"Darstein";"Gemeinden";"28,87";"26,36";"25,94"
"07340006";"Dimbach";"Gemeinden";"13,70";"11,42";"11,42"
"07340007";"Donsieders";"Gemeinden";"48,00";"46,90";"46,78"
"07340008";"Eppenbrunn";"Gemeinden";"8,14";"8,05";"8,20"
"07340009";"Erfweiler";"Gemeinden";"9,05";"7,92";"8,37"
"07340010";"Erlenbach bei Dahn";"Gemeinden";"6,47";"6,08";"6,24"
"07340011";"Fischbach bei Dahn";"Gemeinden";"5,29";"4,90";"4,78"
"07340012";"Geiselberg";"Gemeinden";"27,17";"25,75";"25,59"
"07340014";"Hauenstein";"Gemeinden";"6,83";"4,96";"4,96"
"07340015";"Heltersberg";"Gemeinden";"7,39";"7,00";"7,00"
"07340016";"Hermersberg";"Gemeinden";"42,55";"41,01";"41,09"
"07340017";"Herschberg";"Gemeinden";"51,26";"49,26";"49,18"
"07340018";"Hettenhausen";"Gemeinden";"53,64";"53,18";"53,18"
"07340019";"Hilst";"Gemeinden";"17,21";"16,62";"16,32"
"07340020";"Hinterweidenthal";"Gemeinden";"5,44";"5,26";"5,27"
"07340021";"Hirschthal";"Gemeinden";"28,48";"25,32";"25,95"
"07340022";"Höheinöd";"Gemeinden";"51,84";"51,10";"51,01"
"07340023";"Höheischweiler";"Gemeinden";"53,09";"51,03";"49,89"
"07340024";"Höhfröschen";"Gemeinden";"60,91";"56,59";"56,59"
"07340025";"Horbach";"Gemeinden";"25,61";"24,48";"24,29"
"07340026";"Kröppen";"Gemeinden";"59,92";"59,06";"59,45"
"07340027";"Leimen";"Gemeinden";"5,27";"5,23";"5,23"
"07340028";"Lemberg";"Gemeinden";"5,98";"5,91";"6,00"
"07340029";"Ludwigswinkel";"Gemeinden";"5,12";"4,61";"4,61"
"07340030";"Lug";"Gemeinden";"14,29";"12,55";"11,69"
"07340031";"Merzalben";"Gemeinden";"4,67";"3,90";"3,90"
"07340032";"Münchweiler an der Rodalb";"Gemeinden";"3,57";"3,24";"3,16"
"07340033";"Niederschlettenbach";"Gemeinden";"10,08";"8,90";"8,90"
"07340034";"Nothweiler";"Gemeinden";"11,44";"10,63";"10,90"
"07340035";"Nünschweiler";"Gemeinden";"55,67";"54,36";"54,16"
"07340036";"Obersimten";"Gemeinden";"43,36";"43,36";"42,04"
"07340037";"Petersberg";"Gemeinden";"50,00";"46,88";"45,83"
"07340038";"Rodalben, Stadt";"Gemeinden";"10,45";"6,18";"5,74"
"07340039";"Rumbach";"Gemeinden";"14,93";"14,12";"13,99"
"07340040";"Ruppertsweiler";"Gemeinden";"11,67";"11,46";"11,46"
"07340041";"Saalstadt";"Gemeinden";"71,08";"69,75";"69,38"
"07340042";"Schauerberg";"Gemeinden";"46,08";"45,34";"45,34"
"07340043";"Schindhard";"Gemeinden";"34,94";"34,25";"34,02"
"07340044";"Schmalenberg";"Gemeinden";"17,13";"16,55";"16,46"
"07340045";"Schönau (Pfalz)";"Gemeinden";"9,05";"8,01";"8,07"
"07340047";"Schwanheim";"Gemeinden";"16,81";"14,51";"14,22"
"07340048";"Schweix";"Gemeinden";"45,58";"44,50";"44,24"
"07340049";"Spirkelbach";"Gemeinden";"13,81";"12,79";"12,65"
"07340050";"Steinalben";"Gemeinden";"21,34";"20,55";"19,37"
"07340051";"Thaleischweiler-Fröschen";"Gemeinden";"42,14";"40,67";"40,26"
"07340052";"Trulben";"Gemeinden";"36,14";"34,92";"34,92"
"07340053";"Vinningen";"Gemeinden";"60,52";"60,05";"59,92"
"07340054";"Waldfischbach-Burgalben";"Gemeinden";"18,81";"17,67";"17,56"
"07340055";"Weselberg";"Gemeinden";"63,87";"61,07";"60,86"
"07340057";"Wilgartswiesen";"Gemeinden";"3,34";"3,24";"3,17"
"07340201";"Althornbach";"Gemeinden";"63,08";"62,72";"62,72"
"07340202";"Battweiler";"Gemeinden";"65,26";"64,02";"64,02"
"07340203";"Bechhofen";"Gemeinden";"47,19";"46,43";"46,13"
"07340204";"Biedershausen";"Gemeinden";"67,95";"66,85";"66,85"
"07340205";"Bottenbach";"Gemeinden";"50,81";"50,49";"50,41"
"07340206";"Contwig";"Gemeinden";"60,13";"60,05";"59,24"
"07340207";"Dellfeld";"Gemeinden";"56,55";"56,41";"56,28"
"07340208";"Dietrichingen";"Gemeinden";"62,30";"61,87";"61,87"
"07340209";"Großbundenbach";"Gemeinden";"60,43";"60,00";"60,00"
"07340210";"Großsteinhausen";"Gemeinden";"71,13";"70,93";"70,72"
"07340211";"Hornbach, Stadt";"Gemeinden";"65,44";"65,74";"65,82"
"07340212";"Käshofen";"Gemeinden";"53,52";"52,50";"52,50"
"07340213";"Kleinbundenbach";"Gemeinden";"61,00";"59,80";"60,00"
"07340214";"Kleinsteinhausen";"Gemeinden";"60,63";"60,28";"59,93"
"07340215";"Knopp-Labach";"Gemeinden";"57,72";"56,38";"56,38"
"07340216";"Krähenberg";"Gemeinden";"53,41";"52,05";"52,05"
"07340217";"Maßweiler";"Gemeinden";"56,17";"55,52";"55,43"
"07340218";"Mauschbach";"Gemeinden";"68,54";"67,42";"67,42"
"07340219";"Obernheim-Kirchenarnbach";"Gemeinden";"52,85";"51,57";"51,22"
"07340220";"Reifenberg";"Gemeinden";"43,21";"42,43";"42,43"
"07340221";"Riedelberg";"Gemeinden";"78,54";"76,63";"76,78"
"07340222";"Rieschweiler-Mühlbach";"Gemeinden";"56,38";"55,13";"55,03"
"07340223";"Rosenkopf";"Gemeinden";"58,06";"56,45";"56,45"
"07340224";"Schmitshausen";"Gemeinden";"58,13";"57,02";"56,79"
"07340225";"Wallhalben";"Gemeinden";"61,89";"60,25";"60,04"
"07340226";"Walshausen";"Gemeinden";"67,17";"67,17";"65,01"
"07340227";"Wiesbach";"Gemeinden";"38,33";"36,61";"36,61"
"07340228";"Winterbach (Pfalz)";"Gemeinden";"62,59";"61,02";"61,02"
"07340501";"Bruchweiler-Bärenbach";"Gemeinden";"17,84";"16,56";"16,44"
"07340502";"Bundenthal";"Gemeinden";"17,43";"15,77";"15,48"
"08111000";"Stuttgart, Landeshauptstadt";"Gemeinden";"22,76";"22,70";"22,65"
"08115001";"Aidlingen";"Gemeinden";"49,66";"49,51";"49,47"
"08115002";"Altdorf";"Gemeinden";"31,12";"31,06";"31,06"
"08115003";"Böblingen, Stadt";"Gemeinden";"13,81";"13,58";"13,55"
"08115004";"Bondorf";"Gemeinden";"62,83";"62,49";"62,49"
"08115010";"Deckenpfronn";"Gemeinden";"56,88";"56,79";"56,79"
"08115013";"Ehningen";"Gemeinden";"40,26";"40,15";"40,09"
"08115015";"Gärtringen";"Gemeinden";"38,05";"37,31";"37,21"
"08115016";"Gäufelden";"Gemeinden";"69,81";"69,36";"69,06"
"08115021";"Herrenberg, Stadt";"Gemeinden";"47,78";"47,21";"47,12"
"08115022";"Hildrizhausen";"Gemeinden";"35,12";"35,03";"34,46"
"08115024";"Holzgerlingen, Stadt";"Gemeinden";"37,86";"37,57";"37,57"
"08115028";"Leonberg, Stadt";"Gemeinden";"36,08";"35,89";"35,79"
"08115029";"Magstadt";"Gemeinden";"37,24";"35,72";"35,72"
"08115034";"Mötzingen";"Gemeinden";"59,02";"59,02";"59,02"
"08115037";"Nufringen";"Gemeinden";"45,12";"45,02";"45,02"
"08115041";"Renningen, Stadt";"Gemeinden";"45,14";"44,82";"44,65"
"08115042";"Rutesheim, Stadt";"Gemeinden";"37,73";"37,61";"37,61"
"08115044";"Schönaich";"Gemeinden";"39,36";"38,66";"38,23"
"08115045";"Sindelfingen, Stadt";"Gemeinden";"21,76";"21,66";"21,66"
"08115046";"Steinenbronn";"Gemeinden";"25,00";"24,90";"24,90"
"08115048";"Waldenbuch, Stadt";"Gemeinden";"29,16";"29,03";"29,03"
"08115050";"Weil der Stadt, Stadt";"Gemeinden";"54,76";"54,55";"54,44"
"08115051";"Weil im Schönbuch";"Gemeinden";"37,71";"37,40";"37,25"
"08115052";"Weissach";"Gemeinden";"46,96";"46,24";"46,24"
"08115053";"Jettingen";"Gemeinden";"63,43";"62,67";"62,43"
"08115054";"Grafenau";"Gemeinden";"50,46";"50,15";"50,15"
"08116004";"Altbach";"Gemeinden";"32,04";"31,74";"31,74"
"08116005";"Altdorf";"Gemeinden";"64,81";"64,81";"64,20"
"08116006";"Altenriet";"Gemeinden";"64,78";"64,78";"64,78"
"08116007";"Baltmannsweiler";"Gemeinden";"22,86";"22,86";"22,80"
"08116008";"Bempflingen";"Gemeinden";"58,53";"58,37";"58,37"
"08116011";"Beuren";"Gemeinden";"49,53";"49,44";"49,36"
"08116012";"Bissingen an der Teck";"Gemeinden";"60,26";"60,20";"63,13"
"08116014";"Deizisau";"Gemeinden";"41,39";"41,20";"41,20"
"08116015";"Denkendorf";"Gemeinden";"39,69";"39,23";"38,85"
"08116016";"Dettingen unter Teck";"Gemeinden";"56,64";"56,51";"56,47"
"08116018";"Erkenbrechtsweiler";"Gemeinden";"48,34";"48,34";"48,34"
"08116019";"Esslingen am Neckar, Stadt";"Gemeinden";"29,61";"29,51";"29,38"
"08116020";"Frickenhausen";"Gemeinden";"44,93";"44,85";"44,71"
"08116022";"Großbettlingen";"Gemeinden";"54,37";"54,14";"53,90"
"08116027";"Hochdorf";"Gemeinden";"54,84";"54,58";"54,45"
"08116029";"Holzmaden";"Gemeinden";"53,87";"53,87";"53,87"
"08116033";"Kirchheim unter Teck, Stadt";"Gemeinden";"40,89";"40,72";"40,57"
"08116035";"Köngen";"Gemeinden";"61,10";"60,62";"60,51"
"08116036";"Kohlberg";"Gemeinden";"56,39";"56,16";"56,16"
"08116037";"Lichtenwald";"Gemeinden";"23,24";"23,24";"23,24"
"08116041";"Neckartailfingen";"Gemeinden";"53,83";"53,83";"53,83"
"08116042";"Neckartenzlingen";"Gemeinden";"36,66";"36,66";"31,67"
"08116043";"Neidlingen";"Gemeinden";"42,76";"42,68";"42,68"
"08116046";"Neuffen, Stadt";"Gemeinden";"53,07";"53,01";"53,01"
"08116047";"Neuhausen auf den Fildern";"Gemeinden";"49,76";"49,52";"49,12"
"08116048";"Notzingen";"Gemeinden";"61,17";"60,78";"60,65"
"08116049";"Nürtingen, Stadt";"Gemeinden";"39,76";"39,63";"39,25"
"08116050";"Oberboihingen";"Gemeinden";"59,90";"59,27";"58,95"
"08116053";"Ohmden";"Gemeinden";"55,32";"55,14";"55,14"
"08116054";"Owen, Stadt";"Gemeinden";"62,58";"62,58";"62,47"
"08116056";"Plochingen, Stadt";"Gemeinden";"17,20";"17,11";"16,92"
"08116058";"Reichenbach an der Fils";"Gemeinden";"18,44";"18,57";"18,57"
"08116063";"Schlaitdorf";"Gemeinden";"51,03";"51,03";"50,89"
"08116068";"Unterensingen";"Gemeinden";"45,50";"45,37";"44,97"
"08116070";"Weilheim an der Teck, Stadt";"Gemeinden";"59,30";"59,15";"59,15"
"08116071";"Wendlingen am Neckar, Stadt";"Gemeinden";"47,24";"47,33";"42,72"
"08116072";"Wernau (Neckar), Stadt";"Gemeinden";"40,96";"40,50";"40,04"
"08116073";"Wolfschlugen";"Gemeinden";"58,93";"58,79";"58,65"
"08116076";"Aichwald";"Gemeinden";"37,49";"37,29";"37,29"
"08116077";"Filderstadt, Stadt";"Gemeinden";"45,60";"45,55";"45,45"
"08116078";"Leinfelden-Echterdingen, Stadt";"Gemeinden";"31,25";"31,11";"30,91"
"08116079";"Lenningen";"Gemeinden";"45,31";"45,28";"45,26"
"08116080";"Ostfildern, Stadt";"Gemeinden";"55,28";"54,89";"54,71"
"08116081";"Aichtal, Stadt";"Gemeinden";"38,43";"38,09";"38,05"
"08117001";"Adelberg";"Gemeinden";"21,60";"21,60";"21,50"
"08117002";"Aichelberg";"Gemeinden";"40,90";"40,90";"40,65"
"08117003";"Albershausen";"Gemeinden";"50,92";"49,23";"49,08"
"08117006";"Bad Ditzenbach";"Gemeinden";"50,39";"49,96";"49,92"
"08117007";"Bad Überkingen";"Gemeinden";"53,29";"53,20";"52,87"
"08117009";"Birenbach";"Gemeinden";"56,80";"56,80";"56,80"
"08117010";"Böhmenkirch";"Gemeinden";"59,70";"59,48";"59,44"
"08117011";"Börtlingen";"Gemeinden";"41,89";"41,28";"41,28"
"08117012";"Bad Boll";"Gemeinden";"46,30";"45,66";"45,66"
"08117014";"Deggingen";"Gemeinden";"51,03";"50,90";"50,51"
"08117015";"Donzdorf, Stadt";"Gemeinden";"52,16";"51,96";"51,16"
"08117016";"Drackenstein";"Gemeinden";"65,14";"64,96";"64,79"
"08117017";"Dürnau";"Gemeinden";"55,12";"54,56";"54,38"
"08117018";"Ebersbach an der Fils, Stadt";"Gemeinden";"45,24";"45,01";"44,82"
"08117019";"Eislingen/Fils, Stadt";"Gemeinden";"46,19";"45,95";"45,95"
"08117020";"Eschenbach";"Gemeinden";"63,96";"63,75";"63,75"
"08117023";"Gammelshausen";"Gemeinden";"54,85";"54,24";"54,24"
"08117024";"Geislingen an der Steige, Stadt";"Gemeinden";"51,88";"51,68";"51,64"
"08117025";"Gingen an der Fils";"Gemeinden";"52,59";"52,50";"52,40"
"08117026";"Göppingen, Stadt";"Gemeinden";"44,99";"44,82";"44,81"
"08117028";"Gruibingen";"Gemeinden";"54,92";"54,45";"54,40"
"08117029";"Hattenhofen";"Gemeinden";"68,72";"68,59";"68,59"
"08117030";"Heiningen";"Gemeinden";"61,85";"61,77";"61,77"
"08117031";"Hohenstadt";"Gemeinden";"68,13";"67,87";"67,78"
"08117033";"Kuchen";"Gemeinden";"37,21";"36,76";"36,76"
"08117035";"Mühlhausen im Täle";"Gemeinden";"38,07";"37,12";"36,97"
"08117037";"Ottenbach";"Gemeinden";"66,30";"65,97";"65,88"
"08117038";"Rechberghausen";"Gemeinden";"48,91";"48,59";"48,59"
"08117042";"Salach";"Gemeinden";"38,75";"38,39";"38,39"
"08117043";"Schlat";"Gemeinden";"56,71";"56,10";"56,10"
"08117044";"Schlierbach";"Gemeinden";"58,61";"57,98";"57,98"
"08117049";"Süßen, Stadt";"Gemeinden";"44,80";"44,33";"44,18"
"08117051";"Uhingen, Stadt";"Gemeinden";"39,81";"39,57";"39,49"
"08117053";"Wäschenbeuren";"Gemeinden";"56,91";"56,76";"56,76"
"08117055";"Wangen";"Gemeinden";"51,65";"51,45";"51,45"
"08117058";"Wiesensteig, Stadt";"Gemeinden";"38,49";"38,49";"38,45"
"08117060";"Zell unter Aichelberg";"Gemeinden";"61,82";"61,66";"61,19"
"08117061";"Lauterstein, Stadt";"Gemeinden";"27,63";"27,33";"27,33"
"08118001";"Affalterbach";"Gemeinden";"67,00";"66,90";"66,90"
"08118003";"Asperg, Stadt";"Gemeinden";"37,41";"37,24";"36,90"
"08118006";"Benningen am Neckar";"Gemeinden";"51,54";"51,33";"51,33"
"08118007";"Besigheim, Stadt";"Gemeinden";"55,26";"55,02";"54,84"
"08118010";"Bönnigheim, Stadt";"Gemeinden";"59,81";"59,36";"59,26"
"08118011";"Ditzingen, Stadt";"Gemeinden";"62,15";"61,75";"61,49"
"08118012";"Eberdingen";"Gemeinden";"60,89";"60,80";"60,61"
"08118014";"Erdmannhausen";"Gemeinden";"58,05";"57,59";"57,59"
"08118015";"Erligheim";"Gemeinden";"60,58";"59,94";"59,77"
"08118016";"Freudental";"Gemeinden";"43,00";"41,69";"41,37"
"08118018";"Gemmrigheim";"Gemeinden";"58,08";"57,84";"57,84"
"08118019";"Gerlingen, Stadt";"Gemeinden";"24,63";"24,57";"24,57"
"08118021";"Großbottwar, Stadt";"Gemeinden";"62,72";"62,60";"62,49"
"08118027";"Hemmingen";"Gemeinden";"65,24";"64,99";"64,99"
"08118028";"Hessigheim";"Gemeinden";"69,38";"68,99";"68,59"
"08118040";"Kirchheim am Neckar";"Gemeinden";"67,25";"67,14";"67,02"
"08118046";"Kornwestheim, Stadt";"Gemeinden";"37,68";"37,47";"37,34"
"08118047";"Löchgau";"Gemeinden";"56,26";"55,98";"55,80"
"08118048";"Ludwigsburg, Stadt";"Gemeinden";"44,37";"43,98";"43,84"
"08118049";"Marbach am Neckar, Stadt";"Gemeinden";"56,04";"55,76";"55,43"
"08118050";"Markgröningen, Stadt";"Gemeinden";"64,58";"64,32";"64,29"
"08118051";"Möglingen";"Gemeinden";"69,69";"69,45";"69,25"
"08118053";"Mundelsheim";"Gemeinden";"55,49";"55,10";"55,10"
"08118054";"Murr";"Gemeinden";"48,65";"48,65";"48,40"
"08118059";"Oberriexingen, Stadt";"Gemeinden";"70,10";"69,98";"69,36"
"08118060";"Oberstenfeld";"Gemeinden";"41,66";"41,42";"41,37"
"08118063";"Pleidelsheim";"Gemeinden";"52,26";"52,06";"52,06"
"08118067";"Schwieberdingen";"Gemeinden";"60,26";"59,73";"59,39"
"08118068";"Sersheim";"Gemeinden";"44,69";"44,34";"43,99"
"08118070";"Steinheim an der Murr, Stadt";"Gemeinden";"56,77";"56,77";"56,47"
"08118071";"Tamm, Stadt";"Gemeinden";"59,57";"59,57";"59,00"
"08118073";"Vaihingen an der Enz, Stadt";"Gemeinden";"56,55";"56,32";"56,16"
"08118074";"Walheim";"Gemeinden";"58,89";"58,47";"58,56"
"08118076";"Sachsenheim, Stadt";"Gemeinden";"44,03";"43,96";"43,58"
"08118077";"Ingersheim";"Gemeinden";"65,45";"64,76";"64,59"
"08118078";"Freiberg am Neckar, Stadt";"Gemeinden";"59,36";"58,90";"58,98"
"08118079";"Bietigheim-Bissingen, Stadt";"Gemeinden";"43,50";"43,30";"43,30"
"08118080";"Korntal-Münchingen, Stadt";"Gemeinden";"61,18";"60,31";"60,31"
"08118081";"Remseck am Neckar, Stadt";"Gemeinden";"62,45";"62,01";"61,88"
"08119001";"Alfdorf";"Gemeinden";"40,56";"40,44";"40,34"
"08119003";"Allmersbach im Tal";"Gemeinden";"45,73";"45,60";"45,60"
"08119004";"Althütte";"Gemeinden";"37,94";"37,61";"37,44"
"08119006";"Auenwald";"Gemeinden";"49,32";"48,96";"48,81"
"08119008";"Backnang, Stadt";"Gemeinden";"49,37";"48,98";"48,83"
"08119018";"Burgstetten";"Gemeinden";"68,42";"65,50";"65,40"
"08119020";"Fellbach, Stadt";"Gemeinden";"52,44";"51,82";"51,75"
"08119024";"Großerlach";"Gemeinden";"35,51";"35,29";"35,17"
"08119037";"Kaisersbach";"Gemeinden";"39,73";"39,58";"39,51"
"08119038";"Kirchberg an der Murr";"Gemeinden";"62,53";"60,48";"60,41"
"08119041";"Korb";"Gemeinden";"48,52";"48,05";"47,93"
"08119042";"Leutenbach";"Gemeinden";"71,69";"71,62";"71,62"
"08119044";"Murrhardt, Stadt";"Gemeinden";"32,27";"32,12";"32,02"
"08119053";"Oppenweiler";"Gemeinden";"35,20";"35,10";"35,00"
"08119055";"Plüderhausen";"Gemeinden";"12,86";"12,79";"12,83"
"08119061";"Rudersberg";"Gemeinden";"40,59";"40,36";"40,31"
"08119067";"Schorndorf, Stadt";"Gemeinden";"35,54";"35,35";"35,28"
"08119068";"Schwaikheim";"Gemeinden";"63,34";"62,80";"62,80"
"08119069";"Spiegelberg";"Gemeinden";"24,10";"24,06";"24,03"
"08119075";"Sulzbach an der Murr";"Gemeinden";"25,12";"25,05";"24,98"
"08119076";"Urbach";"Gemeinden";"37,55";"37,41";"37,31"
"08119079";"Waiblingen, Stadt";"Gemeinden";"48,96";"48,61";"48,56"
"08119083";"Weissach im Tal";"Gemeinden";"62,21";"62,14";"62,07"
"08119084";"Welzheim, Stadt";"Gemeinden";"38,01";"37,83";"37,83"
"08119085";"Winnenden, Stadt";"Gemeinden";"44,14";"43,99";"43,60"
"08119086";"Winterbach";"Gemeinden";"29,56";"29,15";"28,91"
"08119087";"Aspach";"Gemeinden";"52,92";"52,72";"52,61"
"08119089";"Berglen";"Gemeinden";"52,17";"51,93";"51,74"
"08119090";"Remshalden";"Gemeinden";"45,51";"45,44";"45,44"
"08119091";"Weinstadt, Stadt";"Gemeinden";"54,97";"54,78";"54,71"
"08119093";"Kernen im Remstal";"Gemeinden";"52,33";"52,26";"52,26"
"08121000";"Heilbronn, Universitätsstadt";"Gemeinden";"46,95";"46,42";"46,23"
"08125001";"Abstatt";"Gemeinden";"44,62";"44,51";"43,79"
"08125005";"Bad Friedrichshall, Stadt";"Gemeinden";"59,21";"58,28";"58,07"
"08125006";"Bad Rappenau, Stadt";"Gemeinden";"62,19";"61,91";"61,81"
"08125007";"Bad Wimpfen, Stadt";"Gemeinden";"65,22";"64,81";"64,55"
"08125008";"Beilstein, Stadt";"Gemeinden";"41,64";"41,28";"41,28"
"08125013";"Brackenheim, Stadt";"Gemeinden";"66,82";"66,75";"66,67"
"08125017";"Cleebronn";"Gemeinden";"43,89";"43,07";"43,12"
"08125021";"Eberstadt";"Gemeinden";"48,96";"48,72";"48,72"
"08125024";"Ellhofen";"Gemeinden";"59,90";"59,56";"59,56"
"08125026";"Eppingen, Stadt";"Gemeinden";"57,21";"57,10";"57,03"
"08125027";"Erlenbach";"Gemeinden";"52,79";"52,47";"52,40"
"08125030";"Flein";"Gemeinden";"59,55";"59,43";"59,08"
"08125034";"Gemmingen";"Gemeinden";"61,27";"61,06";"61,06"
"08125038";"Güglingen, Stadt";"Gemeinden";"60,42";"60,30";"60,30"
"08125039";"Gundelsheim, Stadt";"Gemeinden";"52,08";"52,03";"51,93"
"08125046";"Ilsfeld";"Gemeinden";"63,90";"63,67";"63,67"
"08125047";"Ittlingen";"Gemeinden";"65,70";"65,49";"65,34"
"08125048";"Jagsthausen";"Gemeinden";"59,33";"59,28";"59,22"
"08125049";"Kirchardt";"Gemeinden";"65,67";"65,26";"64,98"
"08125056";"Lauffen am Neckar, Stadt";"Gemeinden";"65,31";"65,09";"65,05"
"08125057";"Lehrensteinsfeld";"Gemeinden";"51,29";"50,80";"50,80"
"08125058";"Leingarten, Stadt";"Gemeinden";"63,40";"63,36";"63,27"
"08125059";"Löwenstein, Stadt";"Gemeinden";"29,20";"29,11";"29,07"
"08125061";"Massenbachhausen";"Gemeinden";"61,62";"61,62";"61,50"
"08125063";"Möckmühl, Stadt";"Gemeinden";"56,01";"55,46";"55,40"
"08125065";"Neckarsulm, Stadt";"Gemeinden";"46,99";"46,87";"46,79"
"08125066";"Neckarwestheim";"Gemeinden";"39,06";"38,98";"38,91"
"08125068";"Neudenau, Stadt";"Gemeinden";"53,90";"53,63";"53,63"
"08125069";"Neuenstadt am Kocher, Stadt";"Gemeinden";"59,92";"59,53";"59,51"
"08125074";"Nordheim";"Gemeinden";"67,66";"67,19";"67,19"
"08125078";"Oedheim";"Gemeinden";"68,46";"68,31";"67,94"
"08125079";"Offenau";"Gemeinden";"50,00";"50,00";"49,82"
"08125081";"Pfaffenhofen";"Gemeinden";"51,50";"51,25";"51,25"
"08125084";"Roigheim";"Gemeinden";"54,39";"54,10";"54,10"
"08125086";"Schwaigern, Stadt";"Gemeinden";"57,57";"57,51";"57,45"
"08125087";"Siegelsbach";"Gemeinden";"63,02";"62,63";"62,63"
"08125094";"Talheim";"Gemeinden";"56,71";"56,02";"55,68"
"08125096";"Untereisesheim";"Gemeinden";"67,57";"66,49";"66,49"
"08125098";"Untergruppenbach";"Gemeinden";"39,09";"38,98";"38,83"
"08125102";"Weinsberg, Stadt";"Gemeinden";"45,63";"45,00";"44,96"
"08125103";"Widdern, Stadt";"Gemeinden";"51,96";"51,88";"51,61"
"08125107";"Wüstenrot";"Gemeinden";"33,34";"33,28";"33,24"
"08125108";"Zaberfeld";"Gemeinden";"55,18";"55,09";"53,52"
"08125110";"Obersulm";"Gemeinden";"47,49";"47,43";"47,36"
"08125111";"Hardthausen am Kocher";"Gemeinden";"42,52";"42,24";"42,24"
"08125113";"Langenbrettach";"Gemeinden";"59,87";"59,82";"59,78"
"08126011";"Bretzfeld";"Gemeinden";"49,75";"49,60";"49,58"
"08126020";"Dörzbach";"Gemeinden";"59,51";"59,38";"59,35"
"08126028";"Forchtenberg, Stadt";"Gemeinden";"56,94";"56,52";"56,42"
"08126039";"Ingelfingen, Stadt";"Gemeinden";"61,17";"61,02";"61,02"
"08126045";"Krautheim, Stadt";"Gemeinden";"63,08";"62,36";"62,21"
"08126046";"Künzelsau, Stadt";"Gemeinden";"56,01";"55,61";"55,27"
"08126047";"Kupferzell";"Gemeinden";"73,31";"72,46";"72,47"
"08126056";"Mulfingen";"Gemeinden";"56,41";"56,26";"56,21"
"08126058";"Neuenstein, Stadt";"Gemeinden";"74,25";"74,04";"73,84"
"08126060";"Niedernhall, Stadt";"Gemeinden";"27,61";"26,99";"26,46"
"08126066";"Öhringen, Stadt";"Gemeinden";"57,40";"56,73";"56,63"
"08126069";"Pfedelbach";"Gemeinden";"50,25";"49,89";"49,82"
"08126072";"Schöntal";"Gemeinden";"55,64";"55,58";"55,57"
"08126085";"Waldenburg, Stadt";"Gemeinden";"32,68";"31,79";"31,71"
"08126086";"Weißbach";"Gemeinden";"49,18";"48,94";"48,94"
"08126094";"Zweiflingen";"Gemeinden";"49,31";"49,19";"49,13"
"08127008";"Blaufelden";"Gemeinden";"68,06";"67,77";"67,68"
"08127009";"Braunsbach";"Gemeinden";"57,88";"57,48";"57,46"
"08127012";"Bühlertann";"Gemeinden";"59,56";"59,22";"59,09"
"08127013";"Bühlerzell";"Gemeinden";"37,48";"37,40";"37,28"
"08127014";"Crailsheim, Stadt";"Gemeinden";"55,84";"55,51";"55,46"
"08127023";"Fichtenberg";"Gemeinden";"34,31";"33,61";"33,48"
"08127025";"Gaildorf, Stadt";"Gemeinden";"34,59";"34,54";"34,41"
"08127032";"Gerabronn, Stadt";"Gemeinden";"68,90";"68,65";"68,47"
"08127043";"Ilshofen, Stadt";"Gemeinden";"67,10";"66,98";"66,54"
"08127046";"Kirchberg an der Jagst, Stadt";"Gemeinden";"64,55";"64,38";"64,26"
"08127047";"Langenburg, Stadt";"Gemeinden";"48,25";"47,99";"47,93"
"08127052";"Mainhardt";"Gemeinden";"37,60";"37,44";"37,39"
"08127056";"Michelbach an der Bilz";"Gemeinden";"48,53";"48,36";"48,25"
"08127059";"Michelfeld";"Gemeinden";"39,10";"38,93";"38,77"
"08127062";"Oberrot";"Gemeinden";"37,06";"37,01";"37,01"
"08127063";"Obersontheim";"Gemeinden";"53,94";"53,67";"53,61"
"08127071";"Rot am See";"Gemeinden";"69,63";"69,39";"69,24"
"08127073";"Satteldorf";"Gemeinden";"63,67";"63,56";"63,43"
"08127075";"Schrozberg, Stadt";"Gemeinden";"66,82";"66,70";"66,66"
"08127076";"Schwäbisch Hall, Stadt";"Gemeinden";"52,97";"52,56";"52,32"
"08127079";"Sulzbach-Laufen";"Gemeinden";"25,09";"24,74";"24,65"
"08127086";"Untermünkheim";"Gemeinden";"70,87";"70,28";"70,14"
"08127089";"Vellberg, Stadt";"Gemeinden";"52,52";"52,30";"51,96"
"08127091";"Wallhausen";"Gemeinden";"72,60";"72,24";"72,16"
"08127099";"Wolpertshausen";"Gemeinden";"66,70";"66,37";"66,23"
"08127100";"Rosengarten";"Gemeinden";"49,44";"49,31";"49,31"
"08127101";"Kreßberg";"Gemeinden";"57,28";"57,00";"56,95"
"08127102";"Fichtenau";"Gemeinden";"48,08";"47,99";"47,86"
"08127103";"Frankenhardt";"Gemeinden";"52,78";"52,62";"52,55"
"08127104";"Stimpfach";"Gemeinden";"52,29";"50,12";"49,45"
"08128006";"Assamstadt";"Gemeinden";"63,55";"63,09";"63,09"
"08128007";"Bad Mergentheim, Stadt";"Gemeinden";"51,62";"51,55";"50,79"
"08128014";"Boxberg, Stadt";"Gemeinden";"59,83";"59,63";"59,53"
"08128020";"Creglingen, Stadt";"Gemeinden";"65,80";"65,76";"65,69"
"08128039";"Freudenberg, Stadt";"Gemeinden";"29,95";"29,92";"29,92"
"08128045";"Großrinderfeld";"Gemeinden";"66,70";"66,54";"66,51"
"08128047";"Grünsfeld, Stadt";"Gemeinden";"68,00";"67,89";"67,87"
"08128058";"Igersheim";"Gemeinden";"56,01";"55,99";"55,97"
"08128061";"Königheim";"Gemeinden";"63,30";"63,21";"63,03"
"08128064";"Külsheim, Stadt";"Gemeinden";"56,49";"56,48";"56,47"
"08128082";"Niederstetten, Stadt";"Gemeinden";"64,54";"64,50";"64,51"
"08128115";"Tauberbischofsheim, Stadt";"Gemeinden";"48,94";"48,91";"48,90"
"08128126";"Weikersheim, Stadt";"Gemeinden";"64,06";"63,81";"62,65"
"08128128";"Werbach";"Gemeinden";"55,22";"54,78";"54,74"
"08128131";"Wertheim, Stadt";"Gemeinden";"47,70";"47,56";"47,41"
"08128137";"Wittighausen";"Gemeinden";"71,35";"71,32";"71,01"
"08128138";"Ahorn";"Gemeinden";"55,37";"55,28";"55,15"
"08128139";"Lauda-Königshofen, Stadt";"Gemeinden";"56,00";"55,98";"55,92"
"08135010";"Dischingen";"Gemeinden";"52,23";"52,09";"51,95"
"08135015";"Gerstetten";"Gemeinden";"60,11";"59,75";"59,60"
"08135016";"Giengen an der Brenz, Stadt";"Gemeinden";"56,32";"55,07";"54,84"
"08135019";"Heidenheim an der Brenz, Stadt";"Gemeinden";"20,26";"20,16";"19,99"
"08135020";"Herbrechtingen, Stadt";"Gemeinden";"42,38";"42,08";"41,86"
"08135021";"Hermaringen";"Gemeinden";"66,82";"65,97";"65,90"
"08135025";"Königsbronn";"Gemeinden";"18,02";"17,96";"17,91"
"08135026";"Nattheim";"Gemeinden";"33,83";"33,63";"33,43"
"08135027";"Niederstotzingen, Stadt";"Gemeinden";"57,06";"56,83";"56,69"
"08135031";"Sontheim an der Brenz";"Gemeinden";"60,82";"60,51";"60,48"
"08135032";"Steinheim am Albuch";"Gemeinden";"35,95";"35,82";"35,73"
"08136002";"Abtsgmünd";"Gemeinden";"36,87";"36,66";"36,59"
"08136003";"Adelmannsfelden";"Gemeinden";"36,38";"36,16";"36,16"
"08136007";"Bartholomä";"Gemeinden";"40,39";"40,24";"40,29"
"08136009";"Böbingen an der Rems";"Gemeinden";"71,85";"71,77";"71,77"
"08136010";"Bopfingen, Stadt";"Gemeinden";"49,92";"49,77";"49,66"
"08136015";"Durlangen";"Gemeinden";"47,03";"46,46";"46,46"
"08136018";"Ellenberg";"Gemeinden";"28,68";"28,52";"28,49"
"08136019";"Ellwangen (Jagst), Stadt";"Gemeinden";"50,68";"50,33";"50,25"
"08136020";"Eschach";"Gemeinden";"57,50";"57,15";"57,05"
"08136021";"Essingen";"Gemeinden";"41,00";"40,91";"40,81"
"08136024";"Göggingen";"Gemeinden";"63,27";"63,01";"62,92"
"08136027";"Gschwend";"Gemeinden";"36,57";"36,43";"36,41"
"08136028";"Heubach, Stadt";"Gemeinden";"37,63";"37,28";"37,08"
"08136029";"Heuchlingen";"Gemeinden";"69,10";"68,77";"68,55"
"08136033";"Hüttlingen";"Gemeinden";"56,63";"55,88";"55,72"
"08136034";"Iggingen";"Gemeinden";"75,04";"74,54";"74,54"
"08136035";"Jagstzell";"Gemeinden";"30,96";"30,54";"30,17"
"08136037";"Kirchheim am Ries";"Gemeinden";"70,64";"70,59";"70,45"
"08136038";"Lauchheim, Stadt";"Gemeinden";"39,50";"39,35";"37,83"
"08136040";"Leinzell";"Gemeinden";"34,12";"33,65";"33,65"
"08136042";"Lorch, Stadt";"Gemeinden";"28,70";"28,50";"28,44"
"08136043";"Mögglingen";"Gemeinden";"68,06";"67,38";"67,28"
"08136044";"Mutlangen";"Gemeinden";"40,96";"40,73";"40,50"
"08136045";"Neresheim, Stadt";"Gemeinden";"50,30";"50,21";"50,06"
"08136046";"Neuler";"Gemeinden";"49,79";"49,66";"49,63"
"08136049";"Obergröningen";"Gemeinden";"54,10";"54,10";"54,10"
"08136050";"Oberkochen, Stadt";"Gemeinden";"15,03";"14,99";"14,78"
"08136060";"Rosenberg";"Gemeinden";"29,79";"29,60";"29,55"
"08136061";"Ruppertshofen";"Gemeinden";"52,50";"52,15";"52,15"
"08136062";"Schechingen";"Gemeinden";"67,99";"67,90";"67,65"
"08136065";"Schwäbisch Gmünd, Stadt";"Gemeinden";"43,25";"42,50";"42,35"
"08136066";"Spraitbach";"Gemeinden";"35,19";"35,03";"34,87"
"08136068";"Stödtlen";"Gemeinden";"62,38";"62,22";"62,16"
"08136070";"Täferrot";"Gemeinden";"50,21";"50,04";"50,04"
"08136071";"Tannhausen";"Gemeinden";"63,19";"63,02";"62,74"
"08136075";"Unterschneidheim";"Gemeinden";"69,15";"68,84";"68,83"
"08136079";"Waldstetten";"Gemeinden";"54,96";"54,44";"54,39"
"08136082";"Westhausen";"Gemeinden";"48,27";"48,09";"47,96"
"08136084";"Wört";"Gemeinden";"42,10";"41,83";"41,77"
"08136087";"Riesbürg";"Gemeinden";"60,55";"60,27";"60,16"
"08136088";"Aalen, Stadt";"Gemeinden";"41,49";"41,17";"40,89"
"08136089";"Rainau";"Gemeinden";"52,96";"52,77";"52,77"
"08211000";"Baden-Baden, Stadt";"Gemeinden";"22,16";"22,05";"21,98"
"08212000";"Karlsruhe, Stadt";"Gemeinden";"22,60";"22,48";"22,40"
"08215007";"Bretten, Stadt";"Gemeinden";"50,49";"50,37";"50,04"
"08215009";"Bruchsal, Stadt";"Gemeinden";"45,33";"43,41";"43,28"
"08215017";"Ettlingen, Stadt";"Gemeinden";"28,42";"28,39";"28,39"
"08215021";"Forst";"Gemeinden";"32,46";"32,11";"32,11"
"08215025";"Gondelsheim";"Gemeinden";"64,20";"64,20";"64,06"
"08215029";"Hambrücken";"Gemeinden";"38,25";"37,43";"37,43"
"08215039";"Kronau";"Gemeinden";"24,59";"22,48";"22,48"
"08215040";"Kürnbach";"Gemeinden";"61,22";"60,98";"60,98"
"08215046";"Malsch";"Gemeinden";"34,76";"34,74";"34,58"
"08215047";"Marxzell";"Gemeinden";"19,87";"19,87";"19,85"
"08215059";"Oberderdingen, Stadt";"Gemeinden";"51,89";"51,41";"51,41"
"08215064";"Östringen, Stadt";"Gemeinden";"50,64";"50,56";"50,53"
"08215066";"Philippsburg, Stadt";"Gemeinden";"41,08";"40,78";"40,76"
"08215082";"Sulzfeld";"Gemeinden";"68,21";"68,11";"67,73"
"08215084";"Ubstadt-Weiher";"Gemeinden";"51,24";"49,16";"49,14"
"08215089";"Walzbachtal";"Gemeinden";"50,79";"50,71";"50,71"
"08215090";"Weingarten (Baden)";"Gemeinden";"47,21";"47,21";"47,04"
"08215094";"Zaisenhausen";"Gemeinden";"67,29";"66,73";"66,63"
"08215096";"Karlsbad";"Gemeinden";"39,07";"38,88";"38,65"
"08215097";"Kraichtal, Stadt";"Gemeinden";"69,70";"69,65";"69,56"
"08215099";"Graben-Neudorf";"Gemeinden";"38,40";"38,40";"38,40"
"08215100";"Bad Schönborn";"Gemeinden";"39,63";"38,80";"38,71"
"08215101";"Pfinztal";"Gemeinden";"44,51";"44,48";"44,44"
"08215102";"Eggenstein-Leopoldshafen";"Gemeinden";"30,26";"30,22";"30,14"
"08215103";"Karlsdorf-Neuthard";"Gemeinden";"35,16";"34,38";"34,38"
"08215105";"Linkenheim-Hochstetten";"Gemeinden";"44,62";"44,62";"44,62"
"08215106";"Waghäusel, Stadt";"Gemeinden";"28,29";"28,17";"27,50"
"08215107";"Oberhausen-Rheinhausen";"Gemeinden";"41,54";"40,33";"39,96"
"08215108";"Rheinstetten, Stadt";"Gemeinden";"35,59";"35,41";"35,41"
"08215109";"Stutensee, Stadt";"Gemeinden";"37,39";"37,19";"37,17"
"08215110";"Waldbronn";"Gemeinden";"36,83";"36,12";"36,12"
"08215111";"Dettenheim";"Gemeinden";"60,21";"59,70";"59,50"
"08216002";"Au am Rhein";"Gemeinden";"40,11";"39,80";"39,35"
"08216005";"Bietigheim";"Gemeinden";"39,06";"38,99";"38,35"
"08216006";"Bischweier";"Gemeinden";"67,39";"65,43";"65,43"
"08216007";"Bühl, Stadt";"Gemeinden";"38,85";"38,73";"38,59"
"08216008";"Bühlertal";"Gemeinden";"26,71";"26,60";"26,43"
"08216009";"Durmersheim";"Gemeinden";"42,36";"42,28";"42,01"
"08216012";"Elchesheim-Illingen";"Gemeinden";"38,50";"38,10";"38,20"
"08216013";"Forbach";"Gemeinden";"5,19";"5,19";"5,19"
"08216015";"Gaggenau, Stadt";"Gemeinden";"24,58";"24,50";"24,46"
"08216017";"Gernsbach, Stadt";"Gemeinden";"12,08";"12,04";"12,01"
"08216022";"Hügelsheim";"Gemeinden";"37,11";"37,02";"37,02"
"08216023";"Iffezheim";"Gemeinden";"31,34";"30,79";"30,79"
"08216024";"Kuppenheim, Stadt";"Gemeinden";"28,82";"28,71";"28,60"
"08216028";"Lichtenau, Stadt";"Gemeinden";"60,99";"60,79";"60,61"
"08216029";"Loffenau";"Gemeinden";"13,31";"13,31";"13,31"
"08216033";"Muggensturm";"Gemeinden";"52,08";"52,08";"50,52"
"08216039";"Ötigheim";"Gemeinden";"52,91";"52,82";"50,55"
"08216041";"Ottersweier";"Gemeinden";"61,66";"61,62";"61,52"
"08216043";"Rastatt, Stadt";"Gemeinden";"38,44";"38,15";"38,05"
"08216049";"Sinzheim";"Gemeinden";"51,75";"51,51";"51,44"
"08216052";"Steinmauern";"Gemeinden";"53,86";"53,78";"53,78"
"08216059";"Weisenbach";"Gemeinden";"18,41";"18,41";"18,41"
"08216063";"Rheinmünster";"Gemeinden";"44,56";"44,49";"44,47"
"08221000";"Heidelberg, Stadt";"Gemeinden";"26,23";"26,30";"26,20"
"08222000";"Mannheim, Universitätsstadt";"Gemeinden";"23,81";"23,78";"23,44"
"08225001";"Adelsheim, Stadt";"Gemeinden";"53,19";"52,97";"52,85"
"08225002";"Aglasterhausen";"Gemeinden";"55,52";"55,30";"55,30"
"08225009";"Billigheim";"Gemeinden";"58,23";"58,07";"58,07"
"08225010";"Binau";"Gemeinden";"38,10";"37,68";"37,68"
"08225014";"Buchen (Odenwald), Stadt";"Gemeinden";"44,36";"43,73";"43,66"
"08225024";"Fahrenbach";"Gemeinden";"51,98";"51,80";"51,55"
"08225032";"Hardheim";"Gemeinden";"53,11";"53,05";"52,94"
"08225033";"Haßmersheim";"Gemeinden";"31,12";"30,70";"30,65"
"08225039";"Höpfingen";"Gemeinden";"53,38";"53,28";"53,15"
"08225042";"Hüffenhardt";"Gemeinden";"59,48";"59,36";"59,36"
"08225052";"Limbach";"Gemeinden";"36,45";"36,13";"36,06"
"08225058";"Mosbach, Stadt";"Gemeinden";"32,69";"32,58";"32,55"
"08225060";"Mudau";"Gemeinden";"29,31";"29,19";"29,05"
"08225064";"Neckargerach";"Gemeinden";"40,30";"40,30";"40,24"
"08225067";"Neckarzimmern";"Gemeinden";"24,85";"24,72";"24,72"
"08225068";"Neunkirchen";"Gemeinden";"37,50";"37,37";"37,31"
"08225074";"Obrigheim";"Gemeinden";"42,06";"39,42";"39,01"
"08225075";"Osterburken, Stadt";"Gemeinden";"48,25";"47,95";"47,82"
"08225082";"Rosenberg";"Gemeinden";"57,43";"57,23";"57,18"
"08225091";"Seckach";"Gemeinden";"50,41";"50,34";"50,31"
"08225109";"Walldürn, Stadt";"Gemeinden";"45,23";"45,17";"45,01"
"08225113";"Zwingenberg";"Gemeinden";"7,84";"7,84";"7,84"
"08225114";"Ravenstein, Stadt";"Gemeinden";"59,60";"59,55";"59,50"
"08225115";"Schefflenz";"Gemeinden";"57,22";"57,09";"56,98"
"08225116";"Schwarzach";"Gemeinden";"33,25";"33,01";"33,01"
"08225117";"Elztal";"Gemeinden";"52,87";"52,79";"52,75"
"08225118";"Waldbrunn";"Gemeinden";"36,69";"36,42";"36,31"
"08226003";"Altlußheim";"Gemeinden";"45,24";"45,30";"44,67"
"08226006";"Bammental";"Gemeinden";"33,63";"33,72";"33,72"
"08226009";"Brühl";"Gemeinden";"47,11";"47,01";"43,87"
"08226010";"Dielheim";"Gemeinden";"54,30";"54,34";"54,30"
"08226012";"Dossenheim";"Gemeinden";"32,30";"32,08";"31,73"
"08226013";"Eberbach, Stadt";"Gemeinden";"10,60";"10,52";"10,51"
"08226017";"Epfenbach";"Gemeinden";"48,73";"48,65";"48,42"
"08226018";"Eppelheim, Stadt";"Gemeinden";"45,44";"45,44";"45,44"
"08226020";"Eschelbronn";"Gemeinden";"46,29";"45,57";"45,57"
"08226022";"Gaiberg";"Gemeinden";"44,82";"43,37";"43,37"
"08226027";"Heddesbach";"Gemeinden";"18,88";"18,88";"18,88"
"08226028";"Heddesheim";"Gemeinden";"70,84";"70,29";"70,02"
"08226029";"Heiligkreuzsteinach";"Gemeinden";"29,03";"28,98";"28,93"
"08226031";"Hemsbach, Stadt";"Gemeinden";"48,17";"48,17";"48,02"
"08226032";"Hockenheim, Stadt";"Gemeinden";"45,90";"45,81";"45,78"
"08226036";"Ilvesheim";"Gemeinden";"55,01";"54,84";"54,84"
"08226037";"Ketsch";"Gemeinden";"31,48";"31,42";"31,42"
"08226038";"Ladenburg, Stadt";"Gemeinden";"69,63";"68,63";"68,58"
"08226040";"Laudenbach";"Gemeinden";"54,91";"54,91";"54,32"
"08226041";"Leimen, Stadt";"Gemeinden";"32,99";"32,90";"32,75"
"08226046";"Malsch";"Gemeinden";"56,43";"56,43";"56,28"
"08226048";"Mauer";"Gemeinden";"55,17";"54,69";"54,69"
"08226049";"Meckesheim";"Gemeinden";"59,58";"59,40";"59,34"
"08226054";"Mühlhausen";"Gemeinden";"50,65";"50,46";"50,46"
"08226055";"Neckarbischofsheim, Stadt";"Gemeinden";"47,35";"47,07";"47,07"
"08226056";"Neckargemünd, Stadt";"Gemeinden";"27,83";"27,79";"27,75"
"08226058";"Neidenstein";"Gemeinden";"48,61";"48,15";"48,15"
"08226059";"Neulußheim";"Gemeinden";"45,86";"45,56";"45,27"
"08226060";"Nußloch";"Gemeinden";"39,76";"35,86";"35,86"
"08226062";"Oftersheim";"Gemeinden";"30,28";"30,20";"30,13"
"08226063";"Plankstadt";"Gemeinden";"68,59";"66,00";"66,00"
"08226065";"Rauenberg, Stadt";"Gemeinden";"58,81";"58,72";"58,72"
"08226066";"Reichartshausen";"Gemeinden";"46,60";"46,00";"46,00"
"08226068";"Reilingen";"Gemeinden";"37,80";"37,74";"37,49"
"08226076";"Sandhausen";"Gemeinden";"27,90";"27,08";"27,08"
"08226080";"Schönau, Stadt";"Gemeinden";"9,07";"9,03";"8,98"
"08226081";"Schönbrunn";"Gemeinden";"27,07";"27,04";"26,95"
"08226082";"Schriesheim, Stadt";"Gemeinden";"27,30";"27,17";"27,17"
"08226084";"Schwetzingen, Stadt";"Gemeinden";"25,49";"25,44";"25,44"
"08226085";"Sinsheim, Stadt";"Gemeinden";"54,89";"54,73";"54,65"
"08226086";"Spechbach";"Gemeinden";"51,29";"51,06";"50,94"
"08226091";"Waibstadt, Stadt";"Gemeinden";"53,93";"53,81";"53,81"
"08226095";"Walldorf, Stadt";"Gemeinden";"27,02";"26,57";"26,57"
"08226096";"Weinheim, Stadt";"Gemeinden";"41,89";"41,49";"41,42"
"08226097";"Wiesenbach";"Gemeinden";"41,06";"41,06";"41,06"
"08226098";"Wiesloch, Stadt";"Gemeinden";"48,68";"48,64";"48,61"
"08226099";"Wilhelmsfeld";"Gemeinden";"19,16";"18,95";"18,74"
"08226101";"Zuzenhausen";"Gemeinden";"58,16";"57,90";"57,90"
"08226102";"Angelbachtal";"Gemeinden";"59,77";"59,77";"59,71"
"08226103";"St. Leon-Rot";"Gemeinden";"47,14";"44,68";"41,82"
"08226104";"Lobbach";"Gemeinden";"32,39";"32,33";"32,19"
"08226105";"Edingen-Neckarhausen";"Gemeinden";"57,81";"57,48";"56,98"
"08226106";"Helmstadt-Bargen";"Gemeinden";"63,11";"63,08";"62,90"
"08226107";"Hirschberg an der Bergstraße";"Gemeinden";"40,97";"40,89";"40,81"
"08231000";"Pforzheim, Stadt";"Gemeinden";"16,71";"15,61";"15,19"
"08235006";"Altensteig, Stadt";"Gemeinden";"29,54";"29,37";"29,27"
"08235007";"Althengstett";"Gemeinden";"42,12";"41,81";"41,75"
"08235008";"Bad Liebenzell, Stadt";"Gemeinden";"27,74";"27,65";"27,44"
"08235018";"Dobel";"Gemeinden";"8,42";"8,37";"8,31"
"08235020";"Ebhausen";"Gemeinden";"43,57";"43,20";"43,08"
"08235022";"Egenhausen";"Gemeinden";"53,49";"52,89";"52,79"
"08235025";"Enzklösterle";"Gemeinden";"6,10";"6,05";"6,00"
"08235029";"Gechingen";"Gemeinden";"45,30";"44,89";"44,75"
"08235032";"Haiterbach, Stadt";"Gemeinden";"40,87";"40,70";"40,63"
"08235033";"Bad Herrenalb, Stadt";"Gemeinden";"14,00";"13,94";"13,84"
"08235035";"Höfen an der Enz";"Gemeinden";"3,53";"3,42";"3,42"
"08235046";"Nagold, Stadt";"Gemeinden";"41,62";"41,08";"40,92"
"08235047";"Neubulach, Stadt";"Gemeinden";"40,34";"40,14";"40,06"
"08235050";"Neuweiler";"Gemeinden";"22,05";"21,99";"21,95"
"08235055";"Oberreichenbach";"Gemeinden";"19,21";"19,04";"18,93"
"08235057";"Ostelsheim";"Gemeinden";"51,03";"50,81";"50,70"
"08235060";"Rohrdorf";"Gemeinden";"26,02";"25,51";"25,26"
"08235065";"Schömberg";"Gemeinden";"15,86";"15,72";"15,56"
"08235066";"Simmersfeld";"Gemeinden";"19,23";"19,09";"19,02"
"08235067";"Simmozheim";"Gemeinden";"42,59";"42,59";"42,17"
"08235073";"Unterreichenbach";"Gemeinden";"14,13";"13,65";"13,33"
"08235079";"Bad Wildbad, Stadt";"Gemeinden";"4,63";"4,59";"4,56"
"08235080";"Wildberg, Stadt";"Gemeinden";"39,86";"39,68";"39,43"
"08235084";"Bad Teinach-Zavelstein, Stadt";"Gemeinden";"24,71";"24,51";"24,39"
"08235085";"Calw, Stadt";"Gemeinden";"27,84";"27,59";"27,52"
"08236004";"Birkenfeld";"Gemeinden";"35,56";"34,77";"34,72"
"08236011";"Eisingen";"Gemeinden";"48,13";"48,01";"48,01"
"08236013";"Engelsbrand";"Gemeinden";"20,88";"20,75";"20,75"
"08236019";"Friolzheim";"Gemeinden";"46,84";"46,60";"46,60"
"08236025";"Heimsheim, Stadt";"Gemeinden";"52,59";"51,61";"50,00"
"08236028";"Illingen";"Gemeinden";"39,19";"38,04";"37,87"
"08236030";"Ispringen";"Gemeinden";"46,84";"46,84";"46,72"
"08236031";"Kieselbronn";"Gemeinden";"65,47";"65,47";"65,47"
"08236033";"Knittlingen, Stadt";"Gemeinden";"53,10";"52,98";"52,94"
"08236038";"Maulbronn, Stadt";"Gemeinden";"34,79";"34,61";"34,57"
"08236039";"Mönsheim";"Gemeinden";"45,32";"45,03";"44,73"
"08236040";"Mühlacker, Stadt";"Gemeinden";"47,77";"47,63";"47,42"
"08236043";"Neuenbürg, Stadt";"Gemeinden";"9,41";"9,34";"9,27"
"08236044";"Neuhausen";"Gemeinden";"33,45";"33,41";"33,38"
"08236046";"Niefern-Öschelbronn";"Gemeinden";"43,05";"42,92";"42,87"
"08236050";"Ötisheim";"Gemeinden";"50,63";"50,42";"50,42"
"08236061";"Sternenfels";"Gemeinden";"37,26";"37,18";"37,12"
"08236062";"Tiefenbronn";"Gemeinden";"54,13";"53,92";"53,92"
"08236065";"Wiernsheim";"Gemeinden";"57,72";"56,95";"56,95"
"08236067";"Wimsheim";"Gemeinden";"38,59";"38,59";"38,21"
"08236068";"Wurmberg";"Gemeinden";"55,24";"54,97";"54,29"
"08236070";"Keltern";"Gemeinden";"52,62";"52,35";"52,35"
"08236071";"Remchingen";"Gemeinden";"40,44";"40,36";"40,23"
"08236072";"Straubenhardt";"Gemeinden";"33,28";"33,19";"33,16"
"08236073";"Neulingen";"Gemeinden";"62,61";"62,53";"62,40"
"08236074";"Kämpfelbach";"Gemeinden";"55,80";"55,73";"55,58"
"08236075";"Ölbronn-Dürrn";"Gemeinden";"60,49";"60,23";"60,10"
"08236076";"Königsbach-Stein";"Gemeinden";"48,80";"48,68";"48,56"
"08237002";"Alpirsbach, Stadt";"Gemeinden";"21,67";"21,58";"21,51"
"08237004";"Baiersbronn";"Gemeinden";"8,09";"8,02";"7,99"
"08237019";"Dornstetten, Stadt";"Gemeinden";"31,16";"31,12";"30,95"
"08237024";"Empfingen";"Gemeinden";"53,85";"53,58";"53,42"
"08237027";"Eutingen im Gäu";"Gemeinden";"62,95";"62,34";"62,19"
"08237028";"Freudenstadt, Stadt";"Gemeinden";"19,33";"19,04";"19,00"
"08237030";"Glatten";"Gemeinden";"43,36";"43,04";"42,91"
"08237032";"Grömbach";"Gemeinden";"17,00";"16,83";"16,75"
"08237040";"Horb am Neckar, Stadt";"Gemeinden";"51,15";"50,95";"50,62"
"08237045";"Loßburg";"Gemeinden";"34,61";"34,41";"34,33"
"08237054";"Pfalzgrafenweiler";"Gemeinden";"25,40";"25,33";"25,29"
"08237061";"Schopfloch";"Gemeinden";"57,02";"56,49";"56,02"
"08237072";"Wörnersberg";"Gemeinden";"34,77";"34,77";"34,77"
"08237073";"Seewald";"Gemeinden";"12,16";"12,12";"12,10"
"08237074";"Waldachtal";"Gemeinden";"38,97";"38,47";"38,30"
"08237075";"Bad Rippoldsau-Schapbach";"Gemeinden";"5,99";"5,93";"5,93"
"08311000";"Freiburg im Breisgau, Stadt";"Gemeinden";"23,11";"22,55";"22,52"
"08315003";"Au";"Gemeinden";"47,50";"47,50";"47,25"
"08315004";"Auggen";"Gemeinden";"73,92";"73,85";"73,78"
"08315006";"Bad Krozingen, Stadt";"Gemeinden";"75,82";"75,51";"75,51"
"08315007";"Badenweiler";"Gemeinden";"23,02";"22,95";"22,95"
"08315008";"Ballrechten-Dottingen";"Gemeinden";"54,77";"54,77";"54,31"
"08315013";"Bötzingen";"Gemeinden";"62,00";"61,85";"61,77"
"08315014";"Bollschweil";"Gemeinden";"26,48";"26,29";"26,17"
"08315015";"Breisach am Rhein, Stadt";"Gemeinden";"50,61";"50,28";"50,14"
"08315016";"Breitnau";"Gemeinden";"40,68";"40,50";"40,50"
"08315020";"Buchenbach";"Gemeinden";"27,17";"27,07";"27,01"
"08315022";"Buggingen";"Gemeinden";"77,14";"76,75";"76,75"
"08315028";"Ebringen";"Gemeinden";"35,70";"35,57";"35,57"
"08315030";"Eichstetten am Kaiserstuhl";"Gemeinden";"64,07";"63,98";"63,98"
"08315031";"Eisenbach (Hochschwarzwald)";"Gemeinden";"27,25";"27,15";"27,15"
"08315033";"Eschbach";"Gemeinden";"64,01";"64,01";"63,91"
"08315037";"Feldberg (Schwarzwald)";"Gemeinden";"35,92";"35,72";"35,68"
"08315039";"Friedenweiler";"Gemeinden";"16,04";"15,96";"15,96"
"08315041";"Glottertal";"Gemeinden";"30,29";"30,16";"30,12"
"08315043";"Gottenheim";"Gemeinden";"55,43";"54,97";"54,86"
"08315047";"Gundelfingen";"Gemeinden";"32,61";"32,47";"32,40"
"08315048";"Hartheim am Rhein";"Gemeinden";"50,52";"50,36";"50,33"
"08315050";"Heitersheim, Stadt";"Gemeinden";"66,10";"65,76";"65,67"
"08315051";"Heuweiler";"Gemeinden";"48,39";"48,39";"47,64"
"08315052";"Hinterzarten";"Gemeinden";"18,10";"18,10";"18,10"
"08315056";"Horben";"Gemeinden";"50,29";"49,94";"49,60"
"08315059";"Ihringen";"Gemeinden";"55,87";"55,65";"55,57"
"08315064";"Kirchzarten";"Gemeinden";"54,76";"54,14";"54,09"
"08315068";"Lenzkirch";"Gemeinden";"21,62";"21,55";"21,55"
"08315070";"Löffingen, Stadt";"Gemeinden";"46,10";"45,96";"45,91"
"08315072";"Merdingen";"Gemeinden";"60,28";"60,21";"60,07"
"08315073";"Merzhausen";"Gemeinden";"40,94";"40,58";"40,58"
"08315074";"Müllheim im Markgräflerland, Stadt";"Gemeinden";"44,86";"44,47";"44,45"
"08315076";"Neuenburg am Rhein, Stadt";"Gemeinden";"43,74";"43,47";"43,45"
"08315084";"Oberried";"Gemeinden";"20,57";"20,48";"20,48"
"08315089";"Pfaffenweiler";"Gemeinden";"41,55";"41,55";"41,55"
"08315094";"St. Märgen";"Gemeinden";"39,89";"39,86";"39,89"
"08315095";"St. Peter";"Gemeinden";"46,56";"46,51";"46,45"
"08315098";"Schallstadt";"Gemeinden";"65,75";"65,44";"65,49"
"08315102";"Schluchsee";"Gemeinden";"15,84";"15,80";"15,79"
"08315107";"Sölden";"Gemeinden";"43,42";"43,42";"43,16"
"08315108";"Staufen im Breisgau, Stadt";"Gemeinden";"35,33";"35,03";"34,99"
"08315109";"Stegen";"Gemeinden";"37,27";"37,20";"36,97"
"08315111";"Sulzburg, Stadt";"Gemeinden";"15,52";"15,39";"15,39"
"08315113";"Titisee-Neustadt, Stadt";"Gemeinden";"34,27";"34,10";"34,06"
"08315115";"Umkirch";"Gemeinden";"43,12";"40,25";"40,25"
"08315125";"Wittnau";"Gemeinden";"41,27";"41,27";"41,07"
"08315130";"Münstertal/Schwarzwald";"Gemeinden";"28,18";"28,08";"28,08"
"08315131";"Ehrenkirchen";"Gemeinden";"41,74";"41,50";"41,47"
"08315132";"March";"Gemeinden";"63,74";"62,96";"62,90"
"08315133";"Vogtsburg im Kaiserstuhl, Stadt";"Gemeinden";"55,19";"55,03";"54,66"
"08316002";"Bahlingen am Kaiserstuhl";"Gemeinden";"70,54";"70,46";"70,38"
"08316003";"Biederbach";"Gemeinden";"41,12";"40,83";"40,70"
"08316009";"Denzlingen";"Gemeinden";"57,85";"57,44";"57,38"
"08316010";"Elzach, Stadt";"Gemeinden";"26,33";"26,01";"25,70"
"08316011";"Emmendingen, Stadt";"Gemeinden";"38,60";"38,43";"38,37"
"08316012";"Endingen am Kaiserstuhl, Stadt";"Gemeinden";"58,43";"58,16";"58,01"
"08316013";"Forchheim";"Gemeinden";"58,53";"58,53";"58,53"
"08316014";"Gutach im Breisgau";"Gemeinden";"37,14";"37,09";"36,80"
"08316017";"Herbolzheim, Stadt";"Gemeinden";"45,35";"45,26";"45,15"
"08316020";"Kenzingen, Stadt";"Gemeinden";"41,40";"41,27";"41,21"
"08316024";"Malterdingen";"Gemeinden";"47,26";"47,26";"47,08"
"08316036";"Reute";"Gemeinden";"55,95";"55,32";"55,11"
"08316037";"Riegel am Kaiserstuhl";"Gemeinden";"69,61";"69,39";"69,39"
"08316038";"Sasbach am Kaiserstuhl";"Gemeinden";"60,30";"60,11";"60,06"
"08316039";"Sexau";"Gemeinden";"41,87";"41,44";"41,44"
"08316042";"Simonswald";"Gemeinden";"14,98";"14,88";"14,83"
"08316043";"Teningen";"Gemeinden";"43,84";"43,22";"43,14"
"08316045";"Vörstetten";"Gemeinden";"63,45";"63,32";"63,20"
"08316049";"Weisweil";"Gemeinden";"38,21";"38,03";"38,14"
"08316051";"Wyhl am Kaiserstuhl";"Gemeinden";"64,60";"64,07";"63,95"
"08316053";"Rheinhausen";"Gemeinden";"58,55";"58,18";"58,00"
"08316054";"Freiamt";"Gemeinden";"45,07";"44,82";"44,82"
"08316055";"Winden im Elztal";"Gemeinden";"31,03";"30,84";"30,66"
"08316056";"Waldkirch, Stadt";"Gemeinden";"22,74";"22,59";"22,51"
"08317001";"Achern, Stadt";"Gemeinden";"62,69";"62,45";"62,12"
"08317005";"Appenweier";"Gemeinden";"57,50";"57,36";"57,26"
"08317008";"Bad Peterstal-Griesbach";"Gemeinden";"12,28";"12,28";"12,26"
"08317009";"Berghaupten";"Gemeinden";"36,57";"36,16";"35,95"
"08317011";"Biberach";"Gemeinden";"34,75";"34,57";"34,57"
"08317021";"Durbach";"Gemeinden";"43,10";"42,95";"42,91"
"08317026";"Ettenheim, Stadt";"Gemeinden";"41,05";"40,88";"40,74"
"08317029";"Fischerbach";"Gemeinden";"29,03";"28,83";"28,78"
"08317031";"Friesenheim";"Gemeinden";"47,43";"47,15";"47,13"
"08317034";"Gengenbach, Stadt";"Gemeinden";"27,84";"27,37";"27,30"
"08317039";"Gutach (Schwarzwaldbahn)";"Gemeinden";"19,31";"19,22";"19,09"
"08317040";"Haslach im Kinzigtal, Stadt";"Gemeinden";"23,14";"23,09";"22,66"
"08317041";"Hausach, Stadt";"Gemeinden";"23,15";"23,12";"23,09"
"08317046";"Hofstetten";"Gemeinden";"29,30";"29,24";"29,24"
"08317047";"Hohberg";"Gemeinden";"58,79";"58,62";"58,41"
"08317051";"Hornberg, Stadt";"Gemeinden";"20,44";"20,39";"20,37"
"08317056";"Kappelrodeck";"Gemeinden";"39,65";"39,54";"39,43"
"08317057";"Kehl, Stadt";"Gemeinden";"52,10";"51,91";"51,78"
"08317059";"Kippenheim";"Gemeinden";"43,02";"42,73";"42,64"
"08317065";"Lahr/Schwarzwald, Stadt";"Gemeinden";"31,33";"30,96";"30,90"
"08317067";"Lautenbach";"Gemeinden";"26,00";"25,77";"25,81"
"08317068";"Lauf";"Gemeinden";"38,07";"37,93";"37,87"
"08317073";"Mahlberg, Stadt";"Gemeinden";"42,25";"41,71";"41,59"
"08317075";"Meißenheim";"Gemeinden";"57,85";"57,38";"57,24"
"08317078";"Mühlenbach";"Gemeinden";"32,48";"32,45";"32,45"
"08317085";"Nordrach";"Gemeinden";"16,56";"16,48";"16,34"
"08317088";"Oberharmersbach";"Gemeinden";"22,17";"22,09";"22,02"
"08317089";"Oberkirch, Stadt";"Gemeinden";"49,24";"48,78";"48,58"
"08317093";"Oberwolfach";"Gemeinden";"14,34";"14,30";"14,26"
"08317096";"Offenburg, Stadt";"Gemeinden";"38,33";"38,20";"38,10"
"08317097";"Ohlsbach";"Gemeinden";"29,17";"28,90";"28,64"
"08317098";"Oppenau, Stadt";"Gemeinden";"14,52";"14,51";"14,44"
"08317100";"Ortenberg";"Gemeinden";"53,71";"52,47";"51,94"
"08317102";"Ottenhöfen im Schwarzwald";"Gemeinden";"27,67";"27,51";"27,51"
"08317110";"Renchen, Stadt";"Gemeinden";"58,10";"57,73";"57,64"
"08317113";"Ringsheim";"Gemeinden";"39,26";"38,55";"38,55"
"08317114";"Rust";"Gemeinden";"56,29";"55,76";"55,69"
"08317116";"Sasbach";"Gemeinden";"44,65";"44,23";"43,93"
"08317118";"Sasbachwalden";"Gemeinden";"25,10";"24,99";"24,82"
"08317121";"Schuttertal";"Gemeinden";"29,60";"29,52";"29,36"
"08317122";"Schutterwald";"Gemeinden";"44,20";"43,44";"43,44"
"08317126";"Seebach";"Gemeinden";"16,65";"16,60";"16,54"
"08317127";"Seelbach";"Gemeinden";"26,05";"26,01";"25,91"
"08317129";"Steinach";"Gemeinden";"37,12";"36,97";"36,85"
"08317141";"Willstätt";"Gemeinden";"68,23";"67,94";"67,70"
"08317145";"Wolfach, Stadt";"Gemeinden";"15,92";"15,92";"15,90"
"08317146";"Zell am Harmersbach, Stadt";"Gemeinden";"37,24";"37,13";"36,86"
"08317150";"Schwanau";"Gemeinden";"52,49";"52,23";"51,99"
"08317151";"Neuried";"Gemeinden";"63,17";"62,64";"62,55"
"08317152";"Kappel-Grafenhausen";"Gemeinden";"56,49";"56,26";"55,91"
"08317153";"Rheinau, Stadt";"Gemeinden";"53,78";"53,54";"53,36"
"08317971";"Rheinau, gemeindefreies Gebiet";"Gemeinden";"21,43";"21,43";"21,43"
"08325001";"Aichhalden";"Gemeinden";"55,38";"55,07";"54,72"
"08325009";"Bösingen";"Gemeinden";"61,16";"60,89";"60,71"
"08325011";"Dietingen";"Gemeinden";"50,73";"50,66";"50,57"
"08325012";"Dornhan, Stadt";"Gemeinden";"48,79";"48,36";"48,21"
"08325014";"Dunningen";"Gemeinden";"56,84";"55,07";"54,92"
"08325015";"Epfendorf";"Gemeinden";"42,08";"41,88";"41,88"
"08325024";"Hardt";"Gemeinden";"48,77";"48,11";"48,02"
"08325036";"Lauterbach";"Gemeinden";"35,45";"35,45";"35,40"
"08325045";"Oberndorf am Neckar, Stadt";"Gemeinden";"46,32";"46,17";"45,99"
"08325049";"Rottweil, Stadt";"Gemeinden";"37,99";"37,63";"37,44"
"08325050";"Schenkenzell";"Gemeinden";"8,66";"8,66";"8,64"
"08325051";"Schiltach, Stadt";"Gemeinden";"11,22";"11,20";"11,17"
"08325053";"Schramberg, Stadt";"Gemeinden";"39,29";"39,14";"39,05"
"08325057";"Sulz am Neckar, Stadt";"Gemeinden";"47,75";"47,63";"47,56"
"08325060";"Villingendorf";"Gemeinden";"45,77";"45,55";"45,55"
"08325061";"Vöhringen";"Gemeinden";"37,35";"37,07";"36,95"
"08325064";"Wellendingen";"Gemeinden";"49,66";"49,31";"49,14"
"08325069";"Zimmern ob Rottweil";"Gemeinden";"49,88";"49,73";"49,59"
"08325070";"Fluorn-Winzeln";"Gemeinden";"53,21";"53,01";"52,97"
"08325071";"Eschbronn";"Gemeinden";"53,01";"52,91";"52,55"
"08325072";"Deißlingen";"Gemeinden";"34,90";"34,40";"34,37"
"08326003";"Bad Dürrheim, Stadt";"Gemeinden";"64,05";"63,89";"63,68"
"08326005";"Blumberg, Stadt";"Gemeinden";"48,22";"48,16";"48,13"
"08326006";"Bräunlingen, Stadt";"Gemeinden";"39,52";"39,33";"39,25"
"08326010";"Dauchingen";"Gemeinden";"58,42";"58,03";"58,03"
"08326012";"Donaueschingen, Stadt";"Gemeinden";"51,24";"50,92";"50,88"
"08326017";"Furtwangen im Schwarzwald, Stadt";"Gemeinden";"30,13";"29,96";"29,90"
"08326020";"Gütenbach";"Gemeinden";"32,61";"32,40";"32,13"
"08326027";"Hüfingen, Stadt";"Gemeinden";"57,15";"56,93";"56,81"
"08326031";"Königsfeld im Schwarzwald";"Gemeinden";"44,95";"44,80";"44,65"
"08326037";"Mönchweiler";"Gemeinden";"41,56";"41,63";"41,63"
"08326041";"Niedereschach";"Gemeinden";"47,04";"46,74";"46,58"
"08326052";"St. Georgen im Schwarzwald, Stadt";"Gemeinden";"40,76";"40,57";"40,43"
"08326054";"Schönwald im Schwarzwald";"Gemeinden";"37,34";"37,23";"37,23"
"08326055";"Schonach im Schwarzwald";"Gemeinden";"26,40";"26,34";"26,29"
"08326060";"Triberg im Schwarzwald, Stadt";"Gemeinden";"29,70";"29,34";"29,19"
"08326061";"Tuningen";"Gemeinden";"49,84";"49,01";"49,07"
"08326065";"Unterkirnach";"Gemeinden";"53,99";"53,53";"53,38"
"08326068";"Vöhrenbach, Stadt";"Gemeinden";"17,82";"17,78";"17,75"
"08326074";"Villingen-Schwenningen, Stadt";"Gemeinden";"32,07";"31,78";"31,63"
"08326075";"Brigachtal";"Gemeinden";"63,73";"63,60";"63,60"
"08327002";"Aldingen";"Gemeinden";"44,38";"44,07";"44,07"
"08327004";"Bärenthal";"Gemeinden";"22,93";"22,85";"22,77"
"08327005";"Balgheim";"Gemeinden";"33,90";"33,77";"33,77"
"08327006";"Böttingen";"Gemeinden";"44,27";"44,14";"44,08"
"08327007";"Bubsheim";"Gemeinden";"50,06";"49,10";"49,22"
"08327008";"Buchheim";"Gemeinden";"52,19";"51,86";"51,86"
"08327009";"Deilingen";"Gemeinden";"40,70";"40,15";"40,15"
"08327010";"Denkingen";"Gemeinden";"46,24";"46,17";"45,71"
"08327011";"Dürbheim";"Gemeinden";"42,44";"42,17";"42,11"
"08327012";"Durchhausen";"Gemeinden";"48,39";"48,33";"48,00"
"08327013";"Egesheim";"Gemeinden";"22,43";"22,16";"22,16"
"08327016";"Fridingen an der Donau, Stadt";"Gemeinden";"26,70";"26,44";"26,44"
"08327017";"Frittlingen";"Gemeinden";"44,03";"44,03";"43,91"
"08327018";"Geisingen, Stadt";"Gemeinden";"40,76";"40,60";"40,52"
"08327019";"Gosheim";"Gemeinden";"28,54";"28,33";"28,33"
"08327020";"Gunningen";"Gemeinden";"58,82";"58,46";"58,46"
"08327023";"Hausen ob Verena";"Gemeinden";"40,03";"39,52";"39,35"
"08327025";"Immendingen";"Gemeinden";"31,14";"30,86";"30,80"
"08327027";"Irndorf";"Gemeinden";"48,08";"47,94";"47,94"
"08327029";"Königsheim";"Gemeinden";"37,53";"37,07";"36,84"
"08327030";"Kolbingen";"Gemeinden";"48,70";"48,61";"48,48"
"08327033";"Mahlstetten";"Gemeinden";"43,03";"42,79";"42,79"
"08327036";"Mühlheim an der Donau, Stadt";"Gemeinden";"28,70";"28,61";"28,33"
"08327038";"Neuhausen ob Eck";"Gemeinden";"48,17";"48,00";"47,89"
"08327040";"Reichenbach am Heuberg";"Gemeinden";"25,25";"25,25";"25,08"
"08327041";"Renquishausen";"Gemeinden";"52,14";"51,36";"51,36"
"08327046";"Spaichingen, Stadt";"Gemeinden";"28,00";"27,51";"26,92"
"08327048";"Talheim";"Gemeinden";"44,66";"44,21";"44,21"
"08327049";"Trossingen, Stadt";"Gemeinden";"41,36";"41,32";"41,24"
"08327050";"Tuttlingen, Stadt";"Gemeinden";"21,42";"21,35";"21,33"
"08327051";"Wehingen";"Gemeinden";"22,07";"21,59";"21,18"
"08327054";"Wurmlingen";"Gemeinden";"23,41";"23,35";"23,22"
"08327055";"Seitingen-Oberflacht";"Gemeinden";"36,13";"36,03";"35,98"
"08327056";"Rietheim-Weilheim";"Gemeinden";"43,99";"43,32";"43,16"
"08327057";"Emmingen-Liptingen";"Gemeinden";"44,39";"43,84";"43,62"
"08335001";"Aach, Stadt";"Gemeinden";"41,67";"41,29";"41,29"
"08335002";"Allensbach";"Gemeinden";"40,48";"40,41";"40,41"
"08335015";"Büsingen am Hochrhein";"Gemeinden";"54,86";"54,72";"54,72"
"08335021";"Eigeltingen";"Gemeinden";"53,47";"53,38";"53,33"
"08335022";"Engen, Stadt";"Gemeinden";"45,56";"45,39";"45,34"
"08335025";"Gaienhofen";"Gemeinden";"48,88";"48,88";"48,80"
"08335026";"Gailingen am Hochrhein";"Gemeinden";"32,47";"32,40";"32,17"
"08335028";"Gottmadingen";"Gemeinden";"49,32";"48,98";"48,85"
"08335035";"Hilzingen";"Gemeinden";"66,48";"66,37";"66,33"
"08335043";"Konstanz, Universitätsstadt";"Gemeinden";"32,16";"32,08";"32,00"
"08335055";"Moos";"Gemeinden";"56,02";"55,74";"55,74"
"08335057";"Mühlingen";"Gemeinden";"58,28";"58,13";"58,13"
"08335061";"Öhningen";"Gemeinden";"46,24";"46,17";"46,10"
"08335063";"Radolfzell am Bodensee, Stadt";"Gemeinden";"43,07";"42,65";"42,61"
"08335066";"Reichenau";"Gemeinden";"35,25";"35,01";"35,01"
"08335075";"Singen (Hohentwiel), Stadt";"Gemeinden";"40,38";"40,08";"40,05"
"08335077";"Steißlingen";"Gemeinden";"51,92";"51,39";"51,22"
"08335079";"Stockach, Stadt";"Gemeinden";"52,14";"51,99";"51,87"
"08335080";"Tengen, Stadt";"Gemeinden";"57,29";"57,21";"57,18"
"08335081";"Volkertshausen";"Gemeinden";"57,86";"57,28";"57,09"
"08335096";"Hohenfels";"Gemeinden";"57,10";"57,04";"56,87"
"08335097";"Mühlhausen-Ehingen";"Gemeinden";"57,69";"57,52";"57,41"
"08335098";"Bodman-Ludwigshafen";"Gemeinden";"39,78";"39,67";"39,57"
"08335099";"Orsingen-Nenzingen";"Gemeinden";"47,01";"46,87";"46,83"
"08335100";"Rielasingen-Worblingen";"Gemeinden";"56,64";"56,37";"56,16"
"08336004";"Aitern";"Gemeinden";"35,72";"35,72";"35,72"
"08336006";"Bad Bellingen";"Gemeinden";"54,46";"53,99";"53,87"
"08336008";"Binzen";"Gemeinden";"69,02";"68,16";"68,16"
"08336010";"Böllen";"Gemeinden";"26,10";"26,10";"26,10"
"08336014";"Efringen-Kirchen";"Gemeinden";"61,19";"61,07";"60,62"
"08336019";"Eimeldingen";"Gemeinden";"57,75";"57,75";"57,18"
"08336024";"Fischingen";"Gemeinden";"75,66";"75,13";"75,13"
"08336025";"Fröhnd";"Gemeinden";"45,40";"45,34";"45,34"
"08336034";"Hasel";"Gemeinden";"28,67";"28,50";"28,50"
"08336036";"Hausen im Wiesental";"Gemeinden";"20,43";"20,23";"20,04"
"08336043";"Inzlingen";"Gemeinden";"40,61";"40,61";"40,51"
"08336045";"Kandern, Stadt";"Gemeinden";"37,81";"37,68";"37,66"
"08336050";"Lörrach, Stadt";"Gemeinden";"27,05";"25,98";"25,98"
"08336057";"Maulburg";"Gemeinden";"36,79";"35,38";"35,38"
"08336069";"Rheinfelden (Baden), Stadt";"Gemeinden";"36,58";"36,25";"36,20"
"08336073";"Rümmingen";"Gemeinden";"33,86";"33,86";"33,86"
"08336075";"Schallbach";"Gemeinden";"76,46";"76,20";"76,20"
"08336078";"Schliengen";"Gemeinden";"46,58";"46,34";"46,32"
"08336079";"Schönau im Schwarzwald, Stadt";"Gemeinden";"10,05";"10,05";"10,12"
"08336080";"Schönenberg";"Gemeinden";"33,78";"33,65";"33,65"
"08336081";"Schopfheim, Stadt";"Gemeinden";"33,68";"33,58";"33,56"
"08336082";"Schwörstadt";"Gemeinden";"32,85";"32,75";"32,70"
"08336084";"Steinen";"Gemeinden";"28,39";"28,28";"28,22"
"08336087";"Todtnau, Stadt";"Gemeinden";"22,91";"22,90";"22,88"
"08336089";"Tunau";"Gemeinden";"41,23";"42,96";"42,96"
"08336090";"Utzenfeld";"Gemeinden";"27,16";"27,16";"27,16"
"08336091";"Weil am Rhein, Stadt";"Gemeinden";"31,60";"31,45";"31,35"
"08336094";"Wembach";"Gemeinden";"27,22";"27,22";"27,22"
"08336096";"Wieden";"Gemeinden";"40,98";"40,90";"40,90"
"08336100";"Wittlingen";"Gemeinden";"31,11";"31,11";"30,89"
"08336103";"Zell im Wiesental, Stadt";"Gemeinden";"26,19";"26,19";"26,19"
"08336104";"Malsburg-Marzell";"Gemeinden";"21,24";"21,20";"21,20"
"08336105";"Grenzach-Wyhlen";"Gemeinden";"24,61";"23,93";"23,93"
"08336106";"Häg-Ehrsberg";"Gemeinden";"37,46";"37,46";"37,42"
"08336107";"Kleines Wiesental";"Gemeinden";"25,06";"25,02";"25,01"
"08337002";"Albbruck";"Gemeinden";"45,91";"45,77";"45,67"
"08337013";"Bernau im Schwarzwald";"Gemeinden";"37,16";"37,13";"36,97"
"08337022";"Bonndorf im Schwarzwald, Stadt";"Gemeinden";"36,60";"36,37";"36,32"
"08337027";"Dachsberg (Südschwarzwald)";"Gemeinden";"29,38";"29,27";"29,24"
"08337030";"Dettighofen";"Gemeinden";"57,37";"57,30";"56,95"
"08337032";"Dogern";"Gemeinden";"30,74";"30,74";"30,60"
"08337038";"Görwihl";"Gemeinden";"30,47";"30,45";"30,41"
"08337039";"Grafenhausen";"Gemeinden";"29,34";"29,15";"29,11"
"08337045";"Häusern";"Gemeinden";"16,44";"16,22";"15,65"
"08337049";"Herrischried";"Gemeinden";"33,83";"33,22";"33,11"
"08337051";"Höchenschwand";"Gemeinden";"30,14";"30,01";"29,91"
"08337053";"Hohentengen am Hochrhein";"Gemeinden";"51,36";"51,03";"50,92"
"08337059";"Ibach";"Gemeinden";"30,45";"30,40";"30,36"
"08337060";"Jestetten";"Gemeinden";"34,77";"34,72";"34,43"
"08337062";"Klettgau";"Gemeinden";"50,66";"50,47";"50,29"
"08337065";"Lauchringen";"Gemeinden";"41,11";"40,72";"40,41"
"08337066";"Laufenburg (Baden), Stadt";"Gemeinden";"38,90";"38,69";"38,40"
"08337070";"Lottstetten";"Gemeinden";"42,39";"41,15";"40,85"
"08337076";"Murg";"Gemeinden";"32,11";"31,61";"31,56"
"08337090";"Rickenbach";"Gemeinden";"43,52";"43,43";"43,00"
"08337096";"Bad Säckingen, Stadt";"Gemeinden";"22,02";"21,58";"21,34"
"08337097";"St. Blasien, Stadt";"Gemeinden";"15,59";"15,55";"15,51"
"08337106";"Stühlingen, Stadt";"Gemeinden";"50,39";"50,19";"49,84"
"08337108";"Todtmoos";"Gemeinden";"16,16";"16,13";"16,13"
"08337116";"Wehr, Stadt";"Gemeinden";"23,98";"23,88";"23,88"
"08337118";"Weilheim";"Gemeinden";"48,05";"47,91";"47,80"
"08337123";"Wutöschingen";"Gemeinden";"53,80";"53,04";"52,93"
"08337124";"Eggingen";"Gemeinden";"44,01";"43,73";"43,66"
"08337125";"Küssaberg";"Gemeinden";"46,35";"45,85";"45,74"
"08337126";"Waldshut-Tiengen, Stadt";"Gemeinden";"43,52";"43,33";"43,30"
"08337127";"Wutach";"Gemeinden";"59,59";"59,52";"59,39"
"08337128";"Ühlingen-Birkendorf";"Gemeinden";"46,23";"46,13";"46,07"
"08415014";"Dettingen an der Erms";"Gemeinden";"46,74";"46,61";"46,42"
"08415019";"Eningen unter Achalm";"Gemeinden";"40,90";"40,64";"40,51"
"08415027";"Gomadingen";"Gemeinden";"40,74";"40,72";"40,72"
"08415028";"Grabenstetten";"Gemeinden";"60,84";"60,70";"60,70"
"08415029";"Grafenberg";"Gemeinden";"45,71";"44,00";"43,71"
"08415034";"Hayingen, Stadt";"Gemeinden";"42,50";"42,42";"42,40"
"08415039";"Hülben";"Gemeinden";"54,29";"53,35";"53,35"
"08415048";"Mehrstetten";"Gemeinden";"65,61";"65,44";"65,38"
"08415050";"Metzingen, Stadt";"Gemeinden";"39,91";"39,59";"39,57"
"08415053";"Münsingen, Stadt";"Gemeinden";"54,67";"54,55";"53,99"
"08415058";"Pfronstetten";"Gemeinden";"53,67";"53,58";"53,54"
"08415059";"Pfullingen, Stadt";"Gemeinden";"35,97";"35,90";"35,83"
"08415060";"Pliezhausen";"Gemeinden";"38,65";"38,36";"38,30"
"08415061";"Reutlingen, Stadt";"Gemeinden";"37,48";"37,32";"37,27"
"08415062";"Riederich";"Gemeinden";"49,14";"49,14";"49,14"
"08415073";"Trochtelfingen, Stadt";"Gemeinden";"50,03";"49,96";"49,89"
"08415078";"Bad Urach, Stadt";"Gemeinden";"28,31";"28,26";"28,22"
"08415080";"Wannweil";"Gemeinden";"50,19";"49,63";"49,63"
"08415085";"Zwiefalten";"Gemeinden";"36,99";"36,88";"36,75"
"08415087";"Walddorfhäslach";"Gemeinden";"47,78";"47,78";"47,71"
"08415088";"Römerstein";"Gemeinden";"57,25";"56,97";"56,99"
"08415089";"Engstingen";"Gemeinden";"49,14";"49,02";"47,49"
"08415090";"Hohenstein";"Gemeinden";"53,61";"53,48";"53,46"
"08415091";"Sonnenbühl";"Gemeinden";"50,55";"48,90";"48,73"
"08415092";"Lichtenstein";"Gemeinden";"36,30";"36,24";"36,24"
"08415093";"St. Johann";"Gemeinden";"44,13";"44,04";"44,03"
"08415971";"Gutsbezirk Münsingen, gemeindefreies Gebiet";"Gemeinden";"68,44";"68,44";"68,43"
"08416006";"Bodelshausen";"Gemeinden";"38,54";"38,18";"38,18"
"08416009";"Dettenhausen";"Gemeinden";"19,06";"19,06";"19,06"
"08416011";"Dußlingen";"Gemeinden";"55,33";"54,56";"54,48"
"08416015";"Gomaringen";"Gemeinden";"49,83";"49,36";"49,36"
"08416018";"Hirrlingen";"Gemeinden";"52,84";"52,69";"52,69"
"08416022";"Kirchentellinsfurt";"Gemeinden";"52,23";"52,14";"52,14"
"08416023";"Kusterdingen";"Gemeinden";"59,98";"59,78";"59,74"
"08416025";"Mössingen, Stadt";"Gemeinden";"39,62";"39,56";"39,52"
"08416026";"Nehren";"Gemeinden";"50,12";"49,65";"49,65"
"08416031";"Ofterdingen";"Gemeinden";"50,30";"50,10";"50,03"
"08416036";"Rottenburg am Neckar, Stadt";"Gemeinden";"53,21";"53,09";"53,00"
"08416041";"Tübingen, Universitätsstadt";"Gemeinden";"27,06";"26,97";"26,95"
"08416048";"Ammerbuch";"Gemeinden";"50,00";"49,88";"49,85"
"08416049";"Neustetten";"Gemeinden";"65,81";"65,41";"65,34"
"08416050";"Starzach";"Gemeinden";"53,41";"53,27";"50,68"
"08417002";"Balingen, Stadt";"Gemeinden";"43,91";"43,58";"43,53"
"08417008";"Bisingen";"Gemeinden";"40,15";"40,05";"40,05"
"08417010";"Bitz";"Gemeinden";"28,12";"28,12";"28,00"
"08417013";"Burladingen, Stadt";"Gemeinden";"42,49";"42,42";"42,40"
"08417014";"Dautmergen";"Gemeinden";"59,69";"59,47";"59,25"
"08417015";"Dormettingen";"Gemeinden";"58,78";"52,52";"52,67"
"08417016";"Dotternhausen";"Gemeinden";"40,16";"39,46";"39,46"
"08417022";"Geislingen, Stadt";"Gemeinden";"43,77";"43,71";"43,68"
"08417023";"Grosselfingen";"Gemeinden";"54,24";"54,18";"54,06"
"08417025";"Haigerloch, Stadt";"Gemeinden";"52,55";"51,40";"51,31"
"08417029";"Hausen am Tann";"Gemeinden";"35,69";"35,69";"35,69"
"08417031";"Hechingen, Stadt";"Gemeinden";"41,53";"41,36";"40,99"
"08417036";"Jungingen";"Gemeinden";"34,83";"34,73";"34,62"
"08417044";"Meßstetten, Stadt";"Gemeinden";"50,01";"50,36";"50,34"
"08417045";"Nusplingen";"Gemeinden";"50,46";"43,30";"43,21"
"08417047";"Obernheim";"Gemeinden";"38,91";"38,84";"38,77"
"08417051";"Rangendingen";"Gemeinden";"46,54";"46,49";"46,40"
"08417052";"Ratshausen";"Gemeinden";"35,07";"35,07";"35,07"
"08417054";"Rosenfeld, Stadt";"Gemeinden";"52,26";"51,24";"51,16"
"08417057";"Schömberg, Stadt";"Gemeinden";"46,15";"45,98";"45,85"
"08417063";"Straßberg";"Gemeinden";"39,94";"39,86";"39,74"
"08417071";"Weilen unter den Rinnen";"Gemeinden";"41,88";"41,88";"41,88"
"08417075";"Winterlingen";"Gemeinden";"44,20";"44,16";"44,06"
"08417078";"Zimmern unter der Burg";"Gemeinden";"60,52";"60,12";"60,12"
"08417079";"Albstadt, Stadt";"Gemeinden";"37,50";"37,41";"37,39"
"08421000";"Ulm, Universitätsstadt";"Gemeinden";"45,14";"44,82";"41,95"
"08425002";"Allmendingen";"Gemeinden";"47,96";"47,77";"47,63"
"08425004";"Altheim";"Gemeinden";"65,13";"64,74";"63,21"
"08425005";"Altheim (Alb)";"Gemeinden";"49,55";"49,24";"49,09"
"08425008";"Amstetten";"Gemeinden";"54,04";"53,65";"53,63"
"08425011";"Asselfingen";"Gemeinden";"79,47";"79,32";"79,24"
"08425013";"Ballendorf";"Gemeinden";"62,59";"62,24";"62,24"
"08425014";"Beimerstetten";"Gemeinden";"61,58";"61,23";"60,60"
"08425017";"Berghülen";"Gemeinden";"66,70";"66,36";"66,09"
"08425019";"Bernstadt";"Gemeinden";"59,90";"59,54";"58,90"
"08425020";"Blaubeuren, Stadt";"Gemeinden";"43,34";"42,52";"42,45"
"08425022";"Börslingen";"Gemeinden";"69,11";"68,95";"68,79"
"08425024";"Breitingen";"Gemeinden";"64,01";"64,01";"63,67"
"08425028";"Dietenheim, Stadt";"Gemeinden";"37,81";"37,07";"37,07"
"08425031";"Dornstadt";"Gemeinden";"60,53";"60,17";"60,14"
"08425033";"Ehingen (Donau), Stadt";"Gemeinden";"56,46";"55,72";"55,40"
"08425035";"Emeringen";"Gemeinden";"46,54";"46,28";"46,28"
"08425036";"Emerkingen";"Gemeinden";"80,00";"79,59";"79,59"
"08425039";"Erbach, Stadt";"Gemeinden";"58,40";"58,21";"58,03"
"08425050";"Griesingen";"Gemeinden";"61,47";"61,47";"61,23"
"08425052";"Grundsheim";"Gemeinden";"67,57";"67,57";"67,57"
"08425055";"Hausen am Bussen";"Gemeinden";"73,86";"73,30";"73,30"
"08425062";"Holzkirch";"Gemeinden";"73,59";"73,59";"73,59"
"08425064";"Hüttisheim";"Gemeinden";"71,04";"70,17";"70,17"
"08425066";"Illerrieden";"Gemeinden";"32,98";"32,76";"32,65"
"08425071";"Laichingen, Stadt";"Gemeinden";"57,80";"57,51";"57,40"
"08425072";"Langenau, Stadt";"Gemeinden";"73,33";"73,28";"73,01"
"08425073";"Lauterach";"Gemeinden";"40,19";"40,26";"40,26"
"08425075";"Lonsee";"Gemeinden";"54,46";"54,22";"53,97"
"08425079";"Merklingen";"Gemeinden";"57,53";"49,08";"48,52"
"08425081";"Munderkingen, Stadt";"Gemeinden";"67,25";"67,18";"67,02"
"08425083";"Neenstetten";"Gemeinden";"62,77";"62,65";"61,93"
"08425084";"Nellingen";"Gemeinden";"69,31";"68,86";"68,80"
"08425085";"Nerenstetten";"Gemeinden";"64,53";"64,37";"64,37"
"08425088";"Oberdischingen";"Gemeinden";"68,03";"67,35";"67,35"
"08425090";"Obermarchtal";"Gemeinden";"56,56";"56,30";"55,89"
"08425091";"Oberstadion";"Gemeinden";"71,61";"71,23";"71,04"
"08425092";"Öllingen";"Gemeinden";"70,70";"70,58";"70,33"
"08425093";"Öpfingen";"Gemeinden";"66,33";"63,40";"63,06"
"08425097";"Rammingen";"Gemeinden";"77,05";"75,55";"75,34"
"08425098";"Rechtenstein";"Gemeinden";"43,65";"43,39";"43,39"
"08425104";"Rottenacker";"Gemeinden";"67,06";"66,28";"65,60"
"08425108";"Schelklingen, Stadt";"Gemeinden";"42,48";"41,73";"41,14"
"08425110";"Schnürpflingen";"Gemeinden";"51,35";"51,26";"51,17"
"08425112";"Setzingen";"Gemeinden";"53,21";"52,97";"52,97"
"08425123";"Untermarchtal";"Gemeinden";"70,28";"70,28";"70,11"
"08425124";"Unterstadion";"Gemeinden";"65,35";"64,78";"64,78"
"08425125";"Unterwachingen";"Gemeinden";"62,31";"61,92";"61,54"
"08425130";"Weidenstetten";"Gemeinden";"45,96";"45,73";"45,67"
"08425134";"Westerheim";"Gemeinden";"61,72";"61,28";"61,20"
"08425135";"Westerstetten";"Gemeinden";"52,60";"51,98";"51,83"
"08425137";"Illerkirchberg";"Gemeinden";"68,91";"68,47";"68,38"
"08425138";"Staig";"Gemeinden";"55,72";"55,38";"55,32"
"08425139";"Heroldstatt";"Gemeinden";"63,82";"62,93";"62,13"
"08425140";"Balzheim";"Gemeinden";"36,03";"35,06";"34,95"
"08425141";"Blaustein, Stadt";"Gemeinden";"51,03";"50,71";"50,49"
"08426001";"Achstetten";"Gemeinden";"77,16";"76,86";"76,65"
"08426005";"Alleshausen";"Gemeinden";"82,48";"82,29";"82,20"
"08426006";"Allmannsweiler";"Gemeinden";"81,95";"81,22";"81,22"
"08426008";"Altheim";"Gemeinden";"50,27";"49,98";"49,89"
"08426011";"Attenweiler";"Gemeinden";"72,24";"71,69";"71,65"
"08426013";"Bad Buchau, Stadt";"Gemeinden";"57,73";"56,11";"56,08"
"08426014";"Bad Schussenried, Stadt";"Gemeinden";"58,21";"57,86";"57,68"
"08426019";"Berkheim";"Gemeinden";"61,91";"60,83";"60,71"
"08426020";"Betzenweiler";"Gemeinden";"74,69";"73,45";"72,62"
"08426021";"Biberach an der Riß, Stadt";"Gemeinden";"50,58";"49,48";"49,31"
"08426028";"Burgrieden";"Gemeinden";"52,20";"51,51";"51,42"
"08426031";"Dettingen an der Iller";"Gemeinden";"63,64";"62,93";"62,75"
"08426035";"Dürmentingen";"Gemeinden";"63,64";"63,27";"63,18"
"08426036";"Dürnau";"Gemeinden";"66,07";"65,66";"65,66"
"08426038";"Eberhardzell";"Gemeinden";"64,79";"64,23";"64,15"
"08426043";"Erlenmoos";"Gemeinden";"56,35";"55,03";"54,86"
"08426044";"Erolzheim";"Gemeinden";"55,06";"54,79";"54,79"
"08426045";"Ertingen";"Gemeinden";"61,02";"60,65";"60,47"
"08426058";"Hochdorf";"Gemeinden";"59,66";"58,77";"58,77"
"08426062";"Ingoldingen";"Gemeinden";"63,24";"62,92";"62,49"
"08426064";"Kanzach";"Gemeinden";"47,58";"47,17";"47,17"
"08426065";"Kirchberg an der Iller";"Gemeinden";"46,67";"46,41";"46,30"
"08426066";"Kirchdorf an der Iller";"Gemeinden";"76,11";"75,10";"74,92"
"08426067";"Langenenslingen";"Gemeinden";"45,14";"44,64";"44,56"
"08426070";"Laupheim, Stadt";"Gemeinden";"57,95";"57,26";"57,00"
"08426071";"Maselheim";"Gemeinden";"48,47";"48,26";"48,17"
"08426073";"Mietingen";"Gemeinden";"63,50";"63,05";"62,86"
"08426074";"Mittelbiberach";"Gemeinden";"63,13";"62,96";"62,96"
"08426078";"Moosburg";"Gemeinden";"88,65";"88,11";"88,11"
"08426087";"Ochsenhausen, Stadt";"Gemeinden";"63,16";"62,73";"62,66"
"08426090";"Oggelshausen";"Gemeinden";"65,22";"65,14";"65,06"
"08426097";"Riedlingen, Stadt";"Gemeinden";"53,23";"53,17";"53,09"
"08426100";"Rot an der Rot";"Gemeinden";"56,74";"56,57";"56,33"
"08426108";"Schwendi";"Gemeinden";"47,59";"47,41";"47,35"
"08426109";"Seekirch";"Gemeinden";"82,32";"82,47";"82,12"
"08426113";"Steinhausen an der Rottum";"Gemeinden";"66,49";"66,19";"65,99"
"08426117";"Tannheim";"Gemeinden";"43,41";"43,19";"43,19"
"08426118";"Tiefenbach";"Gemeinden";"78,10";"77,95";"77,95"
"08426120";"Ummendorf";"Gemeinden";"56,85";"56,56";"56,51"
"08426121";"Unlingen";"Gemeinden";"68,70";"68,44";"68,37"
"08426124";"Uttenweiler";"Gemeinden";"66,08";"65,94";"65,84"
"08426125";"Wain";"Gemeinden";"35,55";"35,30";"35,30"
"08426128";"Warthausen";"Gemeinden";"51,67";"51,36";"51,34"
"08426134";"Schemmerhofen";"Gemeinden";"66,55";"66,02";"65,87"
"08426135";"Gutenzell-Hürbel";"Gemeinden";"39,75";"39,59";"39,51"
"08435005";"Bermatingen";"Gemeinden";"59,55";"58,83";"58,71"
"08435010";"Daisendorf";"Gemeinden";"39,75";"39,75";"39,75"
"08435013";"Eriskirch";"Gemeinden";"44,90";"44,83";"44,76"
"08435015";"Frickingen";"Gemeinden";"66,44";"66,14";"66,02"
"08435016";"Friedrichshafen, Stadt";"Gemeinden";"49,62";"49,42";"49,21"
"08435018";"Hagnau am Bodensee";"Gemeinden";"64,63";"63,95";"63,61"
"08435020";"Heiligenberg";"Gemeinden";"55,44";"55,29";"55,21"
"08435024";"Immenstaad am Bodensee";"Gemeinden";"55,50";"54,85";"54,85"
"08435029";"Kressbronn am Bodensee";"Gemeinden";"59,94";"59,75";"59,35"
"08435030";"Langenargen";"Gemeinden";"41,72";"41,65";"41,39"
"08435034";"Markdorf, Stadt";"Gemeinden";"54,83";"54,63";"54,56"
"08435035";"Meckenbeuren";"Gemeinden";"60,93";"60,74";"60,55"
"08435036";"Meersburg, Stadt";"Gemeinden";"45,82";"45,57";"45,48"
"08435042";"Neukirch";"Gemeinden";"64,72";"64,46";"64,16"
"08435045";"Oberteuringen";"Gemeinden";"70,47";"70,27";"70,17"
"08435047";"Owingen";"Gemeinden";"52,44";"52,27";"52,08"
"08435052";"Salem";"Gemeinden";"55,91";"55,38";"55,26"
"08435053";"Sipplingen";"Gemeinden";"34,19";"34,19";"33,96"
"08435054";"Stetten";"Gemeinden";"64,19";"63,95";"63,95"
"08435057";"Tettnang, Stadt";"Gemeinden";"57,26";"57,00";"56,79"
"08435059";"Überlingen, Stadt";"Gemeinden";"50,31";"50,00";"49,88"
"08435066";"Uhldingen-Mühlhofen";"Gemeinden";"42,72";"42,53";"42,34"
"08435067";"Deggenhausertal";"Gemeinden";"58,31";"57,88";"57,72"
"08436001";"Achberg";"Gemeinden";"57,20";"56,89";"56,89"
"08436003";"Aichstetten";"Gemeinden";"48,43";"48,22";"48,16"
"08436004";"Aitrach";"Gemeinden";"30,10";"29,54";"29,50"
"08436005";"Altshausen";"Gemeinden";"50,76";"50,49";"50,24"
"08436006";"Amtzell";"Gemeinden";"71,89";"71,62";"71,46"
"08436008";"Aulendorf, Stadt";"Gemeinden";"55,64";"55,53";"55,26"
"08436009";"Bad Waldsee, Stadt";"Gemeinden";"56,50";"56,35";"56,32"
"08436010";"Bad Wurzach, Stadt";"Gemeinden";"59,60";"59,44";"59,30"
"08436011";"Baienfurt";"Gemeinden";"45,72";"45,53";"45,41"
"08436012";"Baindt";"Gemeinden";"32,94";"32,60";"32,60"
"08436013";"Berg";"Gemeinden";"71,82";"71,78";"71,75"
"08436014";"Bergatreute";"Gemeinden";"63,88";"63,53";"63,36"
"08436018";"Bodnegg";"Gemeinden";"73,26";"73,02";"72,69"
"08436019";"Boms";"Gemeinden";"70,89";"70,71";"70,79"
"08436024";"Ebenweiler";"Gemeinden";"60,81";"60,32";"60,32"
"08436027";"Eichstegen";"Gemeinden";"62,08";"62,25";"62,11"
"08436032";"Fleischwangen";"Gemeinden";"69,02";"68,85";"68,16"
"08436039";"Grünkraut";"Gemeinden";"66,36";"66,30";"66,12"
"08436040";"Guggenhausen";"Gemeinden";"70,46";"70,34";"70,22"
"08436047";"Hoßkirch";"Gemeinden";"54,71";"54,65";"54,52"
"08436049";"Isny im Allgäu, Stadt";"Gemeinden";"44,36";"44,12";"44,04"
"08436052";"Kißlegg";"Gemeinden";"61,74";"61,55";"61,35"
"08436053";"Königseggwald";"Gemeinden";"52,77";"52,48";"52,33"
"08436055";"Leutkirch im Allgäu, Stadt";"Gemeinden";"58,26";"58,14";"58,02"
"08436064";"Ravensburg, Stadt";"Gemeinden";"55,20";"54,96";"54,82"
"08436067";"Riedhausen";"Gemeinden";"73,13";"73,01";"72,65"
"08436069";"Schlier";"Gemeinden";"53,93";"53,74";"53,22"
"08436077";"Unterwaldhausen";"Gemeinden";"73,24";"73,24";"73,24"
"08436078";"Vogt";"Gemeinden";"51,43";"51,21";"50,81"
"08436079";"Waldburg";"Gemeinden";"51,21";"51,03";"50,95"
"08436081";"Wangen im Allgäu, Stadt";"Gemeinden";"61,91";"61,74";"61,56"
"08436082";"Weingarten, Stadt";"Gemeinden";"25,90";"25,49";"25,49"
"08436083";"Wilhelmsdorf";"Gemeinden";"57,55";"57,42";"57,23"
"08436085";"Wolfegg";"Gemeinden";"46,20";"46,05";"45,80"
"08436087";"Wolpertswende";"Gemeinden";"43,61";"42,39";"42,01"
"08436093";"Ebersbach-Musbach";"Gemeinden";"70,08";"69,93";"69,75"
"08436094";"Argenbühl";"Gemeinden";"65,31";"65,14";"65,06"
"08436095";"Horgenzell";"Gemeinden";"68,19";"67,88";"67,74"
"08436096";"Fronreute";"Gemeinden";"67,43";"67,24";"67,02"
"08437005";"Beuron";"Gemeinden";"17,86";"17,86";"17,83"
"08437008";"Bingen";"Gemeinden";"33,96";"33,88";"33,86"
"08437031";"Gammertingen, Stadt";"Gemeinden";"50,56";"50,25";"50,12"
"08437044";"Herbertingen";"Gemeinden";"66,75";"66,49";"66,29"
"08437047";"Hettingen, Stadt";"Gemeinden";"49,98";"49,87";"49,80"
"08437053";"Hohentengen";"Gemeinden";"73,64";"73,37";"73,23"
"08437056";"Illmensee";"Gemeinden";"64,41";"62,84";"62,76"
"08437059";"Inzigkofen";"Gemeinden";"48,94";"48,52";"48,49"
"08437065";"Krauchenwies";"Gemeinden";"49,34";"49,09";"48,94"
"08437072";"Leibertingen";"Gemeinden";"47,62";"47,17";"47,09"
"08437076";"Mengen, Stadt";"Gemeinden";"56,24";"55,92";"55,85"
"08437078";"Meßkirch, Stadt";"Gemeinden";"46,76";"46,56";"46,44"
"08437082";"Neufra";"Gemeinden";"39,26";"39,01";"39,01"
"08437086";"Ostrach";"Gemeinden";"50,85";"50,59";"50,58"
"08437088";"Pfullendorf, Stadt";"Gemeinden";"52,52";"51,96";"51,70"
"08437100";"Bad Saulgau, Stadt";"Gemeinden";"60,21";"60,03";"59,86"
"08437101";"Scheer, Stadt";"Gemeinden";"40,60";"40,49";"40,47"
"08437102";"Schwenningen";"Gemeinden";"53,00";"52,48";"52,48"
"08437104";"Sigmaringen, Stadt";"Gemeinden";"21,52";"21,40";"21,37"
"08437105";"Sigmaringendorf";"Gemeinden";"39,13";"38,73";"38,49"
"08437107";"Stetten am kalten Markt";"Gemeinden";"49,64";"49,39";"49,35"
"08437114";"Veringenstadt, Stadt";"Gemeinden";"38,18";"38,11";"38,08"
"08437118";"Wald";"Gemeinden";"56,47";"56,15";"56,03"
"08437123";"Sauldorf";"Gemeinden";"63,23";"62,89";"61,69"
"08437124";"Herdwangen-Schönach";"Gemeinden";"62,97";"62,45";"62,37"
"09161000";"Ingolstadt";"Gemeinden";"40,00";"39,33";"39,06"
"09162000";"München, Landeshauptstadt";"Gemeinden";"13,92";"13,55";"13,54"
"09163000";"Rosenheim";"Gemeinden";"36,16";"35,87";"35,49"
"09171111";"Altötting, St";"Gemeinden";"52,80";"51,93";"51,37"
"09171112";"Burghausen, St";"Gemeinden";"22,97";"21,96";"22,01"
"09171113";"Burgkirchen a.d.Alz";"Gemeinden";"53,30";"52,98";"52,98"
"09171114";"Emmerting";"Gemeinden";"19,26";"18,12";"17,77"
"09171115";"Erlbach";"Gemeinden";"66,90";"66,65";"66,55"
"09171116";"Feichten a.d.Alz";"Gemeinden";"67,75";"67,24";"67,08"
"09171117";"Garching a.d.Alz";"Gemeinden";"54,25";"54,14";"54,25"
"09171118";"Haiming";"Gemeinden";"38,36";"38,08";"38,11"
"09171119";"Halsbach";"Gemeinden";"75,86";"75,45";"75,49"
"09171121";"Kastl";"Gemeinden";"62,14";"61,92";"62,03"
"09171122";"Kirchweidach";"Gemeinden";"76,67";"75,83";"75,58"
"09171123";"Marktl, M";"Gemeinden";"38,04";"38,00";"37,97"
"09171124";"Mehring";"Gemeinden";"42,86";"42,73";"42,77"
"09171125";"Neuötting, St";"Gemeinden";"30,79";"30,46";"30,30"
"09171126";"Perach";"Gemeinden";"48,05";"48,12";"48,12"
"09171127";"Pleiskirchen";"Gemeinden";"66,34";"66,13";"66,12"
"09171129";"Reischach";"Gemeinden";"59,28";"59,07";"59,03"
"09171130";"Stammham";"Gemeinden";"44,72";"44,54";"44,54"
"09171131";"Teising";"Gemeinden";"51,21";"50,37";"50,56"
"09171132";"Töging a.Inn, St";"Gemeinden";"39,12";"38,32";"38,17"
"09171133";"Tüßling, M";"Gemeinden";"69,46";"68,17";"68,22"
"09171134";"Tyrlaching";"Gemeinden";"73,33";"72,94";"73,09"
"09171135";"Unterneukirchen";"Gemeinden";"73,77";"73,34";"73,39"
"09171137";"Winhöring";"Gemeinden";"42,66";"42,21";"41,32"
"09172111";"Ainring";"Gemeinden";"52,53";"51,91";"51,85"
"09172112";"Anger";"Gemeinden";"34,79";"34,57";"34,63"
"09172114";"Bad Reichenhall, GKSt";"Gemeinden";"10,93";"10,66";"10,71"
"09172115";"Bayerisch Gmain";"Gemeinden";"12,33";"11,60";"11,92"
"09172116";"Berchtesgaden, M";"Gemeinden";"21,64";"21,64";"22,06"
"09172117";"Bischofswiesen";"Gemeinden";"13,71";"13,84";"13,97"
"09172118";"Freilassing, St";"Gemeinden";"34,17";"33,15";"33,09"
"09172122";"Laufen, St";"Gemeinden";"52,35";"51,84";"51,81"
"09172124";"Marktschellenberg, M";"Gemeinden";"32,33";"32,28";"32,45"
"09172128";"Piding";"Gemeinden";"23,83";"23,32";"23,32"
"09172129";"Ramsau b.Berchtesgaden";"Gemeinden";"6,84";"6,87";"7,01"
"09172130";"Saaldorf-Surheim";"Gemeinden";"61,30";"60,95";"60,82"
"09172131";"Schneizlreuth";"Gemeinden";"4,79";"4,85";"4,88"
"09172132";"Schönau a.Königssee";"Gemeinden";"8,52";"9,63";"9,63"
"09172134";"Teisendorf, M";"Gemeinden";"55,31";"55,01";"54,99"
"09172452";"Eck";"Gemeinden";"3,28";"7,22";"7,62"
"09172454";"Schellenberger Forst";"Gemeinden";"3,28";"0,47";"0,47"
"09173111";"Bad Heilbrunn";"Gemeinden";"40,15";"39,81";"39,86"
"09173112";"Bad Tölz, St";"Gemeinden";"34,74";"34,74";"34,58"
"09173113";"Benediktbeuern";"Gemeinden";"29,92";"30,08";"30,13"
"09173115";"Bichl";"Gemeinden";"36,28";"36,06";"35,85"
"09173118";"Dietramszell";"Gemeinden";"44,38";"44,20";"43,97"
"09173120";"Egling";"Gemeinden";"43,11";"42,63";"42,51"
"09173123";"Eurasburg";"Gemeinden";"48,42";"48,15";"47,96"
"09173124";"Gaißach";"Gemeinden";"30,30";"30,56";"30,45"
"09173126";"Geretsried, St";"Gemeinden";"28,66";"28,33";"28,25"
"09173127";"Greiling";"Gemeinden";"54,83";"53,39";"53,13"
"09173130";"Icking";"Gemeinden";"40,06";"39,71";"39,47"
"09173131";"Jachenau";"Gemeinden";"10,68";"10,60";"10,61"
"09173133";"Kochel a.See";"Gemeinden";"13,03";"12,96";"12,91"
"09173134";"Königsdorf";"Gemeinden";"39,33";"39,02";"38,91"
"09173135";"Lenggries";"Gemeinden";"15,02";"14,71";"14,54"
"09173137";"Münsing";"Gemeinden";"38,25";"38,02";"37,93"
"09173140";"Reichersbeuern";"Gemeinden";"37,64";"37,05";"36,99"
"09173141";"Sachsenkam";"Gemeinden";"39,26";"38,88";"38,69"
"09173142";"Schlehdorf";"Gemeinden";"33,12";"32,85";"32,85"
"09173145";"Wackersberg";"Gemeinden";"40,78";"40,54";"40,21"
"09173147";"Wolfratshausen, St";"Gemeinden";"18,51";"18,29";"18,07"
"09173451";"Pupplinger Au";"Gemeinden";"0,50";"0,54";"0,81"
"09173452";"Wolfratshauser Forst";"Gemeinden";"0,50";"0,70";"0,70"
"09174111";"Altomünster, M";"Gemeinden";"67,74";"67,71";"67,72"
"09174113";"Bergkirchen";"Gemeinden";"66,08";"65,94";"66,03"
"09174115";"Dachau, GKSt";"Gemeinden";"47,11";"47,23";"47,37"
"09174118";"Erdweg";"Gemeinden";"61,34";"61,37";"61,59"
"09174121";"Haimhausen";"Gemeinden";"65,84";"65,73";"65,76"
"09174122";"Hebertshausen";"Gemeinden";"72,98";"72,98";"73,22"
"09174126";"Karlsfeld";"Gemeinden";"52,21";"51,76";"51,70"
"09174131";"Markt Indersdorf, M";"Gemeinden";"72,54";"72,62";"72,81"
"09174135";"Odelzhausen";"Gemeinden";"55,19";"55,03";"55,19"
"09174136";"Petershausen";"Gemeinden";"66,61";"66,64";"66,76"
"09174137";"Pfaffenhofen a.d.Glonn";"Gemeinden";"71,79";"71,46";"71,36"
"09174141";"Röhrmoos";"Gemeinden";"66,99";"66,99";"67,40"
"09174143";"Schwabhausen";"Gemeinden";"66,89";"66,82";"66,99"
"09174146";"Sulzemoos";"Gemeinden";"61,24";"61,29";"61,61"
"09174147";"Hilgertshausen-Tandern";"Gemeinden";"64,54";"64,40";"64,64"
"09174150";"Vierkirchen";"Gemeinden";"73,22";"73,32";"73,48"
"09174151";"Weichs";"Gemeinden";"66,72";"66,67";"66,77"
"09175111";"Anzing";"Gemeinden";"75,77";"75,28";"75,53"
"09175112";"Aßling";"Gemeinden";"64,01";"63,98";"63,95"
"09175113";"Baiern";"Gemeinden";"65,30";"65,20";"65,10"
"09175114";"Bruck";"Gemeinden";"60,54";"60,44";"60,54"
"09175115";"Ebersberg, St";"Gemeinden";"50,12";"50,29";"50,29"
"09175116";"Egmating";"Gemeinden";"34,03";"33,98";"33,98"
"09175118";"Forstinning";"Gemeinden";"71,23";"70,99";"70,90"
"09175119";"Frauenneuharting";"Gemeinden";"72,50";"72,37";"72,45"
"09175121";"Glonn, M";"Gemeinden";"50,25";"50,15";"50,18"
"09175122";"Grafing b.München, St";"Gemeinden";"54,82";"54,43";"54,87"
"09175123";"Hohenlinden";"Gemeinden";"51,62";"51,30";"51,21"
"09175124";"Kirchseeon, M";"Gemeinden";"32,53";"32,44";"32,38"
"09175127";"Markt Schwaben, M";"Gemeinden";"59,06";"58,97";"58,60"
"09175128";"Moosach";"Gemeinden";"37,58";"37,64";"37,64"
"09175131";"Oberpframmern";"Gemeinden";"31,08";"30,91";"30,97"
"09175132";"Vaterstetten";"Gemeinden";"57,04";"55,02";"54,87"
"09175133";"Pliening";"Gemeinden";"69,90";"69,33";"68,98"
"09175135";"Poing";"Gemeinden";"55,42";"53,25";"53,10"
"09175136";"Emmering";"Gemeinden";"78,29";"78,41";"78,47"
"09175137";"Steinhöring";"Gemeinden";"61,14";"61,09";"61,03"
"09175139";"Zorneding";"Gemeinden";"34,89";"34,89";"34,93"
"09175451";"Anzinger Forst";"Gemeinden";"0,82";"1,10";"1,10"
"09175452";"Ebersberger Forst";"Gemeinden";"0,82";"0,34";"0,34"
"09175453";"Eglhartinger Forst";"Gemeinden";"0,82";"0,78";"0,78"
"09176111";"Adelschlag";"Gemeinden";"44,54";"44,52";"44,49"
"09176112";"Altmannstein, M";"Gemeinden";"48,62";"48,22";"48,24"
"09176114";"Beilngries, St";"Gemeinden";"53,39";"53,13";"53,01"
"09176116";"Böhmfeld";"Gemeinden";"41,02";"41,14";"40,96"
"09176118";"Buxheim";"Gemeinden";"64,05";"63,83";"63,74"
"09176120";"Denkendorf";"Gemeinden";"37,88";"37,40";"37,42"
"09176121";"Dollnstein, M";"Gemeinden";"30,34";"30,39";"30,39"
"09176122";"Egweil";"Gemeinden";"70,18";"70,29";"70,29"
"09176123";"Eichstätt, GKSt";"Gemeinden";"35,81";"35,68";"35,36"
"09176124";"Eitensheim";"Gemeinden";"63,78";"63,72";"63,72"
"09176126";"Gaimersheim, M";"Gemeinden";"62,60";"61,82";"61,79"
"09176129";"Großmehring";"Gemeinden";"61,06";"60,72";"60,51"
"09176131";"Hepberg";"Gemeinden";"52,16";"51,20";"49,04"
"09176132";"Hitzhofen";"Gemeinden";"31,65";"31,44";"31,41"
"09176137";"Kinding, M";"Gemeinden";"34,12";"34,16";"34,14"
"09176138";"Kipfenberg, M";"Gemeinden";"32,96";"32,38";"32,37"
"09176139";"Kösching, M";"Gemeinden";"40,89";"40,58";"40,56"
"09176143";"Lenting";"Gemeinden";"53,42";"52,71";"51,30"
"09176147";"Mindelstetten";"Gemeinden";"68,87";"68,52";"68,61"
"09176148";"Mörnsheim, M";"Gemeinden";"39,94";"40,45";"40,36"
"09176149";"Nassenfels, M";"Gemeinden";"56,58";"56,36";"56,30"
"09176150";"Oberdolling";"Gemeinden";"61,00";"60,69";"60,74"
"09176153";"Pförring, M";"Gemeinden";"67,95";"67,34";"67,25"
"09176155";"Pollenfeld";"Gemeinden";"48,62";"48,02";"48,02"
"09176160";"Schernfeld";"Gemeinden";"42,89";"42,64";"42,55"
"09176161";"Stammham";"Gemeinden";"21,86";"21,66";"21,58"
"09176164";"Titting, M";"Gemeinden";"60,81";"60,64";"60,57"
"09176165";"Walting";"Gemeinden";"33,01";"32,85";"32,93"
"09176166";"Wellheim, M";"Gemeinden";"34,63";"34,55";"34,61"
"09176167";"Wettstetten";"Gemeinden";"57,42";"57,82";"58,22"
"09176451";"Haunstetter Forst";"Gemeinden";"0,00";"0,00";"0,00"
"09177112";"Berglern";"Gemeinden";"77,77";"77,36";"77,21"
"09177113";"Bockhorn";"Gemeinden";"74,59";"74,40";"74,34"
"09177114";"Buch a.Buchrain";"Gemeinden";"46,13";"45,43";"45,38"
"09177115";"Dorfen, St";"Gemeinden";"76,15";"74,76";"74,50"
"09177116";"Eitting";"Gemeinden";"65,34";"64,50";"64,22"
"09177117";"Erding, GKSt";"Gemeinden";"62,70";"61,53";"61,42"
"09177118";"Finsing";"Gemeinden";"68,25";"67,99";"68,46"
"09177119";"Forstern";"Gemeinden";"70,74";"69,96";"69,90"
"09177120";"Fraunberg";"Gemeinden";"77,24";"77,03";"76,98"
"09177121";"Hohenpolding";"Gemeinden";"77,90";"77,61";"77,28"
"09177122";"Inning a.Holz";"Gemeinden";"61,15";"60,30";"60,73"
"09177123";"Isen, M";"Gemeinden";"53,63";"53,27";"53,04"
"09177124";"Kirchberg";"Gemeinden";"70,58";"70,12";"70,12"
"09177126";"Langenpreising";"Gemeinden";"75,89";"73,27";"73,45"
"09177127";"Lengdorf";"Gemeinden";"74,28";"72,57";"72,45"
"09177130";"Moosinning";"Gemeinden";"70,27";"69,99";"70,02"
"09177131";"Neuching";"Gemeinden";"81,35";"79,88";"79,47"
"09177133";"Oberding";"Gemeinden";"66,95";"66,29";"66,01"
"09177134";"Ottenhofen";"Gemeinden";"73,42";"73,32";"72,74"
"09177135";"Pastetten";"Gemeinden";"73,82";"73,10";"73,01"
"09177137";"Sankt Wolfgang";"Gemeinden";"62,64";"61,71";"61,74"
"09177138";"Steinkirchen";"Gemeinden";"74,06";"73,73";"73,51"
"09177139";"Taufkirchen (Vils)";"Gemeinden";"70,55";"70,22";"70,06"
"09177142";"Walpertskirchen";"Gemeinden";"75,83";"75,72";"75,66"
"09177143";"Wartenberg, M";"Gemeinden";"63,20";"62,86";"62,47"
"09177144";"Wörth";"Gemeinden";"71,69";"71,64";"71,26"
"09178113";"Allershausen";"Gemeinden";"63,13";"62,49";"62,11"
"09178115";"Attenkirchen";"Gemeinden";"72,17";"70,93";"70,87"
"09178116";"Au i.d.Hallertau, M";"Gemeinden";"63,34";"62,16";"61,52"
"09178120";"Eching";"Gemeinden";"67,10";"64,34";"64,20"
"09178122";"Rudelzhausen";"Gemeinden";"61,54";"59,95";"59,71"
"09178123";"Fahrenzhausen";"Gemeinden";"73,33";"72,32";"72,26"
"09178124";"Freising, GKSt";"Gemeinden";"51,90";"51,11";"50,98"
"09178125";"Gammelsdorf";"Gemeinden";"67,99";"64,75";"66,37"
"09178129";"Haag a.d.Amper";"Gemeinden";"63,04";"61,34";"61,38"
"09178130";"Hallbergmoos";"Gemeinden";"52,72";"51,55";"51,33"
"09178132";"Hörgertshausen";"Gemeinden";"67,36";"67,13";"67,27"
"09178133";"Hohenkammer";"Gemeinden";"60,49";"60,18";"60,06"
"09178136";"Kirchdorf a.d.Amper";"Gemeinden";"63,27";"63,06";"62,81"
"09178137";"Kranzberg";"Gemeinden";"58,84";"58,46";"58,41"
"09178138";"Langenbach";"Gemeinden";"55,19";"53,59";"53,59"
"09178140";"Marzling";"Gemeinden";"68,73";"68,44";"68,00"
"09178142";"Mauern";"Gemeinden";"69,69";"68,74";"68,57"
"09178143";"Moosburg a.d.Isar, St";"Gemeinden";"52,86";"51,01";"50,92"
"09178144";"Nandlstadt, M";"Gemeinden";"72,48";"71,57";"71,43"
"09178145";"Neufahrn b.Freising";"Gemeinden";"71,08";"68,16";"67,90"
"09178150";"Paunzhausen";"Gemeinden";"66,09";"65,15";"64,36"
"09178155";"Wang";"Gemeinden";"63,89";"63,25";"63,09"
"09178156";"Wolfersdorf";"Gemeinden";"71,31";"70,84";"70,87"
"09178157";"Zolling";"Gemeinden";"69,65";"69,10";"69,01"
"09179111";"Adelshofen";"Gemeinden";"71,08";"70,86";"70,71"
"09179113";"Alling";"Gemeinden";"71,03";"70,74";"71,12"
"09179114";"Althegnenberg";"Gemeinden";"42,95";"42,82";"43,19"
"09179117";"Egenhofen";"Gemeinden";"71,20";"71,35";"71,26"
"09179118";"Eichenau";"Gemeinden";"29,04";"29,18";"29,76"
"09179119";"Emmering";"Gemeinden";"44,75";"44,66";"44,57"
"09179121";"Fürstenfeldbruck, GKSt";"Gemeinden";"35,51";"35,30";"35,15"
"09179123";"Germering, GKSt";"Gemeinden";"40,19";"40,03";"39,43"
"09179125";"Grafrath";"Gemeinden";"29,45";"29,31";"29,52"
"09179126";"Gröbenzell";"Gemeinden";"17,61";"17,61";"17,30"
"09179128";"Hattenhofen";"Gemeinden";"65,18";"65,32";"64,62"
"09179130";"Jesenwang";"Gemeinden";"55,16";"54,58";"53,92"
"09179131";"Kottgeisering";"Gemeinden";"57,98";"57,73";"57,13"
"09179132";"Landsberied";"Gemeinden";"46,87";"45,87";"46,34"
"09179134";"Maisach";"Gemeinden";"69,49";"69,15";"66,47"
"09179136";"Mammendorf";"Gemeinden";"65,93";"65,69";"65,50"
"09179137";"Mittelstetten";"Gemeinden";"66,70";"66,86";"66,86"
"09179138";"Moorenweis";"Gemeinden";"62,31";"62,44";"62,22"
"09179140";"Oberschweinbach";"Gemeinden";"70,58";"70,58";"70,44"
"09179142";"Olching, St";"Gemeinden";"54,55";"54,58";"54,08"
"09179145";"Puchheim, St";"Gemeinden";"49,51";"48,04";"48,12"
"09179147";"Schöngeising";"Gemeinden";"27,76";"27,37";"27,29"
"09179149";"Türkenfeld";"Gemeinden";"53,98";"57,37";"57,43"
"09180112";"Bad Kohlgrub";"Gemeinden";"39,71";"39,94";"39,99"
"09180113";"Bad Bayersoien";"Gemeinden";"44,17";"44,14";"44,42"
"09180114";"Eschenlohe";"Gemeinden";"14,66";"15,64";"16,01"
"09180115";"Ettal";"Gemeinden";"25,64";"26,39";"26,19"
"09180116";"Farchant";"Gemeinden";"18,00";"17,88";"17,03"
"09180117";"Garmisch-Partenkirchen, M";"Gemeinden";"10,56";"10,55";"10,49"
"09180118";"Grainau";"Gemeinden";"7,65";"7,72";"7,72"
"09180119";"Großweil";"Gemeinden";"45,80";"46,39";"46,53"
"09180122";"Krün";"Gemeinden";"19,36";"19,55";"19,66"
"09180123";"Mittenwald, M";"Gemeinden";"9,40";"9,46";"9,55"
"09180124";"Murnau a.Staffelsee, M";"Gemeinden";"30,66";"32,34";"32,40"
"09180125";"Oberammergau";"Gemeinden";"21,39";"21,49";"21,42"
"09180126";"Oberau";"Gemeinden";"11,76";"12,15";"12,77"
"09180127";"Ohlstadt";"Gemeinden";"33,03";"33,16";"33,01"
"09180128";"Riegsee";"Gemeinden";"56,51";"56,46";"56,65"
"09180129";"Saulgrub";"Gemeinden";"24,38";"24,21";"24,49"
"09180131";"Schwaigen";"Gemeinden";"26,47";"26,43";"26,47"
"09180132";"Seehausen a.Staffelsee";"Gemeinden";"27,37";"27,31";"27,31"
"09180133";"Spatzenhausen";"Gemeinden";"77,65";"77,78";"77,78"
"09180134";"Uffing a.Staffelsee";"Gemeinden";"42,90";"42,85";"42,88"
"09180135";"Unterammergau";"Gemeinden";"30,87";"30,54";"30,50"
"09180136";"Wallgau";"Gemeinden";"10,72";"11,04";"11,10"
"09180451";"Ettaler Forst";"Gemeinden";"1,64";"1,65";"1,64"
"09181111";"Apfeldorf";"Gemeinden";"62,63";"62,23";"62,23"
"09181113";"Denklingen";"Gemeinden";"32,82";"32,50";"32,46"
"09181114";"Dießen am Ammersee, M";"Gemeinden";"43,10";"43,16";"43,25"
"09181115";"Eching am Ammersee";"Gemeinden";"66,99";"66,99";"67,79"
"09181116";"Egling a.d.Paar";"Gemeinden";"66,25";"66,06";"66,44"
"09181118";"Eresing";"Gemeinden";"54,15";"53,87";"54,57"
"09181120";"Finning";"Gemeinden";"61,61";"61,44";"61,70"
"09181121";"Fuchstal";"Gemeinden";"53,60";"53,10";"53,50"
"09181122";"Geltendorf";"Gemeinden";"61,60";"61,20";"61,95"
"09181123";"Greifenberg";"Gemeinden";"39,76";"40,12";"39,88"
"09181124";"Hofstetten";"Gemeinden";"57,34";"57,17";"57,46"
"09181126";"Hurlach";"Gemeinden";"71,25";"70,94";"71,52"
"09181127";"Igling";"Gemeinden";"51,04";"50,40";"50,40"
"09181128";"Kaufering, M";"Gemeinden";"48,53";"48,36";"49,38"
"09181129";"Kinsau";"Gemeinden";"50,57";"50,13";"50,31"
"09181130";"Landsberg am Lech, GKSt";"Gemeinden";"43,07";"43,38";"43,56"
"09181131";"Obermeitingen";"Gemeinden";"54,58";"54,18";"54,98"
"09181132";"Penzing";"Gemeinden";"52,46";"54,88";"55,21"
"09181133";"Vilgertshofen";"Gemeinden";"60,26";"59,52";"59,45"
"09181134";"Prittriching";"Gemeinden";"70,53";"70,52";"71,86"
"09181135";"Reichling";"Gemeinden";"56,79";"56,66";"56,75"
"09181137";"Rott";"Gemeinden";"59,34";"59,19";"59,34"
"09181138";"Scheuring";"Gemeinden";"47,29";"47,04";"47,46"
"09181139";"Schondorf am Ammersee";"Gemeinden";"45,98";"46,13";"46,13"
"09181140";"Schwifting";"Gemeinden";"48,47";"48,21";"48,30"
"09181141";"Pürgen";"Gemeinden";"53,52";"53,43";"53,43"
"09181142";"Thaining";"Gemeinden";"59,20";"56,09";"58,51"
"09181143";"Unterdießen";"Gemeinden";"55,71";"56,18";"56,96"
"09181144";"Utting am Ammersee";"Gemeinden";"46,76";"47,24";"47,61"
"09181145";"Weil";"Gemeinden";"71,47";"71,40";"71,34"
"09181146";"Windach";"Gemeinden";"50,68";"50,36";"50,32"
"09181451";"Ammersee";"Gemeinden";"0,02";"0,02";"0,02"
"09182111";"Bad Wiessee";"Gemeinden";"14,68";"14,15";"13,97"
"09182112";"Bayrischzell";"Gemeinden";"26,67";"25,07";"25,41"
"09182114";"Fischbachau";"Gemeinden";"39,20";"36,80";"37,43"
"09182116";"Gmund a.Tegernsee";"Gemeinden";"46,72";"45,61";"45,58"
"09182119";"Hausham";"Gemeinden";"34,99";"33,60";"33,56"
"09182120";"Holzkirchen, M";"Gemeinden";"43,33";"41,89";"42,10"
"09182123";"Irschenberg";"Gemeinden";"54,67";"53,20";"53,20"
"09182124";"Kreuth";"Gemeinden";"8,06";"7,57";"7,99"
"09182125";"Miesbach, St";"Gemeinden";"53,61";"53,02";"52,81"
"09182127";"Otterfing";"Gemeinden";"46,43";"45,53";"45,34"
"09182129";"Rottach-Egern";"Gemeinden";"14,80";"14,48";"14,70"
"09182131";"Schliersee, M";"Gemeinden";"18,27";"16,94";"17,32"
"09182132";"Tegernsee, St";"Gemeinden";"5,84";"5,41";"5,63"
"09182133";"Valley";"Gemeinden";"40,35";"39,54";"39,71"
"09182134";"Waakirchen";"Gemeinden";"41,04";"38,11";"38,19"
"09182136";"Warngau";"Gemeinden";"49,51";"48,51";"48,55"
"09182137";"Weyarn";"Gemeinden";"40,15";"39,31";"39,61"
"09183112";"Ampfing";"Gemeinden";"69,08";"68,65";"68,55"
"09183113";"Aschau a.Inn";"Gemeinden";"57,37";"56,70";"56,60"
"09183114";"Buchbach, M";"Gemeinden";"78,29";"78,12";"78,15"
"09183115";"Egglkofen";"Gemeinden";"62,30";"61,66";"61,44"
"09183116";"Erharting";"Gemeinden";"53,65";"53,29";"53,44"
"09183118";"Gars a.Inn, M";"Gemeinden";"54,20";"53,38";"53,17"
"09183119";"Haag i.OB, M";"Gemeinden";"56,36";"55,67";"55,82"
"09183120";"Heldenstein";"Gemeinden";"71,54";"69,52";"69,67"
"09183122";"Jettenbach";"Gemeinden";"52,18";"51,85";"51,85"
"09183123";"Kirchdorf";"Gemeinden";"65,00";"64,57";"64,62"
"09183124";"Kraiburg a.Inn, M";"Gemeinden";"66,17";"66,17";"66,21"
"09183125";"Lohkirchen";"Gemeinden";"74,30";"74,10";"73,96"
"09183126";"Maitenbeth";"Gemeinden";"37,78";"37,39";"37,39"
"09183127";"Mettenheim";"Gemeinden";"70,54";"70,24";"69,88"
"09183128";"Mühldorf a.Inn, St";"Gemeinden";"41,94";"41,67";"41,06"
"09183129";"Neumarkt-Sankt Veit, St";"Gemeinden";"69,53";"69,28";"69,30"
"09183130";"Niederbergkirchen";"Gemeinden";"70,45";"70,24";"70,04"
"09183131";"Niedertaufkirchen";"Gemeinden";"71,41";"71,45";"71,45"
"09183132";"Oberbergkirchen";"Gemeinden";"77,07";"76,85";"76,93"
"09183134";"Oberneukirchen";"Gemeinden";"80,36";"80,26";"80,26"
"09183135";"Obertaufkirchen";"Gemeinden";"67,84";"66,45";"66,35"
"09183136";"Polling";"Gemeinden";"63,28";"62,71";"62,62"
"09183138";"Rattenkirchen";"Gemeinden";"64,82";"63,92";"63,87"
"09183139";"Rechtmehring";"Gemeinden";"65,76";"65,23";"65,31"
"09183140";"Reichertsheim";"Gemeinden";"71,97";"71,33";"70,93"
"09183143";"Schönberg";"Gemeinden";"72,36";"72,25";"72,01"
"09183144";"Schwindegg";"Gemeinden";"74,15";"73,62";"73,52"
"09183145";"Taufkirchen";"Gemeinden";"68,26";"68,14";"68,14"
"09183147";"Unterreit";"Gemeinden";"62,09";"61,81";"61,72"
"09183148";"Waldkraiburg, St";"Gemeinden";"30,94";"30,89";"30,94"
"09183151";"Zangberg";"Gemeinden";"77,01";"76,91";"76,70"
"09183451";"Mühldorfer Hart";"Gemeinden";"0,00";"0,00";"0,00"
"09184112";"Aschheim";"Gemeinden";"52,44";"51,09";"51,12"
"09184113";"Baierbrunn";"Gemeinden";"23,02";"21,78";"23,02"
"09184114";"Brunnthal";"Gemeinden";"24,06";"23,79";"23,61"
"09184118";"Feldkirchen";"Gemeinden";"47,11";"48,05";"47,89"
"09184119";"Garching b.München, St";"Gemeinden";"33,26";"32,62";"32,48"
"09184120";"Gräfelfing";"Gemeinden";"12,21";"11,27";"11,27"
"09184121";"Grasbrunn";"Gemeinden";"31,87";"31,87";"31,64"
"09184122";"Grünwald";"Gemeinden";"4,46";"4,19";"4,19"
"09184123";"Haar";"Gemeinden";"42,87";"42,40";"42,40"
"09184127";"Höhenkirchen-Siegertsbrunn";"Gemeinden";"23,98";"23,81";"23,77"
"09184129";"Hohenbrunn";"Gemeinden";"27,66";"27,61";"27,18"
"09184130";"Ismaning";"Gemeinden";"65,39";"64,74";"64,97"
"09184131";"Kirchheim b.München";"Gemeinden";"56,97";"54,77";"54,65"
"09184132";"Neuried";"Gemeinden";"3,85";"3,64";"3,43"
"09184134";"Oberhaching";"Gemeinden";"30,13";"30,01";"29,95"
"09184135";"Oberschleißheim";"Gemeinden";"30,28";"31,96";"32,12"
"09184136";"Ottobrunn";"Gemeinden";"4,21";"4,40";"4,21"
"09184137";"Aying";"Gemeinden";"32,57";"32,48";"32,50"
"09184138";"Planegg";"Gemeinden";"13,58";"13,39";"14,14"
"09184139";"Pullach i.Isartal";"Gemeinden";"1,76";"1,62";"1,62"
"09184140";"Putzbrunn";"Gemeinden";"40,20";"39,84";"39,66"
"09184141";"Sauerlach";"Gemeinden";"30,76";"30,61";"30,45"
"09184142";"Schäftlarn";"Gemeinden";"36,36";"35,83";"35,59"
"09184144";"Straßlach-Dingharting";"Gemeinden";"40,40";"40,01";"39,91"
"09184145";"Taufkirchen";"Gemeinden";"31,64";"31,45";"31,36"
"09184146";"Neubiberg";"Gemeinden";"18,02";"18,20";"18,02"
"09184147";"Unterföhring";"Gemeinden";"40,42";"40,03";"38,55"
"09184148";"Unterhaching";"Gemeinden";"37,80";"37,61";"37,51"
"09184149";"Unterschleißheim, St";"Gemeinden";"41,46";"40,39";"40,39"
"09184452";"Forstenrieder Park";"Gemeinden";"1,81";"2,45";"2,43"
"09184454";"Grünwalder Forst";"Gemeinden";"1,81";"1,79";"1,74"
"09184457";"Perlacher Forst";"Gemeinden";"1,81";"1,27";"1,27"
"09185113";"Aresing";"Gemeinden";"65,85";"65,48";"65,45"
"09185116";"Berg im Gau";"Gemeinden";"88,62";"87,21";"80,21"
"09185118";"Bergheim";"Gemeinden";"52,04";"52,01";"51,80"
"09185123";"Brunnen";"Gemeinden";"58,81";"58,06";"57,81"
"09185125";"Burgheim, M";"Gemeinden";"73,78";"73,38";"73,36"
"09185127";"Ehekirchen";"Gemeinden";"68,06";"67,78";"67,82"
"09185131";"Gachenbach";"Gemeinden";"68,26";"67,93";"67,70"
"09185139";"Karlshuld";"Gemeinden";"80,41";"79,75";"79,68"
"09185140";"Karlskron";"Gemeinden";"76,35";"75,78";"75,78"
"09185143";"Langenmosen";"Gemeinden";"73,28";"73,16";"73,20"
"09185149";"Neuburg a.d.Donau, GKSt";"Gemeinden";"41,14";"40,46";"40,39"
"09185150";"Oberhausen";"Gemeinden";"40,19";"39,75";"39,59"
"09185153";"Rennertshofen, M";"Gemeinden";"47,12";"46,87";"46,84"
"09185157";"Rohrenfels";"Gemeinden";"80,32";"79,86";"79,75"
"09185158";"Schrobenhausen, St";"Gemeinden";"49,57";"49,23";"49,23"
"09185163";"Königsmoos";"Gemeinden";"83,15";"82,90";"82,78"
"09185166";"Waidhofen";"Gemeinden";"58,78";"58,46";"58,38"
"09185168";"Weichering";"Gemeinden";"42,82";"42,50";"42,37"
"09186113";"Baar-Ebenhausen";"Gemeinden";"59,23";"59,09";"58,82"
"09186116";"Ernsgaden";"Gemeinden";"36,80";"36,40";"36,13"
"09186122";"Geisenfeld, St";"Gemeinden";"50,60";"50,34";"50,35"
"09186125";"Gerolsbach";"Gemeinden";"65,62";"65,62";"65,56"
"09186126";"Hettenshausen";"Gemeinden";"58,82";"58,87";"58,76"
"09186128";"Hohenwart, M";"Gemeinden";"62,77";"62,29";"61,93"
"09186130";"Ilmmünster";"Gemeinden";"45,64";"45,57";"45,57"
"09186132";"Jetzendorf";"Gemeinden";"65,82";"65,59";"65,69"
"09186137";"Manching, M";"Gemeinden";"50,04";"49,84";"49,90"
"09186139";"Münchsmünster";"Gemeinden";"53,18";"52,65";"52,53"
"09186143";"Pfaffenhofen a.d.Ilm, St";"Gemeinden";"54,24";"54,08";"54,08"
"09186144";"Pörnbach";"Gemeinden";"58,37";"57,93";"57,89"
"09186146";"Reichertshausen";"Gemeinden";"52,66";"52,45";"52,41"
"09186147";"Reichertshofen, M";"Gemeinden";"50,58";"49,85";"49,42"
"09186149";"Rohrbach";"Gemeinden";"60,80";"59,93";"59,76"
"09186151";"Scheyern";"Gemeinden";"60,83";"61,06";"61,01"
"09186152";"Schweitenkirchen";"Gemeinden";"68,34";"68,25";"68,25"
"09186158";"Vohburg a.d.Donau, St";"Gemeinden";"59,82";"59,42";"59,33"
"09186162";"Wolnzach, M";"Gemeinden";"59,93";"59,79";"59,70"
"09187113";"Amerang";"Gemeinden";"57,87";"57,50";"57,41"
"09187114";"Aschau i.Chiemgau";"Gemeinden";"27,24";"27,13";"27,09"
"09187116";"Babensham";"Gemeinden";"51,33";"51,15";"51,13"
"09187117";"Bad Aibling, St";"Gemeinden";"55,41";"55,17";"55,10"
"09187118";"Bernau a.Chiemsee";"Gemeinden";"50,97";"50,56";"50,52"
"09187120";"Brannenburg";"Gemeinden";"34,01";"34,13";"33,83"
"09187121";"Breitbrunn a.Chiemsee";"Gemeinden";"58,87";"59,24";"59,24"
"09187122";"Bruckmühl, M";"Gemeinden";"47,12";"46,80";"46,68"
"09187123";"Chiemsee";"Gemeinden";"21,40";"21,40";"21,40"
"09187124";"Edling";"Gemeinden";"55,74";"55,64";"55,69"
"09187125";"Eggstätt";"Gemeinden";"42,12";"42,16";"42,40"
"09187126";"Eiselfing";"Gemeinden";"63,14";"62,88";"62,65"
"09187128";"Bad Endorf, M";"Gemeinden";"43,94";"43,92";"44,01"
"09187129";"Bad Feilnbach";"Gemeinden";"48,58";"48,46";"48,32"
"09187130";"Feldkirchen-Westerham";"Gemeinden";"47,88";"47,63";"47,43"
"09187131";"Flintsbach a.Inn";"Gemeinden";"26,87";"26,81";"26,81"
"09187132";"Frasdorf";"Gemeinden";"43,01";"42,92";"42,89"
"09187134";"Griesstätt";"Gemeinden";"53,34";"53,13";"53,17"
"09187137";"Großkarolinenfeld";"Gemeinden";"62,54";"62,19";"61,85"
"09187138";"Gstadt a.Chiemsee";"Gemeinden";"45,42";"45,42";"45,51"
"09187139";"Halfing";"Gemeinden";"53,18";"52,83";"52,74"
"09187142";"Schechen";"Gemeinden";"61,27";"60,77";"60,67"
"09187145";"Höslwang";"Gemeinden";"58,84";"58,65";"58,59"
"09187148";"Kiefersfelden";"Gemeinden";"25,80";"25,45";"25,45"
"09187150";"Kolbermoor, St";"Gemeinden";"32,58";"32,38";"32,27"
"09187154";"Neubeuern, M";"Gemeinden";"47,19";"47,13";"46,74"
"09187156";"Nußdorf a.Inn";"Gemeinden";"26,47";"26,44";"26,40"
"09187157";"Oberaudorf";"Gemeinden";"34,90";"34,71";"34,61"
"09187159";"Pfaffing";"Gemeinden";"61,80";"61,60";"61,60"
"09187162";"Prien a.Chiemsee, M";"Gemeinden";"48,50";"48,36";"48,26"
"09187163";"Prutting";"Gemeinden";"54,62";"54,25";"54,13"
"09187164";"Ramerberg";"Gemeinden";"62,55";"61,31";"61,31"
"09187165";"Raubling";"Gemeinden";"30,22";"30,13";"30,16"
"09187167";"Riedering";"Gemeinden";"54,31";"53,73";"53,68"
"09187168";"Rimsting";"Gemeinden";"49,00";"49,10";"49,00"
"09187169";"Rohrdorf";"Gemeinden";"42,23";"41,92";"41,82"
"09187170";"Rott a.Inn";"Gemeinden";"62,34";"61,98";"61,98"
"09187172";"Samerberg";"Gemeinden";"50,51";"50,60";"50,45"
"09187173";"Schonstett";"Gemeinden";"55,00";"54,53";"54,41"
"09187174";"Söchtenau";"Gemeinden";"56,79";"56,67";"56,52"
"09187176";"Soyen";"Gemeinden";"60,05";"59,60";"59,70"
"09187177";"Stephanskirchen";"Gemeinden";"34,70";"34,63";"34,74"
"09187179";"Tuntenhausen";"Gemeinden";"59,83";"59,58";"59,65"
"09187181";"Vogtareuth";"Gemeinden";"49,39";"48,95";"49,18"
"09187182";"Wasserburg a.Inn, St";"Gemeinden";"35,96";"35,00";"35,05"
"09187186";"Albaching";"Gemeinden";"72,08";"71,53";"71,42"
"09187451";"Rotter Forst-Nord";"Gemeinden";"0,00";"0,00";"0,00"
"09187452";"Rotter Forst-Süd";"Gemeinden";"0,00";"0,00";"0,00"
"09188113";"Berg";"Gemeinden";"35,44";"35,63";"35,60"
"09188117";"Andechs";"Gemeinden";"49,52";"49,79";"49,89"
"09188118";"Feldafing";"Gemeinden";"26,99";"27,87";"27,98"
"09188120";"Gauting";"Gemeinden";"27,24";"27,03";"27,15"
"09188121";"Gilching";"Gemeinden";"44,44";"43,59";"42,98"
"09188124";"Herrsching a.Ammersee";"Gemeinden";"25,38";"25,10";"25,05"
"09188126";"Inning a.Ammersee";"Gemeinden";"33,54";"34,44";"34,52"
"09188127";"Krailling";"Gemeinden";"19,44";"19,45";"19,45"
"09188132";"Seefeld";"Gemeinden";"40,98";"41,26";"41,61"
"09188137";"Pöcking";"Gemeinden";"42,46";"42,41";"42,70"
"09188139";"Starnberg, St";"Gemeinden";"30,51";"30,49";"30,69"
"09188141";"Tutzing";"Gemeinden";"37,56";"37,95";"38,04"
"09188144";"Weßling";"Gemeinden";"38,45";"38,14";"38,45"
"09188145";"Wörthsee";"Gemeinden";"35,41";"35,50";"35,85"
"09188451";"Starnberger See";"Gemeinden";"0,00";"0,04";"0,04"
"09189111";"Altenmarkt a.d.Alz";"Gemeinden";"59,12";"58,35";"57,70"
"09189113";"Bergen";"Gemeinden";"30,46";"30,05";"30,03"
"09189114";"Chieming";"Gemeinden";"54,52";"54,23";"54,28"
"09189115";"Engelsberg";"Gemeinden";"68,43";"68,46";"68,31"
"09189118";"Fridolfing";"Gemeinden";"65,26";"64,79";"64,52"
"09189119";"Grabenstätt";"Gemeinden";"58,08";"57,26";"57,18"
"09189120";"Grassau, M";"Gemeinden";"30,18";"29,96";"29,82"
"09189124";"Inzell";"Gemeinden";"20,64";"20,46";"20,44"
"09189126";"Kienberg";"Gemeinden";"70,61";"70,26";"70,21"
"09189127";"Kirchanschöring";"Gemeinden";"60,25";"60,09";"60,05"
"09189129";"Marquartstein";"Gemeinden";"21,19";"20,67";"20,67"
"09189130";"Nußdorf";"Gemeinden";"50,87";"50,12";"49,94"
"09189133";"Obing";"Gemeinden";"66,65";"65,60";"65,46"
"09189134";"Palling";"Gemeinden";"64,10";"63,69";"63,67"
"09189135";"Petting";"Gemeinden";"51,80";"51,20";"51,27"
"09189137";"Pittenhart";"Gemeinden";"59,37";"58,98";"59,01"
"09189139";"Reit im Winkl";"Gemeinden";"12,51";"12,43";"12,45"
"09189140";"Ruhpolding";"Gemeinden";"12,81";"12,72";"12,55"
"09189141";"Schleching";"Gemeinden";"21,10";"20,92";"20,92"
"09189142";"Schnaitsee";"Gemeinden";"67,44";"67,27";"67,22"
"09189143";"Seeon-Seebruck";"Gemeinden";"49,43";"49,32";"48,99"
"09189145";"Siegsdorf";"Gemeinden";"35,26";"34,91";"34,72"
"09189146";"Staudach-Egerndach";"Gemeinden";"28,80";"28,49";"28,49"
"09189148";"Surberg";"Gemeinden";"51,41";"51,20";"50,91"
"09189149";"Tacherting";"Gemeinden";"68,85";"68,77";"68,61"
"09189150";"Taching a.See";"Gemeinden";"66,17";"65,98";"65,83"
"09189152";"Tittmoning, St";"Gemeinden";"61,28";"61,21";"61,06"
"09189154";"Traunreut, St";"Gemeinden";"52,93";"52,66";"52,26"
"09189155";"Traunstein, GKSt";"Gemeinden";"38,05";"37,57";"37,45"
"09189157";"Trostberg, St";"Gemeinden";"62,35";"62,11";"62,11"
"09189159";"Übersee";"Gemeinden";"51,46";"51,20";"51,03"
"09189160";"Unterwössen";"Gemeinden";"21,54";"21,49";"21,46"
"09189161";"Vachendorf";"Gemeinden";"64,86";"63,45";"63,15"
"09189162";"Waging a.See, M";"Gemeinden";"59,10";"58,78";"58,60"
"09189165";"Wonneberg";"Gemeinden";"61,06";"60,24";"60,47"
"09189451";"Chiemsee (See)";"Gemeinden";"0,03";"0,04";"0,05"
"09189452";"Waginger See";"Gemeinden";"0,03";"0,00";"0,00"
"09190111";"Altenstadt";"Gemeinden";"58,07";"57,82";"57,61"
"09190113";"Antdorf";"Gemeinden";"59,92";"60,10";"59,87"
"09190114";"Bernbeuren";"Gemeinden";"66,79";"66,67";"66,60"
"09190115";"Bernried am Starnberger See";"Gemeinden";"34,06";"33,62";"33,62"
"09190117";"Böbing";"Gemeinden";"48,23";"48,20";"48,13"
"09190118";"Burggen";"Gemeinden";"68,22";"68,06";"67,94"
"09190120";"Eberfing";"Gemeinden";"50,67";"50,83";"51,02"
"09190121";"Eglfing";"Gemeinden";"59,84";"59,72";"59,65"
"09190126";"Habach";"Gemeinden";"55,47";"55,14";"55,23"
"09190129";"Hohenfurch";"Gemeinden";"49,15";"48,91";"48,91"
"09190130";"Hohenpeißenberg";"Gemeinden";"30,90";"30,72";"30,67"
"09190131";"Huglfing";"Gemeinden";"51,11";"51,11";"50,94"
"09190132";"Iffeldorf";"Gemeinden";"17,46";"17,33";"17,29"
"09190133";"Ingenried";"Gemeinden";"55,10";"54,99";"54,82"
"09190135";"Oberhausen";"Gemeinden";"59,89";"59,69";"59,69"
"09190136";"Obersöchering";"Gemeinden";"64,11";"63,99";"64,11"
"09190138";"Pähl";"Gemeinden";"54,22";"54,10";"53,97"
"09190139";"Peißenberg, M";"Gemeinden";"56,01";"55,86";"55,61"
"09190140";"Peiting, M";"Gemeinden";"46,17";"46,01";"45,96"
"09190141";"Penzberg, St";"Gemeinden";"26,89";"26,70";"26,82"
"09190142";"Polling";"Gemeinden";"60,92";"60,62";"60,58"
"09190143";"Prem";"Gemeinden";"62,65";"62,65";"62,65"
"09190144";"Raisting";"Gemeinden";"68,47";"68,56";"68,47"
"09190145";"Rottenbuch";"Gemeinden";"59,15";"59,12";"58,99"
"09190148";"Schongau, St";"Gemeinden";"29,62";"29,71";"29,24"
"09190149";"Schwabbruck";"Gemeinden";"80,19";"79,78";"79,78"
"09190151";"Schwabsoien";"Gemeinden";"62,72";"61,66";"61,48"
"09190152";"Seeshaupt";"Gemeinden";"40,27";"40,27";"40,47"
"09190153";"Sindelsdorf";"Gemeinden";"49,31";"49,37";"50,46"
"09190154";"Steingaden";"Gemeinden";"54,89";"54,83";"54,78"
"09190157";"Weilheim i.OB, St";"Gemeinden";"54,65";"54,25";"54,18"
"09190158";"Wessobrunn";"Gemeinden";"53,64";"53,50";"53,44"
"09190159";"Wielenbach";"Gemeinden";"60,05";"59,87";"59,60"
"09190160";"Wildsteig";"Gemeinden";"35,24";"35,43";"35,41"
"09261000";"Landshut";"Gemeinden";"40,70";"39,69";"39,37"
"09262000";"Passau";"Gemeinden";"25,69";"25,32";"25,32"
"09263000";"Straubing";"Gemeinden";"57,52";"56,49";"55,67"
"09271111";"Aholming";"Gemeinden";"75,95";"75,64";"75,60"
"09271113";"Auerbach";"Gemeinden";"48,28";"48,07";"47,94"
"09271114";"Außernzell";"Gemeinden";"53,59";"53,38";"53,55"
"09271116";"Bernried";"Gemeinden";"31,51";"31,43";"31,36"
"09271118";"Buchhofen";"Gemeinden";"88,31";"87,80";"87,93"
"09271119";"Deggendorf, GKSt";"Gemeinden";"34,12";"33,64";"34,12"
"09271122";"Grafling";"Gemeinden";"19,65";"19,04";"18,74"
"09271123";"Grattersdorf";"Gemeinden";"43,69";"43,49";"43,38"
"09271125";"Hengersberg, M";"Gemeinden";"58,22";"57,76";"57,50"
"09271126";"Hunding";"Gemeinden";"30,81";"30,27";"29,65"
"09271127";"Iggensbach";"Gemeinden";"47,17";"47,22";"46,65"
"09271128";"Künzing";"Gemeinden";"60,75";"60,65";"60,58"
"09271130";"Lalling";"Gemeinden";"27,33";"27,04";"27,04"
"09271132";"Metten, M";"Gemeinden";"40,00";"39,25";"38,91"
"09271135";"Moos";"Gemeinden";"64,87";"63,29";"63,13"
"09271138";"Niederalteich";"Gemeinden";"43,63";"40,42";"40,22"
"09271139";"Oberpöring";"Gemeinden";"69,93";"69,47";"69,64"
"09271140";"Offenberg";"Gemeinden";"60,98";"60,40";"59,93"
"09271141";"Osterhofen, St";"Gemeinden";"71,93";"71,55";"71,36"
"09271143";"Otzing";"Gemeinden";"80,05";"79,56";"79,30"
"09271146";"Plattling, St";"Gemeinden";"41,09";"40,00";"40,19"
"09271148";"Schaufling";"Gemeinden";"34,86";"34,66";"34,50"
"09271149";"Schöllnach, M";"Gemeinden";"45,69";"45,44";"45,51"
"09271151";"Stephansposching";"Gemeinden";"80,06";"79,44";"79,32"
"09271152";"Wallerfing";"Gemeinden";"77,36";"77,22";"77,12"
"09271153";"Winzer, M";"Gemeinden";"52,81";"53,57";"53,48"
"09272116";"Eppenschlag";"Gemeinden";"42,81";"42,69";"42,75"
"09272118";"Freyung, St";"Gemeinden";"33,07";"31,36";"31,38"
"09272119";"Fürsteneck";"Gemeinden";"48,03";"47,94";"47,75"
"09272120";"Grafenau, St";"Gemeinden";"40,91";"40,81";"40,70"
"09272121";"Grainet";"Gemeinden";"34,03";"33,48";"33,47"
"09272122";"Haidmühle";"Gemeinden";"30,48";"30,24";"30,48"
"09272126";"Hinterschmiding";"Gemeinden";"41,94";"41,84";"41,65"
"09272127";"Hohenau";"Gemeinden";"37,84";"37,73";"38,03"
"09272128";"Innernzell";"Gemeinden";"43,08";"42,81";"42,99"
"09272129";"Jandelsbrunn";"Gemeinden";"52,60";"51,98";"51,75"
"09272134";"Mauth";"Gemeinden";"28,22";"28,39";"28,50"
"09272136";"Neureichenau";"Gemeinden";"48,41";"48,01";"48,05"
"09272138";"Perlesreut, M";"Gemeinden";"51,23";"50,99";"51,09"
"09272139";"Philippsreut";"Gemeinden";"21,23";"23,19";"23,87"
"09272140";"Ringelai";"Gemeinden";"38,91";"38,55";"38,55"
"09272141";"Röhrnbach, M";"Gemeinden";"51,16";"50,76";"50,54"
"09272142";"Saldenburg";"Gemeinden";"20,19";"19,97";"20,11"
"09272143";"Sankt Oswald-Riedlhütte";"Gemeinden";"13,11";"13,01";"13,06"
"09272145";"Schöfweg";"Gemeinden";"29,28";"29,07";"29,02"
"09272146";"Neuschönau";"Gemeinden";"18,21";"17,99";"18,03"
"09272147";"Schönberg, M";"Gemeinden";"40,40";"40,06";"40,40"
"09272149";"Spiegelau";"Gemeinden";"11,97";"11,91";"11,89"
"09272150";"Thurmansbang";"Gemeinden";"27,45";"27,27";"27,30"
"09272151";"Waldkirchen, St";"Gemeinden";"40,74";"40,13";"40,08"
"09272152";"Zenting";"Gemeinden";"30,19";"29,98";"29,93"
"09272451";"Annathaler Wald";"Gemeinden";"0,15";"0,10";"1,15"
"09272452";"Frauenberger u. Duschlberger Wald";"Gemeinden";"0,15";"0,10";"0,10"
"09272453";"Graineter Wald";"Gemeinden";"0,15";"0,00";"0,00"
"09272455";"Leopoldsreuter Wald";"Gemeinden";"0,15";"0,41";"0,41"
"09272456";"Mauther Forst";"Gemeinden";"0,15";"0,00";"0,00"
"09272457";"Philippsreuter Wald";"Gemeinden";"0,15";"0,33";"0,33"
"09272458";"Pleckensteiner Wald";"Gemeinden";"0,15";"0,00";"0,00"
"09272459";"Sankt Oswald";"Gemeinden";"0,15";"0,00";"0,00"
"09272460";"Schlichtenberger Wald";"Gemeinden";"0,15";"0,79";"0,79"
"09272461";"Schönbrunner Wald";"Gemeinden";"0,15";"0,00";"0,00"
"09272463";"Waldhäuserwald";"Gemeinden";"0,15";"0,00";"0,00"
"09273111";"Abensberg, St";"Gemeinden";"53,63";"52,87";"52,70"
"09273113";"Aiglsbach";"Gemeinden";"49,08";"48,61";"48,51"
"09273115";"Attenhofen";"Gemeinden";"64,35";"63,97";"63,84"
"09273116";"Bad Abbach, M";"Gemeinden";"50,72";"50,31";"50,27"
"09273119";"Biburg";"Gemeinden";"71,41";"70,35";"70,00"
"09273121";"Essing, M";"Gemeinden";"16,69";"16,57";"16,57"
"09273125";"Hausen";"Gemeinden";"54,67";"54,41";"54,21"
"09273127";"Herrngiersdorf";"Gemeinden";"65,95";"65,59";"64,66"
"09273133";"Ihrlerstein";"Gemeinden";"19,10";"18,76";"18,80"
"09273137";"Kelheim, St";"Gemeinden";"28,20";"28,25";"28,13"
"09273139";"Kirchdorf";"Gemeinden";"66,59";"65,62";"65,55"
"09273141";"Langquaid, M";"Gemeinden";"55,49";"55,15";"54,99"
"09273147";"Mainburg, St";"Gemeinden";"56,32";"55,43";"54,99"
"09273152";"Neustadt a.d.Donau, St";"Gemeinden";"57,84";"56,24";"55,88"
"09273159";"Painten, M";"Gemeinden";"23,01";"22,85";"22,72"
"09273163";"Elsendorf";"Gemeinden";"59,79";"59,21";"58,99"
"09273164";"Riedenburg, St";"Gemeinden";"37,09";"35,51";"35,51"
"09273165";"Rohr i.NB, M";"Gemeinden";"65,95";"65,28";"65,21"
"09273166";"Saal a.d.Donau";"Gemeinden";"48,38";"47,97";"47,94"
"09273172";"Siegenburg, M";"Gemeinden";"53,30";"52,98";"52,84"
"09273175";"Teugn";"Gemeinden";"50,62";"50,50";"50,50"
"09273177";"Train";"Gemeinden";"56,35";"56,35";"56,16"
"09273178";"Volkenschwand";"Gemeinden";"68,76";"67,94";"67,09"
"09273181";"Wildenberg";"Gemeinden";"50,66";"49,83";"49,67"
"09273451";"Dürnbucher Forst";"Gemeinden";"0,27";"0,22";"0,22"
"09273452";"Frauenforst";"Gemeinden";"0,27";"0,60";"0,60"
"09273453";"Hacklberg";"Gemeinden";"0,27";"0,00";"0,00"
"09274111";"Adlkofen";"Gemeinden";"64,47";"64,08";"63,96"
"09274112";"Aham";"Gemeinden";"61,43";"60,83";"60,75"
"09274113";"Altdorf, M";"Gemeinden";"45,02";"43,98";"44,28"
"09274114";"Altfraunhofen";"Gemeinden";"71,10";"70,07";"70,07"
"09274118";"Baierbach";"Gemeinden";"76,19";"75,95";"75,72"
"09274119";"Bayerbach b.Ergoldsbach";"Gemeinden";"64,34";"64,23";"64,54"
"09274120";"Bodenkirchen";"Gemeinden";"67,06";"66,69";"66,61"
"09274121";"Buch a.Erlbach";"Gemeinden";"65,66";"65,46";"65,49"
"09274124";"Eching";"Gemeinden";"50,93";"50,63";"50,56"
"09274126";"Ergolding, M";"Gemeinden";"50,08";"49,81";"49,76"
"09274127";"Ergoldsbach, M";"Gemeinden";"58,02";"57,06";"56,76"
"09274128";"Essenbach, M";"Gemeinden";"59,64";"58,80";"58,60"
"09274132";"Furth";"Gemeinden";"62,12";"61,50";"61,35"
"09274134";"Geisenhausen, M";"Gemeinden";"65,90";"65,78";"65,74"
"09274135";"Gerzen";"Gemeinden";"65,98";"65,80";"65,69"
"09274141";"Hohenthann";"Gemeinden";"65,33";"64,80";"64,64"
"09274145";"Kröning";"Gemeinden";"58,94";"58,74";"58,66"
"09274146";"Kumhausen";"Gemeinden";"62,15";"61,23";"61,83"
"09274153";"Neufahrn i.NB";"Gemeinden";"61,97";"61,15";"60,91"
"09274154";"Neufraunhofen";"Gemeinden";"71,70";"71,42";"71,42"
"09274156";"Niederaichbach";"Gemeinden";"54,29";"53,58";"53,58"
"09274165";"Obersüßbach";"Gemeinden";"75,47";"75,07";"74,86"
"09274172";"Pfeffenhausen, M";"Gemeinden";"61,16";"60,76";"60,55"
"09274174";"Postau";"Gemeinden";"64,40";"64,25";"64,28"
"09274176";"Rottenburg a.d.Laaber, St";"Gemeinden";"61,31";"60,47";"60,36"
"09274179";"Schalkham";"Gemeinden";"69,30";"69,08";"68,90"
"09274182";"Tiefenbach";"Gemeinden";"62,73";"63,01";"63,74"
"09274183";"Velden, M";"Gemeinden";"72,99";"72,69";"72,67"
"09274184";"Vilsbiburg, St";"Gemeinden";"67,62";"67,24";"67,14"
"09274185";"Vilsheim";"Gemeinden";"75,73";"75,26";"75,18"
"09274187";"Weihmichl";"Gemeinden";"68,70";"68,11";"68,14"
"09274188";"Weng";"Gemeinden";"64,21";"63,96";"63,64"
"09274191";"Wörth a.d.Isar";"Gemeinden";"47,93";"45,87";"44,83"
"09274193";"Wurmsham";"Gemeinden";"76,78";"76,46";"76,36"
"09274194";"Bruckberg";"Gemeinden";"54,34";"53,45";"53,30"
"09275111";"Aicha vorm Wald";"Gemeinden";"47,86";"47,71";"47,52"
"09275112";"Aidenbach, M";"Gemeinden";"63,16";"62,87";"62,28"
"09275114";"Aldersbach";"Gemeinden";"63,69";"63,47";"63,25"
"09275116";"Bad Füssing";"Gemeinden";"56,85";"56,94";"56,63"
"09275117";"Beutelsbach";"Gemeinden";"72,05";"71,65";"71,16"
"09275118";"Breitenberg";"Gemeinden";"62,90";"62,84";"62,80"
"09275119";"Büchlberg";"Gemeinden";"55,51";"55,05";"55,41"
"09275120";"Eging a.See, M";"Gemeinden";"40,19";"40,15";"39,81"
"09275121";"Fürstenstein";"Gemeinden";"34,25";"34,09";"34,04"
"09275122";"Fürstenzell, M";"Gemeinden";"58,80";"58,46";"58,27"
"09275124";"Bad Griesbach i.Rottal, St";"Gemeinden";"62,58";"62,08";"62,11"
"09275125";"Haarbach";"Gemeinden";"58,10";"58,21";"58,14"
"09275126";"Hauzenberg, St";"Gemeinden";"36,97";"37,02";"36,92"
"09275127";"Hofkirchen, M";"Gemeinden";"50,80";"50,64";"50,24"
"09275128";"Hutthurm, M";"Gemeinden";"51,48";"50,86";"50,89"
"09275130";"Kirchham";"Gemeinden";"70,33";"70,06";"69,09"
"09275131";"Kößlarn, M";"Gemeinden";"53,41";"53,53";"53,45"
"09275132";"Malching";"Gemeinden";"66,19";"66,13";"65,93"
"09275133";"Neuburg a.Inn";"Gemeinden";"41,49";"41,32";"41,08"
"09275134";"Neuhaus a.Inn";"Gemeinden";"65,56";"65,30";"65,53"
"09275135";"Neukirchen vorm Wald";"Gemeinden";"54,16";"53,99";"53,74"
"09275137";"Obernzell, M";"Gemeinden";"31,74";"31,52";"31,47"
"09275138";"Ortenburg, M";"Gemeinden";"63,05";"63,02";"62,78"
"09275141";"Pocking, St";"Gemeinden";"71,09";"70,65";"69,74"
"09275143";"Rotthalmünster, M";"Gemeinden";"74,21";"73,47";"73,69"
"09275144";"Ruderting";"Gemeinden";"49,85";"49,77";"49,77"
"09275145";"Ruhstorf a.d.Rott, M";"Gemeinden";"74,58";"74,29";"74,10"
"09275146";"Salzweg";"Gemeinden";"47,09";"46,62";"46,62"
"09275148";"Sonnen";"Gemeinden";"47,39";"47,63";"47,57"
"09275149";"Tettenweis";"Gemeinden";"80,66";"80,56";"80,59"
"09275150";"Thyrnau";"Gemeinden";"46,12";"45,83";"45,75"
"09275151";"Tiefenbach";"Gemeinden";"47,74";"47,29";"47,33"
"09275152";"Tittling, M";"Gemeinden";"45,72";"45,24";"45,00"
"09275153";"Untergriesbach, M";"Gemeinden";"40,76";"40,70";"40,63"
"09275154";"Vilshofen an der Donau, St";"Gemeinden";"51,15";"50,78";"50,28"
"09275156";"Wegscheid, M";"Gemeinden";"42,85";"42,84";"42,75"
"09275159";"Windorf, M";"Gemeinden";"51,97";"51,78";"51,48"
"09275160";"Witzmannsberg";"Gemeinden";"56,46";"55,28";"55,28"
"09276111";"Achslach";"Gemeinden";"21,73";"21,27";"21,11"
"09276113";"Arnbruck";"Gemeinden";"25,46";"24,45";"24,45"
"09276115";"Bayerisch Eisenstein";"Gemeinden";"1,61";"1,25";"1,27"
"09276116";"Bischofsmais";"Gemeinden";"25,43";"23,75";"23,83"
"09276117";"Bodenmais, M";"Gemeinden";"8,96";"8,48";"8,68"
"09276118";"Böbrach";"Gemeinden";"20,91";"20,18";"20,25"
"09276120";"Drachselsried";"Gemeinden";"18,74";"17,76";"17,69"
"09276121";"Frauenau";"Gemeinden";"7,60";"7,19";"7,24"
"09276122";"Geiersthal";"Gemeinden";"33,93";"32,32";"32,23"
"09276123";"Gotteszell";"Gemeinden";"29,18";"28,42";"28,09"
"09276126";"Kirchberg i.Wald";"Gemeinden";"46,18";"44,78";"44,80"
"09276127";"Kirchdorf i.Wald";"Gemeinden";"35,97";"35,25";"35,32"
"09276128";"Kollnburg";"Gemeinden";"43,57";"41,98";"41,93"
"09276129";"Langdorf";"Gemeinden";"17,76";"17,09";"17,18"
"09276130";"Lindberg";"Gemeinden";"4,61";"4,33";"4,38"
"09276134";"Patersdorf";"Gemeinden";"42,02";"41,08";"41,08"
"09276135";"Prackenbach";"Gemeinden";"39,35";"37,50";"37,52"
"09276138";"Regen, St";"Gemeinden";"38,27";"37,24";"37,43"
"09276139";"Rinchnach";"Gemeinden";"38,25";"37,01";"36,81"
"09276142";"Ruhmannsfelden, M";"Gemeinden";"52,41";"51,90";"52,07"
"09276143";"Teisnach, M";"Gemeinden";"30,66";"29,84";"29,96"
"09276144";"Viechtach, St";"Gemeinden";"32,42";"30,61";"30,61"
"09276146";"Zachenberg";"Gemeinden";"42,18";"40,58";"40,58"
"09276148";"Zwiesel, St";"Gemeinden";"20,82";"20,09";"20,24"
"09277111";"Arnstorf, M";"Gemeinden";"61,28";"61,27";"61,17"
"09277112";"Bayerbach";"Gemeinden";"74,11";"73,91";"73,75"
"09277113";"Bad Birnbach, M";"Gemeinden";"55,64";"55,83";"55,57"
"09277114";"Dietersburg";"Gemeinden";"58,71";"58,19";"57,86"
"09277116";"Eggenfelden, St";"Gemeinden";"56,48";"55,90";"56,03"
"09277117";"Egglham";"Gemeinden";"68,54";"68,54";"68,42"
"09277118";"Ering";"Gemeinden";"53,44";"52,78";"52,63"
"09277119";"Falkenberg";"Gemeinden";"65,04";"64,71";"64,52"
"09277121";"Gangkofen, M";"Gemeinden";"67,56";"67,37";"67,31"
"09277122";"Geratskirchen";"Gemeinden";"74,55";"73,93";"73,78"
"09277124";"Hebertsfelden";"Gemeinden";"68,21";"67,74";"67,67"
"09277126";"Johanniskirchen";"Gemeinden";"56,89";"56,54";"56,37"
"09277127";"Julbach";"Gemeinden";"43,27";"43,10";"42,65"
"09277128";"Kirchdorf a.Inn";"Gemeinden";"37,64";"37,20";"37,07"
"09277131";"Malgersdorf";"Gemeinden";"60,98";"59,93";"60,10"
"09277133";"Massing, M";"Gemeinden";"71,02";"70,34";"70,25"
"09277134";"Mitterskirchen";"Gemeinden";"64,76";"64,56";"64,31"
"09277138";"Pfarrkirchen, St";"Gemeinden";"53,51";"53,31";"53,12"
"09277139";"Postmünster";"Gemeinden";"66,60";"66,34";"66,21"
"09277140";"Reut";"Gemeinden";"62,89";"62,50";"62,57"
"09277141";"Rimbach";"Gemeinden";"68,65";"68,21";"68,12"
"09277142";"Roßbach";"Gemeinden";"60,98";"60,23";"60,23"
"09277144";"Schönau";"Gemeinden";"55,84";"55,66";"55,60"
"09277145";"Simbach a.Inn, St";"Gemeinden";"45,02";"44,77";"44,56"
"09277147";"Stubenberg";"Gemeinden";"58,38";"58,22";"57,61"
"09277148";"Tann, M";"Gemeinden";"66,36";"66,09";"65,88"
"09277149";"Triftern, M";"Gemeinden";"61,54";"61,28";"60,68"
"09277151";"Unterdietfurt";"Gemeinden";"68,41";"67,76";"67,61"
"09277152";"Wittibreut";"Gemeinden";"64,43";"64,27";"64,09"
"09277153";"Wurmannsquick, M";"Gemeinden";"69,22";"69,02";"68,78"
"09277154";"Zeilarn";"Gemeinden";"61,83";"61,38";"61,31"
"09278112";"Aholfing";"Gemeinden";"74,91";"74,77";"73,69"
"09278113";"Aiterhofen";"Gemeinden";"76,93";"76,26";"75,93"
"09278116";"Ascha";"Gemeinden";"47,36";"47,06";"46,85"
"09278117";"Atting";"Gemeinden";"71,25";"70,58";"70,38"
"09278118";"Bogen, St";"Gemeinden";"58,52";"57,42";"56,80"
"09278120";"Falkenfels";"Gemeinden";"37,77";"37,86";"37,77"
"09278121";"Feldkirchen";"Gemeinden";"84,33";"82,79";"83,45"
"09278123";"Geiselhöring, St";"Gemeinden";"65,06";"64,57";"64,57"
"09278129";"Haibach";"Gemeinden";"39,93";"39,59";"39,09"
"09278134";"Haselbach";"Gemeinden";"52,63";"52,63";"52,09"
"09278139";"Hunderdorf";"Gemeinden";"57,66";"57,07";"55,63"
"09278140";"Irlbach";"Gemeinden";"53,98";"53,66";"53,79"
"09278141";"Kirchroth";"Gemeinden";"56,19";"55,86";"54,72"
"09278143";"Konzell";"Gemeinden";"46,43";"46,17";"46,24"
"09278144";"Laberweinting";"Gemeinden";"58,39";"58,18";"58,13"
"09278146";"Leiblfing";"Gemeinden";"67,82";"67,33";"67,12"
"09278147";"Loitzendorf";"Gemeinden";"54,53";"54,53";"53,87"
"09278148";"Mallersdorf-Pfaffenberg, M";"Gemeinden";"61,08";"60,49";"60,50"
"09278149";"Mariaposching";"Gemeinden";"64,97";"64,41";"63,59"
"09278151";"Mitterfels, M";"Gemeinden";"46,17";"45,85";"45,36"
"09278154";"Neukirchen";"Gemeinden";"43,83";"43,50";"42,86"
"09278159";"Niederwinkling";"Gemeinden";"71,03";"69,55";"67,95"
"09278167";"Oberschneiding";"Gemeinden";"79,71";"79,45";"79,51"
"09278170";"Parkstetten";"Gemeinden";"57,69";"56,82";"56,82"
"09278171";"Perasdorf";"Gemeinden";"39,53";"39,03";"38,84"
"09278172";"Perkam";"Gemeinden";"70,98";"69,99";"69,99"
"09278177";"Rain";"Gemeinden";"60,04";"58,71";"58,57"
"09278178";"Rattenberg";"Gemeinden";"42,92";"42,59";"42,62"
"09278179";"Rattiszell";"Gemeinden";"55,16";"54,89";"54,44"
"09278182";"Salching";"Gemeinden";"82,64";"81,59";"81,41"
"09278184";"Sankt Englmar";"Gemeinden";"19,83";"19,21";"18,93"
"09278187";"Schwarzach, M";"Gemeinden";"43,68";"43,20";"42,90"
"09278189";"Stallwang";"Gemeinden";"57,16";"56,78";"56,29"
"09278190";"Steinach";"Gemeinden";"46,83";"46,48";"45,57"
"09278192";"Straßkirchen";"Gemeinden";"82,81";"82,16";"81,90"
"09278197";"Wiesenfelden";"Gemeinden";"39,39";"39,39";"38,32"
"09278198";"Windberg";"Gemeinden";"50,06";"49,06";"48,81"
"09279112";"Dingolfing, St";"Gemeinden";"47,34";"46,61";"45,52"
"09279113";"Eichendorf, M";"Gemeinden";"67,88";"67,36";"67,14"
"09279115";"Frontenhausen, M";"Gemeinden";"57,71";"57,51";"57,38"
"09279116";"Gottfrieding";"Gemeinden";"56,73";"56,21";"55,88"
"09279122";"Landau a.d.Isar, St";"Gemeinden";"63,31";"62,65";"62,01"
"09279124";"Loiching";"Gemeinden";"59,55";"58,91";"58,68"
"09279125";"Mamming";"Gemeinden";"56,99";"56,03";"55,40"
"09279126";"Marklkofen";"Gemeinden";"55,97";"54,96";"54,37"
"09279127";"Mengkofen";"Gemeinden";"61,46";"60,80";"60,96"
"09279128";"Moosthenning";"Gemeinden";"65,99";"64,90";"64,86"
"09279130";"Niederviehbach";"Gemeinden";"54,25";"53,71";"53,34"
"09279132";"Pilsting, M";"Gemeinden";"68,55";"67,51";"67,29"
"09279134";"Reisbach, M";"Gemeinden";"56,72";"56,33";"56,06"
"09279135";"Simbach, M";"Gemeinden";"60,87";"60,46";"60,25"
"09279137";"Wallersdorf, M";"Gemeinden";"79,68";"78,86";"78,29"
"09361000";"Amberg";"Gemeinden";"39,46";"38,84";"38,61"
"09362000";"Regensburg";"Gemeinden";"28,06";"27,64";"27,16"
"09363000";"Weiden i.d.OPf.";"Gemeinden";"34,12";"34,11";"34,28"
"09371111";"Ammerthal";"Gemeinden";"42,38";"41,89";"41,89"
"09371113";"Auerbach i.d.OPf., St";"Gemeinden";"39,66";"39,30";"39,45"
"09371116";"Birgland";"Gemeinden";"42,04";"41,87";"41,79"
"09371118";"Ebermannsdorf";"Gemeinden";"24,19";"23,75";"23,73"
"09371119";"Edelsfeld";"Gemeinden";"53,15";"52,87";"52,64"
"09371120";"Ensdorf";"Gemeinden";"32,20";"32,10";"32,10"
"09371121";"Freihung, M";"Gemeinden";"38,12";"37,99";"37,80"
"09371122";"Freudenberg";"Gemeinden";"39,88";"39,53";"39,51"
"09371123";"Gebenbach";"Gemeinden";"57,36";"57,03";"56,65"
"09371126";"Hahnbach, M";"Gemeinden";"51,57";"51,32";"51,01"
"09371127";"Hirschau, St";"Gemeinden";"39,78";"39,66";"39,43"
"09371128";"Hirschbach";"Gemeinden";"34,74";"34,71";"34,75"
"09371129";"Hohenburg, M";"Gemeinden";"37,94";"37,96";"38,64"
"09371131";"Illschwang";"Gemeinden";"38,62";"38,29";"38,29"
"09371132";"Kastl, M";"Gemeinden";"41,20";"41,00";"41,28"
"09371135";"Königstein, M";"Gemeinden";"39,17";"39,00";"38,94"
"09371136";"Kümmersbruck";"Gemeinden";"32,37";"32,07";"31,73"
"09371140";"Etzelwang";"Gemeinden";"37,36";"37,32";"37,18"
"09371141";"Neukirchen b.Sulzbach-Rosenberg";"Gemeinden";"43,71";"43,62";"43,47"
"09371144";"Poppenricht";"Gemeinden";"58,20";"57,86";"57,94"
"09371146";"Rieden, M";"Gemeinden";"35,26";"35,76";"35,67"
"09371148";"Schmidmühlen, M";"Gemeinden";"46,86";"46,51";"46,52"
"09371150";"Schnaittenbach, St";"Gemeinden";"27,93";"27,69";"27,35"
"09371151";"Sulzbach-Rosenberg, St";"Gemeinden";"32,85";"32,57";"32,19"
"09371154";"Ursensollen";"Gemeinden";"45,47";"45,17";"44,80"
"09371156";"Vilseck, St";"Gemeinden";"43,12";"42,85";"41,89"
"09371157";"Weigendorf";"Gemeinden";"37,76";"37,92";"37,92"
"09371452";"Eichen";"Gemeinden";"0,36";"0,36";"0,36"
"09372112";"Arnschwang";"Gemeinden";"56,14";"55,97";"55,76"
"09372113";"Arrach";"Gemeinden";"19,72";"19,85";"19,89"
"09372115";"Blaibach";"Gemeinden";"37,02";"36,96";"36,96"
"09372116";"Cham, St";"Gemeinden";"57,16";"57,00";"56,96"
"09372117";"Chamerau";"Gemeinden";"34,36";"33,93";"33,97"
"09372124";"Eschlkam, M";"Gemeinden";"56,73";"56,59";"56,63"
"09372125";"Falkenstein, M";"Gemeinden";"46,96";"46,84";"46,80"
"09372126";"Furth im Wald, St";"Gemeinden";"49,64";"49,52";"49,44"
"09372128";"Gleißenberg";"Gemeinden";"23,34";"23,28";"23,21"
"09372130";"Grafenwiesen";"Gemeinden";"36,51";"36,41";"36,51"
"09372135";"Hohenwarth";"Gemeinden";"22,30";"22,25";"22,25"
"09372137";"Bad Kötzting, St";"Gemeinden";"35,56";"35,45";"35,48"
"09372138";"Lam, M";"Gemeinden";"18,24";"18,36";"18,36"
"09372142";"Michelsneukirchen";"Gemeinden";"56,36";"56,35";"56,29"
"09372143";"Miltach";"Gemeinden";"40,07";"39,99";"39,91"
"09372144";"Neukirchen b.Hl.Blut, M";"Gemeinden";"40,98";"40,81";"40,82"
"09372146";"Pemfling";"Gemeinden";"54,20";"54,22";"54,13"
"09372147";"Pösing";"Gemeinden";"52,90";"52,57";"52,57"
"09372149";"Reichenbach";"Gemeinden";"37,32";"37,04";"36,85"
"09372150";"Rettenbach";"Gemeinden";"50,53";"50,46";"50,39"
"09372151";"Rimbach";"Gemeinden";"25,96";"25,85";"25,89"
"09372153";"Roding, St";"Gemeinden";"33,06";"32,66";"32,56"
"09372154";"Rötz, St";"Gemeinden";"52,08";"52,24";"52,26"
"09372155";"Runding";"Gemeinden";"58,60";"58,26";"58,07"
"09372157";"Schönthal";"Gemeinden";"54,71";"54,61";"54,24"
"09372158";"Schorndorf";"Gemeinden";"54,72";"54,54";"54,39"
"09372161";"Stamsried, M";"Gemeinden";"56,36";"56,36";"56,36"
"09372163";"Tiefenbach";"Gemeinden";"43,17";"43,24";"43,30"
"09372164";"Traitsching";"Gemeinden";"49,45";"49,41";"49,34"
"09372165";"Treffelstein";"Gemeinden";"52,68";"52,83";"52,78"
"09372167";"Zell";"Gemeinden";"47,04";"46,89";"46,80"
"09372168";"Waffenbrunn";"Gemeinden";"35,16";"35,12";"35,12"
"09372169";"Wald";"Gemeinden";"46,20";"45,99";"45,99"
"09372170";"Walderbach";"Gemeinden";"36,87";"36,77";"36,71"
"09372171";"Waldmünchen, St";"Gemeinden";"37,41";"37,41";"37,37"
"09372174";"Weiding";"Gemeinden";"52,95";"52,91";"52,75"
"09372175";"Willmering";"Gemeinden";"36,31";"36,12";"35,83"
"09372177";"Zandt";"Gemeinden";"58,49";"58,21";"58,12"
"09372178";"Lohberg";"Gemeinden";"8,66";"8,71";"8,73"
"09373112";"Berching, St";"Gemeinden";"49,32";"49,31";"49,18"
"09373113";"Berg b.Neumarkt i.d.OPf.";"Gemeinden";"48,93";"48,69";"48,68"
"09373114";"Berngau";"Gemeinden";"72,64";"72,57";"72,53"
"09373115";"Breitenbrunn, M";"Gemeinden";"54,86";"54,80";"54,44"
"09373119";"Deining";"Gemeinden";"53,14";"53,17";"53,08"
"09373121";"Dietfurt a.d.Altmühl, St";"Gemeinden";"49,35";"49,09";"49,09"
"09373126";"Freystadt, St";"Gemeinden";"68,14";"68,28";"68,28"
"09373134";"Hohenfels, M";"Gemeinden";"13,10";"12,79";"12,88"
"09373140";"Lauterhofen, M";"Gemeinden";"48,25";"48,07";"48,10"
"09373143";"Lupburg, M";"Gemeinden";"45,75";"45,62";"45,69"
"09373146";"Mühlhausen";"Gemeinden";"49,51";"48,57";"48,27"
"09373147";"Neumarkt i.d.OPf., GKSt";"Gemeinden";"35,00";"34,70";"34,51"
"09373151";"Parsberg, St";"Gemeinden";"47,92";"47,07";"46,82"
"09373153";"Pilsach";"Gemeinden";"56,52";"56,39";"56,14"
"09373155";"Postbauer-Heng, M";"Gemeinden";"48,36";"48,19";"48,44"
"09373156";"Pyrbaum, M";"Gemeinden";"20,58";"20,52";"20,52"
"09373159";"Sengenthal";"Gemeinden";"38,62";"38,55";"38,13"
"09373160";"Seubersdorf i.d.OPf.";"Gemeinden";"55,89";"55,84";"55,65"
"09373167";"Velburg, St";"Gemeinden";"32,72";"32,81";"32,24"
"09374111";"Altenstadt a.d.Waldnaab";"Gemeinden";"28,11";"28,15";"28,20"
"09374117";"Eschenbach i.d.OPf., St";"Gemeinden";"23,88";"23,94";"23,80"
"09374118";"Eslarn, M";"Gemeinden";"39,62";"39,77";"39,66"
"09374119";"Etzenricht";"Gemeinden";"31,08";"31,30";"31,37"
"09374121";"Floß, M";"Gemeinden";"58,25";"58,26";"58,34"
"09374122";"Flossenbürg";"Gemeinden";"8,17";"8,21";"8,29"
"09374123";"Georgenberg";"Gemeinden";"26,84";"27,25";"27,22"
"09374124";"Grafenwöhr, St";"Gemeinden";"6,65";"6,65";"6,29"
"09374127";"Irchenrieth";"Gemeinden";"40,42";"40,04";"38,71"
"09374128";"Kirchendemenreuth";"Gemeinden";"57,02";"57,25";"57,58"
"09374129";"Kirchenthumbach, M";"Gemeinden";"45,80";"45,89";"45,65"
"09374131";"Kohlberg, M";"Gemeinden";"31,35";"31,65";"31,50"
"09374132";"Leuchtenberg, M";"Gemeinden";"45,70";"45,80";"45,83"
"09374133";"Luhe-Wildenau, M";"Gemeinden";"38,01";"37,87";"37,45"
"09374134";"Mantel, M";"Gemeinden";"37,65";"37,60";"37,24"
"09374137";"Moosbach, M";"Gemeinden";"51,19";"51,37";"51,21"
"09374139";"Neustadt a.d.Waldnaab, St";"Gemeinden";"40,28";"40,18";"40,08"
"09374140";"Neustadt am Kulm, St";"Gemeinden";"65,91";"65,96";"65,91"
"09374144";"Parkstein, M";"Gemeinden";"34,50";"34,57";"34,47"
"09374146";"Pirk";"Gemeinden";"51,66";"51,74";"51,70"
"09374147";"Pleystein, St";"Gemeinden";"38,87";"39,25";"39,20"
"09374148";"Trabitz";"Gemeinden";"49,59";"49,31";"49,18"
"09374149";"Pressath, St";"Gemeinden";"24,89";"24,93";"24,48"
"09374150";"Püchersreuth";"Gemeinden";"60,33";"60,53";"60,02"
"09374154";"Schirmitz";"Gemeinden";"46,68";"45,88";"45,67"
"09374155";"Schlammersdorf";"Gemeinden";"36,50";"36,69";"36,69"
"09374156";"Schwarzenbach";"Gemeinden";"25,61";"25,78";"25,02"
"09374157";"Speinshart";"Gemeinden";"58,39";"58,39";"58,14"
"09374158";"Störnstein";"Gemeinden";"53,99";"54,17";"54,63"
"09374159";"Tännesberg, M";"Gemeinden";"35,50";"35,87";"35,85"
"09374160";"Theisseil";"Gemeinden";"56,19";"56,01";"56,43"
"09374162";"Vohenstrauß, St";"Gemeinden";"48,82";"48,79";"48,54"
"09374163";"Vorbach";"Gemeinden";"64,62";"64,70";"64,70"
"09374164";"Waidhaus, M";"Gemeinden";"39,47";"39,74";"39,74"
"09374165";"Waldthurn, M";"Gemeinden";"58,86";"58,95";"58,92"
"09374166";"Weiherhammer";"Gemeinden";"15,36";"15,59";"15,32"
"09374168";"Windischeschenbach, St";"Gemeinden";"51,28";"51,33";"51,47"
"09374170";"Bechtsrieth";"Gemeinden";"53,24";"53,65";"53,65"
"09374452";"Manteler Forst";"Gemeinden";"0,06";"0,03";"0,03"
"09374458";"Speinsharter Forst";"Gemeinden";"0,06";"0,00";"0,09"
"09375113";"Alteglofsheim";"Gemeinden";"59,00";"58,40";"58,32"
"09375114";"Altenthann";"Gemeinden";"58,24";"57,68";"57,73"
"09375115";"Aufhausen";"Gemeinden";"74,62";"74,19";"74,21"
"09375116";"Bach a.d.Donau";"Gemeinden";"23,13";"22,79";"22,72"
"09375117";"Barbing";"Gemeinden";"66,59";"65,20";"64,78"
"09375118";"Beratzhausen, M";"Gemeinden";"50,55";"50,32";"49,36"
"09375119";"Bernhardswald";"Gemeinden";"45,86";"45,47";"45,42"
"09375120";"Brennberg";"Gemeinden";"46,89";"46,76";"46,66"
"09375122";"Brunn";"Gemeinden";"35,05";"34,74";"33,87"
"09375127";"Deuerling";"Gemeinden";"54,29";"53,31";"56,68"
"09375130";"Donaustauf, M";"Gemeinden";"33,95";"33,64";"33,33"
"09375131";"Duggendorf";"Gemeinden";"37,89";"37,67";"37,06"
"09375143";"Hagelstadt";"Gemeinden";"74,67";"73,47";"73,38"
"09375148";"Hemau, St";"Gemeinden";"55,06";"54,84";"54,36"
"09375153";"Holzheim a.Forst";"Gemeinden";"61,02";"60,77";"60,26"
"09375156";"Kallmünz, M";"Gemeinden";"46,18";"45,92";"45,32"
"09375161";"Köfering";"Gemeinden";"75,24";"69,57";"69,19"
"09375162";"Laaber, M";"Gemeinden";"49,43";"49,09";"47,34"
"09375165";"Lappersdorf, M";"Gemeinden";"46,52";"46,35";"46,26"
"09375170";"Mintraching";"Gemeinden";"75,43";"74,80";"74,31"
"09375171";"Mötzing";"Gemeinden";"67,27";"65,66";"65,25"
"09375174";"Neutraubling, St";"Gemeinden";"34,67";"31,49";"31,18"
"09375175";"Nittendorf, M";"Gemeinden";"36,65";"36,08";"36,23"
"09375179";"Obertraubling";"Gemeinden";"65,88";"65,47";"65,30"
"09375180";"Pentling";"Gemeinden";"51,08";"50,32";"49,58"
"09375181";"Pettendorf";"Gemeinden";"57,83";"57,63";"57,26"
"09375182";"Pfakofen";"Gemeinden";"69,11";"68,65";"68,59"
"09375183";"Pfatter";"Gemeinden";"64,76";"64,72";"64,58"
"09375184";"Pielenhofen";"Gemeinden";"31,75";"31,34";"30,85"
"09375190";"Regenstauf, M";"Gemeinden";"38,54";"38,25";"38,23"
"09375191";"Riekofen";"Gemeinden";"78,85";"78,68";"78,51"
"09375196";"Schierling, M";"Gemeinden";"59,71";"59,00";"58,89"
"09375199";"Sinzing";"Gemeinden";"32,59";"32,21";"32,21"
"09375201";"Sünching";"Gemeinden";"62,82";"62,20";"62,15"
"09375204";"Tegernheim";"Gemeinden";"32,02";"31,58";"31,58"
"09375205";"Thalmassing";"Gemeinden";"64,97";"64,08";"64,06"
"09375208";"Wenzenbach";"Gemeinden";"43,55";"42,85";"42,81"
"09375209";"Wiesent";"Gemeinden";"29,07";"28,84";"28,81"
"09375210";"Wörth a.d.Donau, St";"Gemeinden";"38,89";"37,94";"37,63"
"09375211";"Wolfsegg";"Gemeinden";"28,36";"28,10";"27,77"
"09375213";"Zeitlarn";"Gemeinden";"42,12";"40,82";"39,95"
"09375451";"Forstmühler Forst";"Gemeinden";"2,50";"3,17";"3,17"
"09375452";"Kreuther Forst";"Gemeinden";"2,50";"0,00";"0,00"
"09376112";"Altendorf";"Gemeinden";"51,06";"50,97";"50,97"
"09376116";"Bodenwöhr";"Gemeinden";"27,32";"27,00";"26,67"
"09376117";"Bruck i.d.OPf., M";"Gemeinden";"26,80";"26,12";"25,77"
"09376119";"Burglengenfeld, St";"Gemeinden";"31,00";"30,68";"30,48"
"09376122";"Dieterskirchen";"Gemeinden";"36,99";"36,41";"36,33"
"09376125";"Fensterbach";"Gemeinden";"49,31";"48,79";"48,75"
"09376131";"Gleiritsch";"Gemeinden";"47,53";"47,35";"47,35"
"09376133";"Guteneck";"Gemeinden";"55,43";"54,92";"55,03"
"09376141";"Maxhütte-Haidhof, St";"Gemeinden";"33,84";"33,41";"33,12"
"09376144";"Nabburg, St";"Gemeinden";"42,93";"42,67";"42,27"
"09376146";"Neukirchen-Balbini, M";"Gemeinden";"37,22";"37,13";"37,01"
"09376147";"Neunburg vorm Wald, St";"Gemeinden";"46,00";"45,31";"45,27"
"09376148";"Niedermurach";"Gemeinden";"56,90";"56,89";"56,62"
"09376149";"Nittenau, St";"Gemeinden";"34,41";"34,06";"33,99"
"09376150";"Wernberg-Köblitz, M";"Gemeinden";"41,70";"41,67";"41,52"
"09376151";"Oberviechtach, St";"Gemeinden";"45,53";"45,29";"45,10"
"09376153";"Pfreimd, St";"Gemeinden";"39,38";"39,24";"39,24"
"09376159";"Schmidgaden";"Gemeinden";"47,98";"47,62";"47,60"
"09376160";"Schönsee, St";"Gemeinden";"30,87";"30,81";"31,07"
"09376161";"Schwandorf, GKSt";"Gemeinden";"42,45";"42,07";"42,08"
"09376162";"Schwarzach b.Nabburg";"Gemeinden";"52,03";"51,90";"51,86"
"09376163";"Schwarzenfeld, M";"Gemeinden";"44,76";"44,46";"44,38"
"09376164";"Schwarzhofen, M";"Gemeinden";"51,23";"50,71";"50,57"
"09376167";"Stadlern";"Gemeinden";"33,74";"33,84";"34,41"
"09376168";"Steinberg am See";"Gemeinden";"9,65";"10,04";"9,80"
"09376169";"Stulln";"Gemeinden";"52,22";"51,71";"51,71"
"09376170";"Teublitz, St";"Gemeinden";"28,33";"28,25";"27,70"
"09376171";"Teunz";"Gemeinden";"45,82";"45,59";"45,59"
"09376172";"Thanstein";"Gemeinden";"45,33";"44,26";"44,22"
"09376173";"Trausnitz";"Gemeinden";"40,95";"40,78";"40,78"
"09376175";"Wackersdorf";"Gemeinden";"16,42";"15,91";"15,61"
"09376176";"Weiding";"Gemeinden";"25,41";"25,41";"25,28"
"09376178";"Winklarn, M";"Gemeinden";"51,60";"51,35";"51,35"
"09376455";"Wolferlohe";"Gemeinden";"0,15";"0,15";"0,15"
"09377112";"Bärnau, St";"Gemeinden";"46,04";"46,19";"46,20"
"09377113";"Brand";"Gemeinden";"28,38";"28,99";"28,89"
"09377115";"Ebnath";"Gemeinden";"36,50";"37,05";"37,14"
"09377116";"Erbendorf, St";"Gemeinden";"31,97";"32,06";"32,10"
"09377117";"Falkenberg, M";"Gemeinden";"36,50";"36,98";"37,21"
"09377118";"Friedenfels";"Gemeinden";"35,07";"35,57";"35,63"
"09377119";"Fuchsmühl, M";"Gemeinden";"29,47";"29,67";"29,67"
"09377127";"Immenreuth";"Gemeinden";"30,02";"30,28";"30,20"
"09377128";"Kastl";"Gemeinden";"43,61";"43,69";"43,45"
"09377129";"Kemnath, St";"Gemeinden";"53,75";"54,18";"53,71"
"09377131";"Konnersreuth, M";"Gemeinden";"54,00";"54,13";"54,09"
"09377132";"Krummennaab";"Gemeinden";"55,32";"55,09";"55,37"
"09377133";"Kulmain";"Gemeinden";"46,16";"46,44";"46,07"
"09377137";"Leonberg";"Gemeinden";"33,27";"33,31";"33,33"
"09377139";"Mähring, M";"Gemeinden";"45,13";"45,30";"45,39"
"09377141";"Mitterteich, St";"Gemeinden";"45,28";"45,30";"45,25"
"09377142";"Bad Neualbenreuth, M";"Gemeinden";"38,48";"38,74";"38,84"
"09377143";"Neusorg";"Gemeinden";"24,17";"24,40";"24,34"
"09377145";"Pechbrunn";"Gemeinden";"16,67";"16,82";"16,82"
"09377146";"Plößberg, M";"Gemeinden";"48,67";"48,98";"48,93"
"09377148";"Pullenreuth";"Gemeinden";"36,33";"36,70";"36,70"
"09377149";"Reuth b.Erbendorf";"Gemeinden";"32,64";"32,82";"32,41"
"09377154";"Tirschenreuth, St";"Gemeinden";"37,97";"38,21";"38,37"
"09377157";"Waldershof, St";"Gemeinden";"38,13";"38,43";"38,46"
"09377158";"Waldsassen, St";"Gemeinden";"38,63";"38,91";"38,88"
"09377159";"Wiesau, M";"Gemeinden";"40,51";"40,55";"40,18"
"09461000";"Bamberg";"Gemeinden";"16,13";"16,09";"15,87"
"09462000";"Bayreuth";"Gemeinden";"33,53";"32,98";"32,82"
"09463000";"Coburg";"Gemeinden";"28,10";"28,31";"27,98"
"09464000";"Hof";"Gemeinden";"43,47";"42,69";"42,76"
"09471111";"Altendorf";"Gemeinden";"43,68";"42,30";"41,61"
"09471115";"Baunach, St";"Gemeinden";"30,93";"30,55";"30,30"
"09471117";"Bischberg";"Gemeinden";"39,89";"39,54";"39,32"
"09471119";"Breitengüßbach";"Gemeinden";"34,99";"33,75";"33,57"
"09471120";"Burgebrach, M";"Gemeinden";"51,46";"51,26";"51,15"
"09471122";"Burgwindheim, M";"Gemeinden";"34,56";"34,30";"33,79"
"09471123";"Buttenheim, M";"Gemeinden";"49,78";"49,15";"49,29"
"09471128";"Ebrach, M";"Gemeinden";"35,40";"35,12";"35,09"
"09471131";"Frensdorf";"Gemeinden";"53,86";"53,27";"53,12"
"09471133";"Gerach";"Gemeinden";"42,80";"42,16";"41,90"
"09471137";"Gundelsheim";"Gemeinden";"44,30";"41,64";"41,38"
"09471140";"Hallstadt, St";"Gemeinden";"46,85";"45,62";"45,27"
"09471142";"Heiligenstadt i.OFr., M";"Gemeinden";"48,19";"47,51";"47,47"
"09471145";"Hirschaid, M";"Gemeinden";"46,23";"45,15";"44,72"
"09471150";"Kemmern";"Gemeinden";"45,59";"44,38";"44,14"
"09471151";"Königsfeld";"Gemeinden";"56,33";"56,00";"55,95"
"09471152";"Lauter";"Gemeinden";"50,89";"49,68";"49,27"
"09471154";"Lisberg";"Gemeinden";"55,26";"53,35";"51,91"
"09471155";"Litzendorf";"Gemeinden";"53,03";"52,53";"52,38"
"09471159";"Memmelsdorf";"Gemeinden";"52,02";"51,49";"51,18"
"09471165";"Oberhaid";"Gemeinden";"38,82";"37,93";"37,45"
"09471169";"Pettstadt";"Gemeinden";"41,40";"40,28";"40,08"
"09471172";"Pommersfelden";"Gemeinden";"55,56";"55,10";"55,04"
"09471173";"Priesendorf";"Gemeinden";"50,12";"50,12";"50,12"
"09471174";"Rattelsdorf, M";"Gemeinden";"58,59";"57,46";"57,00"
"09471175";"Reckendorf";"Gemeinden";"40,81";"40,74";"40,58"
"09471185";"Scheßlitz, St";"Gemeinden";"52,08";"51,26";"51,10"
"09471186";"Schönbrunn i.Steigerwald";"Gemeinden";"52,35";"51,82";"51,74"
"09471189";"Stadelhofen";"Gemeinden";"50,95";"50,58";"50,36"
"09471191";"Stegaurach";"Gemeinden";"50,33";"49,62";"49,50"
"09471195";"Strullendorf";"Gemeinden";"52,32";"51,88";"51,78"
"09471207";"Viereth-Trunstadt";"Gemeinden";"49,94";"49,30";"48,67"
"09471208";"Walsdorf";"Gemeinden";"50,37";"49,26";"49,08"
"09471209";"Wattendorf";"Gemeinden";"53,19";"52,43";"52,38"
"09471214";"Zapfendorf, M";"Gemeinden";"48,23";"47,31";"46,43"
"09471220";"Schlüsselfeld, St";"Gemeinden";"45,27";"44,75";"44,48"
"09471452";"Ebracher Forst";"Gemeinden";"0,09";"0,00";"0,00"
"09471453";"Eichwald";"Gemeinden";"0,09";"0,23";"0,00"
"09471454";"Geisberger Forst";"Gemeinden";"0,09";"0,10";"0,10"
"09471455";"Hauptsmoor";"Gemeinden";"0,09";"0,72";"0,72"
"09471456";"Koppenwinder Forst";"Gemeinden";"0,09";"0,00";"0,00"
"09471457";"Lindach";"Gemeinden";"0,09";"0,00";"0,00"
"09471459";"Semberg";"Gemeinden";"0,09";"0,00";"0,00"
"09471460";"Steinachsrangen";"Gemeinden";"0,09";"0,00";"0,00"
"09471461";"Winkelhofer Forst";"Gemeinden";"0,09";"0,00";"0,00"
"09471462";"Zückshuter Forst";"Gemeinden";"0,09";"0,00";"0,00"
"09472111";"Ahorntal";"Gemeinden";"47,80";"46,72";"46,81"
"09472115";"Aufseß";"Gemeinden";"46,21";"45,10";"45,54"
"09472116";"Bad Berneck i.Fichtelgebirge, St";"Gemeinden";"42,39";"42,24";"42,29"
"09472118";"Betzenstein, St";"Gemeinden";"41,80";"41,55";"41,42"
"09472119";"Bindlach";"Gemeinden";"52,31";"51,97";"52,13"
"09472121";"Bischofsgrün";"Gemeinden";"45,53";"44,22";"44,93"
"09472127";"Creußen, St";"Gemeinden";"43,59";"43,49";"43,50"
"09472131";"Eckersdorf";"Gemeinden";"56,84";"56,32";"56,43"
"09472133";"Emtmannsberg";"Gemeinden";"53,74";"53,43";"53,34"
"09472138";"Fichtelberg";"Gemeinden";"28,68";"28,10";"28,10"
"09472139";"Gefrees, St";"Gemeinden";"55,13";"54,51";"54,43"
"09472140";"Gesees";"Gemeinden";"58,26";"57,62";"57,72"
"09472141";"Glashütten";"Gemeinden";"50,71";"50,14";"49,86"
"09472143";"Goldkronach, St";"Gemeinden";"48,97";"47,46";"46,84"
"09472146";"Haag";"Gemeinden";"35,98";"36,19";"36,12"
"09472150";"Heinersreuth";"Gemeinden";"47,31";"46,22";"45,26"
"09472154";"Hollfeld, St";"Gemeinden";"45,55";"44,28";"44,42"
"09472155";"Hummeltal";"Gemeinden";"45,16";"43,40";"43,45"
"09472156";"Kirchenpingarten";"Gemeinden";"43,65";"43,23";"43,08"
"09472164";"Mehlmeisel";"Gemeinden";"25,25";"25,32";"25,17"
"09472166";"Mistelbach";"Gemeinden";"64,05";"63,24";"63,40"
"09472167";"Mistelgau";"Gemeinden";"50,24";"50,32";"50,55"
"09472175";"Pegnitz, St";"Gemeinden";"42,33";"41,70";"41,79"
"09472176";"Plankenfels";"Gemeinden";"48,43";"48,21";"48,21"
"09472177";"Plech, M";"Gemeinden";"47,02";"46,24";"46,11"
"09472179";"Pottenstein, St";"Gemeinden";"38,64";"38,16";"38,01"
"09472180";"Prebitz";"Gemeinden";"57,65";"56,98";"56,57"
"09472184";"Schnabelwaid, M";"Gemeinden";"31,06";"30,40";"30,04"
"09472188";"Seybothenreuth";"Gemeinden";"57,66";"57,31";"57,03"
"09472190";"Speichersdorf";"Gemeinden";"60,76";"60,16";"59,59"
"09472197";"Waischenfeld, St";"Gemeinden";"47,81";"47,61";"47,61"
"09472198";"Warmensteinach";"Gemeinden";"5,32";"5,31";"5,52"
"09472199";"Weidenberg, M";"Gemeinden";"44,82";"44,12";"44,14"
"09472451";"Bischofsgrüner Forst";"Gemeinden";"0,33";"0,44";"0,48"
"09472453";"Fichtelberg";"Gemeinden";"0,33";"0,53";"0,62"
"09472454";"Forst Neustädtlein a.Forst";"Gemeinden";"0,33";"0,26";"0,26"
"09472456";"Glashüttener Forst";"Gemeinden";"0,33";"0,00";"0,00"
"09472458";"Heinersreuther Forst";"Gemeinden";"0,33";"0,26";"0,26"
"09472463";"Neubauer Forst-Nord";"Gemeinden";"0,33";"0,18";"0,18"
"09472464";"Prüll";"Gemeinden";"0,33";"0,00";"0,00"
"09472468";"Veldensteinerforst";"Gemeinden";"0,33";"0,25";"0,23"
"09472469";"Waidacher Forst";"Gemeinden";"0,33";"0,00";"0,00"
"09472470";"Warmensteinacher Forst-Nord";"Gemeinden";"0,33";"0,00";"0,00"
"09473112";"Ahorn";"Gemeinden";"48,92";"48,81";"48,76"
"09473120";"Dörfles-Esbach";"Gemeinden";"42,04";"40,21";"39,95"
"09473121";"Ebersdorf b.Coburg";"Gemeinden";"51,52";"50,61";"50,42"
"09473132";"Großheirath";"Gemeinden";"66,14";"65,96";"65,74"
"09473134";"Grub a.Forst";"Gemeinden";"55,81";"56,89";"56,56"
"09473138";"Itzgrund";"Gemeinden";"68,29";"68,56";"68,32"
"09473141";"Lautertal";"Gemeinden";"30,87";"33,41";"33,11"
"09473144";"Meeder";"Gemeinden";"70,43";"70,29";"69,87"
"09473151";"Neustadt b.Coburg, GKSt";"Gemeinden";"43,61";"43,04";"42,90"
"09473153";"Niederfüllbach";"Gemeinden";"44,79";"43,24";"38,61"
"09473158";"Bad Rodach, St";"Gemeinden";"55,39";"55,24";"55,20"
"09473159";"Rödental, St";"Gemeinden";"33,10";"33,86";"33,22"
"09473165";"Seßlach, St";"Gemeinden";"49,63";"49,25";"49,14"
"09473166";"Sonnefeld";"Gemeinden";"55,46";"55,32";"55,23"
"09473170";"Untersiemau";"Gemeinden";"60,42";"59,98";"59,39"
"09473174";"Weidhausen b.Coburg";"Gemeinden";"47,24";"46,93";"45,89"
"09473175";"Weitramsdorf";"Gemeinden";"25,34";"25,28";"24,18"
"09473452";"Callenberger Forst-West";"Gemeinden";"2,16";"0,00";"0,00"
"09473453";"Gellnhausen";"Gemeinden";"2,16";"4,64";"4,64"
"09473454";"Köllnholz";"Gemeinden";"2,16";"0,00";"0,00"
"09474119";"Dormitz";"Gemeinden";"68,78";"68,34";"67,69"
"09474121";"Ebermannstadt, St";"Gemeinden";"34,67";"34,59";"34,51"
"09474122";"Effeltrich";"Gemeinden";"66,47";"66,30";"66,22"
"09474123";"Eggolsheim, M";"Gemeinden";"43,21";"42,85";"42,61"
"09474124";"Egloffstein, M";"Gemeinden";"41,05";"40,81";"40,63"
"09474126";"Forchheim, GKSt";"Gemeinden";"26,01";"25,52";"25,00"
"09474129";"Gößweinstein, M";"Gemeinden";"38,97";"38,81";"38,65"
"09474132";"Gräfenberg, St";"Gemeinden";"56,20";"55,91";"55,51"
"09474133";"Hallerndorf";"Gemeinden";"39,24";"38,80";"38,61"
"09474134";"Hausen";"Gemeinden";"37,69";"37,25";"37,32"
"09474135";"Heroldsbach";"Gemeinden";"24,22";"23,77";"23,77"
"09474137";"Hetzles";"Gemeinden";"58,96";"58,79";"58,62"
"09474138";"Hiltpoltstein, M";"Gemeinden";"46,20";"46,05";"45,93"
"09474140";"Igensdorf, M";"Gemeinden";"60,67";"60,32";"60,08"
"09474143";"Kirchehrenbach";"Gemeinden";"43,12";"42,87";"42,87"
"09474144";"Kleinsendelbach";"Gemeinden";"64,13";"63,73";"63,87"
"09474145";"Kunreuth";"Gemeinden";"61,30";"61,30";"61,30"
"09474146";"Langensendelbach";"Gemeinden";"52,51";"52,19";"51,88"
"09474147";"Leutenbach";"Gemeinden";"53,63";"53,43";"53,58"
"09474154";"Neunkirchen a.Brand, M";"Gemeinden";"55,21";"54,91";"54,89"
"09474156";"Obertrubach";"Gemeinden";"39,04";"38,80";"38,85"
"09474158";"Pinzberg";"Gemeinden";"67,09";"66,64";"66,57"
"09474160";"Poxdorf";"Gemeinden";"65,70";"62,48";"62,48"
"09474161";"Pretzfeld, M";"Gemeinden";"45,81";"45,72";"45,64"
"09474168";"Unterleinleiter";"Gemeinden";"32,24";"32,08";"32,08"
"09474171";"Weilersbach";"Gemeinden";"48,32";"47,97";"47,85"
"09474173";"Weißenohe";"Gemeinden";"39,66";"39,23";"39,23"
"09474175";"Wiesenthau";"Gemeinden";"64,70";"64,39";"64,39"
"09474176";"Wiesenttal, M";"Gemeinden";"43,74";"43,40";"43,33"
"09475112";"Bad Steben, M";"Gemeinden";"57,37";"57,24";"56,66"
"09475113";"Berg";"Gemeinden";"53,39";"52,96";"53,06"
"09475120";"Döhlau";"Gemeinden";"60,59";"58,10";"58,16"
"09475123";"Feilitzsch";"Gemeinden";"61,05";"60,52";"60,72"
"09475127";"Gattendorf";"Gemeinden";"58,86";"56,11";"55,84"
"09475128";"Geroldsgrün";"Gemeinden";"58,86";"58,66";"58,22"
"09475136";"Helmbrechts, St";"Gemeinden";"48,35";"47,79";"47,68"
"09475137";"Issigau";"Gemeinden";"44,86";"44,81";"41,60"
"09475141";"Köditz";"Gemeinden";"56,44";"55,71";"55,59"
"09475142";"Konradsreuth";"Gemeinden";"59,62";"59,46";"59,55"
"09475145";"Leupoldsgrün";"Gemeinden";"56,49";"55,51";"55,51"
"09475146";"Lichtenberg, St";"Gemeinden";"34,42";"33,90";"32,31"
"09475154";"Münchberg, St";"Gemeinden";"60,50";"59,99";"59,83"
"09475156";"Naila, St";"Gemeinden";"37,99";"37,74";"37,47"
"09475158";"Oberkotzau, M";"Gemeinden";"51,14";"50,58";"50,58"
"09475161";"Regnitzlosau";"Gemeinden";"62,58";"62,26";"62,26"
"09475162";"Rehau, St";"Gemeinden";"32,57";"32,20";"32,01"
"09475165";"Schauenstein, St";"Gemeinden";"57,50";"57,43";"57,54"
"09475168";"Schwarzenbach a.d.Saale, St";"Gemeinden";"53,30";"52,48";"52,52"
"09475169";"Schwarzenbach a.Wald, St";"Gemeinden";"30,25";"29,62";"29,37"
"09475171";"Selbitz, St";"Gemeinden";"56,60";"55,57";"55,46"
"09475174";"Sparneck, M";"Gemeinden";"37,96";"36,92";"37,04"
"09475175";"Stammbach, M";"Gemeinden";"57,60";"57,05";"57,08"
"09475181";"Töpen";"Gemeinden";"66,06";"65,96";"65,29"
"09475182";"Trogen";"Gemeinden";"51,70";"50,16";"49,27"
"09475184";"Weißdorf";"Gemeinden";"60,89";"60,25";"60,20"
"09475189";"Zell im Fichtelgebirge, M";"Gemeinden";"51,97";"50,69";"50,69"
"09475451";"Forst Schwarzenbach a.Wald";"Gemeinden";"0,90";"0,24";"0,24"
"09475452";"Gerlaser Forst";"Gemeinden";"0,90";"0,00";"0,00"
"09475453";"Geroldsgrüner Forst";"Gemeinden";"0,90";"1,86";"1,86"
"09475454";"Martinlamitzer Forst-Nord";"Gemeinden";"0,90";"0,29";"0,29"
"09476145";"Kronach, St";"Gemeinden";"43,52";"43,57";"43,13"
"09476146";"Küps, M";"Gemeinden";"47,99";"48,02";"48,05"
"09476152";"Ludwigsstadt, St";"Gemeinden";"19,40";"19,65";"19,83"
"09476154";"Mitwitz, M";"Gemeinden";"33,47";"33,75";"33,41"
"09476159";"Nordhalben, M";"Gemeinden";"23,53";"23,62";"22,98"
"09476164";"Pressig, M";"Gemeinden";"26,79";"26,92";"26,92"
"09476166";"Reichenbach";"Gemeinden";"29,45";"29,21";"29,56"
"09476171";"Schneckenlohe";"Gemeinden";"49,62";"49,73";"49,19"
"09476175";"Steinbach a.Wald";"Gemeinden";"35,20";"35,44";"35,52"
"09476177";"Steinwiesen, M";"Gemeinden";"15,94";"15,83";"15,69"
"09476178";"Stockheim";"Gemeinden";"41,25";"41,05";"40,85"
"09476179";"Tettau, M";"Gemeinden";"11,30";"11,30";"11,47"
"09476180";"Teuschnitz, St";"Gemeinden";"26,48";"26,80";"26,98"
"09476182";"Tschirn";"Gemeinden";"16,58";"16,78";"16,93"
"09476183";"Marktrodach, M";"Gemeinden";"37,88";"37,97";"37,67"
"09476184";"Wallenfels, St";"Gemeinden";"10,10";"10,12";"10,01"
"09476185";"Weißenbrunn";"Gemeinden";"45,78";"45,51";"45,44"
"09476189";"Wilhelmsthal";"Gemeinden";"28,55";"28,43";"28,50"
"09476451";"Birnbaum";"Gemeinden";"0,38";"0,37";"0,37"
"09476453";"Langenbacher Forst";"Gemeinden";"0,38";"0,39";"0,39"
"09477117";"Grafengehaig, M";"Gemeinden";"44,55";"44,16";"44,21"
"09477118";"Guttenberg";"Gemeinden";"36,21";"36,21";"36,30"
"09477119";"Harsdorf";"Gemeinden";"43,64";"42,76";"42,58"
"09477121";"Himmelkron";"Gemeinden";"52,34";"51,73";"51,60"
"09477124";"Kasendorf, M";"Gemeinden";"56,31";"56,15";"55,79"
"09477127";"Ködnitz";"Gemeinden";"45,46";"45,06";"44,75"
"09477128";"Kulmbach, GKSt";"Gemeinden";"45,96";"45,09";"44,94"
"09477129";"Kupferberg, St";"Gemeinden";"48,01";"45,96";"45,89"
"09477135";"Ludwigschorgast, M";"Gemeinden";"51,52";"50,00";"50,00"
"09477136";"Mainleus, M";"Gemeinden";"55,06";"54,38";"54,40"
"09477138";"Marktleugast, M";"Gemeinden";"45,59";"45,14";"45,14"
"09477139";"Marktschorgast, M";"Gemeinden";"45,73";"45,16";"44,53"
"09477142";"Neudrossenfeld";"Gemeinden";"56,96";"56,18";"55,88"
"09477143";"Neuenmarkt";"Gemeinden";"70,40";"70,29";"70,18"
"09477148";"Presseck, M";"Gemeinden";"28,69";"28,40";"28,51"
"09477151";"Rugendorf";"Gemeinden";"65,07";"63,68";"63,74"
"09477156";"Stadtsteinach, St";"Gemeinden";"42,10";"41,71";"41,36"
"09477157";"Thurnau, M";"Gemeinden";"47,58";"47,58";"47,29"
"09477158";"Trebgast";"Gemeinden";"47,83";"46,78";"46,55"
"09477159";"Untersteinach";"Gemeinden";"58,62";"55,12";"55,29"
"09477163";"Wirsberg, M";"Gemeinden";"45,50";"45,15";"44,74"
"09477164";"Wonsees, M";"Gemeinden";"53,25";"52,19";"52,13"
"09478111";"Altenkunstadt";"Gemeinden";"45,49";"45,23";"44,95"
"09478116";"Burgkunstadt, St";"Gemeinden";"48,87";"48,08";"47,86"
"09478120";"Ebensfeld, M";"Gemeinden";"58,38";"58,53";"58,03"
"09478127";"Hochstadt a.Main";"Gemeinden";"54,14";"53,34";"51,09"
"09478139";"Lichtenfels, St";"Gemeinden";"34,09";"33,57";"33,15"
"09478143";"Marktgraitz, M";"Gemeinden";"54,67";"54,93";"54,67"
"09478144";"Marktzeuln, M";"Gemeinden";"59,18";"59,18";"58,45"
"09478145";"Michelau i.OFr.";"Gemeinden";"38,50";"37,62";"37,42"
"09478155";"Redwitz a.d.Rodach";"Gemeinden";"46,59";"46,11";"46,32"
"09478165";"Bad Staffelstein, St";"Gemeinden";"46,23";"47,34";"46,99"
"09478176";"Weismain, St";"Gemeinden";"44,20";"43,77";"43,60"
"09478451";"Breitengüßbacher Forst";"Gemeinden";"0,00";"0,00";"0,00"
"09478453";"Neuensorger Forst";"Gemeinden";"0,00";"0,00";"0,00"
"09479111";"Bad Alexandersbad";"Gemeinden";"46,42";"46,31";"46,76"
"09479112";"Arzberg, St";"Gemeinden";"44,99";"44,76";"44,66"
"09479126";"Höchstädt i.Fichtelgebirge";"Gemeinden";"60,33";"60,07";"59,60"
"09479127";"Hohenberg a.d.Eger, St";"Gemeinden";"27,91";"27,52";"27,59"
"09479129";"Kirchenlamitz, St";"Gemeinden";"41,54";"41,17";"40,99"
"09479135";"Marktleuthen, St";"Gemeinden";"48,59";"48,45";"48,28"
"09479136";"Marktredwitz, GKSt";"Gemeinden";"44,85";"44,39";"43,34"
"09479138";"Nagel";"Gemeinden";"41,52";"41,52";"41,00"
"09479145";"Röslau";"Gemeinden";"51,89";"51,79";"51,83"
"09479147";"Schirnding, M";"Gemeinden";"29,80";"29,32";"29,07"
"09479150";"Schönwald, St";"Gemeinden";"30,48";"30,28";"30,17"
"09479152";"Selb, GKSt";"Gemeinden";"35,91";"35,51";"35,51"
"09479158";"Thiersheim, M";"Gemeinden";"60,52";"60,24";"60,24"
"09479159";"Thierstein, M";"Gemeinden";"51,74";"51,59";"51,43"
"09479161";"Tröstau";"Gemeinden";"44,32";"43,19";"43,86"
"09479166";"Weißenstadt, St";"Gemeinden";"43,19";"42,62";"42,60"
"09479169";"Wunsiedel, St";"Gemeinden";"48,49";"47,78";"47,78"
"09479453";"Kaiserhammer Forst-Ost";"Gemeinden";"0,56";"0,87";"0,87"
"09479455";"Martinlamitzer Forst-Süd";"Gemeinden";"0,56";"0,24";"0,24"
"09479456";"Meierhöfer Seite";"Gemeinden";"0,56";"3,03";"3,03"
"09479457";"Neubauer Forst-Süd";"Gemeinden";"0,56";"0,32";"0,32"
"09479459";"Tröstauer Forst-Ost";"Gemeinden";"0,56";"0,72";"0,72"
"09479460";"Tröstauer Forst-West";"Gemeinden";"0,56";"0,28";"0,28"
"09479461";"Vordorfer Forst";"Gemeinden";"0,56";"0,41";"0,41"
"09479462";"Weißenstadter Forst-Nord";"Gemeinden";"0,56";"0,18";"0,18"
"09479463";"Weißenstadter Forst-Süd";"Gemeinden";"0,56";"0,33";"0,33"
"09561000";"Ansbach";"Gemeinden";"43,92";"42,47";"42,29"
"09562000";"Erlangen";"Gemeinden";"30,16";"29,86";"29,72"
"09563000";"Fürth";"Gemeinden";"34,74";"34,19";"34,18"
"09564000";"Nürnberg";"Gemeinden";"17,32";"17,14";"17,08"
"09565000";"Schwabach";"Gemeinden";"32,75";"32,13";"31,86"
"09571111";"Adelshofen";"Gemeinden";"64,31";"63,47";"63,43"
"09571113";"Arberg, M";"Gemeinden";"49,54";"49,38";"49,34"
"09571114";"Aurach";"Gemeinden";"58,84";"58,67";"58,32"
"09571115";"Bechhofen, M";"Gemeinden";"53,58";"53,71";"53,50"
"09571122";"Bruckberg";"Gemeinden";"37,45";"37,45";"37,32"
"09571125";"Buch a.Wald";"Gemeinden";"58,65";"58,46";"58,46"
"09571127";"Burgoberbach";"Gemeinden";"64,71";"63,68";"63,68"
"09571128";"Burk";"Gemeinden";"31,39";"31,39";"31,04"
"09571130";"Colmberg, M";"Gemeinden";"63,02";"62,21";"61,97"
"09571132";"Dentlein a.Forst, M";"Gemeinden";"34,76";"34,43";"34,43"
"09571134";"Diebach";"Gemeinden";"65,67";"64,64";"64,32"
"09571135";"Dietenhofen, M";"Gemeinden";"54,76";"54,34";"54,09"
"09571136";"Dinkelsbühl, GKSt";"Gemeinden";"56,09";"55,63";"55,46"
"09571137";"Dombühl, M";"Gemeinden";"52,88";"52,15";"51,82"
"09571139";"Dürrwangen, M";"Gemeinden";"41,16";"41,08";"40,56"
"09571141";"Ehingen";"Gemeinden";"57,52";"56,28";"56,07"
"09571145";"Feuchtwangen, St";"Gemeinden";"58,11";"57,35";"57,26"
"09571146";"Flachslanden, M";"Gemeinden";"46,49";"46,23";"46,08"
"09571152";"Gebsattel";"Gemeinden";"70,61";"68,88";"68,83"
"09571154";"Gerolfingen";"Gemeinden";"67,99";"67,83";"67,51"
"09571155";"Geslau";"Gemeinden";"66,71";"65,94";"65,94"
"09571165";"Heilsbronn, St";"Gemeinden";"51,25";"50,62";"50,25"
"09571166";"Herrieden, St";"Gemeinden";"56,66";"56,10";"56,00"
"09571169";"Insingen";"Gemeinden";"72,19";"71,06";"70,83"
"09571170";"Langfurth";"Gemeinden";"55,37";"55,08";"55,04"
"09571171";"Lehrberg, M";"Gemeinden";"52,43";"52,41";"52,11"
"09571174";"Leutershausen, St";"Gemeinden";"64,64";"63,11";"63,11"
"09571175";"Lichtenau, M";"Gemeinden";"52,60";"52,21";"51,46"
"09571177";"Merkendorf, St";"Gemeinden";"71,08";"70,92";"70,39"
"09571178";"Mitteleschenbach";"Gemeinden";"55,38";"54,52";"54,61"
"09571179";"Mönchsroth";"Gemeinden";"51,43";"51,09";"50,84"
"09571180";"Neuendettelsau";"Gemeinden";"51,73";"51,64";"51,35"
"09571181";"Neusitz";"Gemeinden";"66,47";"64,30";"63,50"
"09571183";"Oberdachstetten";"Gemeinden";"54,36";"54,02";"53,94"
"09571188";"Ohrenbach";"Gemeinden";"71,64";"71,28";"71,24"
"09571189";"Ornbau, St";"Gemeinden";"79,02";"78,10";"77,90"
"09571190";"Petersaurach";"Gemeinden";"47,02";"47,00";"46,81"
"09571192";"Röckingen";"Gemeinden";"75,89";"76,08";"75,07"
"09571193";"Rothenburg ob der Tauber, GKSt";"Gemeinden";"67,34";"66,64";"66,55"
"09571194";"Rügland";"Gemeinden";"52,61";"52,42";"52,46"
"09571196";"Sachsen b.Ansbach";"Gemeinden";"51,00";"51,05";"51,05"
"09571198";"Schillingsfürst, St";"Gemeinden";"45,16";"43,45";"43,27"
"09571199";"Schnelldorf";"Gemeinden";"47,13";"46,84";"46,61"
"09571200";"Schopfloch, M";"Gemeinden";"64,02";"63,36";"63,75"
"09571205";"Steinsfeld";"Gemeinden";"68,24";"67,11";"66,76"
"09571208";"Unterschwaningen";"Gemeinden";"53,63";"53,04";"52,56"
"09571214";"Wassertrüdingen, St";"Gemeinden";"59,94";"59,42";"59,21"
"09571216";"Weidenbach, M";"Gemeinden";"64,95";"64,81";"64,81"
"09571217";"Weihenzell";"Gemeinden";"53,16";"52,94";"52,92"
"09571218";"Weiltingen, M";"Gemeinden";"62,86";"62,20";"62,41"
"09571222";"Wettringen";"Gemeinden";"46,57";"46,24";"46,29"
"09571223";"Wieseth";"Gemeinden";"61,39";"61,49";"61,24"
"09571224";"Wilburgstetten";"Gemeinden";"40,86";"40,15";"39,60"
"09571225";"Windelsbach";"Gemeinden";"43,61";"43,20";"43,07"
"09571226";"Windsbach, St";"Gemeinden";"49,93";"49,68";"49,66"
"09571227";"Wittelshofen";"Gemeinden";"73,12";"72,09";"72,50"
"09571228";"Wörnitz";"Gemeinden";"69,91";"69,30";"68,56"
"09571229";"Wolframs-Eschenbach, St";"Gemeinden";"57,13";"56,77";"56,54"
"09571451";"Unterer Wald";"Gemeinden";"0,00";"0,00";"0,00"
"09572111";"Adelsdorf";"Gemeinden";"43,59";"43,50";"43,59"
"09572114";"Aurachtal";"Gemeinden";"58,37";"58,32";"58,21"
"09572115";"Baiersdorf, St";"Gemeinden";"48,60";"48,09";"48,26"
"09572119";"Bubenreuth";"Gemeinden";"26,09";"23,67";"23,67"
"09572120";"Buckenhof";"Gemeinden";"18,71";"17,27";"17,27"
"09572121";"Eckental, M";"Gemeinden";"50,05";"50,03";"50,20"
"09572126";"Gremsdorf";"Gemeinden";"51,77";"51,16";"50,77"
"09572127";"Großenseebach";"Gemeinden";"35,14";"34,86";"35,14"
"09572130";"Hemhofen";"Gemeinden";"31,70";"31,41";"31,26"
"09572131";"Heroldsberg, M";"Gemeinden";"53,74";"54,10";"54,28"
"09572132";"Herzogenaurach, St";"Gemeinden";"45,34";"45,09";"45,23"
"09572133";"Heßdorf";"Gemeinden";"40,37";"40,13";"40,25"
"09572135";"Höchstadt a.d.Aisch, St";"Gemeinden";"37,89";"37,69";"37,75"
"09572137";"Kalchreuth";"Gemeinden";"60,87";"61,05";"60,96"
"09572139";"Lonnerstadt, M";"Gemeinden";"52,40";"52,31";"52,44"
"09572141";"Marloffstein";"Gemeinden";"60,12";"60,12";"60,12"
"09572142";"Möhrendorf";"Gemeinden";"36,37";"36,67";"36,67"
"09572143";"Mühlhausen, M";"Gemeinden";"56,39";"56,27";"56,08"
"09572147";"Oberreichenbach";"Gemeinden";"38,38";"37,55";"37,34"
"09572149";"Röttenbach";"Gemeinden";"28,09";"27,84";"28,35"
"09572154";"Spardorf";"Gemeinden";"44,72";"44,41";"44,41"
"09572158";"Uttenreuth";"Gemeinden";"52,10";"51,26";"50,90"
"09572159";"Vestenbergsgreuth, M";"Gemeinden";"47,42";"47,39";"47,49"
"09572160";"Wachenroth, M";"Gemeinden";"51,14";"50,82";"50,84"
"09572164";"Weisendorf, M";"Gemeinden";"45,96";"45,82";"45,74"
"09572451";"Birkach";"Gemeinden";"0,28";"0,00";"0,00"
"09572452";"Buckenhofer Forst";"Gemeinden";"0,28";"0,00";"0,00"
"09572453";"Dormitzer Forst";"Gemeinden";"0,28";"0,00";"0,00"
"09572454";"Erlenstegener Forst";"Gemeinden";"0,28";"0,00";"0,00"
"09572455";"Forst Tennenlohe";"Gemeinden";"0,28";"5,00";"5,00"
"09572456";"Geschaidt";"Gemeinden";"0,28";"0,00";"0,00"
"09572457";"Kalchreuther Forst";"Gemeinden";"0,28";"0,00";"0,00"
"09572458";"Kraftshofer Forst";"Gemeinden";"0,28";"0,08";"0,08"
"09572459";"Mark";"Gemeinden";"0,28";"0,14";"0,19"
"09572460";"Neunhofer Forst";"Gemeinden";"0,28";"0,10";"0,10"
"09573111";"Ammerndorf, M";"Gemeinden";"51,98";"51,98";"51,58"
"09573114";"Cadolzburg, M";"Gemeinden";"51,69";"51,55";"51,29"
"09573115";"Großhabersdorf";"Gemeinden";"60,64";"59,79";"59,75"
"09573120";"Langenzenn, St";"Gemeinden";"49,10";"48,67";"48,56"
"09573122";"Oberasbach, St";"Gemeinden";"36,75";"36,34";"36,06"
"09573123";"Obermichelbach";"Gemeinden";"64,51";"64,29";"64,29"
"09573124";"Puschendorf";"Gemeinden";"41,30";"40,71";"40,71"
"09573125";"Roßtal, M";"Gemeinden";"55,39";"54,78";"54,49"
"09573126";"Seukendorf";"Gemeinden";"53,66";"53,18";"53,18"
"09573127";"Stein, St";"Gemeinden";"57,66";"57,41";"57,25"
"09573129";"Tuchenbach";"Gemeinden";"64,81";"64,81";"64,51"
"09573130";"Veitsbronn";"Gemeinden";"57,29";"56,98";"56,74"
"09573133";"Wilhermsdorf, M";"Gemeinden";"61,81";"61,11";"60,77"
"09573134";"Zirndorf, St";"Gemeinden";"38,87";"38,69";"38,31"
"09574111";"Alfeld";"Gemeinden";"44,20";"44,12";"44,07"
"09574112";"Altdorf b.Nürnberg, St";"Gemeinden";"44,87";"43,88";"43,28"
"09574117";"Burgthann";"Gemeinden";"38,66";"37,87";"37,79"
"09574120";"Engelthal";"Gemeinden";"46,52";"45,49";"44,97"
"09574123";"Feucht, M";"Gemeinden";"7,03";"6,83";"6,52"
"09574128";"Happurg";"Gemeinden";"37,33";"37,59";"37,54"
"09574129";"Hartenstein";"Gemeinden";"28,59";"27,30";"27,30"
"09574131";"Henfenfeld";"Gemeinden";"46,23";"45,33";"45,33"
"09574132";"Hersbruck, St";"Gemeinden";"33,48";"33,23";"33,10"
"09574135";"Kirchensittenbach";"Gemeinden";"41,75";"40,99";"40,99"
"09574138";"Lauf a.d.Pegnitz, St";"Gemeinden";"38,41";"37,73";"37,72"
"09574139";"Leinburg";"Gemeinden";"47,89";"46,60";"46,57"
"09574140";"Neuhaus a.d.Pegnitz, M";"Gemeinden";"48,52";"47,77";"47,62"
"09574141";"Neunkirchen a.Sand";"Gemeinden";"34,61";"34,11";"34,25"
"09574145";"Offenhausen";"Gemeinden";"46,40";"45,51";"45,64"
"09574146";"Ottensoos";"Gemeinden";"42,76";"42,50";"41,90"
"09574147";"Pommelsbrunn";"Gemeinden";"35,22";"34,13";"34,09"
"09574150";"Reichenschwand";"Gemeinden";"37,72";"36,99";"36,99"
"09574152";"Röthenbach a.d.Pegnitz, St";"Gemeinden";"13,79";"13,65";"13,65"
"09574154";"Rückersdorf";"Gemeinden";"23,81";"23,81";"23,53"
"09574155";"Schnaittach, M";"Gemeinden";"37,68";"37,07";"37,11"
"09574156";"Schwaig b.Nürnberg";"Gemeinden";"18,98";"18,64";"18,47"
"09574157";"Schwarzenbruck";"Gemeinden";"18,29";"17,66";"17,57"
"09574158";"Simmelsdorf";"Gemeinden";"36,16";"35,48";"35,36"
"09574160";"Velden, St";"Gemeinden";"33,60";"33,32";"33,36"
"09574161";"Vorra";"Gemeinden";"34,78";"33,70";"33,51"
"09574164";"Winkelhaid";"Gemeinden";"42,79";"41,40";"41,09"
"09574451";"Behringersdorfer Forst";"Gemeinden";"0,69";"0,00";"0,00"
"09574452";"Brunn";"Gemeinden";"0,69";"1,77";"0,98"
"09574453";"Engelthaler Forst";"Gemeinden";"0,69";"0,83";"0,83"
"09574454";"Feuchter Forst";"Gemeinden";"0,69";"0,43";"0,43"
"09574455";"Fischbach";"Gemeinden";"0,69";"0,33";"0,33"
"09574456";"Forsthof";"Gemeinden";"0,69";"2,69";"2,69"
"09574457";"Günthersbühler Forst";"Gemeinden";"0,69";"0,00";"0,00"
"09574458";"Haimendorfer Forst";"Gemeinden";"0,69";"1,20";"1,33"
"09574460";"Laufamholzer Forst";"Gemeinden";"0,69";"1,37";"1,37"
"09574461";"Leinburg";"Gemeinden";"0,69";"0,00";"0,00"
"09574462";"Rückersdorfer Forst";"Gemeinden";"0,69";"0,00";"0,00"
"09574463";"Schönberg";"Gemeinden";"0,69";"0,00";"0,00"
"09574464";"Winkelhaid";"Gemeinden";"0,69";"1,41";"1,74"
"09574465";"Zerzabelshofer Forst";"Gemeinden";"0,69";"1,53";"1,53"
"09575112";"Bad Windsheim, St";"Gemeinden";"59,09";"58,99";"58,74"
"09575113";"Baudenbach, M";"Gemeinden";"50,48";"50,29";"50,34"
"09575115";"Burgbernheim, St";"Gemeinden";"59,91";"59,55";"59,17"
"09575116";"Burghaslach, M";"Gemeinden";"48,17";"47,92";"47,83"
"09575117";"Dachsbach, M";"Gemeinden";"54,11";"53,72";"53,67"
"09575118";"Diespeck";"Gemeinden";"51,43";"51,19";"51,05"
"09575119";"Dietersheim";"Gemeinden";"60,74";"60,81";"60,58"
"09575121";"Emskirchen, M";"Gemeinden";"52,19";"51,95";"51,98"
"09575122";"Ergersheim";"Gemeinden";"65,60";"65,70";"65,30"
"09575124";"Gallmersgarten";"Gemeinden";"64,10";"64,10";"63,83"
"09575125";"Gerhardshofen";"Gemeinden";"42,25";"41,95";"41,88"
"09575127";"Gollhofen";"Gemeinden";"82,43";"81,55";"81,49"
"09575128";"Gutenstetten";"Gemeinden";"49,20";"49,02";"49,20"
"09575129";"Hagenbüchach";"Gemeinden";"53,83";"53,74";"53,65"
"09575130";"Hemmersheim";"Gemeinden";"86,32";"85,82";"85,73"
"09575133";"Illesheim";"Gemeinden";"60,69";"60,69";"61,06"
"09575134";"Ippesheim, M";"Gemeinden";"73,30";"73,09";"73,01"
"09575135";"Ipsheim, M";"Gemeinden";"52,56";"52,37";"52,37"
"09575138";"Langenfeld";"Gemeinden";"79,17";"79,03";"79,03"
"09575143";"Marktbergel, M";"Gemeinden";"56,39";"56,26";"56,26"
"09575144";"Markt Bibart, M";"Gemeinden";"52,21";"51,94";"51,58"
"09575145";"Markt Erlbach, M";"Gemeinden";"51,35";"51,24";"50,86"
"09575146";"Markt Nordheim, M";"Gemeinden";"63,42";"63,22";"63,29"
"09575147";"Markt Taschendorf, M";"Gemeinden";"45,30";"45,27";"44,91"
"09575150";"Münchsteinach";"Gemeinden";"34,11";"34,05";"33,94"
"09575152";"Neuhof a.d.Zenn, M";"Gemeinden";"53,39";"53,29";"53,10"
"09575153";"Neustadt a.d.Aisch, St";"Gemeinden";"54,27";"54,19";"54,08"
"09575155";"Oberickelsheim";"Gemeinden";"88,20";"88,25";"88,20"
"09575156";"Obernzenn, M";"Gemeinden";"54,65";"54,58";"56,34"
"09575157";"Oberscheinfeld, M";"Gemeinden";"51,76";"51,64";"51,62"
"09575161";"Scheinfeld, St";"Gemeinden";"46,56";"46,25";"46,05"
"09575163";"Simmershofen";"Gemeinden";"78,98";"78,89";"78,83"
"09575165";"Sugenheim, M";"Gemeinden";"53,31";"52,97";"52,93"
"09575166";"Trautskirchen";"Gemeinden";"58,81";"58,56";"58,40"
"09575167";"Uehlfeld, M";"Gemeinden";"50,14";"49,82";"49,79"
"09575168";"Uffenheim, St";"Gemeinden";"67,32";"67,42";"67,13"
"09575179";"Weigenheim";"Gemeinden";"57,90";"57,75";"57,48"
"09575181";"Wilhelmsdorf";"Gemeinden";"50,96";"50,00";"49,87"
"09575451";"Osing";"Gemeinden";"79,56";"76,64";"76,64"
"09576111";"Abenberg, St";"Gemeinden";"44,68";"43,54";"43,46"
"09576113";"Allersberg, M";"Gemeinden";"38,34";"37,20";"37,12"
"09576117";"Büchenbach";"Gemeinden";"39,04";"38,26";"38,17"
"09576121";"Georgensgmünd";"Gemeinden";"30,75";"30,39";"29,81"
"09576122";"Greding, St";"Gemeinden";"54,43";"52,77";"52,48"
"09576126";"Heideck, St";"Gemeinden";"41,63";"41,25";"41,22"
"09576127";"Hilpoltstein, St";"Gemeinden";"50,80";"49,06";"49,12"
"09576128";"Kammerstein";"Gemeinden";"42,58";"41,77";"41,26"
"09576132";"Schwanstetten, M";"Gemeinden";"21,39";"20,56";"20,56"
"09576137";"Rednitzhembach";"Gemeinden";"30,51";"29,13";"29,13"
"09576141";"Röttenbach";"Gemeinden";"24,58";"23,71";"23,66"
"09576142";"Rohr";"Gemeinden";"51,15";"50,13";"50,04"
"09576143";"Roth, St";"Gemeinden";"18,45";"17,95";"17,71"
"09576147";"Spalt, St";"Gemeinden";"40,45";"39,07";"39,03"
"09576148";"Thalmässing, M";"Gemeinden";"57,91";"55,67";"55,61"
"09576151";"Wendelstein, M";"Gemeinden";"17,22";"17,00";"16,96"
"09576451";"Abenberger Wald";"Gemeinden";"0,34";"0,32";"0,32"
"09576452";"Dechenwald";"Gemeinden";"0,34";"0,00";"0,00"
"09576453";"Forst Kleinschwarzenlohe";"Gemeinden";"0,34";"0,29";"0,22"
"09576454";"Heidenberg";"Gemeinden";"0,34";"0,00";"0,00"
"09576455";"Soos";"Gemeinden";"0,34";"2,31";"2,31"
"09577111";"Absberg, M";"Gemeinden";"38,88";"38,15";"37,78"
"09577113";"Alesheim";"Gemeinden";"75,84";"75,50";"75,45"
"09577114";"Muhr a.See";"Gemeinden";"37,99";"37,44";"37,63"
"09577115";"Bergen";"Gemeinden";"58,94";"58,28";"58,58"
"09577120";"Burgsalach";"Gemeinden";"62,75";"62,64";"62,33"
"09577122";"Dittenheim";"Gemeinden";"74,97";"74,63";"74,57"
"09577125";"Ellingen, St";"Gemeinden";"66,85";"66,30";"66,08"
"09577127";"Ettenstatt";"Gemeinden";"70,52";"70,03";"69,97"
"09577133";"Gnotzheim, M";"Gemeinden";"69,53";"69,37";"69,29"
"09577136";"Gunzenhausen, St";"Gemeinden";"56,40";"55,72";"55,81"
"09577138";"Haundorf";"Gemeinden";"27,13";"26,82";"26,84"
"09577140";"Heidenheim, M";"Gemeinden";"46,94";"46,59";"46,54"
"09577141";"Höttingen";"Gemeinden";"60,90";"59,87";"58,41"
"09577148";"Langenaltheim";"Gemeinden";"39,58";"39,20";"39,09"
"09577149";"Markt Berolzheim, M";"Gemeinden";"46,43";"45,81";"45,95"
"09577150";"Meinheim";"Gemeinden";"61,83";"61,47";"60,92"
"09577151";"Nennslingen, M";"Gemeinden";"79,11";"78,61";"78,65"
"09577158";"Pappenheim, St";"Gemeinden";"35,79";"35,53";"35,21"
"09577159";"Pfofeld";"Gemeinden";"43,97";"43,63";"43,38"
"09577161";"Pleinfeld, M";"Gemeinden";"35,67";"35,36";"35,34"
"09577162";"Polsingen";"Gemeinden";"55,94";"55,67";"55,61"
"09577163";"Raitenbuch";"Gemeinden";"32,62";"32,38";"32,38"
"09577168";"Solnhofen";"Gemeinden";"24,34";"23,89";"22,49"
"09577172";"Theilenhofen";"Gemeinden";"74,52";"73,93";"73,49"
"09577173";"Treuchtlingen, St";"Gemeinden";"44,94";"44,63";"44,55"
"09577177";"Weißenburg i.Bay., GKSt";"Gemeinden";"46,16";"45,78";"45,84"
"09577179";"Westheim";"Gemeinden";"64,58";"64,12";"64,30"
"09661000";"Aschaffenburg";"Gemeinden";"21,44";"20,70";"20,43"
"09662000";"Schweinfurt";"Gemeinden";"20,28";"19,69";"19,66"
"09663000";"Würzburg";"Gemeinden";"26,59";"27,12";"26,97"
"09671111";"Alzenau, St";"Gemeinden";"25,58";"25,16";"25,08"
"09671112";"Bessenbach";"Gemeinden";"34,20";"32,83";"32,50"
"09671113";"Blankenbach";"Gemeinden";"51,26";"48,99";"48,74"
"09671114";"Karlstein a.Main";"Gemeinden";"27,39";"27,23";"27,07"
"09671119";"Geiselbach";"Gemeinden";"40,11";"39,31";"39,55"
"09671120";"Glattbach";"Gemeinden";"21,25";"20,40";"19,83"
"09671121";"Goldbach, M";"Gemeinden";"29,44";"28,53";"28,47"
"09671122";"Großostheim, M";"Gemeinden";"46,45";"45,66";"45,50"
"09671124";"Haibach";"Gemeinden";"32,24";"27,21";"27,07"
"09671126";"Heigenbrücken";"Gemeinden";"24,37";"25,71";"35,96"
"09671127";"Heimbuchenthal";"Gemeinden";"9,92";"7,93";"7,93"
"09671128";"Heinrichsthal";"Gemeinden";"63,05";"59,73";"61,95"
"09671130";"Hösbach, M";"Gemeinden";"41,69";"41,33";"41,27"
"09671133";"Johannesberg";"Gemeinden";"36,32";"32,43";"34,48"
"09671134";"Kahl a.Main";"Gemeinden";"6,77";"6,67";"6,77"
"09671135";"Kleinkahl";"Gemeinden";"38,05";"36,97";"36,90"
"09671136";"Kleinostheim";"Gemeinden";"25,34";"24,77";"24,48"
"09671138";"Krombach";"Gemeinden";"55,49";"52,39";"54,08"
"09671139";"Laufach";"Gemeinden";"30,13";"29,94";"29,74"
"09671140";"Mainaschaff";"Gemeinden";"15,48";"15,34";"15,34"
"09671141";"Mespelbrunn";"Gemeinden";"22,23";"20,68";"20,68"
"09671143";"Mömbris, M";"Gemeinden";"42,75";"40,27";"39,74"
"09671148";"Rothenbuch";"Gemeinden";"47,52";"47,80";"47,80"
"09671150";"Sailauf";"Gemeinden";"44,10";"40,48";"40,55"
"09671152";"Schöllkrippen, M";"Gemeinden";"65,74";"64,16";"64,16"
"09671153";"Sommerkahl";"Gemeinden";"56,78";"53,48";"53,48"
"09671155";"Stockstadt a.Main, M";"Gemeinden";"14,68";"12,24";"12,29"
"09671156";"Waldaschaff";"Gemeinden";"23,67";"20,79";"20,94"
"09671157";"Weibersbrunn";"Gemeinden";"37,63";"41,52";"42,21"
"09671159";"Westerngrund";"Gemeinden";"40,60";"39,13";"39,40"
"09671160";"Dammbach";"Gemeinden";"6,94";"9,49";"10,29"
"09671162";"Wiesen";"Gemeinden";"62,77";"57,45";"60,28"
"09671451";"Forst Hain i.Spessart";"Gemeinden";"0,27";"0,28";"0,28"
"09671453";"Heinrichsthaler Forst";"Gemeinden";"0,27";"0,00";"0,00"
"09671456";"Rohrbrunner Forst";"Gemeinden";"0,27";"0,33";"0,39"
"09671457";"Rothenbucher Forst";"Gemeinden";"0,27";"0,06";"0,06"
"09671458";"Sailaufer Forst";"Gemeinden";"0,27";"0,00";"0,00"
"09671459";"Schöllkrippener Forst";"Gemeinden";"0,27";"0,00";"0,00"
"09671460";"Waldaschaffer Forst";"Gemeinden";"0,27";"1,64";"1,64"
"09671461";"Wiesener Forst";"Gemeinden";"0,27";"0,00";"0,00"
"09672111";"Aura a.d.Saale";"Gemeinden";"29,60";"28,91";"28,91"
"09672112";"Bad Bocklet, M";"Gemeinden";"31,30";"30,64";"30,59"
"09672113";"Bad Brückenau, St";"Gemeinden";"22,14";"21,76";"21,59"
"09672114";"Bad Kissingen, GKSt";"Gemeinden";"26,74";"26,43";"26,42"
"09672117";"Burkardroth, M";"Gemeinden";"46,35";"45,48";"45,42"
"09672121";"Elfershausen, M";"Gemeinden";"36,88";"36,13";"36,22"
"09672122";"Euerdorf, M";"Gemeinden";"33,56";"32,64";"32,52"
"09672124";"Fuchsstadt";"Gemeinden";"35,36";"34,48";"34,21"
"09672126";"Geroda, M";"Gemeinden";"63,39";"63,27";"62,98"
"09672127";"Hammelburg, St";"Gemeinden";"32,67";"32,18";"32,07"
"09672131";"Maßbach, M";"Gemeinden";"52,34";"52,32";"50,75"
"09672134";"Motten";"Gemeinden";"39,37";"38,74";"38,70"
"09672135";"Münnerstadt, St";"Gemeinden";"43,13";"43,37";"43,29"
"09672136";"Nüdlingen";"Gemeinden";"35,91";"35,64";"35,57"
"09672138";"Oberleichtersbach";"Gemeinden";"64,97";"64,66";"64,44"
"09672139";"Oberthulba, M";"Gemeinden";"40,03";"39,82";"39,54"
"09672140";"Oerlenbach";"Gemeinden";"58,08";"57,78";"57,63"
"09672142";"Ramsthal";"Gemeinden";"43,47";"43,47";"41,65"
"09672143";"Rannungen";"Gemeinden";"51,27";"51,33";"51,38"
"09672145";"Riedenberg";"Gemeinden";"39,00";"38,62";"38,55"
"09672149";"Schondra, M";"Gemeinden";"57,58";"57,02";"56,88"
"09672155";"Sulzthal, M";"Gemeinden";"49,77";"48,57";"48,37"
"09672157";"Thundorf i.UFr.";"Gemeinden";"61,81";"61,55";"60,59"
"09672161";"Wartmannsroth";"Gemeinden";"53,51";"53,28";"53,11"
"09672163";"Wildflecken, M";"Gemeinden";"10,82";"10,34";"10,29"
"09672166";"Zeitlofs, M";"Gemeinden";"42,63";"42,09";"41,82"
"09672451";"Dreistelzer Forst";"Gemeinden";"0,21";"0,00";"0,00"
"09672454";"Forst Detter-Süd";"Gemeinden";"0,21";"0,09";"0,09"
"09672455";"Geiersnest-Ost";"Gemeinden";"0,21";"0,10";"0,10"
"09672456";"Geiersnest-West";"Gemeinden";"0,21";"0,41";"0,41"
"09672457";"Großer Auersberg";"Gemeinden";"0,21";"0,00";"0,00"
"09672458";"Kälberberg";"Gemeinden";"0,21";"0,43";"0,43"
"09672461";"Mottener Forst-Süd";"Gemeinden";"0,21";"0,00";"0,00"
"09672462";"Neuwirtshauser Forst";"Gemeinden";"0,21";"0,14";"0,14"
"09672463";"Omerz u. Roter Berg";"Gemeinden";"0,21";"1,08";"1,08"
"09672464";"Römershager Forst-Nord";"Gemeinden";"0,21";"0,62";"0,62"
"09672465";"Römershager Forst-Ost";"Gemeinden";"0,21";"0,00";"0,00"
"09672466";"Roßbacher Forst";"Gemeinden";"0,21";"0,14";"0,14"
"09672468";"Waldfensterer Forst";"Gemeinden";"0,21";"0,09";"0,09"
"09673113";"Aubstadt";"Gemeinden";"68,04";"67,95";"67,95"
"09673114";"Bad Neustadt a.d.Saale, St";"Gemeinden";"52,02";"51,38";"51,11"
"09673116";"Bastheim";"Gemeinden";"40,78";"40,51";"40,42"
"09673117";"Bischofsheim i.d.Rhön, St";"Gemeinden";"36,12";"36,59";"36,85"
"09673123";"Fladungen, St";"Gemeinden";"41,63";"41,67";"41,63"
"09673126";"Großbardorf";"Gemeinden";"69,11";"68,86";"68,80"
"09673127";"Großeibstadt";"Gemeinden";"71,59";"70,99";"71,05"
"09673129";"Hausen";"Gemeinden";"42,88";"42,59";"42,59"
"09673130";"Hendungen";"Gemeinden";"61,58";"61,58";"61,61"
"09673131";"Herbstadt";"Gemeinden";"71,50";"71,35";"71,40"
"09673133";"Heustreu";"Gemeinden";"66,10";"66,00";"65,62"
"09673134";"Höchheim";"Gemeinden";"63,50";"63,18";"63,30"
"09673135";"Hohenroth";"Gemeinden";"55,66";"55,54";"55,54"
"09673136";"Hollstadt";"Gemeinden";"60,99";"60,66";"60,04"
"09673141";"Bad Königshofen i.Grabfeld, St";"Gemeinden";"64,94";"64,55";"64,47"
"09673142";"Mellrichstadt, St";"Gemeinden";"59,87";"59,85";"59,40"
"09673146";"Niederlauer";"Gemeinden";"43,61";"43,28";"43,17"
"09673147";"Nordheim v.d.Rhön";"Gemeinden";"40,64";"40,40";"39,43"
"09673149";"Oberelsbach, M";"Gemeinden";"49,21";"49,14";"49,11"
"09673151";"Oberstreu";"Gemeinden";"55,39";"54,95";"54,24"
"09673153";"Ostheim v.d.Rhön, St";"Gemeinden";"42,77";"42,74";"42,69"
"09673156";"Rödelmaier";"Gemeinden";"70,70";"67,30";"67,30"
"09673160";"Saal a.d.Saale, M";"Gemeinden";"57,02";"56,65";"56,70"
"09673161";"Salz";"Gemeinden";"64,86";"64,39";"64,39"
"09673162";"Sandberg";"Gemeinden";"43,61";"43,58";"43,54"
"09673163";"Schönau a.d.Brend";"Gemeinden";"31,02";"30,96";"30,89"
"09673167";"Sondheim v.d.Rhön";"Gemeinden";"59,31";"59,15";"59,20"
"09673170";"Stockheim";"Gemeinden";"37,66";"37,05";"37,04"
"09673171";"Strahlungen";"Gemeinden";"51,15";"48,77";"48,55"
"09673172";"Sulzdorf a.d.Lederhecke";"Gemeinden";"51,49";"51,43";"50,83"
"09673173";"Sulzfeld";"Gemeinden";"53,42";"53,29";"53,24"
"09673174";"Trappstadt, M";"Gemeinden";"68,36";"68,17";"67,74"
"09673175";"Unsleben";"Gemeinden";"68,27";"68,16";"67,83"
"09673182";"Willmars";"Gemeinden";"41,13";"40,80";"40,80"
"09673183";"Wollbach";"Gemeinden";"62,80";"62,53";"61,48"
"09673184";"Wülfershausen a.d.Saale";"Gemeinden";"60,21";"59,51";"59,18"
"09673186";"Burglauer";"Gemeinden";"42,01";"41,65";"41,58"
"09673451";"Bundorfer Forst";"Gemeinden";"0,25";"0,50";"0,50"
"09673452";"Burgwallbacher Forst";"Gemeinden";"0,25";"0,19";"0,19"
"09673453";"Forst Schmalwasser-Nord";"Gemeinden";"0,25";"0,00";"0,00"
"09673454";"Forst Schmalwasser-Süd";"Gemeinden";"0,25";"0,00";"0,00"
"09673455";"Mellrichstadter Forst";"Gemeinden";"0,25";"1,45";"0,97"
"09673456";"Steinacher Forst r.d.Saale";"Gemeinden";"0,25";"0,05";"0,05"
"09673457";"Sulzfelder Forst";"Gemeinden";"0,25";"0,00";"0,00"
"09673458";"Weigler";"Gemeinden";"0,25";"0,00";"0,00"
"09674111";"Aidhausen";"Gemeinden";"62,28";"61,90";"62,06"
"09674118";"Breitbrunn";"Gemeinden";"52,58";"52,58";"52,98"
"09674120";"Bundorf";"Gemeinden";"48,99";"48,84";"48,05"
"09674121";"Burgpreppach, M";"Gemeinden";"38,98";"38,83";"38,57"
"09674129";"Ebelsbach";"Gemeinden";"40,82";"40,55";"40,82"
"09674130";"Ebern, St";"Gemeinden";"34,67";"34,55";"34,43"
"09674133";"Eltmann, St";"Gemeinden";"33,42";"33,18";"32,05"
"09674139";"Gädheim";"Gemeinden";"64,20";"64,09";"63,99"
"09674147";"Haßfurt, St";"Gemeinden";"53,74";"53,63";"53,55"
"09674149";"Hofheim i.UFr., St";"Gemeinden";"57,24";"57,08";"57,03"
"09674153";"Riedbach";"Gemeinden";"47,79";"47,95";"47,79"
"09674159";"Oberaurach";"Gemeinden";"37,14";"36,01";"35,98"
"09674160";"Kirchlauter";"Gemeinden";"52,10";"51,92";"51,92"
"09674163";"Knetzgau";"Gemeinden";"47,54";"47,52";"47,44"
"09674164";"Königsberg i.Bay., St";"Gemeinden";"52,41";"52,26";"51,97"
"09674171";"Maroldsweisach, M";"Gemeinden";"40,11";"40,19";"39,38"
"09674180";"Theres";"Gemeinden";"46,99";"46,64";"46,67"
"09674184";"Pfarrweisach";"Gemeinden";"54,13";"53,85";"53,50"
"09674187";"Rauhenebrach";"Gemeinden";"37,87";"37,92";"37,91"
"09674190";"Rentweinsdorf, M";"Gemeinden";"41,47";"41,27";"41,23"
"09674195";"Sand a.Main";"Gemeinden";"25,41";"25,35";"25,43"
"09674201";"Stettfeld";"Gemeinden";"34,71";"34,53";"34,26"
"09674210";"Untermerzbach";"Gemeinden";"57,05";"56,68";"56,72"
"09674219";"Wonfurt";"Gemeinden";"67,68";"67,11";"67,11"
"09674221";"Zeil a.Main, St";"Gemeinden";"34,66";"34,76";"33,64"
"09674223";"Ermershausen";"Gemeinden";"48,86";"48,75";"48,75"
"09675111";"Abtswind, M";"Gemeinden";"46,06";"45,75";"44,42"
"09675112";"Albertshofen";"Gemeinden";"45,53";"43,42";"43,68"
"09675113";"Biebelried";"Gemeinden";"77,25";"76,73";"76,55"
"09675114";"Buchbrunn";"Gemeinden";"80,96";"80,74";"80,53"
"09675116";"Castell";"Gemeinden";"40,36";"40,27";"40,14"
"09675117";"Dettelbach, St";"Gemeinden";"76,26";"75,80";"75,60"
"09675127";"Geiselwind, M";"Gemeinden";"44,29";"43,61";"43,36"
"09675131";"Großlangheim, M";"Gemeinden";"70,68";"70,55";"70,82"
"09675139";"Iphofen, St";"Gemeinden";"48,16";"47,69";"47,54"
"09675141";"Kitzingen, GKSt";"Gemeinden";"39,99";"39,46";"39,33"
"09675142";"Kleinlangheim, M";"Gemeinden";"67,99";"67,68";"67,10"
"09675144";"Mainbernheim, St";"Gemeinden";"60,03";"59,13";"58,80"
"09675146";"Mainstockheim";"Gemeinden";"65,38";"63,15";"62,21"
"09675147";"Marktbreit, St";"Gemeinden";"67,26";"66,77";"66,52"
"09675148";"Markt Einersheim, M";"Gemeinden";"64,74";"64,09";"63,45"
"09675149";"Marktsteft, St";"Gemeinden";"62,23";"61,75";"61,27"
"09675150";"Martinsheim";"Gemeinden";"78,95";"78,68";"76,96"
"09675155";"Nordheim a.Main";"Gemeinden";"69,43";"68,68";"68,49"
"09675156";"Obernbreit, M";"Gemeinden";"67,89";"67,78";"67,58"
"09675158";"Prichsenstadt, St";"Gemeinden";"57,99";"57,66";"57,54"
"09675161";"Rödelsee";"Gemeinden";"56,05";"55,53";"54,48"
"09675162";"Rüdenhausen, M";"Gemeinden";"73,69";"73,69";"71,95"
"09675165";"Schwarzach a.Main, M";"Gemeinden";"55,40";"54,05";"53,72"
"09675166";"Segnitz";"Gemeinden";"56,25";"55,88";"55,15"
"09675167";"Seinsheim, M";"Gemeinden";"73,27";"72,19";"72,13"
"09675169";"Sommerach";"Gemeinden";"59,96";"57,67";"57,67"
"09675170";"Sulzfeld a.Main";"Gemeinden";"52,73";"52,60";"52,47"
"09675174";"Volkach, St";"Gemeinden";"63,67";"63,45";"63,23"
"09675177";"Wiesenbronn";"Gemeinden";"67,55";"67,46";"67,36"
"09675178";"Wiesentheid, M";"Gemeinden";"43,93";"43,00";"43,18"
"09675179";"Willanzheim, M";"Gemeinden";"73,15";"73,07";"73,03"
"09676111";"Altenbuch";"Gemeinden";"5,39";"5,31";"5,29"
"09676112";"Amorbach, St";"Gemeinden";"21,16";"21,00";"21,02"
"09676116";"Bürgstadt, M";"Gemeinden";"22,96";"23,07";"23,01"
"09676117";"Collenberg";"Gemeinden";"17,42";"16,91";"16,95"
"09676118";"Dorfprozelten";"Gemeinden";"15,00";"15,09";"15,09"
"09676119";"Eichenbühl";"Gemeinden";"39,32";"38,39";"38,39"
"09676121";"Elsenfeld, M";"Gemeinden";"32,42";"32,44";"31,95"
"09676122";"Erlenbach a.Main, St";"Gemeinden";"28,51";"28,51";"28,39"
"09676123";"Eschau, M";"Gemeinden";"28,60";"28,63";"28,44"
"09676124";"Faulbach";"Gemeinden";"34,12";"33,76";"33,39"
"09676125";"Großheubach, M";"Gemeinden";"37,04";"36,72";"36,72"
"09676126";"Großwallstadt";"Gemeinden";"33,31";"32,95";"32,52"
"09676128";"Hausen";"Gemeinden";"39,75";"39,50";"39,50"
"09676131";"Kirchzell, M";"Gemeinden";"19,38";"19,21";"19,15"
"09676132";"Kleinheubach, M";"Gemeinden";"18,44";"17,81";"17,81"
"09676133";"Kleinwallstadt, M";"Gemeinden";"30,34";"30,34";"29,51"
"09676134";"Klingenberg a.Main, St";"Gemeinden";"19,65";"19,64";"19,69"
"09676135";"Laudenbach";"Gemeinden";"17,61";"17,00";"17,00"
"09676136";"Leidersbach";"Gemeinden";"42,94";"42,79";"42,34"
"09676139";"Miltenberg, St";"Gemeinden";"24,53";"24,23";"24,20"
"09676140";"Mömlingen";"Gemeinden";"43,14";"42,87";"42,60"
"09676141";"Mönchberg, M";"Gemeinden";"38,84";"39,01";"39,01"
"09676143";"Neunkirchen";"Gemeinden";"65,50";"65,44";"65,26"
"09676144";"Niedernberg";"Gemeinden";"40,19";"40,26";"40,58"
"09676145";"Obernburg a.Main, St";"Gemeinden";"29,57";"29,65";"29,41"
"09676151";"Röllbach";"Gemeinden";"47,70";"47,78";"47,86"
"09676153";"Rüdenau";"Gemeinden";"15,25";"15,00";"15,00"
"09676156";"Schneeberg, M";"Gemeinden";"24,47";"23,87";"23,75"
"09676158";"Stadtprozelten, St";"Gemeinden";"14,72";"14,63";"14,54"
"09676160";"Sulzbach a.Main, M";"Gemeinden";"27,65";"27,25";"27,09"
"09676165";"Weilbach, M";"Gemeinden";"18,01";"17,20";"17,28"
"09676169";"Wörth a.Main, St";"Gemeinden";"21,03";"19,58";"19,58"
"09676452";"Forstwald";"Gemeinden";"0,11";"0,00";"0,00"
"09676455";"Hohe Wart";"Gemeinden";"0,11";"0,00";"0,00"
"09677114";"Arnstein, St";"Gemeinden";"62,40";"62,25";"61,97"
"09677116";"Aura i.Sinngrund";"Gemeinden";"29,00";"28,09";"27,84"
"09677119";"Birkenfeld";"Gemeinden";"61,17";"61,06";"61,03"
"09677120";"Bischbrunn";"Gemeinden";"17,13";"16,72";"16,56"
"09677122";"Burgsinn, M";"Gemeinden";"9,45";"9,63";"9,73"
"09677125";"Erlenbach b.Marktheidenfeld";"Gemeinden";"54,08";"53,89";"53,69"
"09677126";"Esselbach";"Gemeinden";"46,61";"46,44";"46,52"
"09677127";"Eußenheim";"Gemeinden";"48,75";"48,24";"48,17"
"09677128";"Fellen";"Gemeinden";"9,29";"9,11";"9,00"
"09677129";"Frammersbach, M";"Gemeinden";"29,96";"33,40";"33,51"
"09677131";"Gemünden a.Main, St";"Gemeinden";"24,69";"24,41";"24,42"
"09677132";"Gössenheim";"Gemeinden";"53,91";"53,65";"53,48"
"09677133";"Gräfendorf";"Gemeinden";"23,20";"23,07";"23,05"
"09677135";"Hafenlohr";"Gemeinden";"29,66";"28,24";"28,51"
"09677137";"Hasloch";"Gemeinden";"22,93";"22,25";"22,25"
"09677142";"Himmelstadt";"Gemeinden";"37,29";"37,06";"36,99"
"09677146";"Karbach, M";"Gemeinden";"50,17";"49,79";"49,96"
"09677148";"Karlstadt, St";"Gemeinden";"48,05";"47,63";"47,52"
"09677149";"Karsbach";"Gemeinden";"52,29";"52,22";"52,12"
"09677151";"Kreuzwertheim, M";"Gemeinden";"33,48";"33,37";"33,32"
"09677154";"Triefenstein, M";"Gemeinden";"44,48";"44,84";"44,60"
"09677155";"Lohr a.Main, St";"Gemeinden";"13,37";"13,25";"13,25"
"09677157";"Marktheidenfeld, St";"Gemeinden";"43,39";"41,76";"41,68"
"09677159";"Mittelsinn";"Gemeinden";"35,13";"35,27";"35,41"
"09677164";"Neuendorf";"Gemeinden";"9,23";"9,13";"9,02"
"09677165";"Neuhütten";"Gemeinden";"44,71";"43,70";"43,36"
"09677166";"Neustadt a.Main";"Gemeinden";"7,47";"7,32";"7,27"
"09677169";"Obersinn, M";"Gemeinden";"34,56";"33,96";"33,79"
"09677170";"Partenstein";"Gemeinden";"19,71";"19,52";"19,71"
"09677172";"Rechtenbach";"Gemeinden";"19,09";"18,96";"18,82"
"09677175";"Retzstadt";"Gemeinden";"62,67";"62,06";"61,95"
"09677177";"Rieneck, St";"Gemeinden";"8,40";"7,94";"7,83"
"09677178";"Roden";"Gemeinden";"47,83";"47,68";"47,68"
"09677181";"Rothenfels, St";"Gemeinden";"25,10";"24,69";"24,44"
"09677182";"Schollbrunn";"Gemeinden";"18,94";"19,02";"18,94"
"09677186";"Steinfeld";"Gemeinden";"51,53";"51,29";"51,29"
"09677189";"Thüngen, M";"Gemeinden";"51,84";"51,47";"49,78"
"09677193";"Urspringen";"Gemeinden";"59,09";"58,87";"58,81"
"09677200";"Wiesthal";"Gemeinden";"31,71";"31,28";"31,28"
"09677203";"Zellingen, M";"Gemeinden";"46,07";"45,73";"45,51"
"09677452";"Burgjoß";"Gemeinden";"0,22";"0,17";"0,22"
"09677453";"Forst Aura";"Gemeinden";"0,22";"0,17";"0,17"
"09677454";"Forst Lohrerstraße";"Gemeinden";"0,22";"0,14";"0,14"
"09677455";"Frammersbacher Forst";"Gemeinden";"0,22";"0,24";"0,24"
"09677456";"Fürstl. Löwenstein'scher Park";"Gemeinden";"0,22";"0,39";"0,39"
"09677457";"Haurain";"Gemeinden";"0,22";"0,00";"0,00"
"09677458";"Herrnwald";"Gemeinden";"0,22";"0,00";"0,00"
"09677459";"Langenprozeltener Forst";"Gemeinden";"0,22";"0,12";"0,12"
"09677461";"Partensteiner Forst";"Gemeinden";"0,22";"0,83";"0,83"
"09677463";"Ruppertshüttener Forst";"Gemeinden";"0,22";"0,23";"0,23"
"09678115";"Bergrheinfeld";"Gemeinden";"61,58";"60,17";"60,22"
"09678122";"Dingolshausen";"Gemeinden";"78,59";"78,59";"78,69"
"09678123";"Dittelbrunn";"Gemeinden";"51,34";"51,26";"50,59"
"09678124";"Donnersdorf";"Gemeinden";"65,33";"65,00";"65,04"
"09678128";"Euerbach";"Gemeinden";"67,30";"66,90";"66,90"
"09678130";"Frankenwinheim";"Gemeinden";"78,95";"78,55";"78,48"
"09678132";"Geldersheim";"Gemeinden";"66,58";"66,58";"66,58"
"09678134";"Gerolzhofen, St";"Gemeinden";"65,09";"64,93";"64,11"
"09678135";"Gochsheim";"Gemeinden";"55,20";"54,14";"53,85"
"09678136";"Grafenrheinfeld";"Gemeinden";"43,00";"42,82";"42,73"
"09678138";"Grettstadt";"Gemeinden";"58,92";"58,66";"58,77"
"09678150";"Kolitzheim";"Gemeinden";"76,95";"76,75";"76,09"
"09678153";"Lülsfeld";"Gemeinden";"78,93";"78,57";"78,57"
"09678157";"Michelau i.Steigerwald";"Gemeinden";"64,76";"64,48";"64,41"
"09678160";"Niederwerrn";"Gemeinden";"63,19";"63,09";"62,68"
"09678164";"Oberschwarzach, M";"Gemeinden";"63,94";"63,78";"63,78"
"09678168";"Poppenhausen";"Gemeinden";"58,92";"58,77";"58,69"
"09678170";"Röthlein";"Gemeinden";"53,67";"52,62";"52,31"
"09678174";"Schonungen";"Gemeinden";"41,58";"41,48";"41,48"
"09678175";"Schwanfeld";"Gemeinden";"71,64";"71,56";"71,48"
"09678176";"Schwebheim";"Gemeinden";"44,94";"44,69";"44,69"
"09678178";"Sennfeld";"Gemeinden";"48,57";"47,28";"46,99"
"09678181";"Stadtlauringen, M";"Gemeinden";"64,64";"64,61";"64,53"
"09678183";"Sulzheim";"Gemeinden";"70,39";"69,98";"69,60"
"09678186";"Üchtelhausen";"Gemeinden";"39,50";"40,18";"40,18"
"09678190";"Waigolshausen";"Gemeinden";"78,45";"78,20";"77,98"
"09678192";"Wasserlosen";"Gemeinden";"58,44";"58,27";"58,21"
"09678193";"Werneck, M";"Gemeinden";"70,93";"70,44";"70,37"
"09678196";"Wipfeld";"Gemeinden";"61,57";"61,57";"61,57"
"09678451";"Bürgerwald";"Gemeinden";"0,42";"1,25";"1,25"
"09678452";"Geiersberg";"Gemeinden";"0,42";"0,00";"0,00"
"09678453";"Hundelshausen";"Gemeinden";"0,42";"0,18";"0,18"
"09678454";"Nonnenkloster";"Gemeinden";"0,42";"0,82";"0,82"
"09678455";"Stollbergerforst";"Gemeinden";"0,42";"0,71";"0,71"
"09678456";"Vollburg";"Gemeinden";"0,42";"0,00";"0,00"
"09678457";"Wustvieler Forst";"Gemeinden";"0,42";"0,58";"0,58"
"09679114";"Aub, St";"Gemeinden";"73,89";"73,09";"73,09"
"09679117";"Bergtheim";"Gemeinden";"78,17";"77,72";"77,76"
"09679118";"Bieberehren";"Gemeinden";"67,61";"67,07";"67,00"
"09679122";"Bütthard, M";"Gemeinden";"75,87";"75,81";"75,79"
"09679124";"Eibelstadt, St";"Gemeinden";"44,13";"42,86";"42,86"
"09679126";"Eisingen";"Gemeinden";"58,65";"59,02";"58,91"
"09679128";"Erlabrunn";"Gemeinden";"43,64";"43,39";"43,89"
"09679130";"Estenfeld";"Gemeinden";"63,65";"63,10";"63,04"
"09679131";"Frickenhausen a.Main, M";"Gemeinden";"54,31";"54,60";"54,69"
"09679134";"Gaukönigshofen";"Gemeinden";"86,68";"86,56";"86,56"
"09679135";"Gelchsheim, M";"Gemeinden";"85,08";"84,95";"84,95"
"09679136";"Gerbrunn";"Gemeinden";"45,97";"45,97";"45,97"
"09679137";"Geroldshausen";"Gemeinden";"77,29";"76,52";"76,52"
"09679138";"Giebelstadt, M";"Gemeinden";"81,54";"81,37";"81,27"
"09679141";"Greußenheim";"Gemeinden";"57,53";"57,42";"57,47"
"09679142";"Güntersleben";"Gemeinden";"54,49";"55,30";"54,99"
"09679143";"Hausen b.Würzburg";"Gemeinden";"69,29";"68,61";"68,61"
"09679144";"Helmstadt, M";"Gemeinden";"57,70";"57,32";"57,28"
"09679146";"Hettstadt";"Gemeinden";"68,89";"68,46";"68,53"
"09679147";"Höchberg, M";"Gemeinden";"38,54";"38,15";"38,01"
"09679149";"Holzkirchen";"Gemeinden";"47,15";"46,44";"46,56"
"09679153";"Kirchheim";"Gemeinden";"65,81";"64,23";"64,17"
"09679154";"Kist";"Gemeinden";"57,51";"56,99";"56,99"
"09679155";"Kleinrinderfeld";"Gemeinden";"73,13";"72,74";"72,74"
"09679156";"Kürnach";"Gemeinden";"60,42";"59,93";"59,77"
"09679161";"Margetshöchheim";"Gemeinden";"46,93";"46,48";"46,63"
"09679164";"Neubrunn, M";"Gemeinden";"54,37";"54,67";"54,97"
"09679165";"Altertheim";"Gemeinden";"65,63";"66,08";"65,71"
"09679167";"Eisenheim, M";"Gemeinden";"62,37";"62,28";"62,28"
"09679169";"Oberpleichfeld";"Gemeinden";"86,71";"86,59";"86,59"
"09679170";"Ochsenfurt, St";"Gemeinden";"69,10";"69,75";"69,55"
"09679174";"Prosselsheim";"Gemeinden";"78,98";"78,88";"78,83"
"09679175";"Randersacker, M";"Gemeinden";"57,87";"57,87";"57,81"
"09679176";"Reichenberg, M";"Gemeinden";"70,34";"70,02";"69,68"
"09679177";"Remlingen, M";"Gemeinden";"59,71";"59,66";"59,71"
"09679179";"Riedenheim";"Gemeinden";"58,98";"59,02";"58,98"
"09679180";"Rimpar, M";"Gemeinden";"50,04";"49,93";"49,68"
"09679182";"Röttingen, St";"Gemeinden";"55,49";"55,68";"55,60"
"09679185";"Rottendorf";"Gemeinden";"63,52";"62,78";"62,78"
"09679187";"Sommerhausen, M";"Gemeinden";"53,95";"53,81";"53,68"
"09679188";"Sonderhofen";"Gemeinden";"90,21";"90,11";"90,11"
"09679192";"Tauberrettersheim";"Gemeinden";"63,79";"63,67";"64,37"
"09679193";"Theilheim";"Gemeinden";"68,83";"68,52";"68,52"
"09679194";"Thüngersheim";"Gemeinden";"42,41";"42,04";"42,22"
"09679196";"Uettingen";"Gemeinden";"50,37";"49,93";"49,93"
"09679200";"Leinach";"Gemeinden";"54,02";"54,59";"54,91"
"09679201";"Unterpleichfeld";"Gemeinden";"76,51";"76,18";"76,18"
"09679202";"Veitshöchheim";"Gemeinden";"31,04";"30,11";"29,93"
"09679204";"Waldbrunn";"Gemeinden";"64,50";"62,84";"62,54"
"09679205";"Waldbüttelbrunn";"Gemeinden";"55,79";"55,69";"55,58"
"09679206";"Winterhausen, M";"Gemeinden";"52,69";"53,38";"50,06"
"09679209";"Zell a.Main, M";"Gemeinden";"33,77";"33,37";"33,37"
"09679451";"Gramschatzer Wald";"Gemeinden";"0,51";"0,63";"0,67"
"09679452";"Guttenberger Wald";"Gemeinden";"0,51";"0,72";"0,72"
"09679453";"Irtenberger Wald";"Gemeinden";"0,51";"0,07";"0,07"
"09761000";"Augsburg";"Gemeinden";"25,67";"25,29";"25,89"
"09762000";"Kaufbeuren";"Gemeinden";"33,48";"33,01";"32,81"
"09763000";"Kempten (Allgäu)";"Gemeinden";"50,73";"49,97";"49,70"
"09764000";"Memmingen";"Gemeinden";"46,76";"46,06";"45,89"
"09771111";"Adelzhausen";"Gemeinden";"64,15";"63,89";"63,62"
"09771112";"Affing";"Gemeinden";"66,31";"66,00";"65,95"
"09771113";"Aichach, St";"Gemeinden";"50,46";"50,17";"49,79"
"09771114";"Aindling, M";"Gemeinden";"58,70";"58,29";"58,19"
"09771122";"Dasing";"Gemeinden";"64,44";"64,66";"64,19"
"09771129";"Eurasburg";"Gemeinden";"31,33";"30,87";"30,83"
"09771130";"Friedberg, St";"Gemeinden";"55,70";"55,31";"55,29"
"09771140";"Hollenbach";"Gemeinden";"64,78";"63,97";"63,74"
"09771141";"Inchenhofen, M";"Gemeinden";"73,86";"73,71";"73,64"
"09771142";"Kissing";"Gemeinden";"54,97";"54,71";"54,71"
"09771144";"Kühbach, M";"Gemeinden";"59,12";"58,61";"58,53"
"09771145";"Merching";"Gemeinden";"78,01";"77,57";"77,29"
"09771146";"Mering, M";"Gemeinden";"59,93";"59,08";"59,00"
"09771149";"Obergriesbach";"Gemeinden";"48,40";"47,91";"47,72"
"09771155";"Petersdorf";"Gemeinden";"55,21";"55,11";"54,90"
"09771156";"Pöttmes, M";"Gemeinden";"57,79";"57,57";"57,33"
"09771158";"Rehling";"Gemeinden";"68,57";"68,23";"68,23"
"09771160";"Ried";"Gemeinden";"69,43";"69,22";"68,85"
"09771162";"Schiltberg";"Gemeinden";"54,10";"53,56";"53,59"
"09771163";"Schmiechen";"Gemeinden";"73,26";"72,59";"72,44"
"09771165";"Sielenbach";"Gemeinden";"72,25";"72,09";"71,13"
"09771168";"Steindorf";"Gemeinden";"69,63";"68,89";"68,77"
"09771169";"Todtenweis";"Gemeinden";"62,02";"61,63";"61,33"
"09771176";"Baar (Schwaben)";"Gemeinden";"46,33";"45,80";"45,74"
"09772111";"Adelsried";"Gemeinden";"42,68";"42,27";"42,06"
"09772114";"Allmannshofen";"Gemeinden";"57,46";"57,56";"58,04"
"09772115";"Altenmünster";"Gemeinden";"41,97";"41,29";"41,22"
"09772117";"Aystetten";"Gemeinden";"8,18";"8,29";"8,29"
"09772121";"Biberbach, M";"Gemeinden";"44,60";"44,63";"44,60"
"09772125";"Bobingen, St";"Gemeinden";"38,25";"38,18";"38,00"
"09772126";"Bonstetten";"Gemeinden";"29,78";"29,19";"29,04"
"09772130";"Diedorf, M";"Gemeinden";"36,68";"36,69";"36,72"
"09772131";"Dinkelscherben, M";"Gemeinden";"56,88";"56,72";"56,68"
"09772134";"Ehingen";"Gemeinden";"71,61";"71,19";"71,09"
"09772136";"Ellgau";"Gemeinden";"73,62";"73,69";"73,47"
"09772137";"Emersacker";"Gemeinden";"19,07";"18,81";"18,90"
"09772141";"Fischach, M";"Gemeinden";"44,08";"44,05";"44,15"
"09772145";"Gablingen";"Gemeinden";"46,27";"46,39";"46,39"
"09772147";"Gersthofen, St";"Gemeinden";"30,73";"30,73";"30,96"
"09772148";"Gessertshausen";"Gemeinden";"35,28";"35,24";"35,33"
"09772149";"Graben";"Gemeinden";"54,64";"54,50";"54,50"
"09772151";"Großaitingen";"Gemeinden";"46,09";"46,07";"45,97"
"09772156";"Heretsried";"Gemeinden";"31,50";"31,39";"31,39"
"09772157";"Hiltenfingen";"Gemeinden";"77,04";"76,77";"76,70"
"09772159";"Horgau";"Gemeinden";"43,97";"43,79";"43,63"
"09772160";"Kleinaitingen";"Gemeinden";"60,03";"59,90";"60,47"
"09772162";"Klosterlechfeld";"Gemeinden";"36,86";"35,59";"34,75"
"09772163";"Königsbrunn, St";"Gemeinden";"45,16";"44,95";"45,24"
"09772166";"Kühlenthal";"Gemeinden";"61,15";"61,01";"61,43"
"09772167";"Kutzenhausen";"Gemeinden";"57,06";"56,77";"56,77"
"09772168";"Langenneufnach";"Gemeinden";"50,94";"50,51";"50,35"
"09772170";"Langerringen";"Gemeinden";"83,68";"83,66";"83,75"
"09772171";"Langweid a.Lech";"Gemeinden";"46,96";"46,58";"46,35"
"09772177";"Meitingen, M";"Gemeinden";"56,01";"55,41";"55,44"
"09772178";"Mickhausen";"Gemeinden";"51,83";"52,14";"52,20"
"09772179";"Mittelneufnach";"Gemeinden";"45,63";"45,45";"45,39"
"09772184";"Neusäß, St";"Gemeinden";"40,92";"41,04";"41,59"
"09772185";"Nordendorf";"Gemeinden";"60,51";"60,11";"59,97"
"09772186";"Oberottmarshausen";"Gemeinden";"62,21";"60,70";"61,28"
"09772197";"Scherstetten";"Gemeinden";"50,06";"50,06";"50,00"
"09772200";"Schwabmünchen, St";"Gemeinden";"58,07";"57,59";"57,59"
"09772202";"Stadtbergen, St";"Gemeinden";"20,97";"20,97";"21,32"
"09772207";"Thierhaupten, M";"Gemeinden";"53,13";"52,51";"52,54"
"09772209";"Untermeitingen";"Gemeinden";"67,60";"67,54";"67,48"
"09772211";"Ustersbach";"Gemeinden";"61,55";"61,55";"61,73"
"09772214";"Walkertshofen";"Gemeinden";"44,58";"44,74";"44,58"
"09772215";"Wehringen";"Gemeinden";"69,95";"70,16";"70,16"
"09772216";"Welden, M";"Gemeinden";"32,37";"31,76";"31,76"
"09772217";"Westendorf";"Gemeinden";"72,47";"72,47";"72,31"
"09772223";"Zusmarshausen, M";"Gemeinden";"32,96";"33,03";"32,93"
"09772451";"Schmellerforst";"Gemeinden";"0,00";"0,00";"0,00"
"09773111";"Aislingen, M";"Gemeinden";"71,32";"69,92";"70,18"
"09773112";"Bachhagel";"Gemeinden";"76,46";"76,14";"76,14"
"09773113";"Bächingen a.d.Brenz";"Gemeinden";"76,87";"76,05";"76,33"
"09773116";"Binswangen";"Gemeinden";"66,75";"66,16";"66,08"
"09773117";"Bissingen, M";"Gemeinden";"55,36";"55,20";"55,75"
"09773119";"Blindheim";"Gemeinden";"55,57";"55,19";"55,08"
"09773122";"Buttenwiesen";"Gemeinden";"71,02";"70,97";"70,79"
"09773125";"Dillingen a.d.Donau, GKSt";"Gemeinden";"61,94";"61,64";"61,71"
"09773133";"Glött";"Gemeinden";"66,24";"66,33";"66,33"
"09773136";"Gundelfingen a.d.Donau, St";"Gemeinden";"50,11";"50,13";"49,67"
"09773137";"Haunsheim";"Gemeinden";"55,14";"55,36";"55,42"
"09773139";"Höchstädt a.d.Donau, St";"Gemeinden";"59,41";"58,99";"59,01"
"09773140";"Holzheim";"Gemeinden";"54,63";"54,21";"54,06"
"09773143";"Laugna";"Gemeinden";"45,69";"45,58";"45,50"
"09773144";"Lauingen (Donau), St";"Gemeinden";"58,44";"57,83";"57,92"
"09773146";"Lutzingen";"Gemeinden";"38,89";"38,85";"38,77"
"09773147";"Mödingen";"Gemeinden";"67,91";"67,95";"67,95"
"09773150";"Finningen";"Gemeinden";"50,04";"49,75";"49,82"
"09773153";"Medlingen";"Gemeinden";"56,64";"56,82";"56,47"
"09773164";"Schwenningen";"Gemeinden";"66,83";"66,75";"66,75"
"09773170";"Syrgenstein";"Gemeinden";"46,15";"45,91";"45,91"
"09773179";"Villenbach";"Gemeinden";"73,65";"73,48";"73,26"
"09773182";"Wertingen, St";"Gemeinden";"65,46";"65,07";"65,03"
"09773183";"Wittislingen, M";"Gemeinden";"72,66";"72,60";"72,37"
"09773186";"Ziertheim";"Gemeinden";"67,13";"67,76";"67,80"
"09773187";"Zöschingen";"Gemeinden";"31,17";"30,96";"30,96"
"09773188";"Zusamaltheim";"Gemeinden";"64,64";"64,25";"64,14"
"09774111";"Aletshausen";"Gemeinden";"59,15";"58,30";"58,36"
"09774115";"Balzhausen";"Gemeinden";"69,92";"69,58";"69,79"
"09774116";"Ursberg";"Gemeinden";"56,57";"55,43";"55,55"
"09774117";"Breitenthal";"Gemeinden";"69,86";"69,86";"69,63"
"09774118";"Bubesheim";"Gemeinden";"52,71";"52,71";"51,80"
"09774119";"Bibertal";"Gemeinden";"67,88";"66,85";"67,11"
"09774121";"Burgau, St";"Gemeinden";"53,24";"52,58";"52,31"
"09774122";"Burtenbach, M";"Gemeinden";"43,97";"41,31";"41,31"
"09774124";"Deisenhausen";"Gemeinden";"63,92";"64,18";"62,64"
"09774127";"Dürrlauingen";"Gemeinden";"70,91";"70,42";"70,26"
"09774129";"Ebershausen";"Gemeinden";"71,40";"69,64";"69,64"
"09774133";"Ellzee";"Gemeinden";"76,10";"75,42";"75,56"
"09774135";"Günzburg, GKSt";"Gemeinden";"49,15";"48,88";"48,63"
"09774136";"Gundremmingen";"Gemeinden";"53,51";"50,28";"50,74"
"09774140";"Haldenwang";"Gemeinden";"56,64";"56,03";"55,92"
"09774143";"Ichenhausen, St";"Gemeinden";"55,33";"54,98";"54,92"
"09774144";"Jettingen-Scheppach, M";"Gemeinden";"41,56";"41,13";"41,15"
"09774145";"Kammeltal";"Gemeinden";"43,53";"43,29";"43,29"
"09774148";"Kötz";"Gemeinden";"67,51";"67,46";"67,51"
"09774150";"Krumbach (Schwaben), St";"Gemeinden";"36,25";"35,26";"35,08"
"09774151";"Landensberg";"Gemeinden";"45,03";"45,09";"44,96"
"09774155";"Leipheim, St";"Gemeinden";"43,51";"42,79";"42,75"
"09774160";"Münsterhausen, M";"Gemeinden";"58,91";"58,31";"58,26"
"09774162";"Neuburg a.d.Kammel, M";"Gemeinden";"45,96";"45,83";"45,36"
"09774166";"Aichen";"Gemeinden";"57,09";"55,73";"55,39"
"09774171";"Offingen, M";"Gemeinden";"38,90";"36,08";"35,81"
"09774174";"Rettenbach";"Gemeinden";"68,29";"67,50";"67,50"
"09774178";"Röfingen";"Gemeinden";"73,11";"70,54";"70,39"
"09774185";"Thannhausen, St";"Gemeinden";"43,83";"42,09";"41,54"
"09774189";"Wiesenbach";"Gemeinden";"77,87";"77,79";"77,35"
"09774191";"Waldstetten, M";"Gemeinden";"70,26";"68,73";"68,64"
"09774192";"Waltenhausen";"Gemeinden";"53,76";"53,24";"53,24"
"09774196";"Winterbach";"Gemeinden";"42,41";"42,28";"41,67"
"09774198";"Ziemetshausen, M";"Gemeinden";"39,84";"39,19";"38,98"
"09774451";"Ebershauser-Nattenhauser Wald";"Gemeinden";"0,00";"0,00";"0,00"
"09774452";"Winzerwald";"Gemeinden";"0,00";"0,00";"0,00"
"09775111";"Altenstadt, M";"Gemeinden";"42,65";"41,31";"40,73"
"09775115";"Bellenberg";"Gemeinden";"47,46";"44,73";"44,34"
"09775118";"Buch, M";"Gemeinden";"56,67";"55,12";"55,07"
"09775126";"Holzheim";"Gemeinden";"70,26";"69,61";"69,47"
"09775129";"Illertissen, St";"Gemeinden";"55,62";"54,25";"53,89"
"09775132";"Kellmünz a.d.Iller, M";"Gemeinden";"27,82";"27,23";"27,11"
"09775134";"Nersingen";"Gemeinden";"45,26";"43,37";"43,12"
"09775135";"Neu-Ulm, GKSt";"Gemeinden";"49,09";"47,77";"47,78"
"09775139";"Elchingen";"Gemeinden";"46,32";"46,10";"46,10"
"09775141";"Oberroth";"Gemeinden";"61,67";"59,86";"59,76"
"09775142";"Osterberg";"Gemeinden";"52,65";"51,34";"51,27"
"09775143";"Pfaffenhofen a.d.Roth, M";"Gemeinden";"68,42";"68,06";"68,02"
"09775149";"Roggenburg";"Gemeinden";"66,17";"66,06";"66,02"
"09775152";"Senden, St";"Gemeinden";"42,48";"41,29";"41,06"
"09775161";"Unterroth";"Gemeinden";"43,01";"41,33";"41,07"
"09775162";"Vöhringen, St";"Gemeinden";"39,59";"38,79";"38,67"
"09775164";"Weißenhorn, St";"Gemeinden";"53,85";"52,83";"52,70"
"09775451";"Auwald";"Gemeinden";"0,62";"4,76";"4,76"
"09775452";"Oberroggenburger Wald";"Gemeinden";"0,62";"0,16";"0,16"
"09775454";"Stoffenrieder Forst";"Gemeinden";"0,62";"0,00";"0,00"
"09775455";"Unterroggenburger Wald";"Gemeinden";"0,62";"0,00";"0,00"
"09776111";"Bodolz";"Gemeinden";"56,11";"55,78";"55,78"
"09776112";"Gestratz";"Gemeinden";"64,30";"64,10";"64,10"
"09776113";"Grünenbach";"Gemeinden";"52,47";"52,51";"52,55"
"09776114";"Heimenkirch, M";"Gemeinden";"59,32";"59,42";"59,32"
"09776115";"Hergensweiler";"Gemeinden";"59,72";"59,55";"59,47"
"09776116";"Lindau (Bodensee), GKSt";"Gemeinden";"46,52";"46,31";"46,25"
"09776117";"Lindenberg i.Allgäu, St";"Gemeinden";"42,40";"42,15";"41,98"
"09776118";"Maierhöfen";"Gemeinden";"59,68";"59,56";"59,45"
"09776120";"Nonnenhorn";"Gemeinden";"50,25";"49,75";"49,75"
"09776121";"Oberreute";"Gemeinden";"62,17";"62,02";"61,80"
"09776122";"Opfenbach";"Gemeinden";"58,80";"59,15";"59,09"
"09776124";"Röthenbach (Allgäu)";"Gemeinden";"62,99";"62,99";"63,05"
"09776125";"Scheidegg, M";"Gemeinden";"50,37";"50,18";"50,11"
"09776126";"Sigmarszell";"Gemeinden";"51,31";"51,38";"51,31"
"09776127";"Stiefenhofen";"Gemeinden";"66,01";"65,94";"66,11"
"09776128";"Wasserburg (Bodensee)";"Gemeinden";"59,08";"58,77";"58,61"
"09776129";"Weiler-Simmerberg, M";"Gemeinden";"55,03";"54,74";"54,77"
"09776130";"Weißensberg";"Gemeinden";"44,90";"44,77";"44,90"
"09776131";"Hergatz";"Gemeinden";"66,31";"66,15";"66,05"
"09777111";"Aitrang";"Gemeinden";"71,82";"71,49";"71,40"
"09777112";"Biessenhofen";"Gemeinden";"54,46";"53,78";"53,56"
"09777114";"Baisweil";"Gemeinden";"63,31";"62,70";"62,31"
"09777118";"Bidingen";"Gemeinden";"59,76";"59,57";"59,52"
"09777121";"Buchloe, St";"Gemeinden";"63,71";"62,60";"62,24"
"09777124";"Eggenthal";"Gemeinden";"62,30";"61,91";"61,63"
"09777125";"Eisenberg";"Gemeinden";"69,73";"69,37";"69,37"
"09777128";"Friesenried";"Gemeinden";"60,38";"59,93";"59,84"
"09777129";"Füssen, St";"Gemeinden";"37,28";"36,48";"36,21"
"09777130";"Germaringen";"Gemeinden";"70,85";"70,19";"70,06"
"09777131";"Görisried";"Gemeinden";"55,49";"55,01";"54,93"
"09777135";"Hopferau";"Gemeinden";"81,06";"79,32";"79,32"
"09777138";"Günzach";"Gemeinden";"68,23";"68,00";"67,92"
"09777139";"Irsee, M";"Gemeinden";"48,39";"47,99";"47,94"
"09777140";"Jengen";"Gemeinden";"70,07";"69,47";"69,35"
"09777141";"Kaltental, M";"Gemeinden";"65,91";"64,88";"65,28"
"09777144";"Kraftisried";"Gemeinden";"62,19";"61,64";"61,58"
"09777145";"Lamerdingen";"Gemeinden";"78,60";"78,31";"78,28"
"09777147";"Lechbruck am See";"Gemeinden";"65,12";"64,60";"64,54"
"09777149";"Lengenwang";"Gemeinden";"74,86";"74,60";"74,55"
"09777151";"Marktoberdorf, St";"Gemeinden";"58,15";"57,21";"57,16"
"09777152";"Mauerstetten";"Gemeinden";"59,32";"58,66";"58,60"
"09777153";"Nesselwang, M";"Gemeinden";"49,49";"48,48";"48,31"
"09777154";"Obergünzburg, M";"Gemeinden";"67,98";"67,66";"67,55"
"09777155";"Oberostendorf";"Gemeinden";"74,48";"74,00";"73,86"
"09777157";"Osterzell";"Gemeinden";"67,04";"66,57";"65,83"
"09777158";"Pforzen";"Gemeinden";"61,42";"61,25";"60,95"
"09777159";"Pfronten";"Gemeinden";"32,75";"32,43";"31,87"
"09777163";"Rieden am Forggensee";"Gemeinden";"51,37";"50,99";"50,99"
"09777164";"Rieden";"Gemeinden";"58,86";"58,50";"58,38"
"09777165";"Ronsberg, M";"Gemeinden";"62,89";"62,11";"61,99"
"09777166";"Roßhaupten";"Gemeinden";"55,88";"55,65";"55,60"
"09777167";"Ruderatshofen";"Gemeinden";"56,59";"56,18";"55,52"
"09777168";"Rückholz";"Gemeinden";"71,72";"70,50";"70,27"
"09777169";"Schwangau";"Gemeinden";"21,36";"20,55";"20,49"
"09777170";"Seeg";"Gemeinden";"66,37";"66,09";"65,99"
"09777171";"Stötten a.Auerberg";"Gemeinden";"59,07";"58,73";"58,68"
"09777172";"Stöttwang";"Gemeinden";"60,76";"60,15";"60,00"
"09777173";"Halblech";"Gemeinden";"25,90";"25,28";"25,24"
"09777175";"Unterthingau, M";"Gemeinden";"59,12";"58,79";"58,55"
"09777176";"Untrasried";"Gemeinden";"72,78";"72,43";"72,39"
"09777177";"Waal, M";"Gemeinden";"63,11";"62,43";"62,18"
"09777179";"Wald";"Gemeinden";"68,95";"68,17";"68,12"
"09777182";"Westendorf";"Gemeinden";"74,94";"74,02";"73,85"
"09777183";"Rettenbach a.Auerberg";"Gemeinden";"51,71";"51,09";"50,74"
"09778111";"Amberg";"Gemeinden";"72,81";"72,75";"73,12"
"09778113";"Apfeltrach";"Gemeinden";"71,29";"70,69";"70,55"
"09778115";"Babenhausen, M";"Gemeinden";"52,70";"52,07";"51,74"
"09778116";"Bad Wörishofen, St";"Gemeinden";"59,53";"58,78";"58,56"
"09778118";"Benningen";"Gemeinden";"60,97";"60,61";"60,25"
"09778119";"Böhen";"Gemeinden";"67,49";"67,20";"67,20"
"09778120";"Boos";"Gemeinden";"45,99";"45,14";"45,08"
"09778121";"Breitenbrunn";"Gemeinden";"59,58";"59,18";"58,70"
"09778123";"Buxheim";"Gemeinden";"34,70";"34,31";"33,92"
"09778127";"Dirlewang, M";"Gemeinden";"62,06";"61,76";"61,89"
"09778130";"Egg a.d.Günz";"Gemeinden";"62,10";"61,81";"61,71"
"09778134";"Eppishausen";"Gemeinden";"53,04";"52,88";"52,60"
"09778136";"Erkheim, M";"Gemeinden";"61,69";"61,57";"61,32"
"09778137";"Ettringen";"Gemeinden";"61,13";"60,96";"60,70"
"09778139";"Fellheim";"Gemeinden";"53,45";"51,68";"51,68"
"09778144";"Bad Grönenbach, M";"Gemeinden";"59,80";"59,20";"58,94"
"09778149";"Hawangen";"Gemeinden";"68,82";"68,48";"68,27"
"09778150";"Heimertingen";"Gemeinden";"57,44";"56,07";"55,78"
"09778151";"Holzgünz";"Gemeinden";"55,22";"54,47";"53,64"
"09778157";"Kirchhaslach";"Gemeinden";"43,51";"43,01";"42,89"
"09778158";"Kirchheim i.Schw., M";"Gemeinden";"78,78";"78,12";"77,75"
"09778161";"Kronburg";"Gemeinden";"59,08";"58,84";"58,69"
"09778162";"Lachen";"Gemeinden";"66,72";"66,49";"66,12"
"09778163";"Lauben";"Gemeinden";"58,42";"57,83";"57,72"
"09778164";"Lautrach";"Gemeinden";"49,01";"48,57";"48,08"
"09778165";"Legau, M";"Gemeinden";"73,08";"72,73";"72,54"
"09778168";"Markt Rettenbach, M";"Gemeinden";"63,98";"63,49";"63,16"
"09778169";"Markt Wald, M";"Gemeinden";"48,31";"47,89";"47,28"
"09778171";"Memmingerberg";"Gemeinden";"49,51";"48,85";"48,03"
"09778173";"Mindelheim, St";"Gemeinden";"53,79";"52,96";"52,71"
"09778177";"Niederrieden";"Gemeinden";"50,54";"49,39";"49,39"
"09778180";"Kammlach";"Gemeinden";"55,97";"55,50";"55,14"
"09778183";"Oberrieden";"Gemeinden";"66,46";"66,01";"65,79"
"09778184";"Oberschönegg";"Gemeinden";"52,19";"51,15";"50,93"
"09778186";"Ottobeuren, M";"Gemeinden";"66,79";"66,24";"66,24"
"09778187";"Pfaffenhausen, M";"Gemeinden";"71,76";"71,38";"71,29"
"09778188";"Pleß";"Gemeinden";"71,86";"71,09";"70,57"
"09778190";"Salgen";"Gemeinden";"72,22";"71,75";"71,45"
"09778196";"Sontheim";"Gemeinden";"61,61";"61,01";"60,97"
"09778199";"Stetten";"Gemeinden";"47,07";"46,18";"45,80"
"09778202";"Trunkelsberg";"Gemeinden";"34,54";"32,99";"35,57"
"09778203";"Türkheim, M";"Gemeinden";"55,74";"54,94";"54,63"
"09778204";"Tussenhausen, M";"Gemeinden";"52,26";"51,83";"51,62"
"09778205";"Ungerhausen";"Gemeinden";"68,52";"67,95";"67,52"
"09778207";"Unteregg";"Gemeinden";"73,20";"72,65";"72,56"
"09778209";"Rammingen";"Gemeinden";"69,11";"67,60";"67,34"
"09778214";"Westerheim";"Gemeinden";"63,56";"62,62";"62,38"
"09778216";"Wiedergeltingen";"Gemeinden";"68,48";"67,71";"67,45"
"09778217";"Winterrieden";"Gemeinden";"70,28";"69,56";"69,15"
"09778218";"Wolfertschwenden";"Gemeinden";"59,88";"59,05";"58,70"
"09778219";"Woringen";"Gemeinden";"57,33";"56,30";"56,02"
"09778221";"Kettershausen";"Gemeinden";"70,06";"69,50";"69,46"
"09778451";"Ungerhauser Wald";"Gemeinden";"0,93";"0,62";"0,62"
"09779111";"Alerheim";"Gemeinden";"79,29";"78,95";"78,82"
"09779112";"Amerdingen";"Gemeinden";"50,39";"50,50";"50,39"
"09779115";"Asbach-Bäumenheim";"Gemeinden";"61,85";"62,10";"61,34"
"09779117";"Auhausen";"Gemeinden";"72,60";"72,28";"72,15"
"09779126";"Buchdorf";"Gemeinden";"55,34";"54,68";"54,68"
"09779129";"Daiting";"Gemeinden";"54,87";"54,91";"54,87"
"09779130";"Deiningen";"Gemeinden";"79,52";"79,26";"79,13"
"09779131";"Donauwörth, GKSt";"Gemeinden";"44,09";"43,39";"43,54"
"09779136";"Ederheim";"Gemeinden";"32,89";"32,65";"32,29"
"09779138";"Ehingen a.Ries";"Gemeinden";"83,50";"83,38";"83,18"
"09779146";"Forheim";"Gemeinden";"38,44";"38,35";"38,26"
"09779147";"Fremdingen";"Gemeinden";"50,50";"50,64";"50,74"
"09779148";"Fünfstetten";"Gemeinden";"64,06";"64,21";"64,13"
"09779149";"Genderkingen";"Gemeinden";"64,18";"62,81";"62,47"
"09779154";"Hainsfarth";"Gemeinden";"68,64";"68,81";"68,70"
"09779155";"Harburg (Schwaben), St";"Gemeinden";"55,04";"54,91";"54,84"
"09779162";"Hohenaltheim";"Gemeinden";"40,72";"40,83";"40,72"
"09779163";"Holzheim";"Gemeinden";"69,54";"68,70";"68,36"
"09779167";"Huisheim";"Gemeinden";"61,26";"60,30";"60,17"
"09779169";"Kaisheim, M";"Gemeinden";"39,11";"39,11";"39,25"
"09779176";"Maihingen";"Gemeinden";"83,22";"83,50";"83,07"
"09779177";"Marktoffingen";"Gemeinden";"80,94";"80,72";"80,50"
"09779178";"Marxheim";"Gemeinden";"54,81";"55,00";"54,92"
"09779180";"Megesheim";"Gemeinden";"66,67";"66,59";"66,91"
"09779181";"Mertingen";"Gemeinden";"65,82";"66,23";"66,00"
"09779184";"Mönchsdeggingen";"Gemeinden";"45,74";"45,80";"45,52"
"09779185";"Möttingen";"Gemeinden";"79,55";"78,67";"78,49"
"09779186";"Monheim, St";"Gemeinden";"47,73";"47,30";"47,32"
"09779187";"Münster";"Gemeinden";"61,51";"61,40";"61,29"
"09779188";"Munningen";"Gemeinden";"74,38";"73,68";"73,46"
"09779192";"Niederschönenfeld";"Gemeinden";"47,14";"46,65";"46,72"
"09779194";"Nördlingen, GKSt";"Gemeinden";"74,39";"74,20";"73,95"
"09779196";"Oberndorf a.Lech";"Gemeinden";"63,96";"63,45";"63,09"
"09779197";"Oettingen i.Bay., St";"Gemeinden";"72,18";"72,00";"71,80"
"09779198";"Otting";"Gemeinden";"50,86";"50,63";"50,63"
"09779201";"Rain, St";"Gemeinden";"68,09";"67,31";"67,11"
"09779203";"Reimlingen";"Gemeinden";"79,96";"79,33";"77,23"
"09779206";"Rögling";"Gemeinden";"43,85";"41,71";"41,99"
"09779217";"Tagmersheim";"Gemeinden";"59,91";"59,72";"59,54"
"09779218";"Tapfheim";"Gemeinden";"53,27";"52,80";"52,58"
"09779224";"Wallerstein, M";"Gemeinden";"79,42";"78,91";"78,70"
"09779226";"Wechingen";"Gemeinden";"79,40";"78,86";"78,90"
"09779228";"Wemding, St";"Gemeinden";"47,41";"47,25";"47,18"
"09779231";"Wolferstadt";"Gemeinden";"44,93";"44,77";"44,67"
"09779452";"Dornstadt-Linkersbaindt";"Gemeinden";"0,67";"0,90";"0,84"
"09779453";"Esterholz";"Gemeinden";"0,67";"0,00";"0,00"
"09780112";"Altusried, M";"Gemeinden";"65,12";"64,59";"64,11"
"09780113";"Balderschwang";"Gemeinden";"31,33";"31,50";"31,41"
"09780114";"Betzigau";"Gemeinden";"66,35";"65,97";"65,70"
"09780115";"Blaichach";"Gemeinden";"43,96";"44,06";"43,68"
"09780116";"Bolsterlang";"Gemeinden";"54,98";"55,13";"54,34"
"09780117";"Buchenberg, M";"Gemeinden";"36,10";"35,74";"35,34"
"09780118";"Burgberg i.Allgäu";"Gemeinden";"48,28";"48,09";"47,77"
"09780119";"Dietmannsried, M";"Gemeinden";"68,33";"67,79";"67,51"
"09780120";"Durach";"Gemeinden";"52,80";"52,34";"52,00"
"09780121";"Fischen i.Allgäu";"Gemeinden";"42,67";"42,45";"42,59"
"09780122";"Haldenwang";"Gemeinden";"62,27";"61,63";"61,87"
"09780123";"Bad Hindelang, M";"Gemeinden";"32,37";"32,69";"32,23"
"09780124";"Immenstadt i.Allgäu, St";"Gemeinden";"46,22";"46,11";"45,85"
"09780125";"Lauben";"Gemeinden";"62,78";"61,71";"61,24"
"09780127";"Missen-Wilhams";"Gemeinden";"56,66";"56,65";"56,48"
"09780128";"Oy-Mittelberg";"Gemeinden";"58,25";"57,77";"57,42"
"09780131";"Obermaiselstein";"Gemeinden";"43,90";"43,98";"43,94"
"09780132";"Oberstaufen, M";"Gemeinden";"47,99";"48,01";"47,98"
"09780133";"Oberstdorf, M";"Gemeinden";"23,70";"23,82";"23,75"
"09780134";"Ofterschwang";"Gemeinden";"51,89";"52,15";"51,89"
"09780137";"Rettenberg";"Gemeinden";"58,72";"58,70";"58,27"
"09780139";"Sonthofen, St";"Gemeinden";"36,35";"36,28";"36,22"
"09780140";"Sulzberg, M";"Gemeinden";"68,38";"67,68";"67,70"
"09780143";"Waltenhofen";"Gemeinden";"60,36";"59,65";"59,36"
"09780144";"Weitnau, M";"Gemeinden";"44,27";"43,63";"43,40"
"09780145";"Wertach, M";"Gemeinden";"39,50";"38,90";"38,58"
"09780146";"Wiggensbach, M";"Gemeinden";"56,77";"56,11";"55,11"
"09780147";"Wildpoldsried";"Gemeinden";"62,73";"61,89";"61,80"
"09780451";"Kempter Wald";"Gemeinden";"0,17";"0,75";"0,75"
"10041100";"Saarbrücken, Landeshauptstadt";"Gemeinden";"19,05";"18,95";"17,56"
"10041511";"Friedrichsthal, Stadt";"Gemeinden";"4,67";"4,45";"4,45"
"10041512";"Großrosseln";"Gemeinden";"15,56";"15,52";"15,52"
"10041513";"Heusweiler";"Gemeinden";"61,31";"59,51";"59,49"
"10041514";"Kleinblittersdorf";"Gemeinden";"55,46";"55,17";"53,99"
"10041515";"Püttlingen, Stadt";"Gemeinden";"49,73";"48,68";"48,68"
"10041516";"Quierschied";"Gemeinden";"8,21";"7,57";"7,57"
"10041517";"Riegelsberg";"Gemeinden";"32,90";"32,08";"32,01"
"10041518";"Sulzbach/ Saar, Stadt";"Gemeinden";"3,24";"3,24";"4,54"
"10041519";"Völklingen, Stadt";"Gemeinden";"12,52";"12,53";"12,37"
"10042111";"Beckingen";"Gemeinden";"44,30";"35,12";"35,10"
"10042112";"Losheim am See";"Gemeinden";"42,80";"42,72";"41,93"
"10042113";"Merzig, Kreisstadt";"Gemeinden";"48,90";"48,00";"43,15"
"10042114";"Mettlach";"Gemeinden";"39,75";"39,68";"38,52"
"10042115";"Perl";"Gemeinden";"57,86";"58,51";"57,42"
"10042116";"Wadern, Stadt";"Gemeinden";"43,20";"43,17";"42,60"
"10042117";"Weiskirchen";"Gemeinden";"36,76";"35,66";"33,37"
"10043111";"Eppelborn";"Gemeinden";"57,93";"54,39";"52,83"
"10043112";"Illingen";"Gemeinden";"58,16";"53,31";"53,31"
"10043113";"Merchweiler";"Gemeinden";"33,52";"30,62";"30,39"
"10043114";"Neunkirchen, Kreisstadt";"Gemeinden";"22,19";"20,93";"19,15"
"10043115";"Ottweiler, Stadt";"Gemeinden";"55,20";"54,92";"53,95"
"10043116";"Schiffweiler";"Gemeinden";"43,79";"37,07";"37,02"
"10043117";"Spiesen-Elversberg";"Gemeinden";"16,37";"16,37";"16,37"
"10044111";"Dillingen/ Saar, Stadt";"Gemeinden";"13,97";"13,74";"13,24"
"10044112";"Lebach, Stadt";"Gemeinden";"58,04";"57,62";"55,71"
"10044113";"Nalbach";"Gemeinden";"43,33";"42,80";"42,71"
"10044114";"Rehlingen-Siersburg";"Gemeinden";"56,52";"53,43";"51,50"
"10044115";"Saarlouis, Kreisstadt";"Gemeinden";"33,95";"31,94";"31,92"
"10044116";"Saarwellingen";"Gemeinden";"43,65";"40,99";"40,96"
"10044117";"Schmelz";"Gemeinden";"54,81";"51,06";"45,34"
"10044118";"Schwalbach";"Gemeinden";"45,31";"40,12";"36,02"
"10044119";"Überherrn";"Gemeinden";"51,97";"51,18";"47,49"
"10044120";"Wadgassen";"Gemeinden";"27,63";"27,60";"27,36"
"10044121";"Wallerfangen";"Gemeinden";"66,30";"66,11";"62,79"
"10044122";"Bous";"Gemeinden";"36,70";"36,57";"36,57"
"10044123";"Ensdorf";"Gemeinden";"28,37";"20,26";"20,26"
"10045111";"Bexbach, Stadt";"Gemeinden";"36,70";"36,64";"35,09"
"10045112";"Blieskastel, Stadt";"Gemeinden";"59,25";"57,95";"55,54"
"10045113";"Gersheim";"Gemeinden";"69,32";"66,88";"65,52"
"10045114";"Homburg, Kreisstadt";"Gemeinden";"26,66";"26,13";"25,53"
"10045115";"Kirkel";"Gemeinden";"27,12";"27,06";"25,94"
"10045116";"Mandelbachtal";"Gemeinden";"65,33";"63,39";"62,33"
"10045117";"St. Ingbert, Stadt";"Gemeinden";"14,37";"14,33";"13,03"
"10046111";"Freisen";"Gemeinden";"54,98";"54,65";"48,87"
"10046112";"Marpingen";"Gemeinden";"58,77";"55,03";"55,03"
"10046113";"Namborn";"Gemeinden";"56,85";"56,70";"47,04"
"10046114";"Nohfelden";"Gemeinden";"40,11";"39,99";"34,65"
"10046115";"Nonnweiler";"Gemeinden";"33,58";"33,32";"32,10"
"10046116";"Oberthal";"Gemeinden";"48,43";"48,30";"45,92"
"10046117";"St. Wendel, Kreisstadt";"Gemeinden";"52,14";"51,18";"49,52"
"10046118";"Tholey";"Gemeinden";"56,49";"52,28";"46,88"
"11000000";"Berlin, Stadt";"Gemeinden";"4,08";"3,98";"3,98"
"12051000";"Brandenburg an der Havel, Stadt";"Gemeinden";"29,48";"28,24";"25,76"
"12052000";"Cottbus/Chósebuz, Stadt";"Gemeinden";"30,02";"29,54";"27,31"
"12053000";"Frankfurt (Oder), Stadt";"Gemeinden";"44,67";"44,16";"43,36"
"12054000";"Potsdam, Stadt";"Gemeinden";"30,04";"29,58";"28,78"
"12060005";"Ahrensfelde";"Gemeinden";"66,67";"66,51";"66,38"
"12060012";"Althüttendorf";"Gemeinden";"49,81";"49,60";"48,35"
"12060020";"Bernau bei Berlin, Stadt";"Gemeinden";"38,22";"38,04";"35,56"
"12060024";"Biesenthal, Stadt";"Gemeinden";"31,11";"31,04";"30,91"
"12060034";"Breydin";"Gemeinden";"43,61";"43,46";"43,30"
"12060036";"Britz";"Gemeinden";"42,19";"42,65";"41,55"
"12060045";"Chorin";"Gemeinden";"29,53";"29,28";"29,17"
"12060052";"Eberswalde, Stadt";"Gemeinden";"10,96";"10,81";"10,69"
"12060068";"Friedrichswalde";"Gemeinden";"33,75";"33,70";"35,12"
"12060092";"Hohenfinow";"Gemeinden";"40,06";"40,02";"39,97"
"12060100";"Joachimsthal, Stadt";"Gemeinden";"8,20";"8,19";"8,18"
"12060128";"Liepe";"Gemeinden";"67,28";"67,28";"67,10"
"12060149";"Lunow-Stolzenhagen";"Gemeinden";"62,87";"62,87";"62,90"
"12060154";"Marienwerder";"Gemeinden";"39,76";"39,56";"39,14"
"12060161";"Melchow";"Gemeinden";"19,49";"20,07";"19,77"
"12060172";"Niederfinow";"Gemeinden";"46,65";"45,22";"45,75"
"12060176";"Oderberg, Stadt";"Gemeinden";"35,24";"35,22";"34,22"
"12060181";"Panketal";"Gemeinden";"38,14";"33,26";"34,53"
"12060185";"Parsteinsee";"Gemeinden";"88,51";"88,51";"88,45"
"12060192";"Rüdnitz";"Gemeinden";"49,57";"48,92";"48,49"
"12060198";"Schorfheide";"Gemeinden";"23,82";"23,91";"23,87"
"12060250";"Sydower Fließ";"Gemeinden";"66,07";"65,95";"65,92"
"12060269";"Wandlitz";"Gemeinden";"32,04";"31,70";"31,36"
"12060280";"Werneuchen, Stadt";"Gemeinden";"64,76";"64,53";"63,05"
"12060296";"Ziethen";"Gemeinden";"81,12";"79,92";"76,19"
"12061005";"Alt Zauche-Wußwerk/Stara Niwa-Wózwjerch";"Gemeinden";"50,41";"49,86";"46,86"
"12061017";"Bersteland";"Gemeinden";"61,46";"61,42";"60,64"
"12061020";"Bestensee";"Gemeinden";"25,63";"25,39";"25,34"
"12061061";"Byhleguhre-Byhlen/Bela Góra-Belin";"Gemeinden";"35,83";"35,80";"35,70"
"12061097";"Drahnsdorf";"Gemeinden";"57,35";"57,30";"57,24"
"12061112";"Eichwalde";"Gemeinden";"1,08";"1,08";"1,08"
"12061164";"Golßen, Stadt";"Gemeinden";"61,84";"61,62";"61,18"
"12061192";"Groß Köris";"Gemeinden";"11,58";"11,56";"11,55"
"12061216";"Halbe";"Gemeinden";"17,80";"17,33";"16,75"
"12061217";"Heidesee";"Gemeinden";"28,14";"27,13";"27,09"
"12061219";"Heideblick";"Gemeinden";"47,52";"47,14";"46,42"
"12061224";"Jamlitz";"Gemeinden";"17,82";"17,64";"16,58"
"12061244";"Kasel-Golzig";"Gemeinden";"53,97";"53,97";"52,86"
"12061260";"Königs Wusterhausen, Stadt";"Gemeinden";"17,63";"17,09";"16,92"
"12061265";"Krausnick-Groß Wasserburg";"Gemeinden";"16,90";"16,75";"15,51"
"12061308";"Lieberose, Stadt";"Gemeinden";"29,11";"28,88";"27,15"
"12061316";"Lübben (Spreewald) / Lubin (Blota), Stadt";"Gemeinden";"49,76";"49,35";"49,28"
"12061320";"Luckau, Stadt";"Gemeinden";"57,83";"57,70";"57,37"
"12061328";"Märkisch Buchholz, Stadt";"Gemeinden";"18,50";"18,42";"18,38"
"12061329";"Märkische Heide/Markojska Góla";"Gemeinden";"46,55";"46,33";"45,99"
"12061332";"Mittenwalde, Stadt";"Gemeinden";"56,91";"56,26";"55,73"
"12061344";"Münchehofe";"Gemeinden";"21,60";"21,39";"21,25"
"12061352";"Neu Zauche/Nowa Niwa";"Gemeinden";"50,24";"50,20";"50,08"
"12061405";"Rietzneuendorf-Staakow";"Gemeinden";"29,88";"29,63";"29,63"
"12061428";"Schlepzig/Slopišca";"Gemeinden";"37,80";"37,42";"37,06"
"12061433";"Schönefeld";"Gemeinden";"50,64";"49,82";"47,53"
"12061435";"Schönwald";"Gemeinden";"41,46";"40,95";"39,83"
"12061444";"Schulzendorf";"Gemeinden";"35,38";"35,38";"35,27"
"12061448";"Schwerin";"Gemeinden";"12,80";"12,67";"12,52"
"12061450";"Schwielochsee/Gójacki Jazor";"Gemeinden";"23,64";"23,52";"23,35"
"12061470";"Spreewaldheide/Blosanska Góla";"Gemeinden";"34,60";"34,60";"33,27"
"12061471";"Steinreich";"Gemeinden";"36,94";"36,44";"36,30"
"12061476";"Straupitz (Spreewald)/Tšupc (Blota)";"Gemeinden";"68,40";"68,36";"64,99"
"12061492";"Teupitz, Stadt";"Gemeinden";"11,26";"11,17";"11,07"
"12061510";"Unterspreewald";"Gemeinden";"62,13";"62,07";"62,03"
"12061540";"Wildau, Stadt";"Gemeinden";"27,69";"26,89";"26,89"
"12061572";"Zeuthen";"Gemeinden";"10,33";"10,02";"9,94"
"12062024";"Bad Liebenwerda, Stadt";"Gemeinden";"57,47";"56,61";"55,83"
"12062088";"Crinitz";"Gemeinden";"23,10";"22,96";"21,46"
"12062092";"Doberlug-Kirchhain, Stadt";"Gemeinden";"45,07";"44,71";"43,81"
"12062124";"Elsterwerda, Stadt";"Gemeinden";"53,38";"52,93";"52,10"
"12062128";"Falkenberg/Elster, Stadt";"Gemeinden";"54,11";"53,93";"53,87"
"12062134";"Fichtwald";"Gemeinden";"45,50";"45,47";"44,33"
"12062140";"Finsterwalde, Stadt";"Gemeinden";"22,94";"26,23";"26,07"
"12062177";"Gorden-Staupitz";"Gemeinden";"41,77";"41,67";"41,11"
"12062196";"Gröden";"Gemeinden";"71,14";"70,91";"69,47"
"12062208";"Großthiemig";"Gemeinden";"84,58";"84,58";"82,64"
"12062219";"Heideland";"Gemeinden";"41,43";"41,59";"40,45"
"12062224";"Herzberg (Elster), Stadt";"Gemeinden";"57,58";"57,44";"57,71"
"12062232";"Hirschfeld";"Gemeinden";"81,38";"81,18";"81,38"
"12062237";"Hohenbucko";"Gemeinden";"23,91";"23,28";"22,70"
"12062240";"Hohenleipisch";"Gemeinden";"30,78";"30,46";"27,92"
"12062282";"Kremitzaue";"Gemeinden";"66,64";"66,51";"65,37"
"12062289";"Lebusa";"Gemeinden";"29,89";"29,15";"28,59"
"12062293";"Lichterfeld-Schacksdorf";"Gemeinden";"23,66";"23,80";"23,77"
"12062333";"Massen-Niederlausitz";"Gemeinden";"29,99";"29,64";"29,15"
"12062336";"Merzdorf";"Gemeinden";"51,49";"51,10";"47,03"
"12062341";"Mühlberg/Elbe, Stadt";"Gemeinden";"67,26";"64,45";"64,02"
"12062372";"Plessa";"Gemeinden";"57,76";"57,60";"57,51"
"12062410";"Röderland";"Gemeinden";"73,40";"73,07";"71,75"
"12062417";"Rückersdorf";"Gemeinden";"51,84";"51,60";"50,83"
"12062425";"Sallgast";"Gemeinden";"48,09";"48,02";"47,17"
"12062440";"Schilda";"Gemeinden";"46,61";"46,61";"45,91"
"12062445";"Schlieben, Stadt";"Gemeinden";"53,69";"53,59";"52,78"
"12062453";"Schönborn";"Gemeinden";"46,59";"46,46";"45,04"
"12062461";"Schönewalde, Stadt";"Gemeinden";"55,99";"55,64";"54,93"
"12062464";"Schraden";"Gemeinden";"72,23";"72,04";"72,04"
"12062469";"Sonnewalde, Stadt";"Gemeinden";"55,02";"54,74";"54,03"
"12062492";"Tröbitz";"Gemeinden";"12,37";"12,18";"10,29"
"12062500";"Uebigau-Wahrenbrück, Stadt";"Gemeinden";"64,18";"63,45";"62,93"
"12063036";"Brieselang";"Gemeinden";"51,24";"50,68";"48,69"
"12063056";"Dallgow-Döberitz";"Gemeinden";"24,11";"23,74";"20,81"
"12063080";"Falkensee, Stadt";"Gemeinden";"26,26";"25,10";"20,81"
"12063088";"Friesack, Stadt";"Gemeinden";"60,50";"59,68";"59,11"
"12063094";"Gollenberg";"Gemeinden";"62,37";"62,14";"61,55"
"12063112";"Großderschau";"Gemeinden";"89,13";"88,44";"87,15"
"12063134";"Havelaue";"Gemeinden";"74,84";"74,27";"73,74"
"12063142";"Wiesenaue";"Gemeinden";"75,73";"74,41";"74,17"
"12063148";"Ketzin/Havel, Stadt";"Gemeinden";"72,44";"70,87";"67,92"
"12063161";"Kleßen-Görne";"Gemeinden";"58,78";"57,95";"57,47"
"12063165";"Kotzen";"Gemeinden";"63,63";"63,38";"63,38"
"12063186";"Märkisch Luch";"Gemeinden";"63,69";"61,43";"61,29"
"12063189";"Milower Land";"Gemeinden";"51,26";"50,11";"49,82"
"12063202";"Mühlenberge";"Gemeinden";"67,36";"66,71";"66,43"
"12063208";"Nauen, Stadt";"Gemeinden";"69,64";"68,95";"68,80"
"12063212";"Nennhausen";"Gemeinden";"63,86";"62,86";"62,98"
"12063228";"Paulinenaue";"Gemeinden";"74,59";"73,00";"72,84"
"12063240";"Pessin";"Gemeinden";"74,51";"73,28";"72,40"
"12063244";"Premnitz, Stadt";"Gemeinden";"25,93";"23,82";"23,84"
"12063252";"Rathenow, Stadt";"Gemeinden";"35,74";"33,69";"32,50"
"12063256";"Retzow";"Gemeinden";"79,38";"78,23";"77,16"
"12063260";"Rhinow, Stadt";"Gemeinden";"64,75";"64,21";"63,21"
"12063273";"Schönwalde-Glien";"Gemeinden";"44,67";"45,10";"43,39"
"12063274";"Seeblick";"Gemeinden";"62,26";"61,81";"61,81"
"12063293";"Stechow-Ferchesar";"Gemeinden";"32,53";"31,18";"31,18"
"12063357";"Wustermark";"Gemeinden";"63,22";"62,54";"59,10"
"12064009";"Alt Tucheband";"Gemeinden";"88,17";"87,55";"87,52"
"12064029";"Altlandsberg, Stadt";"Gemeinden";"52,66";"52,49";"51,74"
"12064044";"Bad Freienwalde (Oder), Stadt";"Gemeinden";"40,52";"40,36";"39,53"
"12064053";"Beiersdorf-Freudenberg";"Gemeinden";"67,22";"67,18";"65,88"
"12064057";"Bleyen-Genschmar";"Gemeinden";"80,69";"80,90";"79,75"
"12064061";"Bliesdorf";"Gemeinden";"74,89";"74,29";"71,80"
"12064084";"Buckow (Märkische Schweiz), Stadt";"Gemeinden";"23,16";"22,95";"22,95"
"12064125";"Falkenberg";"Gemeinden";"53,91";"53,94";"53,31"
"12064128";"Falkenhagen (Mark)";"Gemeinden";"56,81";"56,30";"56,26"
"12064130";"Fichtenhöhe";"Gemeinden";"91,49";"90,57";"90,57"
"12064136";"Fredersdorf-Vogelsdorf";"Gemeinden";"29,90";"29,48";"26,49"
"12064153";"Garzau-Garzin";"Gemeinden";"61,88";"59,27";"59,27"
"12064172";"Golzow";"Gemeinden";"88,47";"88,47";"87,33"
"12064190";"Gusow-Platkow";"Gemeinden";"66,91";"65,60";"65,55"
"12064205";"Heckelberg-Brunow";"Gemeinden";"63,27";"62,96";"62,94"
"12064222";"Höhenland";"Gemeinden";"42,81";"42,76";"42,50"
"12064227";"Hoppegarten";"Gemeinden";"41,74";"41,49";"39,62"
"12064266";"Küstriner Vorland";"Gemeinden";"76,68";"75,32";"75,34"
"12064268";"Lebus, Stadt";"Gemeinden";"79,70";"78,08";"77,91"
"12064274";"Letschin";"Gemeinden";"87,17";"87,10";"86,03"
"12064288";"Lietzen";"Gemeinden";"56,63";"56,53";"56,55"
"12064290";"Lindendorf";"Gemeinden";"88,61";"88,09";"88,17"
"12064303";"Märkische Höhe";"Gemeinden";"63,57";"62,26";"62,26"
"12064317";"Müncheberg, Stadt";"Gemeinden";"50,12";"49,43";"49,41"
"12064336";"Neuenhagen bei Berlin";"Gemeinden";"31,36";"30,29";"28,81"
"12064340";"Neuhardenberg";"Gemeinden";"51,86";"51,22";"50,88"
"12064349";"Neulewin";"Gemeinden";"86,54";"86,59";"85,63"
"12064365";"Neutrebbin";"Gemeinden";"88,33";"88,96";"84,82"
"12064370";"Oberbarnim";"Gemeinden";"64,23";"63,54";"63,52"
"12064371";"Oderaue";"Gemeinden";"88,07";"88,07";"86,35"
"12064380";"Petershagen/Eggersdorf";"Gemeinden";"18,77";"18,66";"17,58"
"12064388";"Podelzig";"Gemeinden";"84,80";"81,93";"81,93"
"12064393";"Prötzel";"Gemeinden";"29,69";"29,68";"29,57"
"12064408";"Rehfelde";"Gemeinden";"71,45";"71,00";"70,78"
"12064417";"Reichenow-Möglin";"Gemeinden";"82,08";"81,90";"81,68"
"12064420";"Reitwein";"Gemeinden";"77,60";"75,65";"75,61"
"12064428";"Rüdersdorf bei Berlin";"Gemeinden";"32,33";"31,28";"30,83"
"12064448";"Seelow, Stadt";"Gemeinden";"81,23";"80,83";"79,90"
"12064472";"Strausberg, Stadt";"Gemeinden";"28,54";"27,89";"27,63"
"12064480";"Treplin";"Gemeinden";"47,05";"47,05";"45,90"
"12064482";"Vierlinden";"Gemeinden";"65,54";"65,20";"65,07"
"12064484";"Waldsieversdorf";"Gemeinden";"9,18";"9,06";"9,06"
"12064512";"Wriezen, Stadt";"Gemeinden";"67,30";"67,34";"66,79"
"12064538";"Zechin";"Gemeinden";"89,80";"89,77";"89,66"
"12064539";"Zeschdorf";"Gemeinden";"62,34";"61,50";"61,35"
"12065036";"Birkenwerder";"Gemeinden";"5,57";"4,86";"3,75"
"12065084";"Fürstenberg/Havel, Stadt";"Gemeinden";"19,71";"19,47";"18,52"
"12065096";"Glienicke/Nordbahn";"Gemeinden";"3,90";"3,69";"2,60"
"12065100";"Gransee, Stadt";"Gemeinden";"55,88";"55,55";"53,62"
"12065117";"Großwoltersdorf";"Gemeinden";"42,76";"41,76";"40,26"
"12065136";"Hennigsdorf, Stadt";"Gemeinden";"13,28";"13,31";"10,93"
"12065144";"Hohen Neuendorf, Stadt";"Gemeinden";"18,08";"17,44";"14,31"
"12065165";"Kremmen, Stadt";"Gemeinden";"51,18";"50,75";"49,46"
"12065180";"Leegebruch";"Gemeinden";"55,97";"55,81";"48,22"
"12065193";"Liebenwalde, Stadt";"Gemeinden";"57,04";"55,20";"55,01"
"12065198";"Löwenberger Land";"Gemeinden";"56,76";"55,83";"54,88"
"12065225";"Mühlenbecker Land";"Gemeinden";"33,88";"32,92";"30,22"
"12065251";"Oberkrämer";"Gemeinden";"51,26";"50,02";"46,70"
"12065256";"Oranienburg, Stadt";"Gemeinden";"27,29";"26,97";"25,55"
"12065276";"Schönermark";"Gemeinden";"74,14";"72,96";"70,86"
"12065301";"Sonnenberg";"Gemeinden";"78,19";"77,83";"76,37"
"12065310";"Stechlin";"Gemeinden";"15,40";"15,27";"14,39"
"12065332";"Velten, Stadt";"Gemeinden";"24,93";"23,65";"23,48"
"12065356";"Zehdenick, Stadt";"Gemeinden";"50,02";"49,74";"47,88"
"12066008";"Altdöbern";"Gemeinden";"16,61";"16,40";"16,04"
"12066041";"Bronkow";"Gemeinden";"46,81";"46,78";"46,42"
"12066052";"Calau/Kalawa, Stadt";"Gemeinden";"38,20";"37,59";"37,29"
"12066064";"Frauendorf";"Gemeinden";"27,80";"27,65";"25,64"
"12066104";"Großkmehlen";"Gemeinden";"72,33";"71,61";"69,45"
"12066112";"Großräschen/Ran, Stadt";"Gemeinden";"37,15";"36,35";"34,86"
"12066116";"Grünewald";"Gemeinden";"42,08";"41,86";"38,51"
"12066120";"Guteborn";"Gemeinden";"18,75";"18,51";"16,12"
"12066124";"Hermsdorf";"Gemeinden";"24,83";"24,64";"23,77"
"12066132";"Hohenbocka";"Gemeinden";"20,83";"20,64";"20,58"
"12066168";"Kroppen";"Gemeinden";"35,02";"34,36";"31,93"
"12066176";"Lauchhammer, Stadt";"Gemeinden";"23,34";"21,68";"20,12"
"12066188";"Lindenau";"Gemeinden";"58,01";"57,48";"57,39"
"12066196";"Lübbenau/Spreewald / Lubnjow/Blota, Stadt";"Gemeinden";"47,75";"47,61";"46,40"
"12066202";"Luckaitztal";"Gemeinden";"37,20";"37,39";"37,89"
"12066226";"Neu-Seeland/Nowa Jazorina";"Gemeinden";"38,47";"40,03";"39,85"
"12066228";"Neupetershain/Nowe Wiki";"Gemeinden";"40,43";"33,30";"31,54"
"12066240";"Ortrand, Stadt";"Gemeinden";"49,73";"47,15";"41,58"
"12066272";"Ruhland, Stadt";"Gemeinden";"24,56";"23,64";"23,16"
"12066285";"Schipkau";"Gemeinden";"20,74";"20,44";"17,51"
"12066292";"Schwarzbach";"Gemeinden";"54,29";"53,41";"51,96"
"12066296";"Schwarzheide, Stadt";"Gemeinden";"20,39";"20,33";"15,82"
"12066304";"Senftenberg/Zly Komorow, Stadt";"Gemeinden";"16,72";"16,13";"15,27"
"12066316";"Tettau";"Gemeinden";"58,94";"58,71";"58,48"
"12066320";"Vetschau/Spreewald / Wetošow/Blota, Stadt";"Gemeinden";"54,52";"53,69";"51,61"
"12067024";"Bad Saarow";"Gemeinden";"18,94";"18,15";"18,03"
"12067036";"Beeskow, Stadt";"Gemeinden";"57,67";"55,88";"54,62"
"12067040";"Berkenbrück";"Gemeinden";"13,84";"13,17";"12,84"
"12067072";"Briesen (Mark)";"Gemeinden";"34,91";"34,65";"34,65"
"12067076";"Brieskow-Finkenheerd";"Gemeinden";"24,76";"23,37";"23,37"
"12067112";"Diensdorf-Radlow";"Gemeinden";"40,00";"39,89";"38,61"
"12067120";"Eisenhüttenstadt, Stadt";"Gemeinden";"24,73";"24,22";"23,63"
"12067124";"Erkner, Stadt";"Gemeinden";"15,73";"15,37";"15,37"
"12067137";"Friedland, Stadt";"Gemeinden";"45,50";"45,15";"44,88"
"12067144";"Fürstenwalde/Spree, Stadt";"Gemeinden";"29,81";"27,91";"27,83"
"12067173";"Gosen-Neu Zittau";"Gemeinden";"23,33";"22,61";"22,80"
"12067180";"Groß Lindow";"Gemeinden";"10,33";"10,27";"10,20"
"12067201";"Grünheide (Mark)";"Gemeinden";"9,69";"8,16";"8,12"
"12067205";"Grunow-Dammendorf";"Gemeinden";"18,44";"16,84";"16,46"
"12067237";"Jacobsdorf";"Gemeinden";"69,77";"69,71";"69,24"
"12067288";"Langewahl";"Gemeinden";"13,39";"13,39";"13,01"
"12067292";"Lawitz";"Gemeinden";"44,32";"39,54";"38,39"
"12067324";"Mixdorf";"Gemeinden";"36,38";"35,10";"35,02"
"12067336";"Müllrose, Stadt";"Gemeinden";"14,02";"13,43";"13,97"
"12067338";"Neißemünde";"Gemeinden";"68,24";"68,24";"68,00"
"12067357";"Neuzelle";"Gemeinden";"37,94";"37,21";"36,99"
"12067397";"Ragow-Merz";"Gemeinden";"26,60";"26,44";"26,35"
"12067408";"Rauen";"Gemeinden";"18,90";"16,72";"16,44"
"12067413";"Reichenwalde";"Gemeinden";"35,94";"33,22";"33,22"
"12067426";"Rietz-Neuendorf";"Gemeinden";"48,58";"48,25";"47,99"
"12067438";"Schlaubetal";"Gemeinden";"26,39";"26,24";"26,18"
"12067440";"Schöneiche bei Berlin";"Gemeinden";"46,03";"44,23";"44,23"
"12067458";"Siehdichum";"Gemeinden";"11,23";"11,12";"11,06"
"12067469";"Spreenhagen";"Gemeinden";"18,43";"17,70";"17,37"
"12067473";"Steinhöfel";"Gemeinden";"71,15";"70,10";"69,90"
"12067481";"Storkow (Mark), Stadt";"Gemeinden";"27,34";"26,39";"26,12"
"12067493";"Tauche";"Gemeinden";"59,68";"59,40";"58,86"
"12067508";"Vogelsang";"Gemeinden";"55,29";"53,75";"53,58"
"12067520";"Wendisch Rietz";"Gemeinden";"9,25";"9,13";"8,38"
"12067528";"Wiesenau";"Gemeinden";"59,72";"58,32";"57,34"
"12067544";"Woltersdorf";"Gemeinden";"2,52";"0,77";"0,77"
"12067552";"Ziltendorf";"Gemeinden";"77,89";"81,40";"81,30"
"12068052";"Breddin";"Gemeinden";"62,88";"62,78";"61,66"
"12068072";"Dabergotz";"Gemeinden";"86,26";"87,60";"86,65"
"12068109";"Dreetz";"Gemeinden";"60,57";"58,50";"57,28"
"12068117";"Fehrbellin";"Gemeinden";"83,70";"82,46";"81,45"
"12068181";"Heiligengrabe";"Gemeinden";"63,94";"63,08";"62,65"
"12068188";"Herzberg (Mark)";"Gemeinden";"71,53";"68,23";"68,23"
"12068264";"Kyritz, Stadt";"Gemeinden";"61,05";"60,65";"59,83"
"12068280";"Lindow (Mark), Stadt";"Gemeinden";"48,31";"44,14";"43,46"
"12068306";"Märkisch Linden";"Gemeinden";"81,67";"80,86";"80,18"
"12068320";"Neuruppin, Stadt";"Gemeinden";"37,36";"36,89";"36,53"
"12068324";"Neustadt (Dosse), Stadt";"Gemeinden";"69,55";"67,84";"66,93"
"12068353";"Rheinsberg, Stadt";"Gemeinden";"25,30";"24,21";"23,99"
"12068372";"Rüthnick";"Gemeinden";"54,86";"51,58";"51,55"
"12068409";"Sieversdorf-Hohenofen";"Gemeinden";"84,72";"84,77";"84,67"
"12068413";"Storbeck-Frankendorf";"Gemeinden";"13,96";"13,31";"13,33"
"12068417";"Stüdenitz-Schönermark";"Gemeinden";"83,60";"83,19";"80,57"
"12068425";"Temnitzquell";"Gemeinden";"35,85";"35,36";"35,28"
"12068426";"Temnitztal";"Gemeinden";"91,41";"91,29";"90,34"
"12068437";"Vielitzsee";"Gemeinden";"55,32";"51,80";"49,77"
"12068452";"Walsleben";"Gemeinden";"53,88";"56,35";"55,84"
"12068468";"Wittstock/Dosse, Stadt";"Gemeinden";"44,92";"44,45";"44,07"
"12068477";"Wusterhausen/Dosse";"Gemeinden";"72,57";"71,81";"71,35"
"12068501";"Zernitz-Lohm";"Gemeinden";"81,10";"80,94";"80,17"
"12069017";"Beelitz, Stadt";"Gemeinden";"40,94";"40,87";"39,60"
"12069018";"Beetzsee";"Gemeinden";"61,17";"58,46";"57,57"
"12069019";"Beetzseeheide";"Gemeinden";"65,83";"65,37";"63,24"
"12069020";"Bad Belzig, Stadt";"Gemeinden";"43,25";"43,26";"43,12"
"12069028";"Bensdorf";"Gemeinden";"54,05";"53,99";"53,44"
"12069052";"Borkheide";"Gemeinden";"1,92";"1,78";"0,00"
"12069056";"Borkwalde";"Gemeinden";"4,09";"4,09";"0,00"
"12069076";"Brück, Stadt";"Gemeinden";"48,61";"48,60";"47,66"
"12069089";"Buckautal";"Gemeinden";"53,15";"53,15";"51,42"
"12069216";"Golzow";"Gemeinden";"62,52";"62,40";"60,09"
"12069224";"Görzke";"Gemeinden";"32,99";"32,97";"32,57"
"12069232";"Gräben";"Gemeinden";"26,24";"26,24";"25,21"
"12069249";"Groß Kreutz (Havel)";"Gemeinden";"69,12";"68,86";"67,14"
"12069270";"Havelsee, Stadt";"Gemeinden";"43,04";"41,71";"41,22"
"12069304";"Kleinmachnow";"Gemeinden";"4,03";"3,95";"3,78"
"12069306";"Kloster Lehnin";"Gemeinden";"44,52";"43,52";"40,21"
"12069345";"Linthe";"Gemeinden";"52,67";"51,83";"51,76"
"12069397";"Michendorf";"Gemeinden";"35,36";"35,01";"31,24"
"12069402";"Mühlenfließ";"Gemeinden";"61,37";"60,07";"60,06"
"12069448";"Niemegk, Stadt";"Gemeinden";"46,72";"45,59";"43,09"
"12069454";"Nuthetal";"Gemeinden";"56,40";"55,17";"51,70"
"12069460";"Päwesin";"Gemeinden";"49,54";"49,49";"46,81"
"12069470";"Planebruch";"Gemeinden";"33,98";"33,95";"33,95"
"12069474";"Planetal";"Gemeinden";"67,91";"67,87";"67,84"
"12069485";"Rabenstein/Fläming";"Gemeinden";"44,15";"44,14";"43,91"
"12069537";"Rosenau";"Gemeinden";"70,69";"70,45";"69,60"
"12069541";"Roskow";"Gemeinden";"83,80";"83,72";"81,89"
"12069590";"Schwielowsee";"Gemeinden";"10,19";"9,81";"8,59"
"12069596";"Seddiner See";"Gemeinden";"12,72";"12,64";"8,17"
"12069604";"Stahnsdorf";"Gemeinden";"44,13";"43,72";"42,05"
"12069616";"Teltow, Stadt";"Gemeinden";"42,78";"41,62";"41,32"
"12069632";"Treuenbrietzen, Stadt";"Gemeinden";"50,37";"50,18";"49,34"
"12069648";"Wenzlow";"Gemeinden";"48,78";"48,83";"47,71"
"12069656";"Werder (Havel), Stadt";"Gemeinden";"52,53";"51,72";"49,46"
"12069665";"Wiesenburg/Mark";"Gemeinden";"30,87";"30,87";"30,33"
"12069680";"Wollin";"Gemeinden";"43,25";"42,68";"42,61"
"12069688";"Wusterwitz";"Gemeinden";"46,02";"45,96";"36,08"
"12069696";"Ziesar, Stadt";"Gemeinden";"58,96";"58,90";"57,99"
"12070008";"Bad Wilsnack, Stadt";"Gemeinden";"45,30";"44,76";"44,15"
"12070028";"Berge";"Gemeinden";"80,39";"78,24";"78,17"
"12070052";"Breese";"Gemeinden";"50,55";"49,16";"48,36"
"12070060";"Cumlosen";"Gemeinden";"69,43";"68,89";"67,49"
"12070096";"Gerdshagen";"Gemeinden";"81,53";"81,14";"80,64"
"12070125";"Groß Pankow (Prignitz)";"Gemeinden";"69,45";"68,33";"67,82"
"12070145";"Gülitz-Reetz";"Gemeinden";"77,15";"75,79";"75,50"
"12070149";"Gumtow";"Gemeinden";"74,40";"74,02";"73,06"
"12070153";"Halenbeck-Rohlsdorf";"Gemeinden";"82,20";"82,20";"80,46"
"12070173";"Karstädt";"Gemeinden";"72,17";"71,58";"71,06"
"12070222";"Kümmernitztal";"Gemeinden";"87,78";"86,80";"86,65"
"12070236";"Lanz";"Gemeinden";"45,70";"45,65";"44,13"
"12070241";"Legde/Quitzöbel";"Gemeinden";"54,98";"54,65";"54,38"
"12070244";"Lenzen (Elbe), Stadt";"Gemeinden";"56,10";"54,60";"52,59"
"12070246";"Lenzerwische";"Gemeinden";"82,82";"82,27";"81,53"
"12070266";"Marienfließ";"Gemeinden";"53,94";"50,88";"49,69"
"12070280";"Meyenburg, Stadt";"Gemeinden";"74,62";"73,87";"73,10"
"12070296";"Perleberg, Stadt";"Gemeinden";"54,31";"53,69";"52,81"
"12070300";"Pirow";"Gemeinden";"83,73";"83,39";"82,99"
"12070302";"Plattenburg";"Gemeinden";"62,92";"62,13";"61,70"
"12070316";"Pritzwalk, Stadt";"Gemeinden";"79,39";"78,27";"77,44"
"12070325";"Putlitz, Stadt";"Gemeinden";"74,84";"73,53";"73,32"
"12070348";"Rühstädt";"Gemeinden";"78,13";"77,34";"74,00"
"12070393";"Triglitz";"Gemeinden";"84,88";"83,41";"83,25"
"12070416";"Weisen";"Gemeinden";"51,82";"49,78";"47,79"
"12070424";"Wittenberge, Stadt";"Gemeinden";"58,90";"55,34";"52,97"
"12071028";"Briesen/Brjazyna";"Gemeinden";"51,37";"48,74";"48,08"
"12071032";"Burg (Spreewald)/Bórkowy (Blota)";"Gemeinden";"73,85";"71,27";"63,67"
"12071041";"Dissen-Striesow/Dešno-Strjažow";"Gemeinden";"71,02";"70,82";"66,47"
"12071044";"Döbern/Derbno, Stadt";"Gemeinden";"20,90";"20,20";"19,70"
"12071052";"Drachhausen/Hochoza";"Gemeinden";"25,62";"25,44";"24,90"
"12071057";"Drebkau/Drjowk, Stadt";"Gemeinden";"38,70";"38,83";"37,51"
"12071060";"Drehnow/Drjenow";"Gemeinden";"71,74";"71,74";"71,83"
"12071074";"Felixsee/Feliksowy Jazor";"Gemeinden";"32,66";"31,28";"31,19"
"12071076";"Forst (Lausitz)/Baršc (Lužyca), Stadt";"Gemeinden";"37,13";"46,40";"45,94"
"12071153";"Groß Schacksdorf-Simmersdorf";"Gemeinden";"33,65";"33,49";"31,27"
"12071160";"Guben, Stadt";"Gemeinden";"45,56";"44,74";"43,44"
"12071164";"Guhrow/Góry";"Gemeinden";"74,70";"74,10";"74,55"
"12071176";"Heinersbrück/Móst";"Gemeinden";"30,32";"48,79";"47,50"
"12071189";"Jämlitz-Klein Düben";"Gemeinden";"24,55";"24,58";"23,05"
"12071193";"Jänschwalde/Janšojce";"Gemeinden";"22,85";"24,17";"22,98"
"12071244";"Kolkwitz/Golkojce";"Gemeinden";"49,41";"48,18";"47,09"
"12071294";"Neiße-Malxetal/Dolina Nysa-Malksa";"Gemeinden";"18,94";"18,63";"17,90"
"12071301";"Neuhausen/Spree / Kopance/Sprjewja";"Gemeinden";"38,46";"38,34";"36,61"
"12071304";"Peitz/Picnjo, Stadt";"Gemeinden";"67,83";"66,35";"64,64"
"12071337";"Schenkendöbern/Derbno";"Gemeinden";"27,04";"26,30";"25,79"
"12071341";"Schmogrow-Fehrow/Smogorjow-Prjawoz";"Gemeinden";"36,99";"37,03";"35,83"
"12071372";"Spremberg/Grodk, Stadt";"Gemeinden";"28,34";"29,45";"28,73"
"12071384";"Tauer/Turjej";"Gemeinden";"20,58";"20,42";"19,66"
"12071386";"Teichland/Gatojce";"Gemeinden";"30,25";"28,55";"25,02"
"12071392";"Tschernitz/Cersk";"Gemeinden";"36,58";"32,50";"31,30"
"12071401";"Turnow-Preilack/Turnow-Psiluk";"Gemeinden";"24,28";"24,20";"23,22"
"12071408";"Welzow/Wjelcej, Stadt";"Gemeinden";"36,90";"28,53";"25,30"
"12071412";"Werben/Wjerbno";"Gemeinden";"77,53";"77,33";"77,18"
"12071414";"Wiesengrund/Lukojce";"Gemeinden";"35,67";"35,96";"35,53"
"12072002";"Am Mellensee";"Gemeinden";"31,98";"31,95";"31,92"
"12072014";"Baruth/Mark, Stadt";"Gemeinden";"26,52";"26,46";"26,40"
"12072017";"Blankenfelde-Mahlow";"Gemeinden";"43,07";"42,89";"42,81"
"12072053";"Dahme/Mark, Stadt";"Gemeinden";"50,94";"50,93";"50,80"
"12072055";"Dahmetal";"Gemeinden";"53,73";"53,73";"53,56"
"12072120";"Großbeeren";"Gemeinden";"62,19";"62,13";"62,07"
"12072157";"Ihlow";"Gemeinden";"63,43";"63,43";"63,60"
"12072169";"Jüterbog, Stadt";"Gemeinden";"28,59";"28,58";"28,57"
"12072232";"Luckenwalde, Stadt";"Gemeinden";"39,11";"38,70";"38,51"
"12072240";"Ludwigsfelde, Stadt";"Gemeinden";"51,75";"50,98";"50,84"
"12072297";"Niedergörsdorf";"Gemeinden";"69,54";"69,53";"69,56"
"12072298";"Niederer Fläming";"Gemeinden";"68,50";"68,48";"68,48"
"12072312";"Nuthe-Urstromtal";"Gemeinden";"33,39";"33,36";"33,26"
"12072340";"Rangsdorf";"Gemeinden";"52,12";"51,82";"50,84"
"12072426";"Trebbin, Stadt";"Gemeinden";"58,99";"58,59";"57,92"
"12072477";"Zossen, Stadt";"Gemeinden";"37,97";"37,78";"37,35"
"12073008";"Angermünde, Stadt";"Gemeinden";"62,97";"62,93";"62,75"
"12073069";"Boitzenburger Land";"Gemeinden";"48,57";"48,60";"48,52"
"12073085";"Brüssow, Stadt";"Gemeinden";"84,05";"83,88";"83,79"
"12073093";"Carmzow-Wallmow";"Gemeinden";"89,09";"89,05";"89,05"
"12073097";"Casekow";"Gemeinden";"74,93";"74,92";"74,92"
"12073157";"Flieth-Stegelitz";"Gemeinden";"59,88";"59,88";"59,86"
"12073189";"Gartz (Oder), Stadt";"Gemeinden";"74,21";"74,01";"74,01"
"12073201";"Gerswalde";"Gemeinden";"65,37";"65,36";"65,34"
"12073216";"Göritz";"Gemeinden";"88,45";"88,38";"88,38"
"12073225";"Gramzow";"Gemeinden";"85,77";"85,76";"85,76"
"12073261";"Grünow";"Gemeinden";"86,57";"86,37";"86,28"
"12073309";"Hohenselchow-Groß Pinnow";"Gemeinden";"76,48";"76,48";"76,48"
"12073384";"Lychen, Stadt";"Gemeinden";"23,81";"23,77";"23,79"
"12073393";"Mescherin";"Gemeinden";"77,57";"77,55";"77,45"
"12073396";"Milmersdorf";"Gemeinden";"32,12";"32,10";"32,08"
"12073404";"Mittenwalde";"Gemeinden";"79,15";"79,15";"79,15"
"12073429";"Nordwestuckermark";"Gemeinden";"71,59";"71,54";"71,43"
"12073430";"Oberuckersee";"Gemeinden";"59,10";"59,04";"59,03"
"12073440";"Pinnow";"Gemeinden";"64,37";"63,99";"63,99"
"12073452";"Prenzlau, Stadt";"Gemeinden";"74,97";"74,77";"74,73"
"12073458";"Randowtal";"Gemeinden";"87,52";"87,58";"87,57"
"12073490";"Schenkenberg";"Gemeinden";"90,02";"89,79";"89,79"
"12073520";"Schönfeld";"Gemeinden";"87,53";"87,35";"86,98"
"12073532";"Schwedt/Oder, Stadt";"Gemeinden";"63,32";"63,21";"63,19"
"12073565";"Tantow";"Gemeinden";"81,59";"82,18";"82,21"
"12073569";"Temmen-Ringenwalde";"Gemeinden";"27,24";"27,24";"27,25"
"12073572";"Templin, Stadt";"Gemeinden";"30,36";"30,36";"30,35"
"12073578";"Uckerfelde";"Gemeinden";"88,76";"88,63";"88,59"
"12073579";"Uckerland";"Gemeinden";"86,96";"86,91";"86,98"
"12073645";"Zichow";"Gemeinden";"86,90";"86,90";"86,90"
"13003000";"Rostock, Hanse- und Universitätsstadt";"Gemeinden";"19,17";"19,10";"18,60"
"13004000";"Schwerin, Landeshauptstadt";"Gemeinden";"17,49";"17,23";"17,19"
"13071001";"Alt Schwerin";"Gemeinden";"23,65";"23,63";"23,63"
"13071002";"Altenhagen";"Gemeinden";"85,02";"85,02";"85,02"
"13071003";"Altenhof";"Gemeinden";"67,59";"66,87";"66,87"
"13071004";"Altentreptow, Stadt";"Gemeinden";"80,95";"80,89";"80,87"
"13071005";"Ankershagen, Schliemanngemeinde";"Gemeinden";"55,90";"55,84";"55,86"
"13071006";"Bartow";"Gemeinden";"88,66";"88,66";"88,66"
"13071007";"Basedow";"Gemeinden";"49,63";"48,86";"48,87"
"13071008";"Beggerow";"Gemeinden";"83,17";"83,13";"83,03"
"13071009";"Beseritz";"Gemeinden";"77,55";"77,55";"77,55"
"13071010";"Blankenhof";"Gemeinden";"74,42";"74,31";"74,31"
"13071011";"Blankensee";"Gemeinden";"65,05";"65,02";"64,94"
"13071012";"Blumenholz";"Gemeinden";"38,94";"38,89";"38,89"
"13071013";"Bollewick";"Gemeinden";"82,29";"82,25";"82,22"
"13071014";"Borrentin";"Gemeinden";"89,52";"89,52";"89,00"
"13071015";"Bredenfelde";"Gemeinden";"82,65";"82,42";"82,42"
"13071016";"Breesen";"Gemeinden";"78,37";"78,37";"78,29"
"13071017";"Breest";"Gemeinden";"85,02";"85,02";"85,02"
"13071018";"Briggow";"Gemeinden";"91,59";"91,52";"91,52"
"13071019";"Brunn";"Gemeinden";"76,09";"76,07";"76,03"
"13071020";"Buchholz";"Gemeinden";"54,70";"54,64";"54,64"
"13071021";"Burg Stargard, Stadt";"Gemeinden";"63,19";"63,15";"63,12"
"13071022";"Burow";"Gemeinden";"78,09";"78,03";"78,03"
"13071023";"Bütow";"Gemeinden";"82,57";"82,42";"82,42"
"13071025";"Carpin";"Gemeinden";"28,17";"28,15";"28,14"
"13071026";"Cölpin";"Gemeinden";"69,30";"69,30";"69,26"
"13071027";"Dargun, Stadt";"Gemeinden";"64,99";"64,35";"64,35"
"13071028";"Datzetal";"Gemeinden";"78,83";"78,85";"78,83"
"13071029";"Demmin, Hansestadt";"Gemeinden";"56,53";"56,51";"56,45"
"13071032";"Faulenrost";"Gemeinden";"78,38";"78,39";"78,39"
"13071033";"Feldberger Seenlandschaft";"Gemeinden";"47,83";"47,77";"47,72"
"13071034";"Fincken";"Gemeinden";"78,08";"78,11";"78,08"
"13071035";"Friedland, Stadt";"Gemeinden";"73,56";"73,54";"73,50"
"13071036";"Fünfseen";"Gemeinden";"55,27";"54,69";"54,67"
"13071037";"Galenbeck";"Gemeinden";"61,52";"61,52";"61,51"
"13071039";"Gielow";"Gemeinden";"68,32";"68,37";"66,67"
"13071041";"Gnevkow";"Gemeinden";"90,50";"90,45";"90,39"
"13071042";"Godendorf";"Gemeinden";"20,39";"20,32";"20,32"
"13071043";"Göhren-Lebbin";"Gemeinden";"51,80";"51,55";"50,92"
"13071044";"Golchen";"Gemeinden";"27,50";"27,50";"27,50"
"13071045";"Gotthun";"Gemeinden";"66,27";"65,97";"65,87"
"13071047";"Grabowhöfe";"Gemeinden";"72,78";"72,76";"72,78"
"13071048";"Grammentin";"Gemeinden";"38,39";"38,45";"38,39"
"13071049";"Grapzow";"Gemeinden";"85,31";"85,24";"85,24"
"13071050";"Grischow";"Gemeinden";"85,38";"85,56";"85,56"
"13071053";"Groß Kelle";"Gemeinden";"82,78";"82,63";"82,63"
"13071054";"Groß Miltzow";"Gemeinden";"83,60";"83,59";"83,59"
"13071055";"Groß Nemerow";"Gemeinden";"69,70";"69,70";"69,70"
"13071056";"Groß Plasten";"Gemeinden";"66,92";"66,90";"66,96"
"13071057";"Groß Teetzleben";"Gemeinden";"79,87";"79,83";"79,79"
"13071058";"Grünow";"Gemeinden";"50,32";"50,22";"50,17"
"13071059";"Gültz";"Gemeinden";"77,88";"77,80";"77,80"
"13071060";"Gülzow";"Gemeinden";"76,78";"76,72";"76,72"
"13071063";"Hohen Wangelin";"Gemeinden";"35,68";"35,68";"35,68"
"13071064";"Hohenbollentin";"Gemeinden";"88,85";"88,84";"88,84"
"13071065";"Hohenmocker";"Gemeinden";"82,53";"82,75";"82,72"
"13071066";"Hohenzieritz";"Gemeinden";"65,14";"65,04";"65,03"
"13071067";"Holldorf";"Gemeinden";"80,34";"80,34";"80,34"
"13071068";"Ivenack";"Gemeinden";"74,04";"73,91";"73,91"
"13071069";"Jabel";"Gemeinden";"32,15";"32,15";"32,15"
"13071070";"Jürgenstorf";"Gemeinden";"79,35";"79,39";"79,35"
"13071071";"Kargow";"Gemeinden";"23,56";"23,56";"23,56"
"13071072";"Kentzlin";"Gemeinden";"49,58";"57,80";"56,95"
"13071073";"Kieve";"Gemeinden";"51,55";"51,55";"51,55"
"13071074";"Kittendorf";"Gemeinden";"76,62";"76,57";"76,52"
"13071075";"Klein Vielen";"Gemeinden";"46,13";"46,08";"46,06"
"13071076";"Kletzin";"Gemeinden";"82,26";"82,29";"82,26"
"13071077";"Klink";"Gemeinden";"34,38";"34,38";"34,38"
"13071078";"Klocksin";"Gemeinden";"64,02";"63,73";"63,73"
"13071079";"Knorrendorf";"Gemeinden";"79,58";"79,51";"79,48"
"13071080";"Kratzeburg";"Gemeinden";"24,27";"24,09";"24,07"
"13071081";"Kriesow";"Gemeinden";"80,66";"80,61";"80,56"
"13071083";"Kublank";"Gemeinden";"89,92";"89,92";"89,92"
"13071084";"Kummerow, Seegemeinde";"Gemeinden";"32,62";"32,62";"32,62"
"13071087";"Lärz";"Gemeinden";"46,82";"46,75";"46,75"
"13071088";"Leizen";"Gemeinden";"65,45";"65,38";"65,38"
"13071089";"Lindenberg";"Gemeinden";"88,99";"88,99";"88,99"
"13071090";"Lindetal";"Gemeinden";"83,17";"83,14";"83,03"
"13071092";"Malchin, Stadt";"Gemeinden";"60,97";"60,78";"60,74"
"13071093";"Malchow, Inselstadt";"Gemeinden";"31,67";"30,87";"30,71"
"13071096";"Meesiger";"Gemeinden";"88,96";"88,85";"88,74"
"13071097";"Melz";"Gemeinden";"76,39";"76,39";"76,39"
"13071099";"Mirow, Stadt";"Gemeinden";"34,15";"34,06";"33,98"
"13071100";"Möllenbeck";"Gemeinden";"75,74";"75,69";"75,63"
"13071101";"Möllenhagen";"Gemeinden";"78,28";"78,04";"78,00"
"13071102";"Mölln";"Gemeinden";"81,06";"80,46";"80,46"
"13071103";"Moltzow";"Gemeinden";"75,74";"74,95";"75,05"
"13071104";"Neddemin";"Gemeinden";"78,13";"77,97";"77,97"
"13071105";"Neetzka";"Gemeinden";"69,86";"69,86";"69,86"
"13071107";"Neubrandenburg, Vier-Tore-Stadt";"Gemeinden";"22,38";"22,28";"22,25"
"13071108";"Neuenkirchen";"Gemeinden";"72,30";"72,21";"71,99"
"13071109";"Neukalen, Peenestadt";"Gemeinden";"65,67";"65,37";"65,39"
"13071110";"Neustrelitz, Residenzstadt";"Gemeinden";"20,35";"20,30";"20,26"
"13071111";"Neverin";"Gemeinden";"69,89";"69,89";"69,89"
"13071112";"Nossendorf";"Gemeinden";"77,23";"77,23";"77,20"
"13071113";"Nossentiner Hütte";"Gemeinden";"19,68";"19,45";"19,45"
"13071114";"Penkow";"Gemeinden";"89,84";"89,84";"89,84"
"13071115";"Penzlin, Stadt";"Gemeinden";"74,52";"74,50";"74,45"
"13071117";"Pragsdorf";"Gemeinden";"68,23";"68,09";"68,02"
"13071118";"Priborn";"Gemeinden";"36,40";"36,40";"36,34"
"13071119";"Priepert";"Gemeinden";"20,28";"20,24";"20,24"
"13071120";"Pripsleben";"Gemeinden";"84,67";"84,58";"84,58"
"13071122";"Rechlin";"Gemeinden";"28,25";"28,47";"28,47"
"13071123";"Ritzerow";"Gemeinden";"64,01";"64,03";"64,03"
"13071124";"Röbel/Müritz, Stadt";"Gemeinden";"70,97";"70,93";"70,89"
"13071125";"Röckwitz";"Gemeinden";"83,29";"83,29";"83,22"
"13071127";"Rosenow";"Gemeinden";"77,54";"77,44";"77,41"
"13071128";"Sarow";"Gemeinden";"88,33";"86,64";"86,61"
"13071130";"Schönbeck";"Gemeinden";"71,27";"71,23";"71,23"
"13071131";"Schönfeld";"Gemeinden";"84,39";"84,33";"84,33"
"13071132";"Schönhausen";"Gemeinden";"70,56";"69,49";"69,55"
"13071133";"Schwarz";"Gemeinden";"52,50";"52,50";"52,50"
"13071135";"Siedenbollentin";"Gemeinden";"55,21";"55,15";"55,15"
"13071136";"Siedenbrünzow";"Gemeinden";"72,97";"72,83";"72,83"
"13071137";"Sietow";"Gemeinden";"66,88";"66,88";"66,88"
"13071138";"Silz";"Gemeinden";"65,39";"65,29";"65,20"
"13071139";"Sommersdorf";"Gemeinden";"81,14";"80,91";"81,01"
"13071140";"Sponholz";"Gemeinden";"67,36";"67,28";"67,28"
"13071141";"Staven";"Gemeinden";"73,51";"73,51";"73,51"
"13071142";"Stavenhagen, Reuterstadt, Stadt";"Gemeinden";"70,48";"69,99";"69,92"
"13071143";"Stuer";"Gemeinden";"54,76";"51,65";"51,65"
"13071144";"Torgelow am See";"Gemeinden";"50,28";"50,31";"50,24"
"13071145";"Trollenhagen";"Gemeinden";"54,53";"54,41";"54,41"
"13071146";"Tützpatz";"Gemeinden";"82,23";"82,23";"82,13"
"13071147";"Userin";"Gemeinden";"26,84";"26,82";"26,75"
"13071148";"Utzedel";"Gemeinden";"75,56";"75,52";"75,52"
"13071150";"Verchen";"Gemeinden";"82,38";"82,04";"81,96"
"13071153";"Voigtsdorf";"Gemeinden";"88,32";"88,32";"88,32"
"13071154";"Vollrathsruhe";"Gemeinden";"60,33";"60,26";"60,26"
"13071155";"Walow";"Gemeinden";"68,19";"68,19";"68,17"
"13071156";"Waren (Müritz), Stadt";"Gemeinden";"20,58";"20,54";"20,55"
"13071157";"Warrenzin";"Gemeinden";"60,53";"60,47";"60,47"
"13071158";"Werder";"Gemeinden";"80,90";"80,80";"80,80"
"13071159";"Wesenberg, Stadt";"Gemeinden";"37,60";"37,55";"37,55"
"13071160";"Wildberg";"Gemeinden";"80,06";"80,02";"80,09"
"13071161";"Woggersin";"Gemeinden";"82,30";"82,30";"82,30"
"13071162";"Wokuhl-Dabelow";"Gemeinden";"26,73";"26,72";"26,67"
"13071163";"Wolde";"Gemeinden";"88,51";"88,51";"88,51"
"13071164";"Woldegk, Windmühlenstadt";"Gemeinden";"74,48";"73,97";"73,92"
"13071166";"Wulkenzin";"Gemeinden";"47,38";"47,38";"47,34"
"13071167";"Wustrow";"Gemeinden";"26,47";"26,45";"26,40"
"13071169";"Zettemin";"Gemeinden";"63,34";"63,24";"63,24"
"13071170";"Zirzow";"Gemeinden";"87,66";"87,55";"87,55"
"13071171";"Zislow";"Gemeinden";"28,42";"28,42";"28,42"
"13071172";"Peenehagen";"Gemeinden";"69,42";"69,36";"69,36"
"13071173";"Kuckssee";"Gemeinden";"70,30";"70,30";"70,24"
"13071174";"Schloen-Dratow";"Gemeinden";"61,66";"61,56";"61,51"
"13071175";"Eldetal";"Gemeinden";"55,61";"55,15";"55,16"
"13071176";"Südmüritz";"Gemeinden";"39,25";"39,25";"39,26"
"13072001";"Admannshagen-Bargeshagen";"Gemeinden";"85,23";"84,97";"84,91"
"13072002";"Alt Bukow";"Gemeinden";"79,91";"79,84";"79,84"
"13072003";"Alt Sührkow";"Gemeinden";"73,67";"73,63";"73,63"
"13072004";"Altkalen";"Gemeinden";"76,93";"76,93";"76,91"
"13072005";"Am Salzhaff";"Gemeinden";"82,85";"82,85";"82,46"
"13072006";"Bad Doberan, Stadt";"Gemeinden";"46,54";"45,57";"45,54"
"13072007";"Bartenshagen-Parkentin";"Gemeinden";"65,41";"65,15";"65,08"
"13072008";"Bastorf";"Gemeinden";"80,11";"80,11";"80,07"
"13072009";"Baumgarten";"Gemeinden";"67,97";"67,13";"67,10"
"13072010";"Behren-Lübchin";"Gemeinden";"76,82";"76,82";"76,76"
"13072011";"Benitz";"Gemeinden";"79,22";"79,12";"79,12"
"13072012";"Bentwisch";"Gemeinden";"79,32";"78,95";"78,95"
"13072013";"Bernitt";"Gemeinden";"66,16";"66,16";"66,13"
"13072014";"Biendorf";"Gemeinden";"74,38";"74,41";"74,21"
"13072015";"Blankenhagen";"Gemeinden";"56,75";"54,83";"54,79"
"13072017";"Börgerende-Rethwisch, Seebad";"Gemeinden";"70,31";"70,24";"70,24"
"13072018";"Bröbberow";"Gemeinden";"85,55";"85,48";"85,41"
"13072019";"Broderstorf";"Gemeinden";"74,26";"74,24";"74,24"
"13072020";"Bützow, Stadt";"Gemeinden";"53,68";"53,63";"53,48"
"13072021";"Cammin";"Gemeinden";"63,69";"63,63";"63,63"
"13072022";"Carinerland";"Gemeinden";"80,45";"80,46";"80,41"
"13072023";"Dahmen";"Gemeinden";"64,14";"61,52";"61,52"
"13072024";"Dalkendorf";"Gemeinden";"77,31";"77,12";"77,05"
"13072026";"Dobbin-Linstow";"Gemeinden";"36,84";"35,77";"35,77"
"13072027";"Dolgen am See";"Gemeinden";"64,68";"64,68";"64,62"
"13072028";"Dreetz";"Gemeinden";"76,00";"76,00";"76,00"
"13072029";"Dummerstorf";"Gemeinden";"74,21";"73,40";"73,23"
"13072030";"Elmenhorst/Lichtenhagen";"Gemeinden";"68,60";"69,01";"68,93"
"13072031";"Finkenthal";"Gemeinden";"58,67";"58,67";"58,67"
"13072032";"Gelbensande";"Gemeinden";"21,20";"21,20";"21,24"
"13072033";"Glasewitz";"Gemeinden";"63,82";"63,76";"63,76"
"13072034";"Gnewitz";"Gemeinden";"66,30";"66,20";"66,20"
"13072035";"Gnoien, Warbelstadt";"Gemeinden";"72,46";"72,44";"72,44"
"13072036";"Graal-Müritz, Ostseeheilbad";"Gemeinden";"22,57";"22,45";"22,21"
"13072037";"Grammow";"Gemeinden";"71,60";"71,63";"71,63"
"13072038";"Groß Roge";"Gemeinden";"79,36";"79,36";"79,32"
"13072039";"Groß Schwiesow";"Gemeinden";"75,42";"75,34";"75,34"
"13072040";"Groß Wokern";"Gemeinden";"68,40";"68,34";"68,29"
"13072041";"Groß Wüstenfelde";"Gemeinden";"77,31";"76,86";"76,78"
"13072042";"Gülzow-Prüzen";"Gemeinden";"69,71";"69,71";"69,64"
"13072043";"Güstrow, Barlachstadt";"Gemeinden";"36,52";"38,18";"38,16"
"13072044";"Gutow";"Gemeinden";"80,94";"80,90";"80,85"
"13072045";"Hohen Demzin";"Gemeinden";"78,96";"78,93";"78,92"
"13072046";"Hohen Sprenz";"Gemeinden";"62,20";"62,20";"62,60"
"13072047";"Hohenfelde";"Gemeinden";"75,08";"75,08";"75,08"
"13072048";"Hoppenrade";"Gemeinden";"67,84";"67,80";"67,80"
"13072049";"Jördenstorf";"Gemeinden";"80,35";"80,35";"80,20"
"13072050";"Jürgenshagen";"Gemeinden";"79,09";"79,06";"79,06"
"13072051";"Kassow";"Gemeinden";"65,81";"65,74";"65,67"
"13072053";"Klein Belitz";"Gemeinden";"87,92";"87,92";"87,86"
"13072055";"Klein Upahl";"Gemeinden";"50,38";"50,38";"50,38"
"13072056";"Krakow am See, Stadt";"Gemeinden";"39,59";"39,59";"39,56"
"13072057";"Kritzmow";"Gemeinden";"76,22";"76,02";"75,95"
"13072058";"Kröpelin, Stadt";"Gemeinden";"71,66";"71,47";"71,29"
"13072059";"Kuchelmiß";"Gemeinden";"57,88";"57,71";"57,73"
"13072060";"Kühlungsborn, Ostseebad, Stadt";"Gemeinden";"54,61";"54,05";"54,11"
"13072061";"Kuhs";"Gemeinden";"84,22";"84,15";"84,00"
"13072062";"Laage, Stadt";"Gemeinden";"69,79";"69,34";"69,32"
"13072063";"Lalendorf";"Gemeinden";"64,81";"64,89";"64,86"
"13072064";"Lambrechtshagen";"Gemeinden";"75,42";"75,20";"75,13"
"13072066";"Lelkendorf";"Gemeinden";"79,18";"79,12";"79,12"
"13072067";"Lohmen";"Gemeinden";"66,33";"66,22";"66,22"
"13072069";"Lüssow";"Gemeinden";"79,47";"79,23";"79,23"
"13072071";"Mistorf";"Gemeinden";"87,23";"87,23";"87,22"
"13072072";"Mönchhagen";"Gemeinden";"78,68";"78,58";"78,31"
"13072073";"Mühl Rosin";"Gemeinden";"31,97";"31,97";"31,99"
"13072074";"Neubukow, Schliemannstadt";"Gemeinden";"65,76";"65,62";"65,42"
"13072075";"Nienhagen, Ostseebad";"Gemeinden";"46,77";"46,39";"46,88"
"13072076";"Nustrow";"Gemeinden";"76,19";"77,41";"77,41"
"13072077";"Papendorf";"Gemeinden";"75,40";"74,96";"74,87"
"13072078";"Penzin";"Gemeinden";"89,26";"89,42";"89,26"
"13072079";"Plaaz";"Gemeinden";"72,44";"71,74";"71,69"
"13072080";"Pölchow";"Gemeinden";"73,73";"73,73";"73,73"
"13072081";"Poppendorf";"Gemeinden";"68,71";"67,50";"67,50"
"13072082";"Prebberede";"Gemeinden";"74,71";"74,62";"74,41"
"13072083";"Reddelich";"Gemeinden";"80,20";"80,09";"80,09"
"13072084";"Reimershagen";"Gemeinden";"64,44";"64,41";"64,41"
"13072085";"Rerik, Ostseebad, Stadt";"Gemeinden";"54,35";"53,97";"53,95"
"13072086";"Retschow";"Gemeinden";"65,96";"65,96";"65,96"
"13072087";"Roggentin";"Gemeinden";"61,64";"60,71";"60,71"
"13072088";"Rövershagen";"Gemeinden";"61,14";"60,02";"59,44"
"13072089";"Rühn";"Gemeinden";"40,18";"40,25";"40,11"
"13072090";"Rukieten";"Gemeinden";"64,07";"63,98";"63,41"
"13072091";"Sanitz";"Gemeinden";"59,09";"58,88";"58,86"
"13072092";"Sarmstorf";"Gemeinden";"88,08";"88,08";"87,90"
"13072093";"Satow";"Gemeinden";"80,42";"80,32";"80,26"
"13072094";"Schorssow";"Gemeinden";"65,46";"65,30";"65,30"
"13072095";"Schwaan, Stadt";"Gemeinden";"63,45";"63,40";"63,22"
"13072096";"Schwasdorf";"Gemeinden";"87,03";"87,03";"86,95"
"13072097";"Selpin";"Gemeinden";"60,82";"60,79";"60,79"
"13072098";"Stäbelow";"Gemeinden";"83,53";"83,27";"83,27"
"13072099";"Steffenshagen";"Gemeinden";"84,59";"84,59";"84,70"
"13072101";"Steinhagen";"Gemeinden";"79,68";"79,68";"79,59"
"13072102";"Stubbendorf";"Gemeinden";"76,66";"76,56";"76,56"
"13072103";"Sukow-Levitzow";"Gemeinden";"82,11";"82,06";"82,06"
"13072104";"Tarnow";"Gemeinden";"62,78";"62,75";"62,75"
"13072105";"Tessin, Blumenstadt";"Gemeinden";"70,34";"70,18";"69,52"
"13072106";"Teterow, Bergringstadt";"Gemeinden";"63,01";"62,78";"62,78"
"13072107";"Thelkow";"Gemeinden";"68,87";"68,87";"68,87"
"13072108";"Thulendorf";"Gemeinden";"85,17";"85,07";"85,07"
"13072109";"Thürkow";"Gemeinden";"77,19";"77,19";"77,12"
"13072110";"Vorbeck";"Gemeinden";"84,23";"84,17";"83,91"
"13072111";"Walkendorf";"Gemeinden";"78,22";"78,22";"78,20"
"13072112";"Wardow";"Gemeinden";"76,86";"76,12";"76,12"
"13072113";"Warnkenhagen";"Gemeinden";"83,58";"83,63";"83,63"
"13072114";"Warnow";"Gemeinden";"72,93";"72,90";"72,90"
"13072116";"Wiendorf";"Gemeinden";"67,54";"67,42";"67,42"
"13072117";"Wittenbeck";"Gemeinden";"68,11";"68,11";"66,09"
"13072118";"Zarnewanz";"Gemeinden";"73,56";"73,49";"73,49"
"13072119";"Zehna";"Gemeinden";"68,29";"68,57";"68,91"
"13072120";"Zepelin";"Gemeinden";"72,68";"72,63";"72,46"
"13072121";"Ziesendorf";"Gemeinden";"76,84";"76,80";"76,76"
"13073001";"Ahrenshagen-Daskow";"Gemeinden";"75,39";"75,36";"75,34"
"13073002";"Ahrenshoop, Ostseebad";"Gemeinden";"44,02";"41,94";"41,56"
"13073003";"Altefähr";"Gemeinden";"85,81";"85,58";"85,58"
"13073004";"Altenkirchen";"Gemeinden";"82,74";"82,74";"82,70"
"13073005";"Altenpleen";"Gemeinden";"77,22";"77,01";"76,97"
"13073006";"Baabe, Ostseebad";"Gemeinden";"33,63";"32,30";"32,30"
"13073007";"Bad Sülze, Stadt";"Gemeinden";"68,53";"68,58";"68,35"
"13073009";"Barth, Stadt";"Gemeinden";"38,54";"38,47";"38,42"
"13073010";"Bergen auf Rügen, Stadt";"Gemeinden";"64,91";"64,83";"64,79"
"13073011";"Binz, Ostseebad";"Gemeinden";"3,57";"3,57";"3,57"
"13073012";"Born a. Darß";"Gemeinden";"18,05";"18,03";"18,01"
"13073013";"Breege";"Gemeinden";"57,61";"57,30";"57,30"
"13073014";"Buschvitz";"Gemeinden";"57,17";"56,98";"57,03"
"13073015";"Dettmannsdorf";"Gemeinden";"66,46";"66,31";"65,52"
"13073016";"Deyelsdorf";"Gemeinden";"63,12";"63,12";"62,91"
"13073017";"Dierhagen, Ostseebad";"Gemeinden";"42,49";"42,56";"42,53"
"13073018";"Divitz-Spoldershagen";"Gemeinden";"66,00";"66,00";"66,00"
"13073019";"Dranske";"Gemeinden";"54,87";"54,55";"54,41"
"13073020";"Drechow";"Gemeinden";"87,97";"87,91";"87,91"
"13073021";"Dreschvitz";"Gemeinden";"74,25";"74,78";"74,69"
"13073022";"Eixen";"Gemeinden";"69,44";"68,88";"68,98"
"13073023";"Elmenhorst";"Gemeinden";"53,73";"53,69";"53,64"
"13073024";"Franzburg, Stadt";"Gemeinden";"75,13";"75,07";"75,07"
"13073025";"Fuhlendorf";"Gemeinden";"42,84";"42,52";"42,47"
"13073027";"Garz/Rügen, Stadt";"Gemeinden";"78,83";"78,65";"78,65"
"13073028";"Gingst";"Gemeinden";"81,70";"81,66";"81,70"
"13073029";"Glewitz";"Gemeinden";"78,96";"78,85";"78,73"
"13073030";"Glowe, Seebad";"Gemeinden";"51,14";"51,05";"51,05"
"13073031";"Göhren, Ostseebad";"Gemeinden";"12,40";"12,99";"12,99"
"13073032";"Grammendorf";"Gemeinden";"76,98";"76,95";"77,14"
"13073033";"Gransebieth";"Gemeinden";"77,89";"78,10";"78,23"
"13073034";"Gremersdorf-Buchholz";"Gemeinden";"67,31";"67,15";"67,25"
"13073035";"Grimmen, Stadt";"Gemeinden";"73,13";"73,09";"72,98"
"13073036";"Groß Kordshagen";"Gemeinden";"90,51";"88,57";"88,57"
"13073037";"Groß Mohrdorf";"Gemeinden";"52,79";"52,76";"52,76"
"13073038";"Gustow";"Gemeinden";"71,47";"71,35";"71,35"
"13073039";"Hugoldsdorf";"Gemeinden";"76,60";"76,04";"76,04"
"13073040";"Insel Hiddensee, Seebad";"Gemeinden";"24,96";"24,91";"25,00"
"13073041";"Jakobsdorf";"Gemeinden";"92,37";"92,49";"92,43"
"13073042";"Karnin";"Gemeinden";"62,27";"62,59";"62,59"
"13073043";"Kenz-Küstrow";"Gemeinden";"87,39";"87,33";"87,33"
"13073044";"Klausdorf";"Gemeinden";"69,78";"69,78";"69,78"
"13073045";"Kluis";"Gemeinden";"71,91";"71,86";"71,86"
"13073046";"Kramerhof";"Gemeinden";"63,96";"62,65";"62,59"
"13073048";"Lancken-Granitz";"Gemeinden";"76,36";"76,00";"76,00"
"13073049";"Lietzow";"Gemeinden";"41,60";"41,48";"41,48"
"13073050";"Lindholz";"Gemeinden";"65,79";"63,24";"62,52"
"13073051";"Löbnitz";"Gemeinden";"87,81";"87,81";"87,81"
"13073052";"Lohme";"Gemeinden";"65,58";"64,93";"64,86"
"13073053";"Lüdershagen";"Gemeinden";"89,77";"89,48";"89,56"
"13073054";"Lüssow";"Gemeinden";"64,16";"64,00";"63,99"
"13073055";"Marlow, Stadt";"Gemeinden";"68,34";"68,33";"67,97"
"13073057";"Millienhagen-Oebelitz";"Gemeinden";"75,70";"75,31";"75,31"
"13073059";"Neuenkirchen";"Gemeinden";"84,92";"84,79";"84,79"
"13073060";"Niepars";"Gemeinden";"81,50";"81,00";"80,94"
"13073061";"Pantelitz";"Gemeinden";"88,63";"86,82";"86,82"
"13073062";"Papenhagen";"Gemeinden";"88,78";"89,05";"89,05"
"13073063";"Parchtitz";"Gemeinden";"76,61";"76,57";"76,57"
"13073064";"Patzig";"Gemeinden";"80,15";"80,15";"80,15"
"13073065";"Poseritz";"Gemeinden";"85,29";"85,00";"85,00"
"13073066";"Preetz";"Gemeinden";"87,77";"86,55";"86,55"
"13073067";"Prerow, Ostseebad";"Gemeinden";"52,31";"51,90";"51,90"
"13073068";"Prohn";"Gemeinden";"82,16";"81,91";"81,85"
"13073069";"Pruchten";"Gemeinden";"75,67";"75,58";"75,46"
"13073070";"Putbus, Stadt";"Gemeinden";"66,58";"66,46";"66,41"
"13073071";"Putgarten";"Gemeinden";"83,06";"82,98";"82,98"
"13073072";"Ralswiek";"Gemeinden";"51,78";"51,66";"51,66"
"13073073";"Rambin";"Gemeinden";"86,02";"85,32";"85,22"
"13073074";"Rappin";"Gemeinden";"66,04";"65,97";"65,94"
"13073075";"Ribnitz-Damgarten, Bernsteinstadt";"Gemeinden";"41,15";"41,05";"40,97"
"13073076";"Richtenberg, Stadt";"Gemeinden";"84,50";"84,43";"84,43"
"13073077";"Saal";"Gemeinden";"79,45";"79,45";"79,41"
"13073078";"Sagard";"Gemeinden";"76,68";"76,40";"76,29"
"13073079";"Samtens";"Gemeinden";"77,63";"77,08";"76,68"
"13073080";"Sassnitz, Stadt";"Gemeinden";"25,99";"25,54";"25,54"
"13073081";"Schaprode";"Gemeinden";"87,50";"87,50";"87,40"
"13073082";"Schlemmin";"Gemeinden";"49,47";"48,51";"48,53"
"13073083";"Sehlen";"Gemeinden";"60,83";"60,73";"60,29"
"13073084";"Sellin, Ostseebad";"Gemeinden";"34,31";"34,19";"34,14"
"13073085";"Semlow";"Gemeinden";"66,92";"66,91";"66,88"
"13073086";"Splietsdorf";"Gemeinden";"82,71";"82,68";"82,68"
"13073087";"Steinhagen";"Gemeinden";"45,33";"44,22";"44,21"
"13073088";"Stralsund, Hansestadt";"Gemeinden";"20,52";"20,42";"20,33"
"13073089";"Süderholz";"Gemeinden";"80,77";"80,66";"80,39"
"13073090";"Sundhagen";"Gemeinden";"76,73";"76,40";"75,91"
"13073092";"Trent";"Gemeinden";"81,34";"81,00";"80,75"
"13073093";"Tribsees, Stadt";"Gemeinden";"68,17";"68,12";"68,06"
"13073094";"Trinwillershagen";"Gemeinden";"77,45";"77,45";"77,45"
"13073095";"Ummanz";"Gemeinden";"76,91";"76,82";"76,82"
"13073096";"Velgast";"Gemeinden";"52,23";"52,24";"52,23"
"13073097";"Weitenhagen";"Gemeinden";"77,01";"76,01";"76,03"
"13073098";"Wendisch Baggendorf";"Gemeinden";"75,99";"73,08";"73,08"
"13073099";"Wendorf";"Gemeinden";"76,31";"76,19";"76,19"
"13073100";"Wieck a. Darß";"Gemeinden";"71,62";"71,51";"71,51"
"13073101";"Wiek";"Gemeinden";"87,11";"87,03";"87,11"
"13073102";"Wittenhagen";"Gemeinden";"42,23";"42,06";"42,19"
"13073103";"Wustrow, Ostseebad";"Gemeinden";"64,68";"64,39";"64,39"
"13073104";"Zarrendorf";"Gemeinden";"68,95";"58,03";"58,03"
"13073105";"Zingst, Ostseeheilbad";"Gemeinden";"44,16";"44,32";"44,34"
"13073106";"Zirkow";"Gemeinden";"58,15";"58,15";"58,07"
"13073107";"Mönchgut, Ostseebad";"Gemeinden";"65,96";"65,49";"65,49"
"13074001";"Alt Meteln";"Gemeinden";"88,54";"88,59";"88,50"
"13074002";"Bad Kleinen";"Gemeinden";"60,83";"60,96";"60,92"
"13074003";"Barnekow";"Gemeinden";"81,45";"80,87";"80,87"
"13074004";"Benz";"Gemeinden";"78,59";"77,65";"77,51"
"13074005";"Bernstorf";"Gemeinden";"79,23";"79,28";"79,45"
"13074006";"Bibow";"Gemeinden";"54,42";"54,42";"52,52"
"13074007";"Blowatz";"Gemeinden";"81,00";"81,29";"81,32"
"13074008";"Bobitz";"Gemeinden";"77,99";"77,83";"77,54"
"13074009";"Boiensdorf";"Gemeinden";"85,75";"85,67";"85,59"
"13074010";"Boltenhagen, Ostseebad";"Gemeinden";"63,87";"61,42";"61,42"
"13074012";"Brüsewitz";"Gemeinden";"72,87";"72,75";"72,38"
"13074013";"Carlow";"Gemeinden";"73,12";"72,05";"72,02"
"13074014";"Cramonshagen";"Gemeinden";"73,53";"73,04";"72,94"
"13074015";"Dalberg-Wendelstorf";"Gemeinden";"81,23";"81,23";"81,11"
"13074016";"Damshagen";"Gemeinden";"83,85";"83,69";"83,67"
"13074017";"Dassow, Stadt";"Gemeinden";"75,43";"74,48";"74,51"
"13074018";"Dechow";"Gemeinden";"58,65";"58,02";"57,82"
"13074019";"Dorf Mecklenburg";"Gemeinden";"66,37";"66,67";"66,67"
"13074020";"Dragun";"Gemeinden";"76,29";"76,29";"75,90"
"13074021";"Gadebusch, Stadt";"Gemeinden";"76,04";"75,25";"75,25"
"13074022";"Gägelow";"Gemeinden";"74,86";"73,05";"72,96"
"13074023";"Glasin";"Gemeinden";"64,29";"64,55";"64,42"
"13074024";"Gottesgabe";"Gemeinden";"82,22";"82,17";"82,17"
"13074025";"Grambow";"Gemeinden";"58,43";"57,62";"57,57"
"13074026";"Grevesmühlen, Stadt";"Gemeinden";"58,72";"58,74";"58,53"
"13074027";"Grieben";"Gemeinden";"86,17";"86,17";"86,17"
"13074028";"Groß Molzahn";"Gemeinden";"86,21";"87,00";"87,00"
"13074030";"Groß Stieten";"Gemeinden";"72,17";"72,48";"72,17"
"13074031";"Hohen Viecheln";"Gemeinden";"49,84";"49,68";"49,63"
"13074032";"Hohenkirchen";"Gemeinden";"81,43";"81,31";"81,43"
"13074033";"Holdorf";"Gemeinden";"79,51";"77,82";"77,82"
"13074034";"Hornstorf";"Gemeinden";"75,97";"75,50";"74,36"
"13074035";"Insel Poel, Ostseebad";"Gemeinden";"76,66";"78,87";"78,87"
"13074036";"Jesendorf";"Gemeinden";"68,75";"68,52";"68,71"
"13074037";"Kalkhorst";"Gemeinden";"81,94";"81,53";"81,53"
"13074038";"Klein Trebbow";"Gemeinden";"75,37";"75,37";"75,30"
"13074039";"Klütz, Stadt";"Gemeinden";"76,65";"76,61";"76,25"
"13074040";"Kneese";"Gemeinden";"61,69";"61,06";"61,06"
"13074042";"Königsfeld";"Gemeinden";"81,15";"81,01";"80,64"
"13074043";"Krembz";"Gemeinden";"75,03";"74,67";"74,64"
"13074044";"Krusenhagen";"Gemeinden";"68,44";"65,78";"65,60"
"13074046";"Lübberstorf";"Gemeinden";"65,45";"64,15";"64,07"
"13074047";"Lübow";"Gemeinden";"69,53";"69,62";"69,39"
"13074048";"Lübstorf";"Gemeinden";"14,54";"14,40";"14,38"
"13074049";"Lüdersdorf";"Gemeinden";"63,44";"60,88";"60,77"
"13074050";"Lützow";"Gemeinden";"69,47";"69,55";"69,55"
"13074052";"Menzendorf";"Gemeinden";"84,86";"84,94";"84,84"
"13074053";"Metelsdorf";"Gemeinden";"79,54";"78,93";"78,81"
"13074054";"Mühlen Eichsen";"Gemeinden";"78,49";"78,32";"78,32"
"13074056";"Neuburg";"Gemeinden";"79,84";"79,66";"79,46"
"13074057";"Neukloster, Stadt";"Gemeinden";"58,23";"57,98";"57,91"
"13074060";"Passee";"Gemeinden";"58,89";"58,64";"58,64"
"13074061";"Perlin";"Gemeinden";"70,06";"68,13";"68,13"
"13074062";"Pingelshagen";"Gemeinden";"71,63";"70,67";"70,19"
"13074064";"Pokrent";"Gemeinden";"73,63";"72,40";"72,33"
"13074065";"Rehna, Stadt";"Gemeinden";"81,27";"81,18";"81,16"
"13074066";"Rieps";"Gemeinden";"86,61";"86,53";"86,53"
"13074067";"Roduchelstorf";"Gemeinden";"77,14";"76,84";"77,04"
"13074068";"Roggendorf";"Gemeinden";"70,86";"70,79";"70,54"
"13074069";"Roggenstorf";"Gemeinden";"75,71";"75,71";"75,36"
"13074070";"Rögnitz";"Gemeinden";"76,99";"76,82";"76,82"
"13074071";"Rüting";"Gemeinden";"87,01";"87,01";"87,01"
"13074072";"Schildetal";"Gemeinden";"75,95";"75,75";"75,70"
"13074073";"Schlagsdorf";"Gemeinden";"69,98";"69,77";"69,77"
"13074074";"Schönberg, Stadt";"Gemeinden";"75,05";"74,71";"73,98"
"13074075";"Seehof";"Gemeinden";"78,85";"78,16";"78,16"
"13074076";"Selmsdorf";"Gemeinden";"56,56";"56,18";"55,99"
"13074077";"Testorf-Steinfort";"Gemeinden";"81,27";"81,18";"79,85"
"13074078";"Thandorf";"Gemeinden";"83,06";"83,28";"83,28"
"13074079";"Upahl";"Gemeinden";"79,47";"79,47";"79,42"
"13074080";"Utecht";"Gemeinden";"75,29";"75,29";"75,38"
"13074081";"Veelböken";"Gemeinden";"81,67";"80,78";"80,72"
"13074082";"Ventschow";"Gemeinden";"44,75";"44,39";"44,31"
"13074084";"Warin, Stadt";"Gemeinden";"47,51";"47,00";"46,39"
"13074085";"Warnow";"Gemeinden";"83,45";"83,82";"83,82"
"13074087";"Wismar, Hansestadt";"Gemeinden";"35,40";"34,83";"34,53"
"13074088";"Zickhusen";"Gemeinden";"64,93";"64,29";"64,29"
"13074089";"Zierow";"Gemeinden";"70,33";"69,73";"69,73"
"13074090";"Zurow";"Gemeinden";"61,53";"60,49";"60,42"
"13074091";"Züsow";"Gemeinden";"69,12";"68,99";"69,09"
"13074092";"Wedendorfersee";"Gemeinden";"76,97";"76,69";"76,52"
"13074093";"Stepenitztal";"Gemeinden";"79,14";"79,14";"79,01"
"13074094";"Siemz-Niendorf";"Gemeinden";"80,35";"80,20";"80,01"
"13075001";"Ahlbeck";"Gemeinden";"33,42";"33,42";"33,37"
"13075002";"Alt Tellin";"Gemeinden";"79,25";"79,25";"79,29"
"13075003";"Altwarp, Fischerdorf";"Gemeinden";"5,95";"5,95";"5,95"
"13075004";"Altwigshagen";"Gemeinden";"77,48";"77,44";"77,48"
"13075005";"Anklam, Hansestadt";"Gemeinden";"72,14";"71,91";"71,88"
"13075006";"Bandelin";"Gemeinden";"74,17";"74,17";"74,17"
"13075007";"Bargischow";"Gemeinden";"86,46";"86,32";"86,32"
"13075008";"Behrenhoff";"Gemeinden";"83,78";"83,66";"83,66"
"13075009";"Bentzin";"Gemeinden";"74,40";"74,32";"74,30"
"13075010";"Benz";"Gemeinden";"72,60";"59,81";"59,81"
"13075011";"Bergholz";"Gemeinden";"89,89";"89,75";"89,20"
"13075012";"Blankensee";"Gemeinden";"40,72";"40,79";"40,79"
"13075013";"Blesewitz";"Gemeinden";"80,70";"80,70";"80,70"
"13075015";"Boldekow";"Gemeinden";"71,21";"71,21";"71,17"
"13075016";"Boock";"Gemeinden";"56,48";"56,17";"56,09"
"13075017";"Brietzig";"Gemeinden";"88,84";"88,84";"88,84"
"13075018";"Brünzow";"Gemeinden";"83,79";"83,73";"83,73"
"13075020";"Bugewitz";"Gemeinden";"36,95";"36,93";"36,93"
"13075021";"Buggenhagen";"Gemeinden";"57,03";"57,03";"57,03"
"13075022";"Butzow";"Gemeinden";"87,94";"87,94";"87,94"
"13075023";"Daberkow";"Gemeinden";"88,62";"88,62";"88,62"
"13075025";"Dargelin";"Gemeinden";"84,16";"84,16";"84,10"
"13075026";"Dargen";"Gemeinden";"65,99";"65,85";"65,85"
"13075027";"Dersekow";"Gemeinden";"86,29";"86,21";"86,18"
"13075029";"Ducherow";"Gemeinden";"69,22";"69,20";"69,16"
"13075031";"Eggesin, Stadt";"Gemeinden";"10,77";"10,77";"10,77"
"13075032";"Fahrenwalde";"Gemeinden";"69,93";"69,86";"69,86"
"13075033";"Ferdinandshof";"Gemeinden";"70,07";"70,07";"70,04"
"13075034";"Garz";"Gemeinden";"30,66";"29,84";"29,84"
"13075035";"Glasow";"Gemeinden";"90,06";"89,87";"89,61"
"13075036";"Görmin";"Gemeinden";"89,14";"89,06";"89,03"
"13075037";"Grambin";"Gemeinden";"12,89";"12,89";"12,89"
"13075038";"Grambow";"Gemeinden";"78,84";"78,82";"78,84"
"13075039";"Greifswald, Universitäts- und Hansestadt";"Gemeinden";"44,81";"44,58";"44,52"
"13075040";"Gribow";"Gemeinden";"89,35";"89,35";"89,45"
"13075041";"Groß Kiesow";"Gemeinden";"80,62";"80,58";"80,60"
"13075042";"Groß Luckow";"Gemeinden";"89,30";"89,41";"89,41"
"13075043";"Groß Polzin";"Gemeinden";"80,01";"80,09";"80,09"
"13075044";"Gützkow, Stadt";"Gemeinden";"81,67";"81,63";"81,60"
"13075045";"Hammer a.d. Uecker";"Gemeinden";"29,60";"29,60";"29,74"
"13075046";"Hanshagen";"Gemeinden";"30,22";"30,22";"30,22"
"13075048";"Heinrichswalde";"Gemeinden";"75,77";"75,70";"75,70"
"13075049";"Heringsdorf, Ostseebad";"Gemeinden";"20,68";"20,10";"20,10"
"13075050";"Hinrichshagen";"Gemeinden";"79,78";"79,78";"79,48"
"13075051";"Hintersee";"Gemeinden";"20,78";"20,78";"20,78"
"13075053";"Iven";"Gemeinden";"76,81";"76,81";"76,75"
"13075054";"Jarmen, Stadt";"Gemeinden";"79,09";"78,87";"78,83"
"13075055";"Jatznick";"Gemeinden";"59,03";"59,00";"58,91"
"13075056";"Kamminke";"Gemeinden";"64,07";"61,36";"61,36"
"13075058";"Karlshagen, Ostseebad";"Gemeinden";"29,62";"29,62";"29,62"
"13075059";"Katzow";"Gemeinden";"54,75";"54,59";"54,58"
"13075060";"Kemnitz";"Gemeinden";"85,01";"85,11";"85,11"
"13075061";"Klein Bünzow";"Gemeinden";"87,00";"86,97";"86,94"
"13075063";"Koblentz";"Gemeinden";"49,83";"49,65";"49,65"
"13075065";"Korswandt";"Gemeinden";"40,11";"40,00";"40,00"
"13075066";"Koserow, Ostseebad";"Gemeinden";"32,73";"31,47";"31,30"
"13075067";"Krackow";"Gemeinden";"78,81";"78,77";"78,66"
"13075068";"Krien";"Gemeinden";"90,52";"90,52";"90,43"
"13075069";"Kröslin";"Gemeinden";"66,34";"66,29";"66,34"
"13075070";"Kruckow";"Gemeinden";"83,71";"83,68";"83,68"
"13075071";"Krugsdorf";"Gemeinden";"48,44";"48,44";"48,44"
"13075072";"Krummin";"Gemeinden";"80,06";"80,06";"80,06"
"13075073";"Krusenfelde";"Gemeinden";"80,33";"80,33";"80,33"
"13075074";"Lassan, Stadt";"Gemeinden";"71,07";"71,04";"71,04"
"13075075";"Leopoldshagen";"Gemeinden";"37,81";"37,81";"37,81"
"13075076";"Levenhagen";"Gemeinden";"90,29";"91,04";"91,04"
"13075078";"Liepgarten";"Gemeinden";"24,23";"24,20";"24,20"
"13075079";"Löcknitz";"Gemeinden";"40,61";"40,61";"40,61"
"13075080";"Loddin, Seebad";"Gemeinden";"49,02";"49,02";"49,02"
"13075081";"Loissin";"Gemeinden";"78,55";"78,62";"78,55"
"13075082";"Loitz, Stadt";"Gemeinden";"73,46";"73,44";"73,43"
"13075083";"Lubmin, Seebad";"Gemeinden";"38,29";"38,22";"38,22"
"13075084";"Lübs";"Gemeinden";"46,75";"46,74";"46,71"
"13075085";"Luckow";"Gemeinden";"28,15";"28,21";"28,21"
"13075087";"Lütow";"Gemeinden";"58,51";"58,32";"58,32"
"13075088";"Medow";"Gemeinden";"89,44";"89,44";"89,44"
"13075089";"Meiersberg";"Gemeinden";"44,49";"44,49";"44,49"
"13075090";"Mellenthin";"Gemeinden";"68,12";"67,85";"67,85"
"13075091";"Mesekenhagen";"Gemeinden";"83,97";"83,97";"83,89"
"13075092";"Mölschow";"Gemeinden";"81,17";"81,17";"81,17"
"13075093";"Mönkebude";"Gemeinden";"10,66";"10,63";"10,61"
"13075094";"Murchin";"Gemeinden";"58,23";"58,16";"58,06"
"13075095";"Nadrensee";"Gemeinden";"75,31";"75,31";"75,31"
"13075097";"Neu Boltenhagen";"Gemeinden";"70,84";"70,84";"70,84"
"13075098";"Neu Kosenow";"Gemeinden";"90,37";"90,33";"90,33"
"13075101";"Neuenkirchen";"Gemeinden";"88,54";"88,54";"88,60"
"13075102";"Neuenkirchen";"Gemeinden";"72,02";"72,02";"71,89"
"13075103";"Nieden";"Gemeinden";"90,32";"90,46";"90,46"
"13075104";"Papendorf";"Gemeinden";"86,56";"86,56";"86,56"
"13075105";"Pasewalk, Stadt";"Gemeinden";"62,76";"62,65";"62,67"
"13075106";"Peenemünde";"Gemeinden";"13,68";"14,22";"14,22"
"13075107";"Penkun, Stadt";"Gemeinden";"82,76";"82,53";"82,53"
"13075108";"Plöwen";"Gemeinden";"53,36";"53,36";"53,36"
"13075109";"Polzow";"Gemeinden";"73,44";"73,44";"73,44"
"13075110";"Postlow";"Gemeinden";"88,54";"88,61";"88,61"
"13075111";"Pudagla";"Gemeinden";"44,37";"44,01";"44,01"
"13075113";"Ramin";"Gemeinden";"67,87";"67,94";"67,94"
"13075114";"Rankwitz";"Gemeinden";"65,90";"65,89";"65,89"
"13075115";"Rollwitz";"Gemeinden";"84,04";"84,02";"83,99"
"13075116";"Rossin";"Gemeinden";"78,31";"78,31";"78,31"
"13075117";"Rossow";"Gemeinden";"76,03";"75,64";"75,59"
"13075118";"Rothemühl";"Gemeinden";"7,28";"7,28";"7,28"
"13075119";"Rothenklempenow";"Gemeinden";"54,79";"54,78";"54,78"
"13075120";"Rubenow";"Gemeinden";"68,81";"68,81";"68,79"
"13075121";"Rubkow";"Gemeinden";"74,76";"74,79";"74,76"
"13075122";"Sarnow";"Gemeinden";"74,74";"74,70";"74,70"
"13075123";"Sassen-Trantow";"Gemeinden";"78,68";"78,72";"78,70"
"13075124";"Sauzin";"Gemeinden";"78,35";"78,35";"78,35"
"13075125";"Schmatzin";"Gemeinden";"87,92";"87,91";"87,91"
"13075126";"Schönwalde";"Gemeinden";"85,54";"85,54";"85,50"
"13075127";"Spantekow";"Gemeinden";"75,52";"75,52";"74,41"
"13075128";"Stolpe an der Peene";"Gemeinden";"88,00";"88,00";"87,83"
"13075129";"Stolpe auf Usedom";"Gemeinden";"70,53";"70,40";"70,35"
"13075130";"Strasburg (Uckermark), Stadt";"Gemeinden";"76,53";"76,50";"76,39"
"13075131";"Torgelow, Stadt";"Gemeinden";"13,38";"13,37";"13,35"
"13075133";"Trassenheide, Ostseebad";"Gemeinden";"15,47";"15,16";"15,16"
"13075134";"Tutow";"Gemeinden";"1,49";"1,49";"1,49"
"13075135";"Ückeritz, Seebad";"Gemeinden";"22,64";"22,21";"22,21"
"13075136";"Ueckermünde, Seebad , Stadt";"Gemeinden";"15,10";"15,09";"15,09"
"13075137";"Usedom, Stadt";"Gemeinden";"63,93";"63,77";"63,76"
"13075138";"Viereck";"Gemeinden";"40,70";"40,72";"40,72"
"13075139";"Vogelsang-Warsin";"Gemeinden";"7,02";"7,02";"7,02"
"13075140";"Völschow";"Gemeinden";"84,76";"84,67";"84,62"
"13075141";"Wackerow";"Gemeinden";"63,64";"62,98";"62,94"
"13075142";"Weitenhagen";"Gemeinden";"45,59";"45,97";"45,86"
"13075143";"Wilhelmsburg";"Gemeinden";"67,88";"67,88";"67,86"
"13075144";"Wolgast, Stadt";"Gemeinden";"47,46";"45,93";"45,93"
"13075145";"Wrangelsburg";"Gemeinden";"50,29";"50,16";"50,16"
"13075146";"Wusterhusen";"Gemeinden";"87,53";"87,53";"87,69"
"13075147";"Zemitz";"Gemeinden";"71,65";"71,61";"71,64"
"13075148";"Zempin, Seebad";"Gemeinden";"34,34";"34,34";"34,34"
"13075149";"Zerrenthin";"Gemeinden";"89,67";"89,60";"89,60"
"13075150";"Ziethen";"Gemeinden";"84,99";"84,99";"84,99"
"13075151";"Zinnowitz, Ostseebad";"Gemeinden";"47,81";"47,69";"47,69"
"13075152";"Zirchow";"Gemeinden";"66,74";"66,63";"66,63"
"13075154";"Züssow";"Gemeinden";"79,72";"79,72";"79,69"
"13075155";"Neetzow-Liepen";"Gemeinden";"84,34";"84,32";"84,22"
"13075156";"Karlsburg";"Gemeinden";"61,11";"61,12";"61,09"
"13076001";"Alt Krenzlin";"Gemeinden";"50,42";"49,97";"49,84"
"13076002";"Alt Zachun";"Gemeinden";"78,88";"78,77";"78,65"
"13076003";"Balow";"Gemeinden";"80,51";"80,51";"80,44"
"13076004";"Bandenitz";"Gemeinden";"61,68";"61,45";"61,27"
"13076005";"Banzkow";"Gemeinden";"69,52";"69,27";"69,27"
"13076006";"Barkhagen";"Gemeinden";"87,40";"87,13";"87,00"
"13076007";"Barnin";"Gemeinden";"50,24";"50,35";"50,35"
"13076008";"Belsch";"Gemeinden";"31,70";"31,70";"31,70"
"13076009";"Bengerstorf";"Gemeinden";"55,75";"55,75";"54,54"
"13076010";"Besitz";"Gemeinden";"71,79";"69,54";"69,54"
"13076011";"Blankenberg";"Gemeinden";"35,34";"35,34";"35,29"
"13076012";"Blievenstorf";"Gemeinden";"49,35";"49,35";"49,35"
"13076013";"Bobzin";"Gemeinden";"86,70";"85,71";"85,71"
"13076014";"Boizenburg/ Elbe, Stadt";"Gemeinden";"58,11";"56,33";"56,28"
"13076015";"Borkow";"Gemeinden";"50,61";"50,57";"49,24"
"13076016";"Brahlstorf";"Gemeinden";"65,89";"65,85";"65,85"
"13076017";"Brenz";"Gemeinden";"80,83";"80,83";"80,83"
"13076018";"Bresegard bei Eldena";"Gemeinden";"78,11";"78,11";"78,11"
"13076019";"Bresegard bei Picher";"Gemeinden";"67,91";"67,73";"67,61"
"13076020";"Brüel, Stadt";"Gemeinden";"64,72";"64,68";"64,07"
"13076021";"Brunow";"Gemeinden";"89,81";"89,81";"89,82"
"13076023";"Bülow";"Gemeinden";"62,91";"62,94";"62,77"
"13076024";"Cambs";"Gemeinden";"60,97";"60,97";"60,91"
"13076025";"Crivitz, Stadt";"Gemeinden";"50,51";"50,30";"50,28"
"13076026";"Dabel";"Gemeinden";"43,08";"43,00";"43,00"
"13076027";"Dambeck";"Gemeinden";"88,79";"88,61";"88,67"
"13076029";"Demen";"Gemeinden";"49,99";"49,98";"49,96"
"13076030";"Dersenow";"Gemeinden";"72,46";"72,06";"72,06"
"13076032";"Dobbertin";"Gemeinden";"25,05";"25,05";"25,05"
"13076033";"Dobin am See";"Gemeinden";"68,83";"68,77";"68,79"
"13076034";"Dömitz, Stadt";"Gemeinden";"57,49";"55,13";"55,11"
"13076035";"Domsühl";"Gemeinden";"70,01";"69,74";"69,74"
"13076036";"Dümmer";"Gemeinden";"66,43";"66,37";"65,86"
"13076037";"Eldena";"Gemeinden";"60,63";"60,36";"60,36"
"13076038";"Friedrichsruhe";"Gemeinden";"73,23";"71,04";"71,10"
"13076039";"Gallin";"Gemeinden";"59,45";"59,09";"59,05"
"13076040";"Gallin-Kuppentin";"Gemeinden";"78,47";"78,50";"78,50"
"13076041";"Gammelin";"Gemeinden";"71,36";"71,29";"71,04"
"13076044";"Gneven";"Gemeinden";"32,76";"32,56";"32,56"
"13076046";"Göhlen";"Gemeinden";"46,08";"45,80";"45,80"
"13076048";"Goldberg, Stadt";"Gemeinden";"59,33";"59,32";"59,32"
"13076049";"Gorlosen";"Gemeinden";"41,04";"41,00";"40,96"
"13076050";"Grabow, Stadt";"Gemeinden";"38,00";"36,82";"36,42"
"13076051";"Granzin";"Gemeinden";"83,03";"83,03";"83,06"
"13076053";"Grebs-Niendorf";"Gemeinden";"60,95";"60,44";"60,43"
"13076054";"Gresse";"Gemeinden";"56,45";"56,45";"56,45"
"13076055";"Greven";"Gemeinden";"64,93";"64,80";"64,79"
"13076056";"Groß Godems";"Gemeinden";"52,82";"51,49";"51,49"
"13076057";"Groß Krams";"Gemeinden";"62,60";"62,60";"62,60"
"13076058";"Groß Laasch";"Gemeinden";"33,99";"33,77";"33,77"
"13076060";"Hagenow, Stadt";"Gemeinden";"52,19";"52,06";"52,22"
"13076062";"Hohen Pritz";"Gemeinden";"56,62";"56,58";"56,73"
"13076063";"Holthusen";"Gemeinden";"53,75";"53,60";"53,60"
"13076064";"Hoort";"Gemeinden";"62,74";"62,65";"62,65"
"13076065";"Hülseburg";"Gemeinden";"77,67";"77,56";"77,56"
"13076067";"Karenz";"Gemeinden";"80,52";"80,23";"80,23"
"13076068";"Karrenzin";"Gemeinden";"78,15";"78,65";"78,06"
"13076069";"Karstädt";"Gemeinden";"67,16";"67,16";"67,10"
"13076070";"Kirch Jesar";"Gemeinden";"41,53";"41,53";"41,53"
"13076071";"Klein Rogahn";"Gemeinden";"89,67";"89,67";"89,30"
"13076072";"Kobrow";"Gemeinden";"59,05";"59,03";"59,03"
"13076073";"Kogel";"Gemeinden";"64,23";"63,86";"63,83"
"13076075";"Kreien";"Gemeinden";"71,69";"71,49";"71,47"
"13076076";"Kremmin";"Gemeinden";"58,66";"54,52";"54,41"
"13076077";"Kritzow";"Gemeinden";"72,18";"72,14";"72,14"
"13076078";"Kuhlen-Wendorf";"Gemeinden";"61,68";"61,64";"61,09"
"13076079";"Kuhstorf";"Gemeinden";"60,44";"59,64";"59,44"
"13076080";"Langen Brütz";"Gemeinden";"66,10";"66,10";"66,04"
"13076082";"Leezen";"Gemeinden";"69,85";"69,77";"69,69"
"13076085";"Lewitzrand";"Gemeinden";"73,49";"73,29";"73,28"
"13076086";"Lübesse";"Gemeinden";"23,90";"23,85";"23,80"
"13076087";"Lüblow";"Gemeinden";"59,06";"59,03";"59,03"
"13076088";"Lübtheen, Stadt";"Gemeinden";"56,10";"55,79";"55,71"
"13076089";"Lübz, Stadt";"Gemeinden";"68,74";"68,22";"68,19"
"13076090";"Ludwigslust, Stadt";"Gemeinden";"52,16";"51,86";"51,73"
"13076092";"Lüttow-Valluhn";"Gemeinden";"74,03";"65,08";"64,91"
"13076093";"Malk Göhren";"Gemeinden";"60,97";"60,88";"60,83"
"13076094";"Malliß";"Gemeinden";"30,87";"30,55";"30,55"
"13076096";"Mestlin";"Gemeinden";"73,48";"73,35";"73,32"
"13076097";"Milow";"Gemeinden";"56,79";"56,73";"56,58"
"13076098";"Möllenbeck";"Gemeinden";"64,90";"64,87";"64,87"
"13076099";"Moraas";"Gemeinden";"46,72";"46,72";"46,72"
"13076100";"Muchow";"Gemeinden";"63,38";"63,33";"63,33"
"13076101";"Mustin";"Gemeinden";"67,39";"67,35";"67,35"
"13076102";"Neu Gülze";"Gemeinden";"73,37";"72,84";"72,82"
"13076103";"Neu Kaliß";"Gemeinden";"35,94";"35,61";"35,56"
"13076104";"Neu Poserin";"Gemeinden";"33,52";"33,52";"33,47"
"13076105";"Neustadt-Glewe, Stadt";"Gemeinden";"45,81";"44,42";"42,87"
"13076106";"Nostorf";"Gemeinden";"73,92";"73,03";"73,03"
"13076107";"Pampow";"Gemeinden";"67,67";"67,57";"66,94"
"13076108";"Parchim, Stadt";"Gemeinden";"44,54";"44,25";"44,13"
"13076109";"Passow";"Gemeinden";"77,67";"77,59";"77,59"
"13076110";"Pätow-Steegen";"Gemeinden";"64,88";"64,79";"64,69"
"13076111";"Picher";"Gemeinden";"35,66";"35,56";"35,48"
"13076112";"Pinnow";"Gemeinden";"36,00";"35,89";"35,84"
"13076113";"Plate";"Gemeinden";"66,21";"66,06";"66,06"
"13076114";"Plau am See, Stadt";"Gemeinden";"38,66";"38,57";"38,47"
"13076115";"Prislich";"Gemeinden";"66,79";"66,79";"66,83"
"13076116";"Pritzier";"Gemeinden";"65,88";"65,78";"65,78"
"13076117";"Raben Steinfeld";"Gemeinden";"20,42";"20,42";"20,42"
"13076118";"Rastow";"Gemeinden";"55,43";"55,33";"55,33"
"13076119";"Redefin";"Gemeinden";"51,10";"50,31";"49,52"
"13076120";"Rom";"Gemeinden";"74,58";"73,89";"73,01"
"13076121";"Schossin";"Gemeinden";"78,46";"78,46";"78,46"
"13076122";"Schwanheide";"Gemeinden";"52,01";"52,01";"52,01"
"13076125";"Siggelkow";"Gemeinden";"68,85";"68,76";"68,75"
"13076126";"Spornitz";"Gemeinden";"67,83";"67,88";"67,88"
"13076128";"Sternberg, Stadt";"Gemeinden";"49,38";"49,36";"49,37"
"13076129";"Stolpe";"Gemeinden";"60,15";"60,10";"60,10"
"13076130";"Stralendorf";"Gemeinden";"76,39";"76,39";"76,25"
"13076131";"Strohkirchen";"Gemeinden";"52,10";"52,10";"52,10"
"13076133";"Sukow";"Gemeinden";"58,52";"56,79";"56,79"
"13076134";"Sülstorf";"Gemeinden";"82,32";"82,22";"82,37"
"13076135";"Techentin";"Gemeinden";"73,61";"73,51";"73,53"
"13076136";"Teldau";"Gemeinden";"83,08";"80,25";"80,18"
"13076138";"Tessin b. Boizenburg";"Gemeinden";"66,34";"66,34";"66,15"
"13076140";"Tramm";"Gemeinden";"46,94";"46,90";"46,91"
"13076141";"Uelitz";"Gemeinden";"47,91";"47,85";"47,85"
"13076142";"Vellahn";"Gemeinden";"63,61";"63,54";"63,51"
"13076143";"Vielank";"Gemeinden";"45,16";"44,77";"44,34"
"13076145";"Warlitz";"Gemeinden";"65,13";"65,12";"65,12"
"13076146";"Warlow";"Gemeinden";"65,93";"64,41";"64,41"
"13076147";"Warsow";"Gemeinden";"90,96";"90,56";"90,50"
"13076148";"Weitendorf";"Gemeinden";"32,99";"33,00";"32,77"
"13076151";"Werder";"Gemeinden";"85,31";"85,20";"85,31"
"13076152";"Wittenburg, Stadt";"Gemeinden";"68,98";"68,92";"68,77"
"13076153";"Wittendörp";"Gemeinden";"70,08";"69,99";"69,88"
"13076154";"Wittenförden";"Gemeinden";"80,13";"80,13";"80,13"
"13076155";"Witzin";"Gemeinden";"43,11";"43,11";"43,11"
"13076156";"Wöbbelin";"Gemeinden";"57,23";"57,12";"57,26"
"13076158";"Zapel";"Gemeinden";"61,22";"61,05";"61,05"
"13076159";"Zarrentin am Schaalsee, Stadt";"Gemeinden";"63,77";"63,53";"63,34"
"13076160";"Ziegendorf";"Gemeinden";"68,08";"67,84";"67,86"
"13076161";"Zierzow";"Gemeinden";"72,39";"72,39";"72,39"
"13076162";"Zölkow";"Gemeinden";"79,23";"79,23";"79,18"
"13076163";"Zülow";"Gemeinden";"67,74";"67,74";"68,82"
"13076164";"Obere Warnow";"Gemeinden";"84,24";"84,24";"84,22"
"13076165";"Gehlsbach";"Gemeinden";"76,05";"76,26";"76,23"
"13076166";"Ganzlin";"Gemeinden";"65,93";"66,12";"65,96"
"13076167";"Kloster Tempzin";"Gemeinden";"71,18";"71,22";"71,22"
"13076168";"Ruhner Berge";"Gemeinden";"63,90";"63,86";"63,82"
"13076169";"Toddin";"Gemeinden";"72,08";"71,98";"71,76"
"14511000";"Chemnitz, Stadt";"Gemeinden";"37,57";"36,98";"36,95"
"14521010";"Amtsberg";"Gemeinden";"57,93";"57,16";"57,07"
"14521020";"Annaberg-Buchholz, Stadt";"Gemeinden";"52,75";"51,01";"50,55"
"14521035";"Aue-Bad Schlema, Stadt";"Gemeinden";"23,06";"20,51";"20,45"
"14521040";"Auerbach";"Gemeinden";"56,04";"54,95";"54,95"
"14521060";"Bärenstein";"Gemeinden";"50,82";"50,64";"50,27"
"14521080";"Bockau";"Gemeinden";"19,11";"18,28";"18,23"
"14521090";"Börnichen/Erzgeb.";"Gemeinden";"20,32";"19,68";"19,55"
"14521110";"Breitenbrunn/Erzgeb.";"Gemeinden";"15,48";"14,72";"14,70"
"14521120";"Burkhardtsdorf";"Gemeinden";"65,41";"63,57";"63,15"
"14521130";"Crottendorf";"Gemeinden";"36,71";"35,88";"35,82"
"14521140";"Deutschneudorf";"Gemeinden";"28,50";"26,77";"26,34"
"14521150";"Drebach";"Gemeinden";"62,70";"62,45";"62,36"
"14521160";"Ehrenfriedersdorf, Stadt";"Gemeinden";"29,33";"29,33";"29,20"
"14521170";"Eibenstock, Stadt";"Gemeinden";"9,12";"8,86";"8,81"
"14521180";"Elterlein, Stadt";"Gemeinden";"42,41";"42,46";"42,33"
"14521200";"Gelenau/Erzgeb.";"Gemeinden";"45,19";"45,12";"44,98"
"14521210";"Geyer, Stadt";"Gemeinden";"18,86";"17,51";"17,35"
"14521220";"Gornau/Erzgeb.";"Gemeinden";"69,62";"68,86";"68,76"
"14521230";"Gornsdorf";"Gemeinden";"60,38";"60,14";"60,14"
"14521240";"Großolbersdorf";"Gemeinden";"65,57";"65,31";"65,31"
"14521250";"Großrückerswalde";"Gemeinden";"63,04";"62,81";"62,78"
"14521260";"Grünhain-Beierfeld, Stadt";"Gemeinden";"34,97";"34,52";"34,07"
"14521270";"Grünhainichen";"Gemeinden";"36,59";"35,83";"35,65"
"14521280";"Heidersdorf";"Gemeinden";"65,30";"63,20";"63,20"
"14521290";"Hohndorf";"Gemeinden";"57,06";"50,48";"50,48"
"14521310";"Jahnsdorf/Erzgeb.";"Gemeinden";"71,01";"70,38";"70,22"
"14521320";"Johanngeorgenstadt, Stadt";"Gemeinden";"9,87";"9,43";"9,43"
"14521330";"Jöhstadt, Stadt";"Gemeinden";"25,47";"25,38";"25,24"
"14521340";"Königswalde";"Gemeinden";"42,75";"42,44";"42,44"
"14521355";"Lauter-Bernsbach, Stadt";"Gemeinden";"26,82";"26,02";"25,66"
"14521370";"Lößnitz, Stadt";"Gemeinden";"47,65";"47,49";"47,16"
"14521380";"Lugau/Erzgeb., Stadt";"Gemeinden";"73,04";"72,50";"71,65"
"14521390";"Marienberg, Stadt";"Gemeinden";"36,09";"36,01";"35,94"
"14521400";"Mildenau";"Gemeinden";"74,71";"74,49";"74,46"
"14521410";"Neukirchen/Erzgeb.";"Gemeinden";"65,49";"64,90";"64,50"
"14521420";"Niederdorf";"Gemeinden";"47,17";"46,32";"46,02"
"14521430";"Niederwürschnitz";"Gemeinden";"58,28";"58,11";"58,11"
"14521440";"Oberwiesenthal, Kurort, Stadt";"Gemeinden";"9,05";"9,07";"8,97"
"14521450";"Oelsnitz/Erzgeb., Stadt";"Gemeinden";"43,38";"42,77";"42,62"
"14521460";"Olbernhau, Stadt";"Gemeinden";"33,99";"33,36";"33,22"
"14521495";"Pockau-Lengefeld, Stadt";"Gemeinden";"45,50";"44,73";"44,59"
"14521500";"Raschau-Markersbach";"Gemeinden";"34,92";"34,79";"34,69"
"14521510";"Scheibenberg, Stadt";"Gemeinden";"57,67";"57,22";"56,89"
"14521520";"Schlettau, Stadt";"Gemeinden";"59,80";"59,47";"59,38"
"14521530";"Schneeberg, Stadt";"Gemeinden";"49,42";"48,99";"48,91"
"14521540";"Schönheide";"Gemeinden";"23,02";"22,74";"22,70"
"14521550";"Schwarzenberg/Erzgeb., Stadt";"Gemeinden";"35,09";"34,72";"34,74"
"14521560";"Sehmatal";"Gemeinden";"36,87";"36,76";"36,35"
"14521570";"Seiffen/Erzgeb., Kurort";"Gemeinden";"56,07";"55,35";"55,19"
"14521590";"Stollberg/Erzgeb., Stadt";"Gemeinden";"59,14";"58,43";"58,17"
"14521600";"Stützengrün";"Gemeinden";"30,01";"29,69";"29,52"
"14521610";"Tannenberg";"Gemeinden";"53,95";"53,70";"53,70"
"14521620";"Thalheim/Erzgeb., Stadt";"Gemeinden";"36,42";"36,05";"35,96"
"14521630";"Thermalbad Wiesenbad";"Gemeinden";"64,19";"63,90";"63,82"
"14521640";"Thum, Stadt";"Gemeinden";"56,88";"56,72";"55,98"
"14521670";"Wolkenstein, Stadt";"Gemeinden";"69,09";"68,63";"68,27"
"14521690";"Zschopau, Stadt, Motorradstadt";"Gemeinden";"54,37";"54,15";"53,97"
"14521700";"Zschorlau";"Gemeinden";"35,08";"34,47";"34,47"
"14521710";"Zwönitz, Stadt";"Gemeinden";"54,14";"53,97";"53,91"
"14522010";"Altmittweida";"Gemeinden";"85,16";"84,66";"84,45"
"14522020";"Augustusburg, Stadt";"Gemeinden";"43,63";"43,03";"42,81"
"14522035";"Bobritzsch-Hilbersdorf";"Gemeinden";"82,42";"81,98";"81,82"
"14522050";"Brand-Erbisdorf, Stadt";"Gemeinden";"62,55";"61,99";"61,58"
"14522060";"Burgstädt, Stadt";"Gemeinden";"66,50";"64,80";"64,68"
"14522070";"Claußnitz";"Gemeinden";"76,85";"76,43";"76,38"
"14522080";"Döbeln, Stadt";"Gemeinden";"78,69";"78,26";"77,98"
"14522090";"Dorfchemnitz";"Gemeinden";"77,76";"77,55";"77,48"
"14522110";"Eppendorf";"Gemeinden";"84,03";"83,47";"83,41"
"14522120";"Erlau";"Gemeinden";"81,71";"81,47";"81,36"
"14522140";"Flöha, Stadt";"Gemeinden";"30,40";"29,65";"29,25"
"14522150";"Frankenberg/Sa., Stadt, Garnisonsstadt";"Gemeinden";"65,82";"65,19";"65,09"
"14522170";"Frauenstein, Stadt";"Gemeinden";"70,28";"70,16";"70,13"
"14522180";"Freiberg, Stadt, Universitätsstadt";"Gemeinden";"43,42";"43,08";"42,17"
"14522190";"Geringswalde, Stadt";"Gemeinden";"67,05";"66,90";"66,86"
"14522200";"Großhartmannsdorf";"Gemeinden";"73,77";"73,60";"73,45"
"14522210";"Großschirma, Stadt";"Gemeinden";"58,48";"58,12";"57,93"
"14522220";"Großweitzschen";"Gemeinden";"83,40";"82,97";"82,92"
"14522230";"Hainichen, Stadt";"Gemeinden";"79,51";"79,32";"78,31"
"14522240";"Halsbrücke";"Gemeinden";"78,53";"77,78";"77,61"
"14522250";"Hartha, Stadt";"Gemeinden";"80,24";"80,04";"79,93"
"14522260";"Hartmannsdorf";"Gemeinden";"50,63";"47,57";"47,57"
"14522275";"Jahnatal";"Gemeinden";"86,81";"85,82";"85,77"
"14522280";"Königsfeld";"Gemeinden";"81,84";"81,81";"81,39"
"14522290";"Königshain-Wiederau";"Gemeinden";"82,28";"82,21";"82,11"
"14522300";"Kriebstein";"Gemeinden";"77,86";"77,19";"77,12"
"14522310";"Leisnig, Stadt";"Gemeinden";"80,93";"79,61";"79,59"
"14522320";"Leubsdorf";"Gemeinden";"62,23";"61,71";"61,59"
"14522330";"Lichtenau";"Gemeinden";"73,71";"73,08";"72,98"
"14522340";"Lichtenberg/Erzgeb.";"Gemeinden";"77,96";"77,45";"77,30"
"14522350";"Lunzenau, Stadt";"Gemeinden";"68,90";"67,35";"67,36"
"14522360";"Mittweida, Stadt, Hochschulstadt";"Gemeinden";"67,77";"67,62";"66,36"
"14522380";"Mühlau";"Gemeinden";"73,30";"72,44";"72,37"
"14522390";"Mulda/Sa.";"Gemeinden";"64,23";"64,09";"63,95"
"14522400";"Neuhausen/Erzgeb.";"Gemeinden";"37,68";"37,55";"37,46"
"14522420";"Niederwiesa";"Gemeinden";"57,23";"55,16";"54,97"
"14522430";"Oberschöna";"Gemeinden";"79,84";"79,57";"79,41"
"14522440";"Oederan, Stadt";"Gemeinden";"78,27";"78,06";"77,91"
"14522460";"Penig, Stadt";"Gemeinden";"72,48";"71,83";"71,78"
"14522470";"Rechenberg-Bienenmühle";"Gemeinden";"28,41";"28,32";"28,28"
"14522480";"Reinsberg";"Gemeinden";"81,05";"80,65";"80,59"
"14522490";"Rochlitz, Stadt";"Gemeinden";"58,50";"58,16";"57,11"
"14522500";"Rossau";"Gemeinden";"60,94";"60,57";"60,46"
"14522510";"Roßwein, Stadt";"Gemeinden";"77,98";"77,87";"77,15"
"14522520";"Sayda, Stadt";"Gemeinden";"56,97";"56,71";"56,69"
"14522530";"Seelitz";"Gemeinden";"84,34";"84,27";"83,54"
"14522540";"Striegistal";"Gemeinden";"76,98";"76,47";"76,40"
"14522550";"Taura";"Gemeinden";"79,21";"78,13";"78,04"
"14522570";"Waldheim, Stadt";"Gemeinden";"76,94";"76,67";"76,58"
"14522580";"Wechselburg";"Gemeinden";"75,18";"74,89";"74,81"
"14522590";"Weißenborn/Erzgeb.";"Gemeinden";"77,32";"77,09";"76,83"
"14522600";"Zettlitz";"Gemeinden";"85,97";"85,84";"84,95"
"14523010";"Adorf/Vogtl., Stadt";"Gemeinden";"40,61";"40,45";"40,40"
"14523020";"Auerbach/Vogtl., Stadt";"Gemeinden";"27,32";"27,02";"26,93"
"14523030";"Bad Brambach";"Gemeinden";"33,15";"33,06";"33,04"
"14523040";"Bad Elster, Stadt";"Gemeinden";"26,10";"26,05";"25,80"
"14523050";"Bergen";"Gemeinden";"34,41";"34,41";"34,41"
"14523060";"Bösenbrunn";"Gemeinden";"58,90";"58,90";"58,90"
"14523080";"Eichigt";"Gemeinden";"50,49";"50,44";"50,44"
"14523090";"Ellefeld";"Gemeinden";"55,38";"54,95";"54,95"
"14523100";"Elsterberg, Stadt";"Gemeinden";"59,84";"59,76";"59,68"
"14523120";"Falkenstein/Vogtl., Stadt";"Gemeinden";"41,60";"41,53";"41,31"
"14523130";"Grünbach";"Gemeinden";"6,83";"6,75";"6,75"
"14523150";"Heinsdorfergrund";"Gemeinden";"64,04";"63,72";"63,59"
"14523160";"Klingenthal, Stadt";"Gemeinden";"15,29";"15,27";"15,23"
"14523170";"Lengenfeld, Stadt";"Gemeinden";"60,69";"60,52";"60,42"
"14523190";"Limbach";"Gemeinden";"68,68";"68,47";"68,33"
"14523200";"Markneukirchen, Stadt";"Gemeinden";"34,06";"33,98";"33,95"
"14523230";"Mühlental";"Gemeinden";"54,52";"54,61";"54,58"
"14523245";"Muldenhammer";"Gemeinden";"8,40";"8,36";"8,33"
"14523260";"Netzschkau, Stadt";"Gemeinden";"58,19";"58,03";"57,87"
"14523270";"Neuensalz";"Gemeinden";"53,15";"53,09";"53,06"
"14523280";"Neumark";"Gemeinden";"70,94";"70,83";"70,65"
"14523290";"Neustadt/Vogtl.";"Gemeinden";"47,70";"47,54";"47,54"
"14523300";"Oelsnitz/Vogtl., Stadt";"Gemeinden";"59,03";"58,95";"58,95"
"14523310";"Pausa-Mühltroff, Stadt";"Gemeinden";"59,99";"59,94";"59,93"
"14523320";"Plauen, Stadt";"Gemeinden";"50,73";"50,59";"50,44"
"14523330";"Pöhl";"Gemeinden";"51,26";"51,20";"51,12"
"14523340";"Reichenbach im Vogtland, Stadt";"Gemeinden";"53,69";"53,52";"53,41"
"14523360";"Rodewisch, Stadt";"Gemeinden";"46,84";"46,02";"45,96"
"14523365";"Rosenbach/Vogtl.";"Gemeinden";"54,43";"54,38";"54,37"
"14523370";"Schöneck/Vogtl., Stadt";"Gemeinden";"26,77";"26,71";"26,69"
"14523380";"Steinberg";"Gemeinden";"42,37";"42,27";"41,83"
"14523410";"Theuma";"Gemeinden";"60,66";"60,56";"60,46"
"14523420";"Tirpersdorf";"Gemeinden";"61,15";"61,11";"61,06"
"14523430";"Treuen, Stadt";"Gemeinden";"51,55";"51,26";"51,17"
"14523440";"Triebel/Vogtl.";"Gemeinden";"56,93";"56,90";"57,11"
"14523450";"Weischlitz";"Gemeinden";"62,07";"62,02";"62,01"
"14523460";"Werda";"Gemeinden";"41,37";"41,35";"41,21"
"14524010";"Bernsdorf";"Gemeinden";"72,40";"72,27";"71,86"
"14524020";"Callenberg";"Gemeinden";"73,23";"73,13";"72,98"
"14524030";"Crimmitschau, Stadt";"Gemeinden";"75,21";"74,28";"73,45"
"14524040";"Crinitzberg";"Gemeinden";"66,08";"65,34";"64,43"
"14524050";"Dennheritz";"Gemeinden";"75,67";"73,67";"73,60"
"14524060";"Fraureuth";"Gemeinden";"79,56";"78,32";"78,27"
"14524070";"Gersdorf";"Gemeinden";"74,23";"73,99";"73,79"
"14524080";"Glauchau, Stadt";"Gemeinden";"50,41";"50,21";"49,50"
"14524090";"Hartenstein, Stadt";"Gemeinden";"53,90";"52,45";"52,43"
"14524100";"Hartmannsdorf b. Kirchberg";"Gemeinden";"26,28";"26,17";"26,17"
"14524110";"Hirschfeld";"Gemeinden";"57,90";"58,17";"58,17"
"14524120";"Hohenstein-Ernstthal, Stadt";"Gemeinden";"36,76";"36,28";"35,63"
"14524130";"Kirchberg, Stadt";"Gemeinden";"68,33";"66,53";"66,18"
"14524140";"Langenbernsdorf";"Gemeinden";"73,85";"73,66";"73,47"
"14524150";"Langenweißbach";"Gemeinden";"60,17";"60,08";"59,73"
"14524160";"Lichtenstein/Sa., Stadt";"Gemeinden";"55,01";"54,62";"53,78"
"14524170";"Lichtentanne";"Gemeinden";"71,01";"70,62";"70,29"
"14524180";"Limbach-Oberfrohna, Stadt";"Gemeinden";"65,96";"63,99";"63,43"
"14524190";"Meerane, Stadt";"Gemeinden";"59,11";"56,79";"55,68"
"14524200";"Mülsen";"Gemeinden";"75,05";"74,14";"73,60"
"14524210";"Neukirchen/Pleiße";"Gemeinden";"75,49";"75,01";"74,30"
"14524220";"Niederfrohna";"Gemeinden";"81,01";"80,12";"78,78"
"14524230";"Oberlungwitz, Stadt";"Gemeinden";"74,93";"74,66";"74,46"
"14524240";"Oberwiera";"Gemeinden";"90,73";"89,47";"89,26"
"14524250";"Reinsdorf";"Gemeinden";"73,13";"72,33";"71,81"
"14524260";"Remse";"Gemeinden";"67,61";"67,21";"66,40"
"14524270";"Schönberg";"Gemeinden";"92,09";"91,51";"90,86"
"14524280";"St. Egidien";"Gemeinden";"65,48";"65,33";"65,33"
"14524290";"Waldenburg, Stadt";"Gemeinden";"67,60";"67,40";"67,12"
"14524300";"Werdau, Stadt";"Gemeinden";"44,71";"43,14";"42,96"
"14524310";"Wildenfels, Stadt";"Gemeinden";"74,92";"72,39";"72,34"
"14524320";"Wilkau-Haßlau, Stadt";"Gemeinden";"51,30";"50,28";"49,88"
"14524330";"Zwickau, Stadt, Hochschulstadt";"Gemeinden";"44,97";"44,24";"43,67"
"14612000";"Dresden, Stadt";"Gemeinden";"32,29";"30,20";"29,41"
"14625010";"Arnsdorf";"Gemeinden";"58,29";"58,07";"57,99"
"14625020";"Bautzen / Budyšin, Stadt";"Gemeinden";"57,25";"56,73";"56,59"
"14625030";"Bernsdorf, Stadt";"Gemeinden";"28,23";"27,81";"27,71"
"14625040";"Bischofswerda, Stadt";"Gemeinden";"66,61";"66,28";"66,22"
"14625060";"Burkau / Porchow";"Gemeinden";"73,82";"73,54";"73,48"
"14625080";"Crostwitz / Chróscicy";"Gemeinden";"83,95";"83,72";"83,57"
"14625090";"Cunewalde";"Gemeinden";"44,20";"43,79";"43,73"
"14625100";"Demitz-Thumitz";"Gemeinden";"65,10";"64,64";"64,64"
"14625110";"Doberschau-Gaußig / Dobruša-Huska";"Gemeinden";"69,12";"68,85";"68,77"
"14625120";"Elsterheide / Halštrowska Hola";"Gemeinden";"25,68";"25,50";"25,38"
"14625130";"Elstra / Halštrow, Stadt";"Gemeinden";"62,89";"62,58";"62,49"
"14625140";"Frankenthal";"Gemeinden";"81,12";"81,02";"80,91"
"14625150";"Göda / Hodzij";"Gemeinden";"84,75";"84,56";"84,49"
"14625160";"Großdubrau / Wulka Dubrawa";"Gemeinden";"48,17";"47,92";"47,84"
"14625170";"Großharthau";"Gemeinden";"55,90";"55,45";"55,31"
"14625180";"Großnaundorf";"Gemeinden";"63,71";"63,64";"63,51"
"14625190";"Großpostwitz/O.L. / Budestecy";"Gemeinden";"59,89";"59,65";"59,53"
"14625200";"Großröhrsdorf, Stadt";"Gemeinden";"57,08";"56,64";"56,48"
"14625220";"Haselbachtal";"Gemeinden";"58,03";"57,63";"57,60"
"14625230";"Hochkirch / Bukecy";"Gemeinden";"69,84";"69,70";"69,71"
"14625240";"Hoyerswerda / Wojerecy, Stadt";"Gemeinden";"20,87";"20,51";"20,47"
"14625250";"Kamenz / Kamjenc, Stadt";"Gemeinden";"48,94";"48,67";"48,47"
"14625270";"Königsbrück, Stadt";"Gemeinden";"13,06";"12,86";"12,79"
"14625280";"Königswartha / Rakecy";"Gemeinden";"44,56";"44,39";"44,35"
"14625290";"Kubschütz / Kubšicy";"Gemeinden";"73,76";"73,56";"73,53"
"14625300";"Laußnitz";"Gemeinden";"15,26";"15,17";"15,14"
"14625310";"Lauta, Stadt";"Gemeinden";"16,62";"16,49";"16,45"
"14625320";"Lichtenberg";"Gemeinden";"76,63";"76,56";"76,56"
"14625330";"Lohsa / Laz";"Gemeinden";"22,76";"22,45";"22,35"
"14625340";"Malschwitz / Malešecy";"Gemeinden";"52,05";"51,70";"51,62"
"14625350";"Nebelschütz / Njebjelcicy";"Gemeinden";"55,08";"55,04";"54,91"
"14625360";"Neschwitz / Njeswacidlo";"Gemeinden";"57,53";"57,31";"57,27"
"14625370";"Neukirch";"Gemeinden";"46,64";"46,49";"46,44"
"14625380";"Neukirch/Lausitz";"Gemeinden";"49,39";"48,59";"48,31"
"14625390";"Obergurig / Hornja Hórka";"Gemeinden";"55,40";"54,89";"54,79"
"14625410";"Ohorn";"Gemeinden";"33,78";"33,28";"32,94"
"14625420";"Oßling / Wóslink";"Gemeinden";"37,27";"37,09";"37,11"
"14625430";"Ottendorf-Okrilla";"Gemeinden";"55,80";"55,38";"55,03"
"14625440";"Panschwitz-Kuckau / Pancicy-Kukow";"Gemeinden";"85,87";"85,57";"85,48"
"14625450";"Pulsnitz, Stadt";"Gemeinden";"63,81";"63,27";"63,04"
"14625460";"Puschwitz / Bóšicy";"Gemeinden";"71,42";"70,99";"70,91"
"14625470";"Räckelwitz / Worklecy";"Gemeinden";"61,16";"60,82";"60,82"
"14625480";"Radeberg, Stadt";"Gemeinden";"62,45";"61,68";"61,55"
"14625490";"Radibor / Radwor";"Gemeinden";"57,56";"57,40";"57,28"
"14625500";"Ralbitz-Rosenthal / Ralbicy-Róžant";"Gemeinden";"50,16";"49,94";"49,87"
"14625510";"Rammenau";"Gemeinden";"63,85";"63,57";"63,48"
"14625525";"Schirgiswalde-Kirschau, Stadt";"Gemeinden";"50,53";"50,08";"49,96"
"14625530";"Schmölln-Putzkau";"Gemeinden";"47,56";"47,37";"47,25"
"14625550";"Schwepnitz";"Gemeinden";"23,36";"23,17";"23,08"
"14625560";"Sohland a. d. Spree";"Gemeinden";"51,80";"51,47";"51,21"
"14625570";"Spreetal / Sprjewiny Dol";"Gemeinden";"7,41";"7,34";"7,23"
"14625580";"Steina";"Gemeinden";"71,46";"71,22";"70,98"
"14625590";"Steinigtwolmsdorf";"Gemeinden";"49,47";"49,22";"49,17"
"14625600";"Wachau";"Gemeinden";"66,96";"66,81";"66,89"
"14625610";"Weißenberg / Wóspork, Stadt";"Gemeinden";"79,20";"78,89";"78,65"
"14625630";"Wilthen, Stadt";"Gemeinden";"39,96";"39,67";"39,55"
"14625640";"Wittichenau / Kulow, Stadt";"Gemeinden";"48,07";"47,85";"47,82"
"14626010";"Bad Muskau / Mužakow, Stadt";"Gemeinden";"25,94";"25,94";"25,94"
"14626020";"Beiersdorf";"Gemeinden";"52,09";"52,25";"52,25"
"14626030";"Bernstadt a. d. Eigen, Stadt";"Gemeinden";"71,92";"71,87";"71,87"
"14626050";"Bertsdorf-Hörnitz";"Gemeinden";"74,72";"74,61";"74,56"
"14626060";"Boxberg/O.L. / Hamor";"Gemeinden";"15,55";"15,40";"15,43"
"14626070";"Dürrhennersdorf";"Gemeinden";"66,67";"66,67";"66,57"
"14626085";"Ebersbach-Neugersdorf, Stadt";"Gemeinden";"37,56";"37,16";"37,16"
"14626100";"Gablenz / Jablonc";"Gemeinden";"44,10";"44,03";"43,28"
"14626110";"Görlitz, Stadt";"Gemeinden";"43,16";"42,50";"42,28"
"14626120";"Groß Düben / Dzewin";"Gemeinden";"50,13";"49,90";"49,90"
"14626140";"Großschönau";"Gemeinden";"52,90";"52,81";"52,73"
"14626150";"Großschweidnitz";"Gemeinden";"67,34";"67,34";"67,34"
"14626160";"Hähnichen";"Gemeinden";"31,10";"31,10";"31,07"
"14626170";"Hainewalde";"Gemeinden";"59,18";"55,40";"55,32"
"14626180";"Herrnhut, Stadt";"Gemeinden";"65,22";"63,89";"63,87"
"14626190";"Hohendubrau / Wysoka Dubrawa";"Gemeinden";"52,50";"52,44";"52,20"
"14626200";"Horka";"Gemeinden";"48,11";"47,50";"47,50"
"14626210";"Jonsdorf, Kurort";"Gemeinden";"13,40";"8,86";"8,86"
"14626230";"Kodersdorf";"Gemeinden";"58,70";"58,67";"58,46"
"14626240";"Königshain";"Gemeinden";"60,42";"60,32";"60,32"
"14626245";"Kottmar";"Gemeinden";"65,40";"63,46";"63,41"
"14626250";"Krauschwitz i.d. O.L. / Krušwica";"Gemeinden";"10,53";"10,52";"10,51"
"14626260";"Kreba-Neudorf / Chrjebja-Nowa Wjes";"Gemeinden";"20,06";"20,09";"20,09"
"14626270";"Lawalde";"Gemeinden";"60,48";"59,86";"59,73"
"14626280";"Leutersdorf";"Gemeinden";"67,45";"63,00";"62,94"
"14626290";"Löbau, Stadt";"Gemeinden";"74,99";"74,12";"74,11"
"14626300";"Markersdorf";"Gemeinden";"73,62";"73,57";"73,55"
"14626310";"Mittelherwigsdorf";"Gemeinden";"81,21";"81,15";"81,15"
"14626320";"Mücka / Mikow";"Gemeinden";"30,35";"30,35";"30,35"
"14626330";"Neißeaue";"Gemeinden";"62,25";"62,25";"62,06"
"14626350";"Neusalza-Spremberg, Stadt";"Gemeinden";"53,34";"52,34";"52,34"
"14626370";"Niesky, Stadt";"Gemeinden";"28,77";"28,74";"28,67"
"14626390";"Oderwitz";"Gemeinden";"67,70";"67,64";"67,61"
"14626400";"Olbersdorf";"Gemeinden";"32,59";"32,52";"32,52"
"14626410";"Oppach";"Gemeinden";"52,57";"50,62";"50,50"
"14626420";"Ostritz, Stadt";"Gemeinden";"51,62";"51,62";"51,19"
"14626430";"Oybin";"Gemeinden";"9,57";"9,57";"9,57"
"14626440";"Quitzdorf am See / Kwetanecy pri jezoru";"Gemeinden";"33,93";"33,87";"33,87"
"14626450";"Reichenbach/O.L., Stadt";"Gemeinden";"74,58";"74,33";"74,31"
"14626460";"Rietschen / Recicy";"Gemeinden";"26,52";"23,39";"23,39"
"14626470";"Rosenbach";"Gemeinden";"73,81";"73,68";"73,43"
"14626480";"Rothenburg/O.L., Stadt";"Gemeinden";"41,45";"41,46";"41,42"
"14626490";"Schleife / Slepo";"Gemeinden";"32,50";"29,60";"29,51"
"14626500";"Schönau-Berzdorf a. d. Eigen";"Gemeinden";"59,08";"59,04";"59,04"
"14626510";"Schönbach";"Gemeinden";"59,89";"59,89";"59,89"
"14626520";"Schöpstal";"Gemeinden";"76,56";"76,15";"76,15"
"14626530";"Seifhennersdorf, Stadt";"Gemeinden";"70,76";"67,94";"67,94"
"14626560";"Trebendorf / Trjebin";"Gemeinden";"14,73";"14,60";"14,04"
"14626570";"Vierkirchen";"Gemeinden";"66,08";"66,05";"65,72"
"14626580";"Waldhufen";"Gemeinden";"52,79";"52,55";"52,55"
"14626590";"Weißkeißel / Wuskidz";"Gemeinden";"15,90";"15,88";"15,88"
"14626600";"Weißwasser/O.L., Stadt / Bela Woda";"Gemeinden";"2,89";"2,85";"2,81"
"14626610";"Zittau, Stadt";"Gemeinden";"54,23";"53,47";"53,38"
"14627010";"Coswig, Stadt";"Gemeinden";"36,55";"36,28";"36,13"
"14627020";"Diera-Zehren";"Gemeinden";"77,44";"77,25";"77,20"
"14627030";"Ebersbach";"Gemeinden";"75,56";"75,28";"75,04"
"14627040";"Glaubitz";"Gemeinden";"71,71";"71,71";"71,71"
"14627050";"Gröditz, Stadt";"Gemeinden";"71,91";"71,91";"71,84"
"14627060";"Großenhain, Stadt";"Gemeinden";"75,92";"75,87";"75,77"
"14627070";"Hirschstein";"Gemeinden";"89,50";"89,47";"89,19"
"14627080";"Käbschütztal";"Gemeinden";"88,89";"88,71";"88,53"
"14627100";"Klipphausen";"Gemeinden";"79,55";"79,34";"79,17"
"14627110";"Lampertswalde";"Gemeinden";"71,01";"71,01";"71,00"
"14627130";"Lommatzsch, Stadt";"Gemeinden";"90,17";"88,92";"88,89"
"14627140";"Meißen, Stadt";"Gemeinden";"51,62";"51,29";"49,09"
"14627150";"Moritzburg";"Gemeinden";"36,59";"36,42";"36,35"
"14627170";"Niederau";"Gemeinden";"73,54";"73,45";"73,01"
"14627180";"Nossen, Stadt";"Gemeinden";"78,40";"78,29";"78,26"
"14627190";"Nünchritz";"Gemeinden";"73,79";"73,31";"73,27"
"14627200";"Priestewitz";"Gemeinden";"87,36";"87,31";"87,26"
"14627210";"Radebeul, Stadt";"Gemeinden";"35,85";"35,20";"34,97"
"14627220";"Radeburg, Stadt";"Gemeinden";"64,32";"64,09";"63,40"
"14627230";"Riesa, Stadt";"Gemeinden";"69,07";"66,51";"66,49"
"14627240";"Röderaue";"Gemeinden";"62,90";"61,69";"60,83"
"14627250";"Schönfeld";"Gemeinden";"49,26";"49,18";"49,16"
"14627260";"Stauchitz";"Gemeinden";"85,44";"84,85";"84,67"
"14627270";"Strehla, Stadt";"Gemeinden";"83,12";"83,06";"83,02"
"14627290";"Thiendorf";"Gemeinden";"55,56";"55,49";"55,28"
"14627310";"Weinböhla";"Gemeinden";"37,43";"36,70";"36,17"
"14627340";"Wülknitz";"Gemeinden";"77,64";"77,46";"77,46"
"14627360";"Zeithain";"Gemeinden";"34,61";"34,59";"34,57"
"14628010";"Altenberg, Stadt";"Gemeinden";"36,20";"36,19";"36,18"
"14628020";"Bad Gottleuba-Berggießhübel, Stadt";"Gemeinden";"45,16";"45,11";"45,09"
"14628030";"Bad Schandau, Stadt";"Gemeinden";"16,00";"15,93";"15,90"
"14628040";"Bahretal";"Gemeinden";"68,79";"68,68";"68,65"
"14628050";"Bannewitz";"Gemeinden";"73,52";"73,09";"72,85"
"14628060";"Dippoldiswalde, Stadt";"Gemeinden";"65,86";"65,54";"65,50"
"14628070";"Dohma";"Gemeinden";"65,90";"65,64";"65,64"
"14628080";"Dohna, Stadt";"Gemeinden";"71,46";"71,21";"71,11"
"14628090";"Dorfhain";"Gemeinden";"74,08";"73,92";"73,92"
"14628100";"Dürrröhrsdorf-Dittersbach";"Gemeinden";"74,67";"74,51";"74,44"
"14628110";"Freital, Stadt";"Gemeinden";"47,61";"47,16";"46,96"
"14628130";"Glashütte, Stadt";"Gemeinden";"59,25";"59,15";"59,12"
"14628140";"Gohrisch";"Gemeinden";"28,22";"28,02";"27,96"
"14628150";"Hartmannsdorf-Reichenau";"Gemeinden";"64,08";"64,05";"64,03"
"14628160";"Heidenau, Stadt";"Gemeinden";"45,44";"44,44";"44,08"
"14628170";"Hermsdorf/Erzgeb.";"Gemeinden";"62,06";"62,01";"62,01"
"14628190";"Hohnstein, Stadt";"Gemeinden";"56,31";"56,25";"56,23"
"14628205";"Klingenberg";"Gemeinden";"75,49";"75,47";"75,45"
"14628210";"Königstein/Sächs. Schw., Stadt";"Gemeinden";"21,12";"21,07";"21,04"
"14628220";"Kreischa";"Gemeinden";"72,48";"72,16";"72,13"
"14628230";"Liebstadt, Stadt";"Gemeinden";"65,47";"65,23";"65,20"
"14628240";"Lohmen";"Gemeinden";"42,01";"41,89";"41,85"
"14628250";"Müglitztal";"Gemeinden";"70,44";"70,30";"70,30"
"14628260";"Neustadt in Sachsen, Stadt";"Gemeinden";"52,51";"52,43";"52,39"
"14628270";"Pirna, Stadt";"Gemeinden";"45,01";"44,55";"44,35"
"14628300";"Rabenau, Stadt";"Gemeinden";"46,79";"46,47";"46,44"
"14628310";"Rathen, Kurort";"Gemeinden";"29,21";"28,93";"28,93"
"14628320";"Rathmannsdorf";"Gemeinden";"61,96";"61,73";"61,78"
"14628330";"Reinhardtsdorf-Schöna";"Gemeinden";"27,80";"27,68";"27,64"
"14628340";"Rosenthal-Bielatal";"Gemeinden";"22,12";"22,08";"22,06"
"14628360";"Sebnitz, Stadt";"Gemeinden";"34,95";"34,90";"34,85"
"14628370";"Stadt Wehlen, Stadt";"Gemeinden";"69,49";"69,40";"69,40"
"14628380";"Stolpen, Stadt";"Gemeinden";"79,21";"78,95";"78,93"
"14628390";"Struppen";"Gemeinden";"68,81";"68,60";"68,85"
"14628400";"Tharandt, Stadt";"Gemeinden";"18,67";"18,57";"18,50"
"14628410";"Wilsdruff, Stadt";"Gemeinden";"80,22";"79,93";"79,83"
"14713000";"Leipzig, Stadt";"Gemeinden";"33,48";"32,30";"31,82"
"14729010";"Bad Lausick, Stadt";"Gemeinden";"67,29";"67,37";"67,18"
"14729020";"Belgershain";"Gemeinden";"75,79";"75,75";"75,48"
"14729030";"Bennewitz";"Gemeinden";"54,42";"54,41";"54,24"
"14729040";"Böhlen, Stadt";"Gemeinden";"34,81";"31,26";"27,54"
"14729050";"Borna, Stadt";"Gemeinden";"39,03";"38,22";"38,13"
"14729060";"Borsdorf";"Gemeinden";"66,37";"66,11";"65,60"
"14729070";"Brandis, Stadt";"Gemeinden";"48,44";"48,29";"47,95"
"14729080";"Colditz, Stadt";"Gemeinden";"59,34";"59,29";"59,22"
"14729100";"Elstertrebnitz";"Gemeinden";"50,17";"50,09";"49,91"
"14729140";"Frohburg, Stadt";"Gemeinden";"72,64";"72,58";"72,44"
"14729150";"Geithain, Stadt";"Gemeinden";"81,28";"81,06";"80,83"
"14729160";"Grimma, Stadt";"Gemeinden";"69,91";"69,81";"69,42"
"14729170";"Groitzsch, Stadt";"Gemeinden";"56,09";"56,08";"55,79"
"14729190";"Großpösna";"Gemeinden";"44,77";"44,49";"44,30"
"14729220";"Kitzscher, Stadt";"Gemeinden";"74,76";"74,52";"74,00"
"14729245";"Lossatal";"Gemeinden";"69,64";"69,59";"69,20"
"14729250";"Machern";"Gemeinden";"65,13";"64,78";"64,68"
"14729260";"Markkleeberg, Stadt";"Gemeinden";"22,42";"21,06";"20,88"
"14729270";"Markranstädt, Stadt";"Gemeinden";"75,83";"75,27";"75,21"
"14729300";"Naunhof, Stadt";"Gemeinden";"50,10";"49,89";"49,51"
"14729320";"Neukieritzsch";"Gemeinden";"35,03";"34,72";"34,73"
"14729330";"Otterwisch";"Gemeinden";"71,49";"71,44";"71,35"
"14729340";"Parthenstein";"Gemeinden";"67,90";"67,85";"67,59"
"14729350";"Pegau, Stadt";"Gemeinden";"75,47";"75,44";"75,38"
"14729360";"Regis-Breitingen, Stadt";"Gemeinden";"25,67";"25,67";"25,67"
"14729370";"Rötha, Stadt";"Gemeinden";"59,92";"59,33";"59,22"
"14729380";"Thallwitz";"Gemeinden";"78,61";"78,58";"78,23"
"14729400";"Trebsen/Mulde, Stadt";"Gemeinden";"60,83";"60,81";"60,71"
"14729410";"Wurzen, Stadt";"Gemeinden";"75,26";"75,13";"75,12"
"14729430";"Zwenkau, Stadt";"Gemeinden";"44,79";"44,74";"44,69"
"14730010";"Arzberg";"Gemeinden";"80,32";"80,25";"79,90"
"14730020";"Bad Düben, Stadt";"Gemeinden";"52,89";"52,69";"52,42"
"14730030";"Beilrode";"Gemeinden";"62,59";"61,43";"61,39"
"14730045";"Belgern-Schildau, Stadt";"Gemeinden";"54,57";"53,33";"53,27"
"14730050";"Cavertitz";"Gemeinden";"68,15";"67,90";"67,78"
"14730060";"Dahlen, Stadt";"Gemeinden";"59,12";"58,40";"58,17"
"14730070";"Delitzsch, Stadt";"Gemeinden";"57,97";"56,33";"56,31"
"14730080";"Doberschütz";"Gemeinden";"61,65";"60,51";"60,50"
"14730090";"Dommitzsch, Stadt";"Gemeinden";"69,02";"67,54";"67,54"
"14730100";"Dreiheide";"Gemeinden";"71,38";"69,69";"70,02"
"14730110";"Eilenburg, Stadt";"Gemeinden";"63,39";"62,92";"62,84"
"14730120";"Elsnig";"Gemeinden";"77,48";"75,89";"75,81"
"14730140";"Jesewitz";"Gemeinden";"85,98";"85,91";"85,87"
"14730150";"Krostitz";"Gemeinden";"88,15";"87,18";"87,14"
"14730160";"Laußig";"Gemeinden";"43,79";"43,48";"43,48"
"14730170";"Liebschützberg";"Gemeinden";"88,35";"87,67";"87,65"
"14730180";"Löbnitz";"Gemeinden";"46,30";"46,08";"46,08"
"14730190";"Mockrehna";"Gemeinden";"58,63";"57,73";"57,79"
"14730200";"Mügeln, Stadt";"Gemeinden";"84,11";"82,88";"82,84"
"14730210";"Naundorf";"Gemeinden";"89,00";"88,87";"88,84"
"14730230";"Oschatz, Stadt";"Gemeinden";"68,33";"67,33";"66,72"
"14730250";"Rackwitz";"Gemeinden";"75,65";"75,48";"74,87"
"14730270";"Schkeuditz, Stadt";"Gemeinden";"54,19";"46,77";"46,57"
"14730280";"Schönwölkau";"Gemeinden";"87,72";"87,55";"87,47"
"14730300";"Taucha, Stadt";"Gemeinden";"66,45";"62,46";"62,40"
"14730310";"Torgau, Stadt";"Gemeinden";"62,41";"60,80";"60,64"
"14730320";"Trossin";"Gemeinden";"34,88";"34,12";"34,06"
"14730330";"Wermsdorf";"Gemeinden";"48,84";"48,45";"48,37"
"14730340";"Wiedemar";"Gemeinden";"79,09";"78,48";"78,42"
"14730360";"Zschepplin";"Gemeinden";"75,32";"74,66";"74,61"
"15001000";"Dessau-Roßlau, Stadt";"Gemeinden";"35,62";"34,90";"35,59"
"15002000";"Halle (Saale), Stadt";"Gemeinden";"24,75";"24,41";"24,20"
"15003000";"Magdeburg, Landeshauptstadt";"Gemeinden";"37,41";"37,22";"36,88"
"15081026";"Apenburg-Winterfeld, Flecken";"Gemeinden";"70,56";"70,33";"70,18"
"15081030";"Arendsee (Altmark), Stadt";"Gemeinden";"61,79";"61,63";"61,66"
"15081045";"Beetzendorf";"Gemeinden";"62,71";"62,33";"62,24"
"15081095";"Dähre";"Gemeinden";"60,00";"60,40";"60,25"
"15081105";"Diesdorf, Flecken";"Gemeinden";"61,80";"61,77";"61,73"
"15081135";"Gardelegen, Hansestadt";"Gemeinden";"46,36";"46,07";"46,05"
"15081225";"Jübar";"Gemeinden";"52,72";"52,60";"52,64"
"15081240";"Kalbe (Milde), Stadt";"Gemeinden";"71,34";"70,89";"70,87"
"15081280";"Klötze, Stadt";"Gemeinden";"63,09";"62,71";"62,52"
"15081290";"Kuhfelde";"Gemeinden";"64,11";"63,72";"63,73"
"15081440";"Rohrberg";"Gemeinden";"69,98";"69,79";"69,71"
"15081455";"Salzwedel, Hansestadt";"Gemeinden";"65,23";"65,16";"65,13"
"15081545";"Wallstawe";"Gemeinden";"68,56";"68,47";"68,53"
"15082005";"Aken (Elbe), Stadt";"Gemeinden";"49,34";"49,46";"49,19"
"15082015";"Bitterfeld-Wolfen, Stadt";"Gemeinden";"29,35";"28,99";"28,36"
"15082180";"Köthen (Anhalt), Stadt";"Gemeinden";"71,06";"70,44";"70,39"
"15082241";"Muldestausee";"Gemeinden";"28,88";"28,66";"28,36"
"15082256";"Osternienburger Land";"Gemeinden";"80,59";"80,23";"80,24"
"15082301";"Raguhn-Jeßnitz, Stadt";"Gemeinden";"47,96";"46,53";"46,32"
"15082340";"Sandersdorf-Brehna, Stadt";"Gemeinden";"51,93";"50,89";"50,90"
"15082377";"Südliches Anhalt, Stadt";"Gemeinden";"81,91";"81,19";"81,19"
"15082430";"Zerbst/Anhalt, Stadt";"Gemeinden";"62,43";"61,78";"61,74"
"15082440";"Zörbig, Stadt";"Gemeinden";"82,55";"82,26";"82,29"
"15083020";"Altenhausen";"Gemeinden";"48,44";"48,04";"48,04"
"15083025";"Am Großen Bruch";"Gemeinden";"87,55";"87,37";"87,44"
"15083030";"Angern";"Gemeinden";"51,25";"51,39";"51,41"
"15083035";"Ausleben";"Gemeinden";"89,28";"89,88";"89,94"
"15083040";"Barleben";"Gemeinden";"63,18";"62,32";"61,34"
"15083060";"Beendorf";"Gemeinden";"37,34";"36,31";"36,31"
"15083115";"Bülstringen";"Gemeinden";"52,03";"51,28";"51,42"
"15083120";"Burgstall";"Gemeinden";"25,26";"24,78";"24,82"
"15083125";"Calvörde";"Gemeinden";"58,81";"58,75";"58,31"
"15083130";"Colbitz";"Gemeinden";"25,28";"23,99";"23,81"
"15083190";"Eilsleben";"Gemeinden";"86,96";"86,82";"86,80"
"15083205";"Erxleben";"Gemeinden";"67,44";"67,16";"67,16"
"15083230";"Flechtingen";"Gemeinden";"43,93";"43,57";"43,57"
"15083245";"Gröningen, Stadt";"Gemeinden";"84,58";"84,71";"84,72"
"15083270";"Haldensleben, Stadt";"Gemeinden";"41,12";"40,84";"40,81"
"15083275";"Harbke";"Gemeinden";"21,35";"21,84";"21,77"
"15083298";"Hohe Börde";"Gemeinden";"78,87";"78,43";"78,37"
"15083320";"Hötensleben";"Gemeinden";"84,88";"84,55";"84,12"
"15083323";"Ingersleben";"Gemeinden";"76,68";"76,29";"76,29"
"15083355";"Kroppenstedt, Stadt";"Gemeinden";"92,19";"91,94";"91,96"
"15083361";"Loitsche-Heinrichsberg";"Gemeinden";"54,65";"54,52";"54,57"
"15083390";"Niedere Börde";"Gemeinden";"78,60";"78,54";"78,56"
"15083411";"Oebisfelde-Weferlingen, Stadt";"Gemeinden";"71,54";"70,62";"70,62"
"15083415";"Oschersleben (Bode), Stadt";"Gemeinden";"78,70";"78,59";"78,58"
"15083440";"Rogätz";"Gemeinden";"49,98";"48,25";"47,78"
"15083485";"Sommersdorf";"Gemeinden";"66,47";"66,47";"66,45"
"15083490";"Sülzetal";"Gemeinden";"84,61";"84,01";"83,90"
"15083505";"Ummendorf";"Gemeinden";"88,27";"88,33";"88,28"
"15083515";"Völpke";"Gemeinden";"81,13";"80,14";"80,09"
"15083531";"Wanzleben-Börde, Stadt";"Gemeinden";"84,51";"84,43";"84,29"
"15083535";"Wefensleben";"Gemeinden";"78,54";"78,54";"78,10"
"15083557";"Westheide";"Gemeinden";"19,29";"19,27";"19,25"
"15083565";"Wolmirstedt, Stadt";"Gemeinden";"64,79";"62,41";"62,49"
"15083580";"Zielitz";"Gemeinden";"50,83";"50,04";"50,04"
"15084012";"An der Poststraße";"Gemeinden";"71,97";"71,49";"71,40"
"15084013";"Meineweh";"Gemeinden";"83,60";"82,69";"82,29"
"15084015";"Bad Bibra, Stadt";"Gemeinden";"67,89";"66,28";"65,69"
"15084025";"Balgstädt";"Gemeinden";"74,86";"74,92";"74,82"
"15084115";"Droyßig";"Gemeinden";"72,74";"72,10";"71,99"
"15084125";"Eckartsberga, Stadt";"Gemeinden";"66,42";"66,03";"66,01"
"15084130";"Elsteraue";"Gemeinden";"60,16";"59,86";"59,71"
"15084132";"Finne";"Gemeinden";"63,18";"62,94";"62,85"
"15084133";"Finneland";"Gemeinden";"73,09";"72,39";"71,79"
"15084135";"Freyburg (Unstrut), Stadt";"Gemeinden";"54,87";"55,09";"54,77"
"15084150";"Gleina";"Gemeinden";"85,63";"85,78";"86,47"
"15084170";"Goseck";"Gemeinden";"79,67";"79,19";"79,07"
"15084207";"Gutenborn";"Gemeinden";"79,42";"77,98";"77,84"
"15084235";"Hohenmölsen, Stadt";"Gemeinden";"53,88";"56,07";"55,38"
"15084246";"Kaiserpfalz";"Gemeinden";"67,45";"67,62";"67,05"
"15084250";"Karsdorf";"Gemeinden";"68,45";"65,36";"65,73"
"15084275";"Kretzschau";"Gemeinden";"77,63";"76,69";"76,03"
"15084282";"Lanitz-Hassel-Tal";"Gemeinden";"82,06";"82,03";"81,70"
"15084285";"Laucha an der Unstrut, Stadt";"Gemeinden";"72,38";"70,32";"70,01"
"15084315";"Lützen, Stadt";"Gemeinden";"80,21";"79,90";"79,41"
"15084335";"Mertendorf";"Gemeinden";"80,59";"80,41";"79,83"
"15084341";"Molauer Land";"Gemeinden";"88,92";"88,54";"88,36"
"15084355";"Naumburg (Saale), Stadt";"Gemeinden";"64,69";"64,50";"64,35"
"15084360";"Nebra (Unstrut), Stadt";"Gemeinden";"64,00";"65,28";"63,63"
"15084375";"Osterfeld, Stadt";"Gemeinden";"74,21";"72,94";"72,67"
"15084442";"Schnaudertal";"Gemeinden";"88,08";"87,84";"87,68"
"15084445";"Schönburg";"Gemeinden";"69,38";"69,38";"69,17"
"15084470";"Stößen, Stadt";"Gemeinden";"84,64";"83,81";"83,22"
"15084490";"Teuchern, Stadt";"Gemeinden";"77,79";"77,58";"77,48"
"15084550";"Weißenfels, Stadt";"Gemeinden";"67,49";"67,32";"66,67"
"15084560";"Wethau";"Gemeinden";"67,93";"67,58";"67,10"
"15084565";"Wetterzeube";"Gemeinden";"41,87";"41,68";"41,54"
"15084590";"Zeitz, Stadt";"Gemeinden";"59,30";"58,57";"58,25"
"15085040";"Ballenstedt, Stadt";"Gemeinden";"52,54";"52,32";"52,20"
"15085055";"Blankenburg (Harz), Stadt";"Gemeinden";"48,44";"48,07";"48,04"
"15085090";"Ditfurt";"Gemeinden";"84,69";"84,36";"83,63"
"15085110";"Falkenstein/Harz, Stadt";"Gemeinden";"56,46";"56,30";"56,08"
"15085125";"Groß Quenstedt";"Gemeinden";"88,89";"88,83";"89,19"
"15085135";"Halberstadt, Stadt";"Gemeinden";"69,93";"69,96";"69,69"
"15085140";"Harsleben / Harschlewe";"Gemeinden";"84,24";"84,21";"83,95"
"15085145";"Harzgerode, Stadt";"Gemeinden";"33,97";"33,79";"33,73"
"15085160";"Hedersleben";"Gemeinden";"88,04";"87,80";"87,71"
"15085185";"Huy";"Gemeinden";"80,13";"79,94";"79,94"
"15085190";"Ilsenburg (Harz), Stadt";"Gemeinden";"19,64";"19,41";"19,40"
"15085227";"Nordharz";"Gemeinden";"81,14";"81,00";"80,98"
"15085228";"Oberharz am Brocken, Stadt";"Gemeinden";"17,38";"17,43";"17,42"
"15085230";"Osterwieck, Stadt";"Gemeinden";"78,69";"78,47";"78,47"
"15085235";"Quedlinburg, Welterbestadt";"Gemeinden";"47,16";"47,14";"46,92"
"15085285";"Schwanebeck, Stadt";"Gemeinden";"83,10";"83,32";"83,32"
"15085287";"Selke-Aue";"Gemeinden";"70,34";"70,23";"70,23"
"15085330";"Thale, Stadt";"Gemeinden";"29,38";"29,07";"28,79"
"15085365";"Wegeleben, Stadt";"Gemeinden";"86,85";"86,59";"86,57"
"15085370";"Wernigerode, Stadt";"Gemeinden";"19,96";"19,65";"19,58"
"15086005";"Biederitz";"Gemeinden";"68,34";"67,84";"67,60"
"15086015";"Burg, Stadt";"Gemeinden";"53,16";"52,83";"52,81"
"15086035";"Elbe-Parey";"Gemeinden";"55,11";"54,63";"54,40"
"15086040";"Genthin, Stadt";"Gemeinden";"53,34";"53,15";"53,04"
"15086055";"Gommern, Stadt";"Gemeinden";"73,44";"73,32";"73,26"
"15086080";"Jerichow, Stadt";"Gemeinden";"56,94";"56,71";"56,69"
"15086140";"Möckern, Stadt";"Gemeinden";"50,27";"49,87";"49,74"
"15086145";"Möser";"Gemeinden";"46,39";"46,08";"46,17"
"15087010";"Ahlsdorf";"Gemeinden";"61,69";"61,37";"61,48"
"15087015";"Allstedt, Stadt";"Gemeinden";"62,22";"61,73";"61,47"
"15087031";"Arnstein, Stadt";"Gemeinden";"75,10";"74,66";"74,54"
"15087045";"Benndorf";"Gemeinden";"73,83";"73,31";"73,14"
"15087055";"Berga";"Gemeinden";"61,43";"60,34";"61,16"
"15087070";"Blankenheim";"Gemeinden";"58,48";"56,80";"56,04"
"15087075";"Bornstedt";"Gemeinden";"78,84";"78,52";"78,36"
"15087101";"Brücken-Hackpfüffel";"Gemeinden";"83,66";"83,24";"81,59"
"15087125";"Edersleben";"Gemeinden";"77,04";"76,82";"77,83"
"15087130";"Eisleben, Lutherstadt";"Gemeinden";"70,07";"69,90";"69,71"
"15087165";"Gerbstedt, Stadt";"Gemeinden";"83,46";"83,51";"83,12"
"15087205";"Helbra";"Gemeinden";"32,07";"31,39";"31,55"
"15087210";"Hergisdorf";"Gemeinden";"56,39";"56,60";"56,67"
"15087220";"Hettstedt, Stadt";"Gemeinden";"54,16";"52,91";"52,93"
"15087250";"Kelbra (Kyffhäuser), Stadt";"Gemeinden";"74,97";"74,06";"73,86"
"15087260";"Klostermansfeld";"Gemeinden";"64,74";"64,17";"64,14"
"15087275";"Mansfeld, Stadt";"Gemeinden";"47,79";"47,29";"47,12"
"15087370";"Sangerhausen, Stadt";"Gemeinden";"45,32";"44,89";"44,81"
"15087386";"Seegebiet Mansfelder Land";"Gemeinden";"64,74";"63,48";"62,90"
"15087412";"Südharz";"Gemeinden";"33,37";"32,99";"32,76"
"15087440";"Wallhausen";"Gemeinden";"74,82";"74,84";"74,82"
"15087470";"Wimmelburg";"Gemeinden";"42,41";"42,87";"42,33"
"15088020";"Bad Dürrenberg, Solestadt";"Gemeinden";"73,33";"72,59";"72,17"
"15088025";"Bad Lauchstädt, Goethestadt";"Gemeinden";"80,87";"81,07";"81,01"
"15088030";"Barnstädt";"Gemeinden";"91,16";"91,11";"91,13"
"15088065";"Braunsbedra, Stadt";"Gemeinden";"42,92";"42,66";"42,55"
"15088100";"Farnstädt";"Gemeinden";"87,02";"86,69";"85,67"
"15088150";"Kabelsketal";"Gemeinden";"71,57";"70,35";"69,25"
"15088195";"Landsberg, Stadt";"Gemeinden";"78,75";"78,18";"78,14"
"15088205";"Leuna, Stadt";"Gemeinden";"59,83";"59,36";"58,68"
"15088216";"Wettin-Löbejün, Stadt";"Gemeinden";"78,04";"78,08";"77,94"
"15088220";"Merseburg, Stadt";"Gemeinden";"51,60";"50,98";"50,96"
"15088235";"Mücheln (Geiseltal), Stadt";"Gemeinden";"75,38";"75,15";"75,07"
"15088250";"Nemsdorf-Göhrendorf";"Gemeinden";"89,89";"89,13";"89,09"
"15088265";"Obhausen";"Gemeinden";"85,67";"84,91";"84,67"
"15088295";"Petersberg";"Gemeinden";"76,74";"76,42";"76,31"
"15088305";"Querfurt, Stadt";"Gemeinden";"61,43";"61,17";"60,76"
"15088319";"Salzatal";"Gemeinden";"80,23";"79,86";"79,93"
"15088330";"Schkopau";"Gemeinden";"47,89";"46,45";"46,28"
"15088340";"Schraplau, Stadt";"Gemeinden";"66,86";"65,86";"65,63"
"15088355";"Steigra";"Gemeinden";"81,99";"82,33";"82,37"
"15088365";"Teutschenthal";"Gemeinden";"74,71";"74,51";"73,86"
"15089005";"Alsleben (Saale), Stadt";"Gemeinden";"78,00";"77,09";"77,07"
"15089015";"Aschersleben, Stadt";"Gemeinden";"77,99";"76,99";"76,68"
"15089026";"Barby, Stadt";"Gemeinden";"73,27";"72,92";"72,19"
"15089030";"Bernburg (Saale), Stadt";"Gemeinden";"68,11";"67,04";"67,02"
"15089041";"Bördeaue";"Gemeinden";"71,22";"70,28";"70,21"
"15089042";"Bördeland";"Gemeinden";"85,84";"85,50";"85,28"
"15089043";"Börde-Hakel";"Gemeinden";"85,61";"84,13";"84,02"
"15089045";"Borne";"Gemeinden";"91,12";"90,99";"90,97"
"15089055";"Calbe (Saale), Stadt";"Gemeinden";"73,36";"72,92";"72,86"
"15089075";"Egeln, Stadt";"Gemeinden";"79,24";"79,10";"78,93"
"15089130";"Giersleben";"Gemeinden";"87,88";"86,87";"86,73"
"15089165";"Güsten, Stadt";"Gemeinden";"81,28";"79,46";"79,13"
"15089175";"Hecklingen, Stadt";"Gemeinden";"78,49";"78,37";"77,73"
"15089185";"Ilberstedt";"Gemeinden";"79,84";"79,28";"79,28"
"15089195";"Könnern, Stadt";"Gemeinden";"79,26";"78,53";"78,53"
"15089235";"Nienburg (Saale), Stadt";"Gemeinden";"74,68";"74,17";"74,07"
"15089245";"Plötzkau";"Gemeinden";"75,99";"74,45";"74,37"
"15089305";"Schönebeck (Elbe), Stadt";"Gemeinden";"50,87";"50,96";"50,87"
"15089307";"Seeland, Stadt";"Gemeinden";"69,39";"68,95";"68,81"
"15089310";"Staßfurt, Stadt";"Gemeinden";"75,69";"75,52";"75,25"
"15089365";"Wolmirsleben";"Gemeinden";"83,60";"83,23";"83,15"
"15090003";"Aland";"Gemeinden";"74,22";"73,94";"73,80"
"15090007";"Altmärkische Höhe";"Gemeinden";"66,97";"66,82";"66,87"
"15090008";"Altmärkische Wische";"Gemeinden";"82,64";"82,50";"82,63"
"15090010";"Arneburg, Stadt";"Gemeinden";"67,72";"67,72";"67,73"
"15090070";"Bismark (Altmark), Stadt";"Gemeinden";"75,04";"74,81";"74,73"
"15090135";"Eichstedt (Altmark)";"Gemeinden";"81,72";"81,65";"81,63"
"15090180";"Goldbeck";"Gemeinden";"81,60";"81,60";"81,62"
"15090220";"Hassel";"Gemeinden";"77,54";"76,67";"76,64"
"15090225";"Havelberg, Hansestadt";"Gemeinden";"56,95";"56,53";"56,55"
"15090245";"Hohenberg-Krusemark";"Gemeinden";"79,50";"79,33";"79,35"
"15090270";"Iden";"Gemeinden";"81,91";"81,96";"81,77"
"15090285";"Kamern";"Gemeinden";"51,29";"51,35";"51,38"
"15090310";"Klietz";"Gemeinden";"39,48";"39,37";"39,09"
"15090415";"Osterburg (Altmark), Hansestadt";"Gemeinden";"76,36";"76,17";"76,04"
"15090435";"Rochau";"Gemeinden";"79,18";"79,01";"79,00"
"15090445";"Sandau (Elbe), Stadt";"Gemeinden";"67,38";"67,12";"67,30"
"15090485";"Schollene";"Gemeinden";"34,39";"34,50";"34,45"
"15090500";"Schönhausen (Elbe)";"Gemeinden";"50,74";"50,86";"50,82"
"15090520";"Seehausen (Altmark), Hansestadt";"Gemeinden";"68,10";"67,98";"67,94"
"15090535";"Stendal, Hansestadt";"Gemeinden";"62,16";"61,88";"61,83"
"15090546";"Tangerhütte, Stadt";"Gemeinden";"50,14";"50,07";"49,93"
"15090550";"Tangermünde, Stadt";"Gemeinden";"67,63";"67,60";"67,62"
"15090610";"Werben (Elbe), Hansestadt";"Gemeinden";"77,35";"77,42";"77,42"
"15090631";"Wust-Fischbeck";"Gemeinden";"69,13";"68,97";"68,90"
"15090635";"Zehrental";"Gemeinden";"53,55";"53,30";"53,29"
"15091010";"Annaburg, Stadt";"Gemeinden";"48,49";"47,79";"47,90"
"15091020";"Bad Schmiedeberg, Stadt";"Gemeinden";"49,31";"49,12";"48,93"
"15091060";"Coswig (Anhalt), Stadt";"Gemeinden";"38,78";"38,24";"38,05"
"15091110";"Gräfenhainichen, Stadt";"Gemeinden";"15,02";"14,79";"14,65"
"15091145";"Jessen (Elster), Stadt";"Gemeinden";"58,63";"58,18";"58,28"
"15091160";"Kemberg, Stadt";"Gemeinden";"53,64";"53,53";"53,49"
"15091241";"Oranienbaum-Wörlitz, Stadt";"Gemeinden";"50,89";"50,32";"50,30"
"15091375";"Wittenberg, Lutherstadt";"Gemeinden";"48,90";"48,24";"47,61"
"15091391";"Zahna-Elster, Stadt";"Gemeinden";"64,08";"64,03";"63,40"
"16051000";"Erfurt, Stadt";"Gemeinden";"57,75";"55,69";"55,25"
"16052000";"Gera, Stadt";"Gemeinden";"55,15";"50,51";"50,48"
"16053000";"Jena, Stadt";"Gemeinden";"34,04";"31,22";"31,19"
"16054000";"Suhl, Stadt";"Gemeinden";"15,21";"9,65";"9,62"
"16055000";"Weimar, Stadt";"Gemeinden";"40,52";"40,49";"40,63"
"16061001";"Arenshausen";"Gemeinden";"57,86";"52,50";"51,81"
"16061002";"Asbach-Sickenberg";"Gemeinden";"15,54";"14,63";"14,63"
"16061003";"Berlingerode";"Gemeinden";"71,29";"66,61";"66,52"
"16061007";"Birkenfelde";"Gemeinden";"60,43";"58,28";"58,05"
"16061012";"Bodenrode-Westhausen";"Gemeinden";"68,90";"66,92";"66,85"
"16061014";"Bornhagen";"Gemeinden";"61,04";"61,04";"60,43"
"16061015";"Brehme";"Gemeinden";"73,96";"54,91";"54,91"
"16061017";"Breitenworbis";"Gemeinden";"55,80";"52,17";"52,13"
"16061018";"Büttstedt";"Gemeinden";"86,30";"81,25";"80,98"
"16061019";"Buhla";"Gemeinden";"50,34";"49,89";"49,66"
"16061021";"Burgwalde";"Gemeinden";"71,37";"67,74";"67,54"
"16061023";"Dieterode";"Gemeinden";"70,50";"66,79";"65,83"
"16061024";"Dietzenrode/Vatterode";"Gemeinden";"46,54";"43,94";"43,77"
"16061026";"Ecklingerode";"Gemeinden";"53,57";"52,96";"52,71"
"16061027";"Effelder";"Gemeinden";"69,20";"64,53";"64,44"
"16061028";"Eichstruth";"Gemeinden";"62,41";"62,41";"63,16"
"16061031";"Ferna";"Gemeinden";"80,36";"67,95";"67,72"
"16061032";"Freienhagen";"Gemeinden";"77,86";"77,86";"78,10"
"16061033";"Fretterode";"Gemeinden";"47,80";"47,80";"47,64"
"16061034";"Geisleden";"Gemeinden";"67,19";"62,48";"62,12"
"16061035";"Geismar";"Gemeinden";"43,47";"42,08";"41,56"
"16061036";"Gerbershausen";"Gemeinden";"53,91";"50,33";"50,20"
"16061037";"Gernrode";"Gemeinden";"84,12";"78,56";"78,56"
"16061039";"Glasehausen";"Gemeinden";"67,43";"67,05";"66,67"
"16061041";"Großbartloff";"Gemeinden";"26,00";"25,73";"25,73"
"16061044";"Haynrode";"Gemeinden";"41,41";"37,76";"37,76"
"16061045";"Heilbad Heiligenstadt, Stadt";"Gemeinden";"45,49";"41,92";"41,85"
"16061047";"Heuthen";"Gemeinden";"67,96";"67,66";"67,66"
"16061048";"Hohengandern";"Gemeinden";"69,01";"65,79";"65,06"
"16061049";"Hohes Kreuz";"Gemeinden";"77,57";"77,01";"77,01"
"16061056";"Kella";"Gemeinden";"55,34";"54,74";"53,95"
"16061057";"Kirchgandern";"Gemeinden";"64,01";"63,33";"63,10"
"16061058";"Kirchworbis";"Gemeinden";"80,00";"73,94";"73,94"
"16061062";"Krombach";"Gemeinden";"51,55";"51,55";"51,55"
"16061063";"Küllstedt";"Gemeinden";"74,83";"73,30";"73,23"
"16061065";"Lenterode";"Gemeinden";"59,39";"59,39";"59,39"
"16061066";"Lindewerra";"Gemeinden";"31,67";"31,67";"31,45"
"16061067";"Lutter";"Gemeinden";"33,47";"30,43";"30,22"
"16061068";"Mackenrode";"Gemeinden";"54,47";"52,37";"52,11"
"16061069";"Marth";"Gemeinden";"55,53";"55,33";"55,53"
"16061074";"Niederorschel";"Gemeinden";"63,08";"60,88";"60,61"
"16061075";"Pfaffschwende";"Gemeinden";"70,40";"66,67";"66,67"
"16061076";"Reinholterode";"Gemeinden";"83,62";"83,39";"83,39"
"16061077";"Röhrig";"Gemeinden";"43,93";"43,57";"43,57"
"16061078";"Rohrberg";"Gemeinden";"68,35";"68,35";"68,35"
"16061082";"Rustenfelde";"Gemeinden";"56,59";"58,05";"57,72"
"16061083";"Schachtebich";"Gemeinden";"83,46";"76,64";"77,69"
"16061084";"Schönhagen";"Gemeinden";"42,13";"35,04";"35,43"
"16061085";"Schwobfeld";"Gemeinden";"71,83";"66,27";"65,87"
"16061086";"Sickerode";"Gemeinden";"62,00";"57,00";"57,00"
"16061089";"Steinbach";"Gemeinden";"80,97";"81,44";"81,32"
"16061091";"Steinheuterode";"Gemeinden";"66,80";"58,50";"58,10"
"16061094";"Tastungen";"Gemeinden";"67,43";"63,71";"62,86"
"16061096";"Thalwenden";"Gemeinden";"50,60";"50,30";"50,30"
"16061097";"Uder";"Gemeinden";"61,71";"56,50";"56,36"
"16061098";"Volkerode";"Gemeinden";"47,81";"46,21";"46,06"
"16061101";"Wachstedt";"Gemeinden";"36,60";"35,32";"35,26"
"16061102";"Wahlhausen";"Gemeinden";"37,81";"35,73";"35,73"
"16061103";"Wehnde";"Gemeinden";"41,55";"40,21";"40,00"
"16061105";"Wiesenfeld";"Gemeinden";"57,35";"55,01";"54,75"
"16061107";"Wingerode";"Gemeinden";"81,27";"77,28";"77,07"
"16061111";"Wüstheuterode";"Gemeinden";"52,33";"46,45";"46,25"
"16061113";"Schimberg";"Gemeinden";"69,66";"66,31";"66,21"
"16061114";"Teistungen";"Gemeinden";"65,97";"61,45";"61,15"
"16061115";"Leinefelde-Worbis, Stadt";"Gemeinden";"49,79";"46,52";"46,26"
"16061116";"Am Ohmberg";"Gemeinden";"67,91";"66,33";"65,95"
"16061117";"Sonnenstein";"Gemeinden";"59,16";"57,08";"56,91"
"16061118";"Dingelstädt, Stadt";"Gemeinden";"67,62";"64,90";"64,53"
"16062005";"Ellrich, Stadt";"Gemeinden";"34,65";"33,40";"33,09"
"16062008";"Görsbach";"Gemeinden";"71,90";"82,15";"82,15"
"16062009";"Großlohra";"Gemeinden";"39,30";"37,34";"36,86"
"16062024";"Kehmstedt";"Gemeinden";"81,86";"81,51";"81,07"
"16062026";"Kleinfurra";"Gemeinden";"80,60";"77,22";"77,06"
"16062033";"Lipprechterode";"Gemeinden";"77,71";"75,46";"75,87"
"16062037";"Niedergebra";"Gemeinden";"46,85";"42,74";"42,84"
"16062041";"Nordhausen, Stadt";"Gemeinden";"54,79";"52,55";"52,93"
"16062049";"Sollstedt";"Gemeinden";"40,91";"38,62";"38,81"
"16062054";"Urbach";"Gemeinden";"63,78";"61,74";"61,63"
"16062062";"Hohenstein";"Gemeinden";"77,59";"76,41";"76,41"
"16062063";"Werther";"Gemeinden";"85,52";"83,58";"83,71"
"16062064";"Heringen/Helme, Stadt";"Gemeinden";"65,60";"66,18";"64,79"
"16062065";"Harztor";"Gemeinden";"22,01";"20,84";"20,68"
"16062066";"Bleicherode, Stadt";"Gemeinden";"61,41";"59,53";"59,67"
"16063003";"Bad Salzungen, Stadt";"Gemeinden";"47,78";"45,06";"45,06"
"16063004";"Barchfeld-Immelborn";"Gemeinden";"54,67";"49,71";"49,67"
"16063006";"Berka v. d. Hainich";"Gemeinden";"48,26";"48,33";"48,20"
"16063008";"Bischofroda";"Gemeinden";"57,31";"57,71";"57,41"
"16063011";"Buttlar";"Gemeinden";"55,04";"53,64";"53,87"
"16063015";"Dermbach";"Gemeinden";"51,22";"48,77";"48,68"
"16063023";"Empfertshausen";"Gemeinden";"70,00";"64,90";"64,69"
"16063028";"Frankenroda";"Gemeinden";"42,15";"42,01";"41,87"
"16063032";"Geisa, Stadt";"Gemeinden";"60,47";"59,29";"59,16"
"16063033";"Gerstengrund";"Gemeinden";"38,18";"38,18";"38,18"
"16063037";"Hallungen";"Gemeinden";"53,77";"55,03";"55,03"
"16063046";"Krauthausen";"Gemeinden";"60,87";"58,50";"58,28"
"16063049";"Lauterbach";"Gemeinden";"55,29";"55,89";"55,74"
"16063051";"Leimbach";"Gemeinden";"58,17";"55,50";"55,16"
"16063058";"Nazza";"Gemeinden";"53,94";"53,79";"53,79"
"16063062";"Oechsen";"Gemeinden";"63,29";"59,86";"59,86"
"16063066";"Ruhla, Stadt";"Gemeinden";"13,26";"9,81";"9,75"
"16063068";"Schleid";"Gemeinden";"52,09";"50,87";"50,69"
"16063071";"Seebach";"Gemeinden";"25,97";"26,24";"26,24"
"16063076";"Treffurt, Stadt";"Gemeinden";"41,17";"38,21";"38,10"
"16063078";"Unterbreizbach";"Gemeinden";"58,97";"56,84";"56,84"
"16063082";"Vacha, Stadt";"Gemeinden";"47,47";"45,03";"44,94"
"16063084";"Weilar";"Gemeinden";"36,31";"36,10";"36,24"
"16063086";"Wiesenthal";"Gemeinden";"60,01";"57,52";"57,74"
"16063092";"Wutha-Farnroda";"Gemeinden";"42,83";"41,27";"41,25"
"16063097";"Gerstungen";"Gemeinden";"39,04";"36,68";"36,52"
"16063098";"Hörselberg-Hainich";"Gemeinden";"62,78";"61,68";"61,48"
"16063099";"Bad Liebenstein, Stadt";"Gemeinden";"32,17";"29,07";"28,93"
"16063101";"Krayenberggemeinde";"Gemeinden";"44,45";"38,44";"38,57"
"16063103";"Werra-Suhl-Tal, Stadt";"Gemeinden";"60,56";"59,50";"59,51"
"16063104";"Amt Creuzburg, Stadt";"Gemeinden";"48,61";"47,11";"47,08"
"16063105";"Eisenach, Stadt";"Gemeinden";"40,19";"38,70";"38,67"
"16064003";"Bad Langensalza, Stadt";"Gemeinden";"79,26";"78,60";"78,61"
"16064004";"Bad Tennstedt, Stadt";"Gemeinden";"88,44";"85,52";"85,52"
"16064005";"Ballhausen";"Gemeinden";"89,53";"88,03";"88,03"
"16064007";"Blankenburg";"Gemeinden";"85,52";"82,87";"82,73"
"16064009";"Bruchstedt";"Gemeinden";"90,59";"83,09";"83,24"
"16064019";"Großvargula";"Gemeinden";"89,82";"86,24";"86,17"
"16064021";"Haussömmern";"Gemeinden";"91,36";"91,51";"91,51"
"16064022";"Herbsleben";"Gemeinden";"86,96";"84,01";"83,65"
"16064027";"Hornsömmern";"Gemeinden";"91,67";"91,90";"91,67"
"16064032";"Kammerforst";"Gemeinden";"45,48";"45,72";"45,84"
"16064033";"Kirchheilingen";"Gemeinden";"85,42";"83,32";"83,26"
"16064037";"Körner";"Gemeinden";"75,12";"75,93";"75,96"
"16064038";"Kutzleben";"Gemeinden";"88,78";"87,15";"87,15"
"16064043";"Marolterode";"Gemeinden";"65,77";"65,77";"65,62"
"16064045";"Mittelsömmern";"Gemeinden";"84,06";"82,58";"82,58"
"16064046";"Mühlhausen/Thüringen, Stadt";"Gemeinden";"63,45";"62,57";"62,91"
"16064053";"Oppershausen";"Gemeinden";"44,83";"43,90";"43,67"
"16064055";"Rodeberg";"Gemeinden";"46,40";"46,25";"45,91"
"16064058";"Schönstedt";"Gemeinden";"72,35";"72,00";"71,91"
"16064061";"Sundhausen";"Gemeinden";"91,98";"91,98";"91,98"
"16064062";"Tottleben";"Gemeinden";"91,91";"90,93";"90,73"
"16064064";"Urleben";"Gemeinden";"89,49";"89,49";"89,49"
"16064071";"Unstruttal";"Gemeinden";"66,09";"65,03";"64,87"
"16064074";"Südeichsfeld";"Gemeinden";"44,94";"44,64";"44,52"
"16064075";"Vogtei";"Gemeinden";"43,31";"40,73";"40,69"
"16064076";"Unstrut-Hainich";"Gemeinden";"59,25";"57,36";"57,34"
"16064077";"Nottertal-Heilinger Höhen, Stadt";"Gemeinden";"77,54";"77,30";"77,33"
"16065001";"Abtsbessingen";"Gemeinden";"91,70";"92,05";"91,84"
"16065003";"Bad Frankenhausen/Kyffhäuser, Stadt";"Gemeinden";"58,49";"58,75";"58,54"
"16065005";"Bellstedt";"Gemeinden";"90,36";"90,36";"90,15"
"16065008";"Borxleben";"Gemeinden";"84,86";"84,67";"85,05"
"16065012";"Clingen, Stadt";"Gemeinden";"86,51";"86,51";"86,42"
"16065014";"Ebeleben, Stadt";"Gemeinden";"79,21";"78,56";"78,65"
"16065016";"Etzleben";"Gemeinden";"88,78";"88,78";"88,62"
"16065018";"Freienbessingen";"Gemeinden";"79,69";"80,13";"80,13"
"16065019";"Gehofen";"Gemeinden";"72,28";"74,43";"74,72"
"16065032";"Helbedündorf";"Gemeinden";"58,91";"59,01";"58,88"
"16065038";"Holzsußra";"Gemeinden";"73,92";"73,72";"74,32"
"16065042";"Kalbsrieth";"Gemeinden";"86,88";"84,96";"84,88"
"16065046";"Mönchpfiffel-Nikolausrieth";"Gemeinden";"90,12";"90,01";"90,01"
"16065048";"Niederbösa";"Gemeinden";"90,28";"90,71";"90,50"
"16065051";"Oberbösa";"Gemeinden";"65,72";"64,94";"64,94"
"16065052";"Oberheldrungen";"Gemeinden";"66,69";"65,49";"65,17"
"16065056";"Reinsdorf";"Gemeinden";"83,35";"82,72";"82,72"
"16065058";"Rockstedt";"Gemeinden";"90,08";"90,28";"90,08"
"16065067";"Sondershausen, Stadt";"Gemeinden";"49,82";"48,90";"48,84"
"16065074";"Topfstedt";"Gemeinden";"89,80";"89,89";"89,70"
"16065075";"Trebra";"Gemeinden";"86,65";"85,64";"85,64"
"16065077";"Wasserthaleben";"Gemeinden";"89,28";"90,22";"90,22"
"16065079";"Westgreußen";"Gemeinden";"90,54";"89,24";"89,72"
"16065085";"Kyffhäuserland";"Gemeinden";"42,81";"42,97";"42,96"
"16065086";"Artern, Stadt";"Gemeinden";"79,40";"76,87";"79,45"
"16065087";"Roßleben-Wiehe, Stadt";"Gemeinden";"67,84";"67,41";"67,45"
"16065088";"An der Schmücke, Stadt";"Gemeinden";"65,42";"63,61";"63,25"
"16065089";"Greußen, Stadt";"Gemeinden";"88,64";"88,06";"87,96"
"16066005";"Belrieth";"Gemeinden";"42,30";"43,20";"42,80"
"16066012";"Birx";"Gemeinden";"68,95";"68,95";"68,95"
"16066013";"Breitungen/Werra";"Gemeinden";"35,70";"33,94";"33,85"
"16066015";"Christes";"Gemeinden";"22,47";"21,89";"21,83"
"16066016";"Dillstädt";"Gemeinden";"61,92";"55,62";"55,69"
"16066017";"Einhausen";"Gemeinden";"46,90";"40,15";"39,96"
"16066018";"Ellingshausen";"Gemeinden";"26,29";"25,85";"25,70"
"16066019";"Erbenhausen";"Gemeinden";"51,06";"54,20";"54,30"
"16066022";"Fambach";"Gemeinden";"44,95";"41,30";"41,30"
"16066023";"Floh-Seligenthal";"Gemeinden";"20,75";"19,85";"19,84"
"16066024";"Frankenheim/Rhön";"Gemeinden";"54,48";"54,48";"54,48"
"16066025";"Friedelshausen";"Gemeinden";"68,70";"69,86";"70,00"
"16066038";"Kühndorf";"Gemeinden";"50,46";"43,24";"43,20"
"16066039";"Leutersdorf";"Gemeinden";"53,75";"59,24";"59,12"
"16066041";"Mehmels";"Gemeinden";"42,02";"42,64";"42,79"
"16066042";"Meiningen, Stadt";"Gemeinden";"36,15";"35,90";"35,75"
"16066045";"Neubrunn";"Gemeinden";"41,77";"40,69";"40,69"
"16066047";"Oberhof, Stadt";"Gemeinden";"1,75";"1,58";"1,58"
"16066049";"Obermaßfeld-Grimmenthal";"Gemeinden";"44,54";"41,86";"41,86"
"16066052";"Oberweid";"Gemeinden";"51,80";"54,34";"53,85"
"16066056";"Rippershausen";"Gemeinden";"60,43";"60,49";"60,40"
"16066057";"Ritschenhausen";"Gemeinden";"38,66";"37,05";"36,78"
"16066058";"Rohr";"Gemeinden";"56,95";"51,79";"51,50"
"16066059";"Rosa";"Gemeinden";"51,95";"51,00";"51,00"
"16066061";"Roßdorf";"Gemeinden";"60,86";"61,44";"61,44"
"16066063";"Schmalkalden, Stadt";"Gemeinden";"34,89";"31,53";"31,48"
"16066064";"Schwallungen";"Gemeinden";"37,06";"35,88";"35,80"
"16066065";"Schwarza";"Gemeinden";"35,23";"31,09";"30,64"
"16066069";"Steinbach-Hallenberg, Stadt";"Gemeinden";"25,65";"23,78";"23,60"
"16066073";"Sülzfeld";"Gemeinden";"29,73";"32,14";"32,20"
"16066074";"Brotterode-Trusetal, Stadt";"Gemeinden";"29,19";"28,30";"28,28"
"16066076";"Untermaßfeld";"Gemeinden";"27,53";"25,21";"24,65"
"16066079";"Utendorf";"Gemeinden";"48,08";"50,06";"49,20"
"16066081";"Vachdorf";"Gemeinden";"59,03";"59,60";"59,53"
"16066086";"Wasungen, Stadt";"Gemeinden";"32,69";"33,96";"33,88"
"16066092";"Zella-Mehlis, Stadt";"Gemeinden";"17,47";"13,63";"13,53"
"16066093";"Rhönblick";"Gemeinden";"53,80";"56,31";"56,22"
"16066094";"Grabfeld";"Gemeinden";"55,08";"55,12";"54,83"
"16066095";"Kaltennordheim, Stadt";"Gemeinden";"60,45";"60,43";"60,35"
"16067004";"Bienstädt";"Gemeinden";"69,12";"68,87";"68,26"
"16067009";"Dachwig";"Gemeinden";"89,40";"87,02";"87,02"
"16067011";"Döllstädt";"Gemeinden";"81,53";"82,46";"82,38"
"16067013";"Emleben";"Gemeinden";"78,07";"75,98";"75,80"
"16067016";"Eschenbergen";"Gemeinden";"60,02";"57,10";"57,10"
"16067019";"Friedrichroda, Stadt";"Gemeinden";"32,73";"28,97";"28,78"
"16067022";"Friemar";"Gemeinden";"89,45";"89,66";"89,45"
"16067026";"Gierstädt";"Gemeinden";"66,32";"64,91";"64,72"
"16067029";"Gotha, Stadt";"Gemeinden";"57,86";"53,58";"53,03"
"16067033";"Großfahner";"Gemeinden";"64,42";"63,41";"63,41"
"16067036";"Herrenhof";"Gemeinden";"71,23";"66,89";"66,89"
"16067044";"Luisenthal";"Gemeinden";"3,47";"3,30";"2,84"
"16067047";"Molschleben";"Gemeinden";"79,66";"77,56";"77,56"
"16067052";"Nottleben";"Gemeinden";"91,72";"91,02";"91,02"
"16067053";"Ohrdruf, Stadt";"Gemeinden";"33,61";"33,84";"33,71"
"16067055";"Pferdingsleben";"Gemeinden";"87,90";"87,88";"87,88"
"16067059";"Schwabhausen";"Gemeinden";"74,79";"68,59";"68,27"
"16067063";"Sonneborn";"Gemeinden";"89,07";"88,04";"88,04"
"16067064";"Bad Tabarz";"Gemeinden";"15,29";"11,65";"11,60"
"16067065";"Tambach-Dietharz/Thür. Wald, Stadt";"Gemeinden";"9,06";"7,54";"7,35"
"16067067";"Tonna";"Gemeinden";"79,57";"77,84";"77,87"
"16067068";"Tröchtelborn";"Gemeinden";"87,85";"87,32";"85,92"
"16067071";"Tüttleben";"Gemeinden";"89,12";"87,05";"85,67"
"16067072";"Waltershausen, Stadt";"Gemeinden";"37,61";"33,50";"33,44"
"16067082";"Zimmernsupra";"Gemeinden";"92,89";"91,54";"91,54"
"16067087";"Nesse-Apfelstädt";"Gemeinden";"82,22";"79,46";"79,51"
"16067088";"Hörsel";"Gemeinden";"75,01";"71,58";"71,38"
"16067089";"Drei Gleichen";"Gemeinden";"76,05";"74,12";"73,90"
"16067091";"Nessetal";"Gemeinden";"82,16";"80,92";"80,64"
"16067092";"Georgenthal";"Gemeinden";"41,48";"37,68";"37,47"
"16068001";"Alperstedt";"Gemeinden";"83,20";"78,05";"78,16"
"16068002";"Andisleben";"Gemeinden";"86,36";"86,22";"86,80"
"16068005";"Büchel";"Gemeinden";"89,97";"91,03";"90,73"
"16068007";"Eckstedt";"Gemeinden";"89,65";"88,74";"88,74"
"16068009";"Elxleben";"Gemeinden";"71,01";"71,01";"70,76"
"16068013";"Gangloffsömmern";"Gemeinden";"88,58";"88,44";"88,51"
"16068014";"Gebesee, Stadt";"Gemeinden";"84,26";"84,26";"84,34"
"16068015";"Griefstedt";"Gemeinden";"89,80";"89,80";"89,61"
"16068017";"Großmölsen";"Gemeinden";"87,82";"87,82";"87,62"
"16068019";"Großneuhausen";"Gemeinden";"91,60";"91,09";"91,09"
"16068021";"Großrudestedt";"Gemeinden";"78,08";"76,78";"76,61"
"16068022";"Günstedt";"Gemeinden";"90,82";"90,82";"90,18"
"16068025";"Haßleben";"Gemeinden";"90,74";"90,18";"90,25"
"16068032";"Kleinmölsen";"Gemeinden";"86,14";"86,14";"86,37"
"16068033";"Kleinneuhausen";"Gemeinden";"92,34";"91,76";"91,76"
"16068034";"Kölleda, Stadt";"Gemeinden";"57,09";"56,42";"56,34"
"16068036";"Markvippach";"Gemeinden";"91,40";"90,21";"89,92"
"16068037";"Nöda";"Gemeinden";"76,24";"72,05";"71,12"
"16068039";"Ollendorf";"Gemeinden";"89,30";"86,24";"86,24"
"16068041";"Ostramondra";"Gemeinden";"53,74";"53,72";"53,39"
"16068042";"Rastenberg, Stadt";"Gemeinden";"66,16";"65,15";"64,70"
"16068044";"Riethnordhausen";"Gemeinden";"89,44";"83,64";"83,32"
"16068045";"Ringleben";"Gemeinden";"88,11";"86,89";"86,89"
"16068048";"Schloßvippach";"Gemeinden";"88,51";"87,03";"87,35"
"16068049";"Schwerstedt";"Gemeinden";"92,17";"89,79";"89,48"
"16068051";"Sömmerda, Stadt";"Gemeinden";"80,86";"78,25";"77,97"
"16068052";"Sprötau";"Gemeinden";"75,91";"78,78";"78,15"
"16068053";"Straußfurt";"Gemeinden";"70,74";"71,49";"71,30"
"16068055";"Udestedt";"Gemeinden";"89,95";"89,95";"89,71"
"16068056";"Vogelsberg";"Gemeinden";"88,32";"87,46";"87,38"
"16068057";"Walschleben";"Gemeinden";"88,32";"87,85";"87,55"
"16068058";"Weißensee, Stadt";"Gemeinden";"89,27";"87,29";"87,04"
"16068059";"Werningshausen";"Gemeinden";"92,58";"90,47";"90,47"
"16068061";"Witterda";"Gemeinden";"77,08";"77,16";"77,24"
"16068062";"Wundersleben";"Gemeinden";"88,49";"88,20";"87,93"
"16068063";"Buttstädt";"Gemeinden";"84,18";"82,16";"82,16"
"16068064";"Kindelbrück";"Gemeinden";"85,26";"84,75";"84,36"
"16069001";"Ahlstädt";"Gemeinden";"54,27";"47,86";"47,44"
"16069003";"Beinerstadt";"Gemeinden";"75,56";"74,96";"75,11"
"16069004";"Bischofrod";"Gemeinden";"37,84";"35,47";"35,28"
"16069006";"Brünn/Thür.";"Gemeinden";"64,43";"62,79";"62,79"
"16069008";"Dingsleben";"Gemeinden";"62,09";"61,02";"61,14"
"16069009";"Ehrenberg";"Gemeinden";"76,44";"73,08";"73,08"
"16069011";"Eichenberg";"Gemeinden";"45,33";"40,67";"40,67"
"16069012";"Eisfeld, Stadt";"Gemeinden";"39,50";"37,63";"37,61"
"16069016";"Grimmelshausen";"Gemeinden";"46,79";"46,32";"46,32"
"16069017";"Grub";"Gemeinden";"33,41";"31,63";"31,63"
"16069021";"Henfstädt";"Gemeinden";"45,76";"44,16";"44,03"
"16069024";"Hildburghausen, Stadt";"Gemeinden";"38,20";"35,93";"35,88"
"16069025";"Kloster Veßra";"Gemeinden";"21,45";"20,98";"20,98"
"16069026";"Lengfeld";"Gemeinden";"54,52";"53,01";"53,01"
"16069028";"Marisfeld";"Gemeinden";"65,94";"66,20";"66,20"
"16069035";"Oberstadt";"Gemeinden";"37,24";"35,22";"35,15"
"16069037";"Reurieth";"Gemeinden";"44,01";"42,47";"42,41"
"16069041";"Schlechtsart";"Gemeinden";"72,87";"72,21";"72,21"
"16069042";"Schleusegrund";"Gemeinden";"15,35";"14,75";"14,73"
"16069043";"Schleusingen, Stadt";"Gemeinden";"25,95";"23,97";"23,91"
"16069044";"Schmeheim";"Gemeinden";"38,69";"36,15";"36,36"
"16069046";"Schweickershausen";"Gemeinden";"34,46";"34,15";"34,36"
"16069047";"St.Bernhard";"Gemeinden";"68,89";"69,16";"69,16"
"16069049";"Straufhain";"Gemeinden";"62,20";"61,18";"61,11"
"16069051";"Themar, Stadt";"Gemeinden";"50,40";"46,78";"46,58"
"16069052";"Ummerstadt, Stadt";"Gemeinden";"37,89";"37,70";"37,70"
"16069053";"Veilsdorf";"Gemeinden";"54,63";"53,82";"53,79"
"16069056";"Westhausen";"Gemeinden";"57,36";"56,97";"56,97"
"16069058";"Auengrund";"Gemeinden";"43,98";"42,90";"42,87"
"16069061";"Masserberg";"Gemeinden";"19,38";"18,10";"18,19"
"16069062";"Römhild, Stadt";"Gemeinden";"62,85";"62,19";"62,12"
"16069063";"Heldburg, Stadt";"Gemeinden";"52,55";"52,07";"52,16"
"16070001";"Alkersleben";"Gemeinden";"83,36";"83,22";"83,22"
"16070004";"Arnstadt, Stadt";"Gemeinden";"49,81";"47,13";"47,10"
"16070006";"Bösleben-Wüllersleben";"Gemeinden";"80,72";"80,72";"80,78"
"16070008";"Dornheim";"Gemeinden";"76,97";"77,85";"77,85"
"16070011";"Elgersburg";"Gemeinden";"11,80";"9,06";"9,06"
"16070012";"Elleben";"Gemeinden";"62,53";"62,65";"62,65"
"16070013";"Elxleben";"Gemeinden";"88,17";"88,17";"87,96"
"16070028";"Amt Wachsenburg";"Gemeinden";"71,33";"68,12";"68,50"
"16070029";"Ilmenau, Stadt";"Gemeinden";"23,20";"21,07";"21,15"
"16070034";"Martinroda";"Gemeinden";"34,21";"33,18";"33,11"
"16070041";"Osthausen-Wülfershausen";"Gemeinden";"57,63";"57,69";"57,69"
"16070043";"Plaue, Stadt";"Gemeinden";"43,94";"41,52";"41,52"
"16070048";"Stadtilm, Stadt";"Gemeinden";"61,56";"61,07";"60,99"
"16070054";"Witzleben";"Gemeinden";"72,89";"72,84";"72,84"
"16070057";"Geratal";"Gemeinden";"31,08";"29,61";"29,54"
"16070058";"Großbreitenbach, Stadt";"Gemeinden";"28,22";"27,56";"27,51"
"16071001";"Apolda, Stadt";"Gemeinden";"68,81";"65,50";"65,43"
"16071003";"Bad Berka, Stadt";"Gemeinden";"37,42";"36,19";"35,57"
"16071004";"Bad Sulza, Stadt";"Gemeinden";"85,42";"82,18";"82,18"
"16071005";"Ballstedt";"Gemeinden";"83,93";"84,23";"84,23"
"16071008";"Blankenhain, Stadt";"Gemeinden";"62,69";"60,56";"60,40"
"16071009";"Buchfart";"Gemeinden";"9,43";"9,43";"9,43"
"16071013";"Döbritschen";"Gemeinden";"47,01";"46,53";"46,53"
"16071015";"Eberstedt";"Gemeinden";"88,86";"84,50";"84,02"
"16071017";"Ettersburg";"Gemeinden";"53,08";"52,40";"53,08"
"16071019";"Frankendorf";"Gemeinden";"88,06";"88,43";"88,43"
"16071022";"Großheringen";"Gemeinden";"70,20";"63,25";"62,58"
"16071025";"Großschwabhausen";"Gemeinden";"75,00";"72,95";"72,87"
"16071027";"Hammerstedt";"Gemeinden";"91,39";"91,39";"91,65"
"16071031";"Hetschburg";"Gemeinden";"56,25";"55,88";"55,15"
"16071032";"Hohenfelden";"Gemeinden";"50,18";"49,70";"49,70"
"16071037";"Kapellendorf";"Gemeinden";"83,12";"82,93";"82,37"
"16071038";"Kiliansroda";"Gemeinden";"63,75";"64,00";"63,50"
"16071042";"Kleinschwabhausen";"Gemeinden";"85,42";"84,11";"84,38"
"16071043";"Klettbach";"Gemeinden";"52,46";"52,66";"52,40"
"16071046";"Kranichfeld, Stadt";"Gemeinden";"45,84";"40,95";"40,43"
"16071049";"Lehnstedt";"Gemeinden";"91,22";"90,60";"90,76"
"16071053";"Magdala, Stadt";"Gemeinden";"73,57";"72,69";"72,59"
"16071055";"Mechelroda";"Gemeinden";"75,00";"76,15";"75,00"
"16071056";"Mellingen";"Gemeinden";"78,71";"75,80";"75,38"
"16071059";"Nauendorf";"Gemeinden";"47,26";"47,26";"45,99"
"16071061";"Neumark, Stadt";"Gemeinden";"91,70";"88,47";"88,47"
"16071064";"Niedertrebra";"Gemeinden";"87,10";"84,65";"84,43"
"16071069";"Obertrebra";"Gemeinden";"88,89";"85,80";"85,49"
"16071071";"Oettern";"Gemeinden";"53,74";"50,14";"49,86"
"16071079";"Rittersdorf";"Gemeinden";"70,16";"69,59";"69,48"
"16071083";"Schmiedehausen";"Gemeinden";"81,89";"79,67";"79,00"
"16071087";"Tonndorf";"Gemeinden";"45,45";"46,64";"46,54"
"16071089";"Umpferstedt";"Gemeinden";"74,73";"75,00";"75,00"
"16071093";"Vollersroda";"Gemeinden";"59,46";"59,46";"59,07"
"16071095";"Wiegendorf";"Gemeinden";"88,12";"88,61";"88,37"
"16071101";"Ilmtal-Weinstraße";"Gemeinden";"88,27";"85,40";"85,41"
"16071102";"Am Ettersberg";"Gemeinden";"87,55";"84,94";"84,88"
"16071103";"Grammetal";"Gemeinden";"65,71";"64,20";"64,08"
"16072006";"Goldisthal";"Gemeinden";"2,89";"2,79";"2,79"
"16072011";"Lauscha, Stadt";"Gemeinden";"13,35";"10,20";"10,04"
"16072013";"Neuhaus am Rennweg, Stadt";"Gemeinden";"10,86";"10,16";"10,08"
"16072015";"Schalkau, Stadt";"Gemeinden";"50,17";"49,91";"49,77"
"16072018";"Sonneberg, Stadt";"Gemeinden";"24,51";"22,02";"22,10"
"16072019";"Steinach, Stadt";"Gemeinden";"12,87";"6,38";"6,38"
"16072023";"Frankenblick";"Gemeinden";"35,83";"32,79";"32,60"
"16072024";"Föritztal";"Gemeinden";"40,82";"40,66";"40,47"
"16073001";"Allendorf";"Gemeinden";"70,27";"69,48";"69,48"
"16073002";"Altenbeuthen";"Gemeinden";"43,02";"42,89";"42,89"
"16073005";"Bad Blankenburg, Stadt";"Gemeinden";"37,34";"32,37";"32,23"
"16073006";"Bechstedt";"Gemeinden";"65,52";"64,94";"64,94"
"16073013";"Cursdorf";"Gemeinden";"14,70";"13,05";"13,05"
"16073014";"Deesbach";"Gemeinden";"32,08";"27,52";"27,52"
"16073017";"Döschnitz";"Gemeinden";"27,10";"24,41";"24,41"
"16073028";"Gräfenthal, Stadt";"Gemeinden";"30,31";"28,09";"27,84"
"16073035";"Hohenwarte";"Gemeinden";"3,49";"3,49";"3,49"
"16073037";"Katzhütte";"Gemeinden";"8,97";"8,35";"8,35"
"16073038";"Kaulsdorf";"Gemeinden";"43,83";"37,64";"37,73"
"16073046";"Lehesten, Stadt";"Gemeinden";"28,77";"28,60";"28,41"
"16073055";"Meura";"Gemeinden";"19,49";"19,49";"19,49"
"16073067";"Probstzella";"Gemeinden";"30,25";"29,16";"28,83"
"16073074";"Rohrbach";"Gemeinden";"26,22";"22,62";"22,37"
"16073076";"Rudolstadt, Stadt";"Gemeinden";"41,86";"40,52";"40,47"
"16073077";"Saalfeld/Saale, Stadt";"Gemeinden";"35,29";"32,25";"32,21"
"16073082";"Schwarzburg";"Gemeinden";"3,82";"3,75";"3,75"
"16073084";"Sitzendorf";"Gemeinden";"25,00";"16,27";"16,27"
"16073094";"Unterweißbach";"Gemeinden";"4,34";"2,57";"2,50"
"16073106";"Leutenberg, Stadt";"Gemeinden";"29,19";"27,89";"27,83"
"16073107";"Drognitz";"Gemeinden";"45,80";"44,92";"44,88"
"16073109";"Uhlstädt-Kirchhasel";"Gemeinden";"41,52";"39,93";"39,85"
"16073111";"Unterwellenborn";"Gemeinden";"37,27";"35,07";"35,00"
"16073112";"Königsee, Stadt";"Gemeinden";"40,79";"39,87";"39,92"
"16073113";"Schwarzatal, Stadt";"Gemeinden";"38,36";"29,75";"29,48"
"16074001";"Albersdorf";"Gemeinden";"70,92";"70,92";"70,92"
"16074002";"Altenberga";"Gemeinden";"43,45";"41,55";"41,49"
"16074003";"Bad Klosterlausnitz";"Gemeinden";"8,68";"6,15";"5,85"
"16074004";"Bibra";"Gemeinden";"56,06";"55,84";"55,84"
"16074005";"Bobeck";"Gemeinden";"26,42";"24,43";"24,43"
"16074007";"Bremsnitz";"Gemeinden";"36,67";"38,48";"38,48"
"16074008";"Bucha";"Gemeinden";"61,08";"57,85";"57,80"
"16074009";"Bürgel, Stadt";"Gemeinden";"74,33";"70,83";"70,83"
"16074011";"Dornburg-Camburg, Stadt";"Gemeinden";"60,94";"60,84";"60,77"
"16074012";"Crossen an der Elster";"Gemeinden";"63,70";"63,80";"63,80"
"16074016";"Eichenberg";"Gemeinden";"51,56";"50,78";"50,82"
"16074017";"Eineborn";"Gemeinden";"51,21";"50,32";"50,32"
"16074018";"Eisenberg, Stadt";"Gemeinden";"34,54";"28,46";"28,42"
"16074019";"Frauenprießnitz";"Gemeinden";"76,29";"76,19";"76,19"
"16074021";"Freienorla";"Gemeinden";"29,68";"29,68";"29,68"
"16074022";"Geisenhain";"Gemeinden";"24,18";"22,22";"22,27"
"16074024";"Gneus";"Gemeinden";"31,36";"30,99";"30,99"
"16074025";"Gösen";"Gemeinden";"42,04";"41,21";"41,53"
"16074026";"Golmsdorf";"Gemeinden";"62,52";"62,52";"62,52"
"16074028";"Graitschen b. Bürgel";"Gemeinden";"61,37";"57,94";"57,94"
"16074029";"Großbockedra";"Gemeinden";"47,24";"45,70";"45,70"
"16074031";"Großeutersdorf";"Gemeinden";"54,65";"49,42";"49,42"
"16074032";"Großlöbichau";"Gemeinden";"48,72";"48,72";"48,72"
"16074033";"Großpürschütz";"Gemeinden";"32,91";"32,91";"32,91"
"16074034";"Gumperda";"Gemeinden";"63,32";"60,61";"60,61"
"16074036";"Hainichen";"Gemeinden";"66,54";"66,54";"66,54"
"16074037";"Hainspitz";"Gemeinden";"36,67";"32,89";"32,89"
"16074038";"Hartmannsdorf";"Gemeinden";"50,62";"50,62";"50,62"
"16074039";"Heideland";"Gemeinden";"80,99";"80,40";"80,09"
"16074041";"Hermsdorf, Stadt";"Gemeinden";"34,98";"27,50";"20,16"
"16074042";"Hummelshain";"Gemeinden";"14,34";"13,71";"13,71"
"16074043";"Jenalöbnitz";"Gemeinden";"52,78";"52,78";"52,78"
"16074044";"Kahla, Stadt";"Gemeinden";"47,66";"33,42";"33,42"
"16074045";"Karlsdorf";"Gemeinden";"50,21";"50,21";"50,21"
"16074046";"Kleinbockedra";"Gemeinden";"36,40";"34,28";"34,28"
"16074047";"Kleinebersdorf";"Gemeinden";"67,33";"64,34";"64,59"
"16074048";"Kleineutersdorf";"Gemeinden";"35,69";"35,69";"35,69"
"16074049";"Laasdorf";"Gemeinden";"42,54";"41,04";"40,80"
"16074051";"Lehesten";"Gemeinden";"72,41";"72,49";"71,17"
"16074052";"Lindig";"Gemeinden";"35,24";"31,13";"31,13"
"16074053";"Lippersdorf-Erdmannsdorf";"Gemeinden";"36,14";"35,14";"35,04"
"16074054";"Löberschütz";"Gemeinden";"77,20";"76,87";"76,87"
"16074055";"Mertendorf";"Gemeinden";"81,27";"81,27";"81,27"
"16074056";"Meusebach";"Gemeinden";"6,37";"5,56";"5,56"
"16074057";"Milda";"Gemeinden";"73,29";"71,38";"71,38"
"16074058";"Möckern";"Gemeinden";"38,01";"35,77";"35,77"
"16074059";"Mörsdorf";"Gemeinden";"31,82";"30,36";"30,36"
"16074061";"Nausnitz";"Gemeinden";"83,22";"83,80";"83,80"
"16074063";"Neuengönna";"Gemeinden";"50,48";"50,00";"50,00"
"16074064";"Oberbodnitz";"Gemeinden";"36,08";"34,53";"34,53"
"16074065";"Orlamünde, Stadt";"Gemeinden";"67,60";"62,52";"62,52"
"16074066";"Ottendorf";"Gemeinden";"69,18";"66,21";"66,21"
"16074067";"Petersberg";"Gemeinden";"67,98";"67,03";"67,03"
"16074068";"Poxdorf";"Gemeinden";"71,78";"67,82";"67,82"
"16074071";"Rattelsdorf";"Gemeinden";"31,88";"31,34";"31,34"
"16074072";"Rauda";"Gemeinden";"75,90";"75,90";"75,90"
"16074073";"Rauschwitz";"Gemeinden";"91,56";"91,56";"91,56"
"16074074";"Rausdorf";"Gemeinden";"29,62";"29,62";"29,62"
"16074075";"Reichenbach";"Gemeinden";"61,92";"61,92";"62,13"
"16074076";"Reinstädt";"Gemeinden";"41,76";"41,71";"41,71"
"16074077";"Renthendorf";"Gemeinden";"62,47";"62,38";"62,38"
"16074079";"Rothenstein";"Gemeinden";"50,24";"49,47";"49,47"
"16074081";"Ruttersdorf-Lotschen";"Gemeinden";"44,80";"42,67";"42,67"
"16074082";"Scheiditz";"Gemeinden";"82,74";"77,98";"77,98"
"16074084";"Schleifreisen";"Gemeinden";"34,53";"31,51";"31,51"
"16074085";"Schlöben";"Gemeinden";"61,66";"61,22";"61,22"
"16074086";"Schöngleina";"Gemeinden";"65,38";"62,57";"62,43"
"16074087";"Schöps";"Gemeinden";"44,83";"42,99";"42,99"
"16074089";"Seitenroda";"Gemeinden";"39,05";"39,55";"39,55"
"16074091";"Serba";"Gemeinden";"59,41";"57,28";"57,14"
"16074092";"Silbitz";"Gemeinden";"39,29";"39,55";"39,38"
"16074093";"St.Gangloff";"Gemeinden";"12,86";"12,75";"12,65"
"16074094";"Stadtroda, Stadt";"Gemeinden";"52,59";"46,82";"46,82"
"16074095";"Sulza";"Gemeinden";"54,91";"54,91";"54,91"
"16074096";"Tautenburg";"Gemeinden";"11,37";"11,37";"11,37"
"16074097";"Tautendorf";"Gemeinden";"60,95";"60,19";"60,00"
"16074098";"Tautenhain";"Gemeinden";"19,31";"19,20";"18,75"
"16074099";"Thierschneck";"Gemeinden";"89,78";"89,78";"89,78"
"16074101";"Tissa";"Gemeinden";"42,93";"41,44";"41,44"
"16074102";"Trockenborn-Wolfersdorf";"Gemeinden";"12,99";"12,40";"12,40"
"16074103";"Tröbnitz";"Gemeinden";"62,62";"57,48";"57,48"
"16074104";"Unterbodnitz";"Gemeinden";"42,83";"41,92";"41,92"
"16074105";"Waldeck";"Gemeinden";"13,98";"12,98";"12,98"
"16074106";"Walpernhain";"Gemeinden";"86,92";"86,71";"86,71"
"16074107";"Waltersdorf";"Gemeinden";"20,52";"19,65";"19,65"
"16074108";"Weißbach";"Gemeinden";"38,00";"37,24";"37,24"
"16074109";"Weißenborn";"Gemeinden";"28,23";"25,86";"25,47"
"16074112";"Wichmar";"Gemeinden";"66,73";"66,73";"66,73"
"16074113";"Zimmern";"Gemeinden";"74,66";"74,66";"74,32"
"16074114";"Zöllnitz";"Gemeinden";"30,48";"30,00";"28,10"
"16074116";"Schkölen, Stadt";"Gemeinden";"81,55";"78,89";"78,89"
"16075006";"Bodelwitz";"Gemeinden";"82,43";"78,31";"78,31"
"16075014";"Dittersdorf";"Gemeinden";"57,12";"55,78";"55,78"
"16075016";"Döbritz";"Gemeinden";"73,08";"70,51";"70,51"
"16075019";"Dreitzsch";"Gemeinden";"66,25";"65,56";"65,56"
"16075023";"Eßbach";"Gemeinden";"48,67";"48,67";"48,67"
"16075029";"Geroda";"Gemeinden";"64,39";"62,93";"62,93"
"16075031";"Gertewitz";"Gemeinden";"72,68";"71,50";"71,02"
"16075033";"Görkwitz";"Gemeinden";"72,48";"68,89";"68,89"
"16075034";"Göschitz";"Gemeinden";"71,01";"69,22";"69,35"
"16075035";"Gössitz";"Gemeinden";"38,40";"38,40";"38,40"
"16075039";"Grobengereuth";"Gemeinden";"58,87";"58,51";"58,51"
"16075046";"Hirschberg, Stadt";"Gemeinden";"58,39";"57,15";"57,19"
"16075047";"Keila";"Gemeinden";"63,70";"63,70";"63,70"
"16075048";"Kirschkau";"Gemeinden";"61,33";"60,33";"60,33"
"16075051";"Kospoda";"Gemeinden";"61,99";"60,85";"60,85"
"16075054";"Langenorla";"Gemeinden";"20,95";"19,53";"19,49"
"16075056";"Lausnitz b. Neustadt an der Orla";"Gemeinden";"38,48";"36,26";"36,02"
"16075057";"Lemnitz";"Gemeinden";"40,60";"38,61";"38,36"
"16075062";"Bad Lobenstein, Stadt";"Gemeinden";"38,27";"37,31";"37,20"
"16075063";"Löhma";"Gemeinden";"53,73";"52,68";"52,68"
"16075065";"Miesitz";"Gemeinden";"77,53";"75,51";"75,28"
"16075066";"Mittelpöllnitz";"Gemeinden";"79,64";"79,64";"79,44"
"16075068";"Moßbach";"Gemeinden";"60,12";"57,66";"57,55"
"16075069";"Moxa";"Gemeinden";"61,44";"59,53";"59,53"
"16075072";"Neundorf (bei Schleiz)";"Gemeinden";"73,65";"72,52";"72,65"
"16075073";"Neustadt an der Orla, Stadt";"Gemeinden";"50,74";"49,30";"49,29"
"16075074";"Nimritz";"Gemeinden";"64,32";"64,32";"64,32"
"16075075";"Oberoppurg";"Gemeinden";"71,99";"68,44";"68,44"
"16075076";"Oettersdorf";"Gemeinden";"75,24";"73,98";"73,89"
"16075077";"Oppurg";"Gemeinden";"56,52";"53,67";"53,61"
"16075079";"Paska";"Gemeinden";"37,27";"37,27";"37,27"
"16075081";"Peuschen";"Gemeinden";"61,59";"60,53";"60,53"
"16075083";"Plothen";"Gemeinden";"57,40";"57,04";"56,97"
"16075084";"Pörmitz";"Gemeinden";"56,13";"55,50";"55,66"
"16075085";"Pößneck, Stadt";"Gemeinden";"47,93";"41,26";"41,26"
"16075087";"Quaschwitz";"Gemeinden";"60,26";"60,26";"60,26"
"16075088";"Ranis, Stadt";"Gemeinden";"67,74";"65,85";"65,85"
"16075093";"Rosendorf";"Gemeinden";"54,74";"52,97";"52,97"
"16075098";"Schleiz, Stadt";"Gemeinden";"38,50";"37,26";"37,21"
"16075099";"Schmieritz";"Gemeinden";"56,34";"54,77";"54,77"
"16075101";"Schmorda";"Gemeinden";"47,93";"48,14";"48,14"
"16075102";"Schöndorf";"Gemeinden";"57,33";"57,43";"57,57"
"16075103";"Seisla";"Gemeinden";"74,94";"72,26";"72,26"
"16075105";"Solkwitz";"Gemeinden";"82,27";"82,27";"82,27"
"16075109";"Tegau";"Gemeinden";"80,87";"78,49";"78,35"
"16075114";"Tömmelsdorf";"Gemeinden";"61,38";"60,91";"60,91"
"16075116";"Triptis, Stadt";"Gemeinden";"47,21";"46,03";"45,88"
"16075119";"Volkmannsdorf";"Gemeinden";"65,76";"65,34";"65,86"
"16075121";"Weira";"Gemeinden";"51,95";"50,34";"50,34"
"16075124";"Wernburg";"Gemeinden";"43,91";"41,74";"41,59"
"16075125";"Wilhelmsdorf";"Gemeinden";"47,59";"46,62";"46,62"
"16075127";"Ziegenrück, Stadt";"Gemeinden";"35,64";"35,64";"35,64"
"16075129";"Krölpa";"Gemeinden";"38,39";"37,63";"37,54"
"16075131";"Gefell, Stadt";"Gemeinden";"61,21";"60,37";"59,93"
"16075132";"Tanna, Stadt";"Gemeinden";"58,20";"57,60";"57,60"
"16075133";"Wurzbach, Stadt";"Gemeinden";"28,28";"28,10";"28,08"
"16075134";"Remptendorf";"Gemeinden";"44,64";"44,65";"44,65"
"16075135";"Saalburg-Ebersdorf, Stadt";"Gemeinden";"41,28";"40,53";"40,40"
"16075136";"Rosenthal am Rennsteig";"Gemeinden";"35,15";"35,12";"35,12"
"16076003";"Bad Köstritz, Stadt";"Gemeinden";"54,82";"51,77";"51,77"
"16076004";"Berga/Elster, Stadt";"Gemeinden";"62,04";"59,33";"59,26"
"16076006";"Bethenhausen";"Gemeinden";"88,31";"88,31";"88,64"
"16076007";"Bocka";"Gemeinden";"66,12";"63,47";"63,47"
"16076008";"Brahmenau";"Gemeinden";"86,36";"85,92";"85,78"
"16076009";"Braunichswalde";"Gemeinden";"75,62";"73,70";"73,70"
"16076012";"Caaschwitz";"Gemeinden";"47,26";"46,78";"46,54"
"16076014";"Crimla";"Gemeinden";"78,47";"78,47";"79,17"
"16076017";"Endschütz";"Gemeinden";"77,92";"75,28";"75,09"
"16076019";"Gauern";"Gemeinden";"54,50";"54,22";"54,22"
"16076022";"Greiz, Stadt";"Gemeinden";"41,85";"40,47";"40,25"
"16076023";"Großenstein";"Gemeinden";"87,25";"86,84";"86,63"
"16076027";"Hilbersdorf";"Gemeinden";"86,70";"86,95";"86,95"
"16076028";"Hirschfeld";"Gemeinden";"93,05";"93,05";"93,05"
"16076029";"Hohenleuben, Stadt";"Gemeinden";"55,93";"54,98";"54,77"
"16076033";"Hundhaupten";"Gemeinden";"68,06";"66,03";"65,91"
"16076034";"Kauern";"Gemeinden";"48,38";"74,13";"73,41"
"16076036";"Korbußen";"Gemeinden";"83,50";"79,06";"78,92"
"16076039";"Langenwetzendorf";"Gemeinden";"65,81";"64,05";"63,93"
"16076041";"Langenwolschendorf";"Gemeinden";"62,90";"62,76";"62,61"
"16076042";"Lederhose";"Gemeinden";"48,45";"46,80";"46,80"
"16076043";"Linda b. Weida";"Gemeinden";"81,67";"80,20";"80,09"
"16076044";"Lindenkreuz";"Gemeinden";"88,99";"88,54";"88,54"
"16076049";"Münchenbernsdorf, Stadt";"Gemeinden";"59,55";"58,19";"58,19"
"16076055";"Paitzdorf";"Gemeinden";"85,81";"86,51";"86,51"
"16076058";"Pölzig";"Gemeinden";"79,87";"79,74";"79,61"
"16076059";"Reichstädt";"Gemeinden";"86,56";"86,36";"86,36"
"16076061";"Ronneburg, Stadt";"Gemeinden";"43,23";"49,14";"48,82"
"16076062";"Rückersdorf";"Gemeinden";"83,69";"82,57";"82,57"
"16076064";"Saara";"Gemeinden";"66,08";"63,74";"63,74"
"16076067";"Schwaara";"Gemeinden";"93,24";"92,39";"92,39"
"16076068";"Schwarzbach";"Gemeinden";"70,69";"70,69";"70,50"
"16076069";"Seelingstädt";"Gemeinden";"67,76";"67,89";"67,89"
"16076074";"Teichwitz";"Gemeinden";"75,90";"69,71";"69,71"
"16076079";"Weida, Stadt";"Gemeinden";"50,90";"47,88";"47,69"
"16076081";"Weißendorf";"Gemeinden";"60,33";"60,06";"59,78"
"16076084";"Wünschendorf/Elster";"Gemeinden";"60,21";"56,62";"56,67"
"16076086";"Zedlitz";"Gemeinden";"48,93";"47,44";"47,44"
"16076087";"Zeulenroda-Triebes, Stadt";"Gemeinden";"49,12";"48,14";"48,09"
"16076088";"Harth-Pöllnitz";"Gemeinden";"60,07";"57,64";"57,53"
"16076089";"Kraftsdorf";"Gemeinden";"62,37";"59,04";"58,97"
"16076092";"Auma-Weidatal, Stadt";"Gemeinden";"64,50";"63,91";"63,82"
"16076093";"Mohlsdorf-Teichwolframsdorf";"Gemeinden";"54,83";"55,64";"55,45"
"16077001";"Altenburg, Stadt";"Gemeinden";"67,56";"62,88";"62,66"
"16077003";"Dobitschen";"Gemeinden";"86,26";"85,80";"85,80"
"16077005";"Fockendorf";"Gemeinden";"31,44";"30,07";"29,73"
"16077007";"Gerstenberg";"Gemeinden";"80,83";"79,87";"79,87"
"16077008";"Göhren";"Gemeinden";"91,52";"91,29";"91,17"
"16077009";"Göllnitz";"Gemeinden";"86,81";"86,22";"86,22"
"16077011";"Göpfersdorf";"Gemeinden";"90,89";"90,89";"91,05"
"16077012";"Gößnitz, Stadt";"Gemeinden";"70,86";"70,29";"70,43"
"16077015";"Haselbach";"Gemeinden";"17,75";"17,75";"17,03"
"16077016";"Heukewalde";"Gemeinden";"90,49";"90,32";"90,32"
"16077017";"Heyersdorf";"Gemeinden";"85,45";"85,45";"85,45"
"16077018";"Jonaswalde";"Gemeinden";"84,87";"84,87";"84,77"
"16077022";"Kriebitzsch";"Gemeinden";"73,89";"71,33";"71,18"
"16077023";"Langenleuba-Niederhain";"Gemeinden";"44,40";"44,53";"44,61"
"16077026";"Löbichau";"Gemeinden";"76,03";"75,60";"75,60"
"16077027";"Lödla";"Gemeinden";"71,06";"69,21";"69,21"
"16077028";"Lucka, Stadt";"Gemeinden";"31,63";"31,48";"31,32"
"16077031";"Mehna";"Gemeinden";"85,53";"85,74";"85,53"
"16077032";"Meuselwitz, Stadt";"Gemeinden";"47,58";"45,51";"45,34"
"16077034";"Monstab";"Gemeinden";"86,75";"84,28";"84,28"
"16077036";"Nobitz";"Gemeinden";"81,18";"80,37";"80,26"
"16077039";"Ponitz";"Gemeinden";"84,06";"84,00";"83,70"
"16077041";"Posterstein";"Gemeinden";"77,22";"77,03";"77,03"
"16077042";"Rositz";"Gemeinden";"71,55";"69,02";"68,62"
"16077043";"Schmölln, Stadt";"Gemeinden";"81,30";"79,39";"79,40"
"16077044";"Starkenberg";"Gemeinden";"84,71";"80,13";"80,09"
"16077047";"Thonhausen";"Gemeinden";"84,50";"83,97";"83,86"
"16077048";"Treben";"Gemeinden";"79,40";"79,20";"78,90"
"16077049";"Vollmershain";"Gemeinden";"88,93";"88,34";"88,34"
"16077052";"Windischleuba";"Gemeinden";"68,03";"67,82";"67,68"
