Kennziffer;Raumeinheit;Aggregat;Kaufkraft;Kaufkraft;Kaufkraft;Kaufkraft
;;;2013;2017;2021;2023
"01001000";"Flensburg, Stadt";"Gemeinden";"19.570,15";"21.225,55";"22.555,19";"26.301,48"
"01002000";"Kiel, Landeshauptstadt";"Gemeinden";"19.836,82";"21.568,05";"22.918,42";"26.792,26"
"01003000";"Lübeck, Hansestadt";"Gemeinden";"20.770,74";"22.673,06";"24.127,79";"28.153,49"
"01004000";"Neumünster, Stadt";"Gemeinden";"19.767,69";"22.228,84";"23.764,92";"27.680,96"
"01051001";"Albersdorf";"Gemeinden";"20.488,93";"22.553,77";"24.044,96";"27.767,05"
"01051002";"Arkebek";"Gemeinden";"19.393,29";"21.413,78";"24.046,72";"28.156,62"
"01051003";"Averlak";"Gemeinden";"20.343,33";"22.529,33";"24.586,74";"29.081,87"
"01051004";"Bargenstedt";"Gemeinden";"20.855,25";"23.652,26";"26.400,18";"30.488,19"
"01051005";"Barkenholm";"Gemeinden";"20.122,35";"22.076,83";"24.133,79";"27.898,68"
"01051006";"Barlt";"Gemeinden";"18.485,60";"21.043,24";"23.309,60";"27.009,88"
"01051008";"Bergewöhrden";"Gemeinden";"25.366,93";"28.303,99";"31.043,14";"36.071,44"
"01051010";"Brickeln";"Gemeinden";"15.672,74";"18.206,55";"20.307,02";"23.963,12"
"01051011";"Brunsbüttel, Stadt";"Gemeinden";"22.156,64";"24.826,99";"26.869,83";"31.299,81"
"01051012";"Buchholz";"Gemeinden";"19.440,90";"21.874,69";"24.110,74";"28.209,55"
"01051013";"Büsum";"Gemeinden";"22.675,53";"25.099,89";"27.736,97";"32.568,32"
"01051014";"Büsumer Deichhausen";"Gemeinden";"22.813,68";"25.940,45";"28.213,24";"32.534,67"
"01051015";"Bunsoh";"Gemeinden";"20.741,10";"23.473,33";"25.604,51";"30.620,89"
"01051016";"Burg (Dithmarschen)";"Gemeinden";"20.523,98";"23.190,00";"25.323,03";"29.250,51"
"01051017";"Busenwurth";"Gemeinden";"16.968,41";"19.268,60";"21.900,67";"25.080,91"
"01051019";"Dellstedt";"Gemeinden";"18.966,49";"21.199,38";"23.263,93";"27.435,66"
"01051020";"Delve";"Gemeinden";"19.386,58";"22.301,25";"25.041,74";"29.370,09"
"01051021";"Diekhusen-Fahrstedt";"Gemeinden";"20.463,98";"22.963,14";"24.980,17";"29.532,25"
"01051022";"Dingen";"Gemeinden";"21.161,30";"23.666,47";"25.794,70";"30.002,08"
"01051023";"Dörpling";"Gemeinden";"18.287,06";"20.529,60";"23.066,92";"27.176,58"
"01051024";"Eddelak";"Gemeinden";"20.935,72";"22.844,09";"24.816,27";"28.711,64"
"01051026";"Eggstedt";"Gemeinden";"18.552,98";"21.556,16";"23.699,70";"27.292,90"
"01051027";"Elpersbüttel";"Gemeinden";"19.672,45";"22.241,59";"24.725,32";"28.883,01"
"01051028";"Epenwöhrden";"Gemeinden";"19.527,75";"21.177,52";"23.636,74";"27.349,31"
"01051030";"Fedderingen";"Gemeinden";"20.102,88";"21.884,86";"24.046,62";"28.097,63"
"01051032";"Frestedt";"Gemeinden";"19.466,01";"22.411,68";"24.276,52";"28.185,80"
"01051033";"Friedrichsgabekoog";"Gemeinden";"20.778,18";"23.283,51";"27.102,30";"31.583,62"
"01051034";"Friedrichskoog";"Gemeinden";"22.343,68";"23.941,84";"25.349,07";"29.802,40"
"01051035";"Gaushorn";"Gemeinden";"18.214,25";"20.435,79";"22.566,73";"27.063,82"
"01051036";"Glüsing";"Gemeinden";"25.790,00";"28.988,74";"32.101,28";"37.892,58"
"01051037";"Großenrade";"Gemeinden";"19.596,08";"21.659,03";"24.490,98";"29.195,88"
"01051038";"Groven";"Gemeinden";"15.519,76";"18.743,31";"21.622,49";"24.984,07"
"01051039";"Gudendorf";"Gemeinden";"19.932,03";"21.961,82";"24.007,47";"28.339,39"
"01051043";"Hedwigenkoog";"Gemeinden";"17.444,37";"20.038,93";"22.829,44";"27.129,02"
"01051044";"Heide, Stadt";"Gemeinden";"20.642,87";"22.362,32";"23.771,83";"27.763,39"
"01051045";"Hellschen-Heringsand-Unterschaar";"Gemeinden";"21.115,36";"26.016,38";"30.504,92";"36.024,75"
"01051046";"Helse";"Gemeinden";"19.277,23";"21.846,42";"24.224,01";"27.958,54"
"01051047";"Hemme";"Gemeinden";"20.890,94";"24.378,12";"26.725,37";"31.393,53"
"01051048";"Hemmingstedt";"Gemeinden";"19.998,99";"21.737,89";"23.467,65";"27.320,85"
"01051049";"Hennstedt";"Gemeinden";"20.010,10";"22.500,34";"24.577,09";"29.023,84"
"01051050";"Hillgroven";"Gemeinden";"21.029,27";"24.868,74";"27.779,00";"32.254,17"
"01051051";"Hochdonn";"Gemeinden";"18.764,06";"21.193,08";"23.803,94";"27.950,77"
"01051052";"Hövede";"Gemeinden";"21.291,91";"23.792,44";"25.927,44";"30.055,74"
"01051053";"Hollingstedt";"Gemeinden";"18.800,76";"20.124,59";"21.802,18";"25.270,57"
"01051054";"Immenstedt";"Gemeinden";"22.514,70";"24.953,19";"25.907,57";"30.200,55"
"01051057";"Kaiser-Wilhelm-Koog";"Gemeinden";"22.310,18";"25.213,91";"28.304,68";"33.855,03"
"01051058";"Karolinenkoog";"Gemeinden";"24.108,81";"25.638,96";"28.449,87";"33.490,40"
"01051060";"Kleve";"Gemeinden";"19.816,14";"22.457,16";"24.693,65";"29.616,71"
"01051061";"Krempel";"Gemeinden";"16.559,64";"18.887,70";"21.011,25";"24.412,67"
"01051062";"Kronprinzenkoog";"Gemeinden";"20.504,32";"23.397,30";"25.944,02";"30.512,43"
"01051063";"Krumstedt";"Gemeinden";"18.874,19";"21.059,29";"23.545,03";"27.627,89"
"01051064";"Kuden";"Gemeinden";"20.265,71";"22.802,85";"25.487,16";"29.972,69"
"01051065";"Lehe";"Gemeinden";"19.564,17";"21.658,67";"24.155,22";"28.292,65"
"01051067";"Lieth";"Gemeinden";"20.907,37";"23.320,53";"26.161,62";"30.518,75"
"01051068";"Linden";"Gemeinden";"20.984,03";"23.356,37";"25.658,63";"30.040,02"
"01051069";"Lohe-Rickelshof";"Gemeinden";"23.798,10";"27.007,58";"29.428,39";"34.144,56"
"01051071";"Lunden";"Gemeinden";"17.987,84";"19.853,47";"21.525,26";"25.218,21"
"01051072";"Marne, Stadt";"Gemeinden";"21.230,89";"23.598,71";"25.527,03";"29.632,32"
"01051073";"Marnerdeich";"Gemeinden";"18.363,54";"20.268,95";"23.401,60";"27.517,60"
"01051074";"Meldorf, Stadt";"Gemeinden";"20.857,57";"23.001,33";"24.847,75";"28.794,49"
"01051075";"Neuenkirchen";"Gemeinden";"20.504,57";"22.807,63";"25.171,17";"29.759,97"
"01051076";"Neufeld";"Gemeinden";"21.484,48";"24.107,52";"27.110,48";"31.716,63"
"01051077";"Neufelderkoog";"Gemeinden";"24.732,93";"27.570,43";"30.267,64";"34.720,05"
"01051078";"Nindorf";"Gemeinden";"21.436,93";"24.212,11";"26.445,92";"30.291,34"
"01051079";"Norddeich";"Gemeinden";"19.069,71";"21.468,58";"23.933,83";"28.721,28"
"01051080";"Norderheistedt";"Gemeinden";"17.378,90";"19.873,00";"21.849,16";"25.358,38"
"01051081";"Norderwöhrden";"Gemeinden";"26.031,53";"29.288,18";"32.813,38";"38.241,03"
"01051082";"Nordhastedt";"Gemeinden";"21.295,22";"23.935,43";"25.732,44";"30.032,88"
"01051083";"Odderade";"Gemeinden";"20.429,77";"22.898,72";"24.724,05";"28.507,90"
"01051084";"Oesterdeichstrich";"Gemeinden";"17.971,38";"20.323,17";"23.056,82";"26.199,58"
"01051085";"Offenbüttel";"Gemeinden";"19.805,66";"22.285,42";"24.865,34";"29.102,55"
"01051086";"Osterrade";"Gemeinden";"18.665,44";"21.452,27";"23.735,83";"27.187,92"
"01051087";"Ostrohe";"Gemeinden";"25.516,67";"28.877,40";"31.405,15";"36.888,07"
"01051088";"Pahlen";"Gemeinden";"18.679,36";"20.668,60";"22.757,73";"26.574,95"
"01051089";"Quickborn";"Gemeinden";"19.837,96";"21.763,76";"23.416,03";"27.837,32"
"01051090";"Ramhusen";"Gemeinden";"20.713,67";"23.199,80";"25.771,85";"30.280,30"
"01051092";"Rehm-Flehde-Bargen";"Gemeinden";"19.564,16";"22.361,54";"24.755,32";"29.132,30"
"01051093";"Reinsbüttel";"Gemeinden";"20.230,45";"23.390,03";"25.485,60";"29.238,28"
"01051096";"Sankt Annen";"Gemeinden";"21.436,59";"24.049,17";"26.670,63";"31.616,57"
"01051097";"Sankt Michaelisdonn";"Gemeinden";"20.636,98";"23.316,03";"25.295,62";"29.400,74"
"01051098";"Sarzbüttel";"Gemeinden";"21.830,99";"23.791,79";"25.770,96";"30.005,59"
"01051099";"Schafstedt";"Gemeinden";"19.921,56";"22.399,50";"24.982,87";"29.098,80"
"01051100";"Schalkholz";"Gemeinden";"19.185,11";"21.670,12";"23.626,34";"27.983,88"
"01051102";"Schlichting";"Gemeinden";"19.383,31";"21.905,11";"24.084,96";"28.816,93"
"01051103";"Schmedeswurth";"Gemeinden";"19.878,86";"21.435,68";"24.050,58";"28.742,68"
"01051104";"Schrum";"Gemeinden";"24.469,60";"29.686,95";"34.308,02";"40.318,44"
"01051105";"Schülp";"Gemeinden";"20.712,86";"22.433,82";"24.925,65";"29.579,53"
"01051107";"Stelle-Wittenwurth";"Gemeinden";"20.755,22";"23.077,01";"25.242,92";"30.181,09"
"01051108";"Strübbel";"Gemeinden";"24.099,54";"27.440,11";"30.905,75";"36.073,75"
"01051109";"Süderdeich";"Gemeinden";"18.525,18";"21.101,48";"23.325,31";"26.715,05"
"01051110";"Süderhastedt";"Gemeinden";"19.631,55";"21.793,22";"23.608,48";"27.598,05"
"01051113";"Wöhrden";"Gemeinden";"20.114,68";"22.747,31";"24.498,81";"28.717,73"
"01051114";"Tellingstedt";"Gemeinden";"21.375,03";"23.118,36";"24.643,28";"28.994,76"
"01051117";"Tielenhemme";"Gemeinden";"18.851,87";"21.452,57";"23.691,09";"27.598,99"
"01051118";"Trennewurth";"Gemeinden";"20.934,60";"23.616,98";"26.386,79";"30.897,56"
"01051119";"Volsemenhusen";"Gemeinden";"22.805,24";"25.886,22";"27.954,77";"31.951,06"
"01051120";"Wallen";"Gemeinden";"19.382,19";"22.196,21";"25.036,36";"28.882,16"
"01051121";"Warwerort";"Gemeinden";"18.529,51";"20.936,38";"23.183,46";"27.020,24"
"01051122";"Weddingstedt";"Gemeinden";"21.163,09";"23.595,99";"25.528,25";"30.146,61"
"01051125";"Welmbüttel";"Gemeinden";"20.982,96";"22.192,80";"24.333,71";"28.250,57"
"01051126";"Wennbüttel";"Gemeinden";"23.857,06";"25.843,20";"27.733,77";"32.046,96"
"01051127";"Wesselburen, Stadt";"Gemeinden";"19.625,19";"21.262,16";"22.391,42";"26.206,62"
"01051128";"Wesselburener Deichhausen";"Gemeinden";"20.189,49";"22.975,00";"25.908,15";"30.241,93"
"01051129";"Wesselburenerkoog";"Gemeinden";"23.424,97";"25.092,56";"29.418,98";"34.252,45"
"01051130";"Wesseln";"Gemeinden";"22.786,98";"25.680,96";"28.112,27";"32.709,71"
"01051131";"Westerborstel";"Gemeinden";"22.649,78";"25.216,69";"27.592,67";"32.083,02"
"01051132";"Westerdeichstrich";"Gemeinden";"21.528,53";"23.769,87";"26.298,84";"30.595,10"
"01051133";"Wiemerstedt";"Gemeinden";"20.956,03";"24.136,48";"26.402,69";"30.468,57"
"01051134";"Windbergen";"Gemeinden";"18.453,61";"20.625,27";"22.646,17";"26.535,37"
"01051135";"Wolmersdorf";"Gemeinden";"23.847,59";"26.126,10";"27.053,84";"31.780,91"
"01051136";"Wrohm";"Gemeinden";"19.517,23";"22.475,48";"24.738,88";"28.583,14"
"01051137";"Nordermeldorf";"Gemeinden";"20.021,88";"22.448,51";"24.604,70";"28.445,98"
"01051138";"Tensbüttel-Röst";"Gemeinden";"18.742,68";"20.937,64";"22.951,53";"27.138,83"
"01051139";"Süderdorf";"Gemeinden";"19.900,61";"22.425,09";"24.627,56";"28.789,95"
"01051140";"Oesterwurth";"Gemeinden";"23.776,33";"26.563,60";"27.627,33";"32.049,90"
"01051141";"Süderheistedt";"Gemeinden";"21.384,00";"23.911,31";"26.695,38";"30.872,26"
"01053001";"Albsfelde";"Gemeinden";"25.929,29";"26.829,87";"27.701,65";"31.912,08"
"01053002";"Alt-Mölln";"Gemeinden";"21.838,53";"24.019,40";"26.092,93";"30.318,39"
"01053003";"Aumühle";"Gemeinden";"39.478,14";"41.583,14";"42.695,44";"49.462,63"
"01053004";"Bäk";"Gemeinden";"25.520,49";"29.550,12";"30.899,46";"36.175,14"
"01053005";"Bälau";"Gemeinden";"23.096,55";"24.935,44";"26.350,36";"30.347,12"
"01053006";"Basedow";"Gemeinden";"20.374,37";"23.176,55";"25.120,87";"29.779,63"
"01053007";"Basthorst";"Gemeinden";"24.595,40";"27.733,50";"29.887,92";"35.095,47"
"01053008";"Behlendorf";"Gemeinden";"23.558,88";"25.448,81";"27.340,62";"32.071,18"
"01053009";"Berkenthin";"Gemeinden";"20.270,92";"23.144,74";"25.336,38";"29.539,71"
"01053010";"Besenthal";"Gemeinden";"21.807,91";"23.440,05";"24.904,28";"29.111,05"
"01053011";"Bliestorf";"Gemeinden";"19.997,81";"22.173,29";"24.226,33";"27.861,83"
"01053012";"Börnsen";"Gemeinden";"26.029,84";"28.370,11";"29.977,04";"34.772,08"
"01053013";"Borstorf";"Gemeinden";"20.153,78";"21.506,44";"23.156,47";"26.843,09"
"01053014";"Breitenfelde";"Gemeinden";"20.630,38";"22.775,12";"24.874,60";"28.911,71"
"01053015";"Bröthen";"Gemeinden";"28.321,65";"29.603,25";"30.761,19";"36.356,14"
"01053016";"Brunsmark";"Gemeinden";"21.879,44";"23.723,78";"25.145,90";"29.257,95"
"01053017";"Brunstorf";"Gemeinden";"22.438,87";"24.831,04";"25.936,03";"29.760,33"
"01053018";"Buchholz";"Gemeinden";"24.656,38";"28.272,56";"30.465,72";"35.662,68"
"01053019";"Buchhorst";"Gemeinden";"20.805,72";"23.066,10";"25.504,50";"29.720,85"
"01053020";"Büchen";"Gemeinden";"21.459,88";"23.266,99";"24.536,78";"28.705,64"
"01053021";"Dahmker";"Gemeinden";"27.049,18";"30.138,23";"33.058,28";"38.409,37"
"01053022";"Dalldorf";"Gemeinden";"19.987,81";"22.120,97";"24.367,44";"28.874,69"
"01053023";"Dassendorf";"Gemeinden";"29.125,02";"31.733,49";"34.220,05";"40.326,89"
"01053024";"Düchelsdorf";"Gemeinden";"22.219,81";"23.622,90";"24.903,57";"29.186,52"
"01053025";"Duvensee";"Gemeinden";"18.920,63";"21.308,29";"23.851,30";"28.082,89"
"01053026";"Einhaus";"Gemeinden";"23.550,89";"26.908,55";"28.387,52";"33.293,23"
"01053027";"Elmenhorst";"Gemeinden";"21.035,22";"23.508,19";"25.200,34";"28.893,99"
"01053028";"Escheburg";"Gemeinden";"26.328,15";"28.090,72";"30.031,66";"35.170,15"
"01053029";"Fitzen";"Gemeinden";"20.910,47";"23.570,15";"25.378,63";"29.798,51"
"01053030";"Fredeburg";"Gemeinden";"22.496,59";"24.160,80";"25.647,47";"30.211,47"
"01053031";"Fuhlenhagen";"Gemeinden";"20.941,73";"22.727,37";"24.768,48";"28.858,99"
"01053032";"Geesthacht, Stadt";"Gemeinden";"21.247,15";"23.497,24";"24.838,34";"29.061,11"
"01053033";"Giesensdorf";"Gemeinden";"21.574,99";"24.810,23";"27.436,58";"33.237,39"
"01053034";"Göldenitz";"Gemeinden";"19.185,57";"22.026,17";"24.013,10";"28.681,11"
"01053035";"Göttin";"Gemeinden";"26.263,23";"27.783,51";"28.613,98";"32.813,30"
"01053036";"Grabau";"Gemeinden";"21.632,98";"24.908,64";"26.182,53";"30.915,09"
"01053037";"Grambek";"Gemeinden";"25.580,09";"28.179,95";"30.216,52";"35.169,24"
"01053038";"Grinau";"Gemeinden";"20.561,15";"23.130,22";"25.112,99";"29.221,24"
"01053039";"Groß Boden";"Gemeinden";"19.635,70";"22.932,74";"24.904,56";"29.899,79"
"01053040";"Groß Disnack";"Gemeinden";"24.505,69";"26.045,84";"26.777,99";"31.342,26"
"01053041";"Groß Grönau";"Gemeinden";"26.775,34";"28.800,02";"29.985,06";"35.176,06"
"01053042";"Groß Pampau";"Gemeinden";"24.493,34";"26.348,48";"29.428,79";"34.661,06"
"01053043";"Groß Sarau";"Gemeinden";"25.704,08";"29.297,77";"30.739,91";"35.917,34"
"01053044";"Groß Schenkenberg";"Gemeinden";"21.165,89";"23.147,94";"25.379,49";"29.639,98"
"01053045";"Grove";"Gemeinden";"24.925,81";"27.165,63";"29.298,38";"34.327,07"
"01053046";"Gudow";"Gemeinden";"20.936,55";"23.300,00";"25.166,60";"28.887,30"
"01053047";"Gülzow";"Gemeinden";"22.369,24";"24.001,62";"25.628,45";"30.390,52"
"01053048";"Güster";"Gemeinden";"24.408,15";"27.694,60";"29.600,86";"33.863,15"
"01053049";"Hamfelde";"Gemeinden";"28.450,06";"30.474,79";"30.267,04";"34.863,81"
"01053050";"Hamwarde";"Gemeinden";"21.881,22";"24.038,77";"26.413,39";"30.788,27"
"01053051";"Harmsdorf";"Gemeinden";"20.596,46";"22.920,31";"25.439,02";"29.971,76"
"01053052";"Havekost";"Gemeinden";"25.655,85";"27.162,41";"28.542,06";"33.784,38"
"01053053";"Hohenhorn";"Gemeinden";"25.492,88";"27.193,57";"28.487,59";"32.928,24"
"01053054";"Hollenbek";"Gemeinden";"18.267,63";"20.837,69";"23.175,13";"26.946,85"
"01053056";"Hornbek";"Gemeinden";"21.856,52";"24.404,87";"25.754,21";"30.775,79"
"01053057";"Horst";"Gemeinden";"21.753,55";"24.141,32";"26.226,68";"30.672,94"
"01053058";"Juliusburg";"Gemeinden";"19.809,25";"22.516,18";"23.641,13";"28.322,66"
"01053059";"Kankelau";"Gemeinden";"22.180,71";"24.478,19";"26.993,63";"31.348,86"
"01053060";"Kasseburg";"Gemeinden";"26.383,52";"27.875,91";"30.313,99";"35.499,77"
"01053061";"Kastorf";"Gemeinden";"20.221,23";"22.542,97";"24.549,05";"28.416,52"
"01053062";"Kittlitz";"Gemeinden";"21.338,39";"22.898,16";"25.128,66";"29.619,85"
"01053064";"Klein Pampau";"Gemeinden";"21.787,95";"24.351,64";"26.555,74";"31.190,14"
"01053066";"Klein Zecher";"Gemeinden";"20.786,15";"23.213,74";"25.523,47";"30.112,12"
"01053067";"Klempau";"Gemeinden";"23.251,71";"25.599,64";"27.547,44";"31.318,08"
"01053068";"Klinkrade";"Gemeinden";"19.676,67";"22.089,19";"23.653,49";"28.200,53"
"01053069";"Koberg";"Gemeinden";"20.549,91";"23.183,41";"24.795,47";"29.148,08"
"01053070";"Köthel";"Gemeinden";"23.796,75";"25.635,85";"27.197,17";"31.230,86"
"01053071";"Kollow";"Gemeinden";"23.098,62";"24.493,57";"26.106,81";"30.709,41"
"01053072";"Kröppelshagen-Fahrendorf";"Gemeinden";"28.727,46";"31.030,45";"32.693,50";"38.002,21"
"01053073";"Krüzen";"Gemeinden";"20.552,91";"23.332,17";"24.782,96";"28.815,64"
"01053074";"Krukow";"Gemeinden";"21.141,28";"23.228,26";"25.484,43";"29.694,14"
"01053075";"Krummesse";"Gemeinden";"30.454,79";"32.559,04";"33.715,63";"39.236,67"
"01053076";"Kuddewörde";"Gemeinden";"28.488,69";"31.073,79";"33.804,91";"39.586,45"
"01053077";"Kühsen";"Gemeinden";"20.360,16";"22.561,42";"24.882,81";"29.871,66"
"01053078";"Kulpin";"Gemeinden";"18.192,50";"20.808,61";"22.927,17";"26.728,79"
"01053079";"Labenz";"Gemeinden";"21.450,08";"23.975,62";"25.684,53";"30.209,79"
"01053080";"Langenlehsten";"Gemeinden";"21.215,52";"23.481,50";"26.401,05";"30.440,66"
"01053081";"Lankau";"Gemeinden";"18.950,86";"21.800,62";"24.143,77";"28.149,49"
"01053082";"Lanze";"Gemeinden";"16.066,19";"18.270,85";"19.997,57";"23.733,55"
"01053083";"Lauenburg/ Elbe, Stadt";"Gemeinden";"18.899,80";"21.356,31";"22.883,37";"26.933,99"
"01053084";"Lehmrade";"Gemeinden";"20.740,81";"23.296,22";"24.908,40";"29.788,62"
"01053085";"Linau";"Gemeinden";"23.066,75";"24.615,13";"26.680,50";"30.641,71"
"01053086";"Lüchow";"Gemeinden";"24.035,21";"27.028,02";"29.901,13";"34.711,30"
"01053087";"Lütau";"Gemeinden";"20.662,18";"23.401,28";"25.047,51";"29.123,55"
"01053088";"Mechow";"Gemeinden";"21.441,06";"24.554,56";"26.729,41";"31.131,59"
"01053089";"Möhnsen";"Gemeinden";"21.667,58";"23.558,09";"25.613,68";"29.898,49"
"01053090";"Mölln, Stadt";"Gemeinden";"20.796,41";"22.985,48";"24.379,26";"28.547,94"
"01053091";"Mühlenrade";"Gemeinden";"21.910,17";"23.995,87";"26.740,35";"31.393,41"
"01053092";"Müssen";"Gemeinden";"22.457,28";"24.311,23";"25.569,08";"29.974,46"
"01053093";"Mustin";"Gemeinden";"21.233,22";"24.007,63";"26.059,76";"29.835,24"
"01053094";"Niendorf bei Berkenthin";"Gemeinden";"17.534,32";"19.821,54";"21.747,45";"25.479,18"
"01053095";"Niendorf/ Stecknitz";"Gemeinden";"22.061,79";"23.741,04";"24.531,28";"28.731,85"
"01053096";"Nusse";"Gemeinden";"20.747,11";"23.661,60";"25.767,25";"29.382,01"
"01053097";"Panten";"Gemeinden";"20.359,94";"23.147,39";"25.009,39";"29.492,07"
"01053098";"Pogeez";"Gemeinden";"27.614,10";"31.562,39";"35.541,45";"42.051,87"
"01053099";"Poggensee";"Gemeinden";"20.764,52";"22.618,23";"23.917,92";"27.953,69"
"01053100";"Ratzeburg, Stadt";"Gemeinden";"21.419,21";"23.859,63";"25.645,88";"29.834,97"
"01053101";"Ritzerau";"Gemeinden";"20.171,44";"23.125,75";"25.669,84";"30.801,95"
"01053102";"Römnitz";"Gemeinden";"17.242,54";"19.711,80";"21.785,92";"25.885,30"
"01053103";"Rondeshagen";"Gemeinden";"20.781,84";"23.624,50";"25.631,50";"30.652,11"
"01053104";"Roseburg";"Gemeinden";"21.953,39";"24.605,58";"27.318,71";"31.905,65"
"01053105";"Sachsenwald (Forstgutsbez.),gemfr.Geb.";"Gemeinden";;;;
"01053106";"Sahms";"Gemeinden";"24.243,74";"25.869,30";"27.709,81";"32.612,93"
"01053107";"Salem";"Gemeinden";"24.982,85";"28.127,49";"29.272,05";"34.497,38"
"01053108";"Sandesneben";"Gemeinden";"21.633,93";"24.315,04";"26.053,74";"30.451,99"
"01053109";"Schiphorst";"Gemeinden";"20.460,03";"22.999,87";"25.307,50";"29.395,08"
"01053110";"Schmilau";"Gemeinden";"23.292,43";"26.132,74";"27.251,58";"32.027,79"
"01053111";"Schnakenbek";"Gemeinden";"24.068,87";"26.020,78";"27.187,98";"31.764,07"
"01053112";"Schönberg";"Gemeinden";"20.553,87";"22.770,04";"24.751,08";"28.459,33"
"01053113";"Schretstaken";"Gemeinden";"21.630,51";"24.136,65";"26.188,94";"30.782,53"
"01053114";"Schürensöhlen";"Gemeinden";"22.904,21";"25.875,92";"28.699,99";"33.438,44"
"01053115";"Schulendorf";"Gemeinden";"22.443,81";"25.106,91";"26.232,59";"31.478,89"
"01053116";"Schwarzenbek, Stadt";"Gemeinden";"21.680,86";"23.873,14";"24.995,81";"29.246,01"
"01053117";"Seedorf";"Gemeinden";"25.285,12";"27.374,35";"29.659,60";"35.695,94"
"01053118";"Siebenbäumen";"Gemeinden";"18.903,63";"21.620,53";"23.631,23";"27.695,01"
"01053119";"Siebeneichen";"Gemeinden";"20.637,38";"23.329,17";"25.306,21";"29.490,06"
"01053120";"Sierksrade";"Gemeinden";"21.093,25";"22.718,86";"23.872,97";"28.077,02"
"01053121";"Sirksfelde";"Gemeinden";"18.915,72";"20.945,46";"23.423,52";"27.445,79"
"01053122";"Steinhorst";"Gemeinden";"23.507,56";"26.730,95";"29.138,44";"34.017,97"
"01053123";"Sterley";"Gemeinden";"20.501,73";"23.271,50";"25.381,94";"29.709,35"
"01053124";"Stubben";"Gemeinden";"21.180,60";"23.475,59";"25.006,95";"28.756,38"
"01053125";"Talkau";"Gemeinden";"23.013,05";"25.199,93";"26.468,11";"30.910,28"
"01053126";"Tramm";"Gemeinden";"23.669,70";"25.751,31";"27.042,31";"31.494,59"
"01053127";"Walksfelde";"Gemeinden";"22.346,74";"25.336,63";"28.462,14";"32.967,63"
"01053128";"Wangelau";"Gemeinden";"22.648,60";"25.067,86";"26.554,65";"30.935,65"
"01053129";"Wentorf bei Hamburg";"Gemeinden";"31.562,52";"33.733,46";"34.944,11";"40.677,17"
"01053130";"Wentorf (Amt Sandesneben)";"Gemeinden";"21.616,81";"24.448,68";"26.789,75";"30.654,00"
"01053131";"Wiershop";"Gemeinden";"19.983,69";"23.198,89";"24.570,37";"28.849,83"
"01053132";"Witzeeze";"Gemeinden";"21.467,03";"24.267,62";"26.043,90";"30.170,39"
"01053133";"Wohltorf";"Gemeinden";"49.161,10";"52.090,36";"53.123,46";"61.849,97"
"01053134";"Woltersdorf";"Gemeinden";"21.520,09";"24.272,22";"25.522,39";"29.413,88"
"01053135";"Worth";"Gemeinden";"21.700,80";"23.621,00";"25.010,71";"28.787,13"
"01053136";"Ziethen";"Gemeinden";"21.342,72";"23.451,76";"26.139,25";"30.660,17"
"01054001";"Achtrup";"Gemeinden";"19.390,16";"21.818,26";"24.000,70";"27.739,92"
"01054002";"Ahrenshöft";"Gemeinden";"19.012,39";"21.797,39";"23.898,16";"27.747,82"
"01054003";"Ahrenviöl";"Gemeinden";"19.894,01";"23.012,80";"25.546,53";"29.586,10"
"01054004";"Ahrenviölfeld";"Gemeinden";"19.455,03";"22.590,25";"25.030,10";"29.192,14"
"01054005";"Alkersum";"Gemeinden";"21.754,23";"23.953,67";"26.625,74";"31.001,28"
"01054006";"Almdorf";"Gemeinden";"17.007,94";"19.448,10";"21.109,07";"24.353,23"
"01054007";"Arlewatt";"Gemeinden";"19.737,73";"22.311,52";"24.714,93";"28.834,34"
"01054009";"Aventoft";"Gemeinden";"20.120,00";"22.794,23";"24.571,82";"28.165,82"
"01054010";"Bargum";"Gemeinden";"20.227,00";"22.811,05";"24.983,31";"29.297,37"
"01054011";"Behrendorf";"Gemeinden";"19.181,23";"22.452,76";"25.139,24";"29.434,04"
"01054012";"Bohmstedt";"Gemeinden";"19.658,26";"22.562,96";"24.711,63";"29.628,26"
"01054013";"Bondelum";"Gemeinden";"17.719,64";"19.211,96";"21.451,01";"25.323,75"
"01054014";"Bordelum";"Gemeinden";"20.602,88";"23.466,16";"26.070,64";"30.267,30"
"01054015";"Borgsum";"Gemeinden";"19.311,57";"21.956,16";"24.726,28";"29.079,32"
"01054016";"Bosbüll";"Gemeinden";"19.162,41";"22.085,04";"24.548,49";"29.010,06"
"01054017";"Braderup";"Gemeinden";"23.496,32";"26.459,10";"29.137,96";"33.490,86"
"01054018";"Bramstedtlund";"Gemeinden";"16.709,20";"18.470,49";"20.924,97";"24.255,17"
"01054019";"Bredstedt, Stadt";"Gemeinden";"20.075,54";"22.326,97";"24.164,64";"28.245,93"
"01054020";"Breklum";"Gemeinden";"19.858,87";"22.499,49";"25.064,93";"29.079,90"
"01054022";"Dagebüll";"Gemeinden";"20.195,36";"23.727,55";"26.179,06";"31.167,47"
"01054023";"Drage";"Gemeinden";"22.931,77";"24.663,02";"27.113,49";"31.752,16"
"01054024";"Drelsdorf";"Gemeinden";"18.936,31";"21.333,16";"23.022,25";"27.029,81"
"01054025";"Dunsum";"Gemeinden";"17.490,41";"20.008,11";"23.007,39";"26.960,98"
"01054026";"Elisabeth-Sophien-Koog";"Gemeinden";"11.356,25";"13.740,02";"16.741,98";"19.784,13"
"01054027";"Ellhöft";"Gemeinden";"16.188,51";"18.850,04";"21.706,10";"24.923,12"
"01054032";"Fresendelf";"Gemeinden";"18.180,86";"20.580,91";"22.831,40";"27.135,95"
"01054033";"Friedrichstadt, Stadt";"Gemeinden";"20.087,06";"22.241,24";"24.248,12";"28.391,25"
"01054034";"Friedrich-Wilhelm-Lübke-Koog";"Gemeinden";"27.627,36";"32.232,85";"36.459,56";"41.862,44"
"01054035";"Garding, Kirchspiel";"Gemeinden";"17.633,69";"18.843,21";"20.779,23";"23.871,00"
"01054036";"Garding, Stadt";"Gemeinden";"19.924,09";"22.081,23";"24.138,71";"28.396,08"
"01054037";"Goldebek";"Gemeinden";"17.782,53";"19.982,06";"22.299,32";"26.539,42"
"01054038";"Goldelund";"Gemeinden";"19.431,90";"20.909,70";"22.586,32";"26.387,11"
"01054039";"Gröde";"Gemeinden";"25.926,50";"27.432,60";"28.088,07";"31.884,34"
"01054040";"Grothusenkoog";"Gemeinden";"43.978,66";"44.071,05";"47.325,00";"55.149,81"
"01054041";"Haselund";"Gemeinden";"18.819,57";"21.572,02";"24.134,99";"27.699,73"
"01054042";"Hattstedt";"Gemeinden";"21.322,03";"23.985,74";"26.476,16";"30.677,24"
"01054043";"Hattstedtermarsch";"Gemeinden";"18.117,21";"20.576,42";"22.477,93";"26.441,59"
"01054045";"Högel";"Gemeinden";"18.344,00";"20.969,55";"23.138,77";"26.697,39"
"01054046";"Hörnum (Sylt)";"Gemeinden";"20.612,84";"22.223,49";"23.408,70";"27.774,38"
"01054048";"Holm";"Gemeinden";"18.428,89";"21.452,33";"23.606,69";"27.621,36"
"01054050";"Hallig Hooge";"Gemeinden";"24.190,12";"25.449,96";"25.960,68";"30.635,60"
"01054052";"Horstedt";"Gemeinden";"19.447,58";"22.214,73";"24.868,67";"29.694,46"
"01054054";"Hude";"Gemeinden";"17.201,26";"19.431,72";"21.918,20";"25.628,86"
"01054055";"Humptrup";"Gemeinden";"19.267,23";"21.565,70";"23.236,99";"27.117,26"
"01054056";"Husum, Stadt";"Gemeinden";"20.881,45";"23.281,30";"25.375,18";"29.590,59"
"01054057";"Immenstedt";"Gemeinden";"18.700,59";"20.249,02";"21.767,98";"25.545,23"
"01054059";"Joldelund";"Gemeinden";"18.380,83";"20.841,49";"23.120,93";"27.649,21"
"01054061";"Kampen (Sylt)";"Gemeinden";"34.364,48";"40.971,17";"47.518,65";"54.423,14"
"01054062";"Karlum";"Gemeinden";"19.788,14";"22.164,65";"23.867,37";"27.706,85"
"01054063";"Katharinenheerd";"Gemeinden";"20.578,02";"22.025,92";"23.985,13";"28.061,76"
"01054065";"Klanxbüll";"Gemeinden";"19.503,63";"21.845,05";"24.348,55";"28.509,05"
"01054068";"Klixbüll";"Gemeinden";"19.670,77";"22.457,85";"24.860,77";"29.108,24"
"01054070";"Koldenbüttel";"Gemeinden";"20.080,25";"22.585,42";"24.551,84";"28.580,85"
"01054071";"Kolkerheide";"Gemeinden";"13.875,35";"15.284,43";"17.124,55";"20.217,62"
"01054072";"Kotzenbüll";"Gemeinden";"19.784,72";"22.173,89";"24.528,31";"29.311,16"
"01054073";"Ladelund";"Gemeinden";"17.824,52";"20.304,28";"22.505,74";"26.393,55"
"01054074";"Langeneß";"Gemeinden";"19.016,94";"22.069,02";"24.586,87";"28.716,50"
"01054075";"Langenhorn";"Gemeinden";"19.822,16";"22.257,88";"24.663,91";"28.703,01"
"01054076";"Leck";"Gemeinden";"20.568,91";"22.228,29";"23.976,15";"27.771,59"
"01054077";"Lexgaard";"Gemeinden";"19.986,34";"22.913,62";"25.004,44";"28.970,09"
"01054078";"List auf Sylt";"Gemeinden";"16.259,60";"19.154,26";"21.312,67";"24.943,12"
"01054079";"Löwenstedt";"Gemeinden";"20.066,98";"23.162,74";"26.153,72";"30.808,78"
"01054080";"Lütjenholm";"Gemeinden";"17.043,67";"19.444,21";"22.003,04";"25.352,59"
"01054083";"Midlum";"Gemeinden";"22.531,15";"25.674,91";"26.896,37";"31.069,41"
"01054084";"Mildstedt";"Gemeinden";"21.590,46";"24.641,57";"27.275,64";"31.734,89"
"01054085";"Nebel";"Gemeinden";"23.184,63";"25.130,03";"26.995,06";"31.508,87"
"01054086";"Neukirchen";"Gemeinden";"17.591,67";"20.370,05";"22.244,70";"26.088,21"
"01054087";"Nieblum";"Gemeinden";"22.626,27";"25.675,36";"27.666,80";"32.342,52"
"01054088";"Niebüll, Stadt";"Gemeinden";"20.603,81";"23.110,42";"25.171,96";"29.120,47"
"01054089";"Norddorf auf Amrum";"Gemeinden";"20.551,68";"23.073,60";"25.310,11";"29.437,79"
"01054090";"Norderfriedrichskoog";"Gemeinden";"25.641,92";"27.140,61";"27.176,60";"32.168,04"
"01054091";"Nordstrand";"Gemeinden";"20.349,79";"23.009,19";"25.324,91";"29.181,66"
"01054092";"Norstedt";"Gemeinden";"18.118,87";"20.689,19";"23.186,24";"26.741,39"
"01054093";"Ockholm";"Gemeinden";"18.431,27";"20.875,91";"23.498,04";"27.691,28"
"01054094";"Oevenum";"Gemeinden";"19.182,64";"21.287,98";"23.858,54";"27.854,51"
"01054095";"Oldenswort";"Gemeinden";"20.042,84";"22.765,68";"24.866,63";"28.958,45"
"01054096";"Oldersbek";"Gemeinden";"19.450,23";"21.905,06";"24.883,43";"29.543,16"
"01054097";"Olderup";"Gemeinden";"19.192,80";"22.023,92";"24.549,31";"28.037,08"
"01054098";"Oldsum";"Gemeinden";"19.413,34";"21.376,91";"23.214,84";"27.039,95"
"01054099";"Ostenfeld (Husum)";"Gemeinden";"22.664,59";"25.432,56";"27.879,42";"32.196,40"
"01054100";"Osterhever";"Gemeinden";"23.808,78";"25.905,79";"27.481,45";"32.659,76"
"01054101";"Oster-Ohrstedt";"Gemeinden";"19.774,48";"22.657,84";"25.167,44";"29.517,05"
"01054103";"Pellworm";"Gemeinden";"22.445,05";"24.292,53";"26.636,54";"31.220,32"
"01054104";"Poppenbüll";"Gemeinden";"23.585,00";"27.264,54";"29.354,73";"34.329,37"
"01054105";"Ramstedt";"Gemeinden";"19.230,53";"21.356,48";"23.781,81";"27.819,27"
"01054106";"Rantrum";"Gemeinden";"21.480,40";"24.107,38";"26.115,80";"30.577,87"
"01054108";"Reußenköge";"Gemeinden";"30.364,31";"36.394,05";"43.541,65";"51.822,02"
"01054109";"Risum-Lindholm";"Gemeinden";"20.140,17";"23.056,53";"25.180,81";"29.848,78"
"01054110";"Rodenäs";"Gemeinden";"18.449,89";"21.095,05";"23.183,86";"26.865,17"
"01054113";"Sankt Peter-Ording";"Gemeinden";"22.416,20";"25.303,84";"27.456,25";"31.816,89"
"01054116";"Schwabstedt";"Gemeinden";"20.886,32";"22.487,31";"24.550,87";"29.012,28"
"01054118";"Schwesing";"Gemeinden";"20.960,12";"23.764,52";"24.987,69";"29.206,09"
"01054119";"Seeth";"Gemeinden";"18.644,09";"20.122,15";"22.385,28";"26.101,46"
"01054120";"Simonsberg";"Gemeinden";"20.122,91";"23.587,63";"25.664,05";"30.214,62"
"01054121";"Sönnebüll";"Gemeinden";"17.058,35";"19.607,25";"23.122,40";"26.985,96"
"01054123";"Sollwitt";"Gemeinden";"18.129,35";"20.535,93";"23.046,05";"27.479,93"
"01054124";"Sprakebüll";"Gemeinden";"20.995,28";"24.446,62";"26.618,71";"31.572,96"
"01054125";"Stadum";"Gemeinden";"19.569,08";"22.303,23";"24.193,95";"27.731,56"
"01054126";"Stedesand";"Gemeinden";"19.058,89";"22.149,39";"24.427,70";"28.824,32"
"01054128";"Struckum";"Gemeinden";"19.739,83";"21.790,82";"24.326,00";"28.670,23"
"01054129";"Süderende";"Gemeinden";"21.056,57";"23.062,05";"25.254,83";"29.972,40"
"01054130";"Süderhöft";"Gemeinden";"21.491,58";"23.561,49";"24.327,64";"28.186,87"
"01054131";"Süderlügum";"Gemeinden";"19.352,11";"21.876,70";"24.061,25";"27.979,77"
"01054132";"Südermarsch";"Gemeinden";"19.926,33";"21.104,36";"22.728,87";"27.514,88"
"01054134";"Tating";"Gemeinden";"20.578,99";"22.141,78";"24.375,19";"28.375,89"
"01054135";"Tetenbüll";"Gemeinden";"24.468,52";"26.413,76";"28.506,32";"33.259,94"
"01054136";"Tinningstedt";"Gemeinden";"20.988,99";"23.540,22";"25.728,00";"29.560,83"
"01054138";"Tönning, Stadt";"Gemeinden";"19.959,18";"22.305,97";"24.312,36";"28.360,41"
"01054140";"Tümlauer Koog";"Gemeinden";"17.662,24";"20.068,25";"22.152,96";"25.879,17"
"01054141";"Uelvesbüll";"Gemeinden";"21.525,44";"23.863,63";"26.550,77";"31.665,63"
"01054142";"Uphusum";"Gemeinden";"17.896,22";"20.111,91";"21.810,94";"25.526,96"
"01054143";"Utersum";"Gemeinden";"22.147,45";"24.087,08";"25.771,93";"29.256,21"
"01054144";"Viöl";"Gemeinden";"20.286,26";"22.693,26";"24.933,69";"29.210,76"
"01054145";"Vollerwiek";"Gemeinden";"17.217,14";"19.757,51";"22.329,91";"25.971,00"
"01054146";"Vollstedt";"Gemeinden";"19.308,40";"21.355,57";"22.120,02";"26.585,90"
"01054148";"Welt";"Gemeinden";"19.877,66";"22.835,45";"24.770,81";"29.482,08"
"01054149";"Wenningstedt-Braderup (Sylt)";"Gemeinden";"28.755,58";"31.639,80";"32.665,91";"37.467,13"
"01054150";"Westerhever";"Gemeinden";"21.630,36";"23.528,44";"25.447,80";"29.277,89"
"01054152";"Wester-Ohrstedt";"Gemeinden";"19.819,80";"21.538,82";"23.947,70";"27.512,55"
"01054154";"Westre";"Gemeinden";"20.746,01";"23.604,54";"25.657,02";"30.129,77"
"01054156";"Winnert";"Gemeinden";"18.770,85";"21.253,08";"22.796,73";"27.313,42"
"01054157";"Wisch";"Gemeinden";"18.456,50";"20.834,99";"22.648,94";"26.186,75"
"01054158";"Witsum";"Gemeinden";"29.399,85";"36.388,62";"41.078,15";"47.506,72"
"01054159";"Wittbek";"Gemeinden";"19.720,61";"22.179,63";"24.544,21";"28.590,83"
"01054160";"Wittdün auf Amrum";"Gemeinden";"22.617,30";"24.149,03";"24.931,57";"29.027,63"
"01054161";"Witzwort";"Gemeinden";"20.772,65";"23.366,06";"25.282,10";"29.334,21"
"01054162";"Wobbenbüll";"Gemeinden";"23.217,84";"26.145,28";"29.282,05";"33.650,95"
"01054163";"Wrixum";"Gemeinden";"20.567,90";"23.072,61";"25.481,08";"29.480,61"
"01054164";"Wyk auf Föhr, Stadt";"Gemeinden";"21.304,03";"23.404,02";"25.192,34";"29.423,61"
"01054165";"Galmsbüll";"Gemeinden";"19.695,07";"23.347,68";"26.572,65";"31.000,10"
"01054166";"Emmelsbüll-Horsbüll";"Gemeinden";"19.991,19";"22.712,24";"25.435,21";"30.106,96"
"01054167";"Enge-Sande";"Gemeinden";"19.238,20";"21.901,10";"23.798,00";"27.961,01"
"01054168";"Sylt";"Gemeinden";"25.620,67";"28.012,23";"30.547,90";"35.595,00"
"01055001";"Ahrensbök";"Gemeinden";"20.093,28";"22.293,78";"24.157,16";"28.083,10"
"01055002";"Altenkrempe";"Gemeinden";"19.686,53";"22.071,97";"24.780,56";"28.787,11"
"01055004";"Bad Schwartau, Stadt";"Gemeinden";"24.302,21";"26.317,21";"27.713,85";"32.208,82"
"01055006";"Beschendorf";"Gemeinden";"18.046,30";"20.389,35";"22.186,84";"25.823,92"
"01055007";"Bosau";"Gemeinden";"20.694,49";"23.335,96";"25.377,78";"29.461,40"
"01055010";"Dahme";"Gemeinden";"22.022,99";"24.240,46";"26.460,56";"30.959,16"
"01055011";"Damlos";"Gemeinden";"20.591,17";"22.966,95";"24.903,32";"29.382,53"
"01055012";"Eutin, Stadt";"Gemeinden";"21.567,89";"23.898,33";"26.059,68";"30.486,94"
"01055014";"Göhl";"Gemeinden";"19.068,96";"21.383,76";"22.997,24";"26.687,38"
"01055015";"Gremersdorf";"Gemeinden";"20.664,23";"23.133,87";"25.462,37";"29.579,29"
"01055016";"Grömitz";"Gemeinden";"20.877,62";"23.338,18";"25.378,32";"29.670,49"
"01055017";"Großenbrode";"Gemeinden";"21.945,66";"23.857,89";"26.070,84";"30.397,04"
"01055018";"Grube";"Gemeinden";"20.069,17";"22.431,76";"24.174,66";"27.954,41"
"01055020";"Harmsdorf";"Gemeinden";"19.749,90";"21.673,18";"23.879,20";"27.731,73"
"01055021";"Heiligenhafen, Stadt";"Gemeinden";"20.597,82";"22.921,77";"24.743,59";"28.682,83"
"01055022";"Heringsdorf";"Gemeinden";"19.951,83";"21.874,62";"24.405,96";"28.315,57"
"01055023";"Kabelhorst";"Gemeinden";"16.952,09";"19.485,94";"20.884,77";"24.220,65"
"01055024";"Kasseedorf";"Gemeinden";"19.979,49";"22.583,64";"24.686,12";"28.761,87"
"01055025";"Kellenhusen (Ostsee)";"Gemeinden";"21.140,69";"24.035,25";"25.683,94";"30.075,86"
"01055027";"Lensahn";"Gemeinden";"19.742,34";"22.065,75";"23.481,26";"27.357,87"
"01055028";"Malente";"Gemeinden";"21.177,64";"23.378,90";"25.614,55";"30.049,46"
"01055029";"Manhagen";"Gemeinden";"18.292,56";"20.512,17";"21.891,81";"25.828,60"
"01055031";"Neukirchen";"Gemeinden";"21.317,79";"23.085,82";"24.753,47";"28.366,02"
"01055032";"Neustadt in Holstein, Stadt";"Gemeinden";"20.852,41";"23.369,00";"25.214,91";"29.296,56"
"01055033";"Oldenburg in Holstein, Stadt";"Gemeinden";"20.876,44";"22.896,36";"24.471,01";"28.349,10"
"01055035";"Ratekau";"Gemeinden";"22.208,35";"24.581,06";"26.097,00";"30.303,54"
"01055036";"Riepsdorf";"Gemeinden";"17.822,91";"20.358,98";"22.856,92";"26.625,51"
"01055037";"Schashagen";"Gemeinden";"19.168,67";"22.023,96";"23.998,99";"27.645,03"
"01055038";"Schönwalde am Bungsberg";"Gemeinden";"20.146,18";"22.919,34";"25.048,97";"28.957,75"
"01055039";"Sierksdorf";"Gemeinden";"25.206,28";"28.581,44";"29.443,39";"34.170,49"
"01055040";"Stockelsdorf";"Gemeinden";"23.823,92";"26.305,74";"27.872,93";"32.369,16"
"01055041";"Süsel";"Gemeinden";"19.657,96";"22.560,17";"24.919,19";"28.995,06"
"01055042";"Timmendorfer Strand";"Gemeinden";"24.771,52";"27.772,81";"30.101,94";"35.333,04"
"01055043";"Wangels";"Gemeinden";"19.982,15";"22.587,70";"24.547,85";"28.567,73"
"01055044";"Scharbeutz";"Gemeinden";"24.419,28";"26.790,96";"29.369,06";"34.253,15"
"01055046";"Fehmarn, Stadt";"Gemeinden";"21.588,68";"24.153,24";"25.776,37";"29.932,59"
"01056001";"Appen";"Gemeinden";"23.301,39";"26.348,61";"28.783,38";"33.292,15"
"01056002";"Barmstedt, Stadt";"Gemeinden";"21.966,89";"23.965,38";"25.297,75";"29.344,77"
"01056003";"Bevern";"Gemeinden";"23.895,04";"26.121,75";"28.059,67";"32.962,93"
"01056004";"Bilsen";"Gemeinden";"24.381,31";"25.633,64";"26.920,08";"31.183,09"
"01056005";"Bönningstedt";"Gemeinden";"26.187,55";"27.832,16";"29.724,17";"34.535,75"
"01056006";"Bokel";"Gemeinden";"21.460,89";"23.954,70";"26.544,29";"30.875,71"
"01056008";"Bokholt-Hanredder";"Gemeinden";"25.407,38";"27.443,22";"29.062,79";"33.533,67"
"01056009";"Borstel-Hohenraden";"Gemeinden";"25.631,20";"27.626,51";"29.011,00";"33.923,44"
"01056010";"Brande-Hörnerkirchen";"Gemeinden";"22.471,74";"24.414,41";"25.705,79";"29.929,75"
"01056011";"Bullenkuhlen";"Gemeinden";"21.083,81";"22.640,36";"25.166,12";"29.619,72"
"01056013";"Ellerbek";"Gemeinden";"29.206,72";"31.241,10";"32.615,89";"38.178,73"
"01056014";"Ellerhoop";"Gemeinden";"24.559,44";"27.800,55";"29.648,89";"35.086,03"
"01056015";"Elmshorn, Stadt";"Gemeinden";"21.493,65";"23.312,47";"24.425,14";"28.481,96"
"01056016";"Groß Nordende";"Gemeinden";"20.749,87";"23.328,68";"25.309,54";"29.685,55"
"01056017";"Groß Offenseth-Aspern";"Gemeinden";"17.947,55";"21.070,38";"22.681,61";"26.281,19"
"01056018";"Halstenbek";"Gemeinden";"28.371,54";"30.391,86";"31.365,87";"36.380,84"
"01056019";"Haselau";"Gemeinden";"25.505,96";"27.123,92";"28.686,70";"32.883,32"
"01056020";"Haseldorf";"Gemeinden";"23.799,18";"25.949,03";"27.463,94";"31.897,99"
"01056021";"Hasloh";"Gemeinden";"25.600,31";"27.462,60";"28.882,52";"33.705,06"
"01056022";"Heede";"Gemeinden";"21.868,87";"24.860,20";"26.064,10";"30.233,01"
"01056023";"Heidgraben";"Gemeinden";"27.275,71";"29.036,86";"30.464,01";"35.541,33"
"01056024";"Heist";"Gemeinden";"23.887,95";"26.120,08";"27.934,08";"32.856,23"
"01056025";"Helgoland";"Gemeinden";"25.088,21";"27.116,99";"27.862,43";"32.245,84"
"01056026";"Hemdingen";"Gemeinden";"23.595,70";"25.167,70";"27.051,65";"32.128,57"
"01056027";"Hetlingen";"Gemeinden";"25.090,94";"28.137,33";"29.434,37";"34.236,73"
"01056028";"Holm";"Gemeinden";"26.831,63";"29.011,51";"31.378,50";"36.831,43"
"01056029";"Klein Nordende";"Gemeinden";"27.454,45";"29.719,13";"30.871,45";"36.362,67"
"01056030";"Klein Offenseth-Sparrieshoop";"Gemeinden";"23.011,85";"25.896,97";"28.397,40";"33.032,51"
"01056031";"Kölln-Reisiek";"Gemeinden";"25.232,54";"27.619,82";"29.575,57";"34.381,60"
"01056032";"Kummerfeld";"Gemeinden";"28.021,25";"29.897,57";"31.468,84";"36.800,20"
"01056033";"Seester";"Gemeinden";"24.232,93";"26.724,26";"28.729,10";"33.846,29"
"01056034";"Langeln";"Gemeinden";"22.940,03";"24.290,60";"26.682,51";"31.427,04"
"01056035";"Lutzhorn";"Gemeinden";"21.702,95";"23.486,39";"25.520,63";"29.742,95"
"01056036";"Moorrege";"Gemeinden";"25.724,48";"27.406,73";"29.453,84";"34.246,07"
"01056037";"Neuendeich";"Gemeinden";"25.578,79";"27.085,94";"28.554,28";"33.078,94"
"01056038";"Osterhorn";"Gemeinden";"18.207,43";"20.504,99";"22.844,55";"26.921,79"
"01056039";"Pinneberg, Stadt";"Gemeinden";"23.192,25";"24.887,79";"25.972,83";"30.152,01"
"01056040";"Prisdorf";"Gemeinden";"26.139,18";"28.371,33";"29.870,95";"35.119,94"
"01056041";"Quickborn, Stadt";"Gemeinden";"26.855,20";"28.715,96";"30.307,48";"35.411,13"
"01056042";"Raa-Besenbek";"Gemeinden";"23.159,66";"26.649,31";"28.176,69";"33.186,20"
"01056043";"Rellingen";"Gemeinden";"27.732,78";"29.959,95";"31.131,91";"36.316,15"
"01056044";"Schenefeld, Stadt";"Gemeinden";"24.604,08";"26.292,20";"27.724,24";"32.174,39"
"01056045";"Seestermühe";"Gemeinden";"27.806,54";"30.501,41";"32.401,09";"38.412,06"
"01056046";"Seeth-Ekholt";"Gemeinden";"22.417,28";"25.153,99";"27.554,13";"32.312,38"
"01056047";"Tangstedt";"Gemeinden";"27.296,12";"29.596,81";"31.226,93";"36.385,39"
"01056048";"Tornesch, Stadt";"Gemeinden";"23.738,71";"25.974,44";"27.498,28";"31.925,58"
"01056049";"Uetersen, Stadt";"Gemeinden";"21.684,02";"23.519,72";"24.750,92";"28.749,97"
"01056050";"Wedel, Stadt";"Gemeinden";"24.130,77";"26.111,88";"27.127,34";"31.491,31"
"01056051";"Westerhorn";"Gemeinden";"21.677,31";"23.517,90";"26.251,02";"30.797,38"
"01057001";"Ascheberg (Holstein)";"Gemeinden";"20.699,65";"23.177,86";"25.390,45";"29.521,95"
"01057002";"Barmissen";"Gemeinden";"22.605,89";"24.271,77";"25.480,91";"30.129,30"
"01057003";"Barsbek";"Gemeinden";"20.583,88";"23.158,99";"24.827,89";"29.161,87"
"01057004";"Behrensdorf (Ostsee)";"Gemeinden";"22.662,36";"24.859,57";"25.940,85";"30.307,72"
"01057005";"Belau";"Gemeinden";"24.572,18";"26.408,24";"28.473,71";"33.077,84"
"01057006";"Bendfeld";"Gemeinden";"17.852,23";"20.412,22";"21.831,47";"25.748,28"
"01057007";"Blekendorf";"Gemeinden";"19.674,56";"21.962,52";"23.979,47";"28.204,03"
"01057008";"Bönebüttel";"Gemeinden";"23.874,17";"26.542,18";"28.482,74";"33.507,19"
"01057009";"Bösdorf";"Gemeinden";"20.404,17";"23.250,95";"25.617,33";"29.675,02"
"01057010";"Boksee";"Gemeinden";"21.598,02";"23.070,59";"25.316,48";"29.212,27"
"01057011";"Bothkamp";"Gemeinden";"18.860,78";"20.874,64";"22.918,43";"25.967,37"
"01057012";"Brodersdorf";"Gemeinden";"22.068,56";"24.379,92";"25.783,47";"29.848,94"
"01057013";"Dannau";"Gemeinden";"20.018,28";"22.493,42";"24.383,04";"28.459,34"
"01057015";"Dersau";"Gemeinden";"21.929,97";"24.591,42";"26.790,56";"31.433,35"
"01057016";"Dobersdorf";"Gemeinden";"22.671,09";"24.175,23";"25.462,19";"29.320,14"
"01057017";"Dörnick";"Gemeinden";"25.426,81";"26.983,40";"28.169,26";"32.986,96"
"01057018";"Fahren";"Gemeinden";"20.320,63";"22.648,19";"25.762,01";"30.011,04"
"01057020";"Fiefbergen";"Gemeinden";"19.477,04";"22.088,63";"24.387,98";"28.360,52"
"01057021";"Giekau";"Gemeinden";"20.499,88";"23.054,04";"24.962,21";"29.032,27"
"01057022";"Grebin";"Gemeinden";"21.819,52";"24.128,60";"26.516,95";"31.209,19"
"01057023";"Großbarkau";"Gemeinden";"21.625,47";"23.737,55";"26.088,50";"29.695,16"
"01057024";"Großharrie";"Gemeinden";"21.978,56";"24.463,44";"26.126,94";"30.184,15"
"01057025";"Heikendorf";"Gemeinden";"28.476,50";"31.091,20";"33.261,52";"38.428,20"
"01057026";"Helmstorf";"Gemeinden";"25.529,30";"28.642,48";"30.616,52";"36.444,54"
"01057027";"Högsdorf";"Gemeinden";"18.858,13";"20.514,94";"22.776,49";"26.480,06"
"01057028";"Höhndorf";"Gemeinden";"23.221,88";"26.288,60";"27.908,38";"33.033,53"
"01057029";"Hohenfelde";"Gemeinden";"18.797,61";"21.511,57";"23.762,49";"27.788,14"
"01057030";"Hohwacht (Ostsee)";"Gemeinden";"21.927,21";"24.648,39";"27.113,74";"31.280,32"
"01057031";"Honigsee";"Gemeinden";"19.817,87";"21.861,66";"23.879,69";"27.732,48"
"01057032";"Kalübbe";"Gemeinden";"18.790,74";"21.384,17";"23.888,23";"27.957,79"
"01057033";"Kirchbarkau";"Gemeinden";"24.880,47";"27.668,51";"29.705,68";"35.063,97"
"01057034";"Kirchnüchel";"Gemeinden";"18.530,68";"21.060,27";"23.139,30";"27.340,58"
"01057035";"Klamp";"Gemeinden";"18.555,61";"21.044,35";"23.242,56";"27.178,33"
"01057037";"Klein Barkau";"Gemeinden";"27.111,93";"28.521,92";"29.612,37";"34.822,81"
"01057038";"Kletkamp";"Gemeinden";"25.097,88";"27.787,19";"29.422,44";"35.498,26"
"01057039";"Köhn";"Gemeinden";"22.097,39";"24.618,49";"26.624,94";"30.576,08"
"01057040";"Krokau";"Gemeinden";"18.713,92";"21.160,47";"23.339,46";"27.462,87"
"01057041";"Krummbek";"Gemeinden";"20.894,06";"22.314,22";"24.351,66";"28.346,89"
"01057042";"Kühren";"Gemeinden";"21.557,74";"24.174,82";"26.267,83";"30.640,77"
"01057043";"Laboe";"Gemeinden";"22.262,12";"25.255,40";"27.635,66";"32.376,70"
"01057044";"Lammershagen";"Gemeinden";"18.199,21";"20.959,43";"23.463,10";"27.306,74"
"01057045";"Lebrade";"Gemeinden";"18.312,84";"20.437,20";"22.470,65";"25.690,05"
"01057046";"Lehmkuhlen";"Gemeinden";"19.983,15";"22.750,77";"25.325,66";"29.495,41"
"01057047";"Löptin";"Gemeinden";"23.332,62";"24.670,45";"26.633,13";"31.254,00"
"01057048";"Lütjenburg, Stadt";"Gemeinden";"18.970,69";"21.108,71";"23.010,85";"26.790,05"
"01057049";"Lutterbek";"Gemeinden";"23.610,51";"26.561,52";"27.480,24";"32.608,00"
"01057050";"Martensrade";"Gemeinden";"18.036,69";"20.919,74";"23.138,66";"26.895,18"
"01057051";"Mönkeberg";"Gemeinden";"26.085,01";"28.734,85";"30.069,41";"34.821,54"
"01057052";"Mucheln";"Gemeinden";"19.441,07";"21.810,77";"24.008,36";"27.641,05"
"01057053";"Nehmten";"Gemeinden";"25.920,49";"29.924,17";"32.651,50";"38.155,59"
"01057054";"Nettelsee";"Gemeinden";"21.530,41";"23.024,00";"24.340,04";"28.147,92"
"01057055";"Panker";"Gemeinden";"19.240,58";"21.509,99";"24.148,39";"28.068,96"
"01057056";"Passade";"Gemeinden";"24.991,10";"27.838,40";"30.996,71";"36.043,81"
"01057057";"Plön, Stadt";"Gemeinden";"17.016,02";"19.644,59";"21.827,56";"25.356,52"
"01057058";"Pohnsdorf";"Gemeinden";"20.372,69";"23.090,54";"25.812,30";"30.725,28"
"01057059";"Postfeld";"Gemeinden";"28.205,48";"29.575,76";"30.455,61";"36.373,60"
"01057060";"Prasdorf";"Gemeinden";"22.050,30";"23.305,81";"24.712,71";"28.732,00"
"01057062";"Preetz, Stadt";"Gemeinden";"21.149,69";"23.813,29";"25.345,34";"29.585,91"
"01057063";"Probsteierhagen";"Gemeinden";"21.061,18";"23.133,41";"25.226,83";"29.732,68"
"01057065";"Rantzau";"Gemeinden";"20.901,72";"22.462,88";"24.676,80";"28.579,71"
"01057066";"Rastorf";"Gemeinden";"22.613,55";"25.533,03";"28.012,54";"32.672,84"
"01057067";"Rathjensdorf";"Gemeinden";"22.435,56";"25.495,44";"26.306,73";"30.745,00"
"01057068";"Rendswühren";"Gemeinden";"21.691,20";"25.006,96";"26.616,76";"31.722,23"
"01057069";"Ruhwinkel";"Gemeinden";"19.108,14";"21.420,51";"23.466,63";"28.003,43"
"01057070";"Schellhorn";"Gemeinden";"24.378,30";"26.944,28";"28.783,72";"33.397,45"
"01057071";"Schillsdorf";"Gemeinden";"22.254,32";"25.118,89";"26.757,88";"31.322,50"
"01057072";"Schlesen";"Gemeinden";"20.695,13";"22.260,11";"24.179,00";"28.096,44"
"01057073";"Schönberg (Holstein)";"Gemeinden";"20.345,76";"23.060,81";"25.232,42";"29.247,89"
"01057074";"Schönkirchen";"Gemeinden";"22.217,88";"24.781,41";"26.463,74";"30.742,10"
"01057076";"Schwartbuck";"Gemeinden";"18.715,71";"21.052,33";"22.836,93";"26.892,43"
"01057077";"Selent";"Gemeinden";"21.265,06";"23.127,75";"25.030,14";"29.247,57"
"01057078";"Stakendorf";"Gemeinden";"20.140,79";"22.869,25";"24.797,26";"28.891,74"
"01057079";"Stein";"Gemeinden";"26.080,13";"27.816,15";"29.867,67";"35.240,82"
"01057080";"Stolpe";"Gemeinden";"20.641,78";"23.508,47";"25.841,65";"30.641,34"
"01057081";"Stoltenberg";"Gemeinden";"22.331,06";"25.268,98";"27.891,87";"32.656,33"
"01057082";"Tröndel";"Gemeinden";"19.326,97";"22.046,66";"23.881,10";"28.720,35"
"01057083";"Tasdorf";"Gemeinden";"29.468,75";"31.760,98";"32.699,15";"38.406,16"
"01057084";"Wahlstorf";"Gemeinden";"22.112,57";"24.160,37";"26.442,41";"30.594,24"
"01057085";"Wankendorf";"Gemeinden";"19.414,37";"21.276,38";"23.499,06";"27.116,87"
"01057086";"Warnau";"Gemeinden";"23.938,59";"26.762,49";"27.264,26";"31.302,39"
"01057087";"Wendtorf";"Gemeinden";"22.682,63";"25.164,87";"27.372,80";"31.773,56"
"01057088";"Wisch";"Gemeinden";"21.970,03";"25.488,05";"28.031,40";"31.998,07"
"01057089";"Wittmoldt";"Gemeinden";"25.224,78";"26.840,46";"29.168,62";"33.872,21"
"01057090";"Fargau-Pratjau";"Gemeinden";"20.781,47";"23.418,25";"25.216,60";"29.347,42"
"01057091";"Schwentinental, Stadt";"Gemeinden";"24.035,43";"25.925,12";"27.437,27";"31.587,86"
"01058001";"Achterwehr";"Gemeinden";"27.916,98";"32.984,17";"38.206,10";"44.192,68"
"01058003";"Alt Duvenstedt";"Gemeinden";"20.186,96";"22.243,32";"24.135,12";"28.114,91"
"01058004";"Altenhof";"Gemeinden";"20.427,14";"24.115,76";"26.701,48";"31.273,85"
"01058005";"Altenholz";"Gemeinden";"26.537,83";"28.724,07";"30.374,71";"35.309,93"
"01058007";"Arpsdorf";"Gemeinden";"19.912,03";"22.362,31";"24.490,79";"28.267,57"
"01058008";"Ascheffel";"Gemeinden";"22.274,25";"24.643,72";"25.648,22";"29.595,90"
"01058009";"Aukrug";"Gemeinden";"19.920,00";"22.819,86";"24.844,93";"28.631,31"
"01058010";"Bargstall";"Gemeinden";"17.204,43";"19.308,90";"21.904,22";"25.248,48"
"01058011";"Bargstedt";"Gemeinden";"21.502,32";"24.577,70";"26.768,69";"31.577,58"
"01058012";"Barkelsby";"Gemeinden";"21.666,55";"24.625,97";"27.142,23";"31.769,19"
"01058013";"Beldorf";"Gemeinden";"19.771,89";"22.029,63";"24.357,45";"27.719,80"
"01058014";"Bendorf";"Gemeinden";"19.055,37";"21.368,31";"23.749,73";"28.443,84"
"01058015";"Beringstedt";"Gemeinden";"19.311,07";"21.419,98";"23.734,14";"27.597,39"
"01058016";"Bissee";"Gemeinden";"21.053,81";"23.735,84";"25.868,90";"30.338,30"
"01058018";"Blumenthal";"Gemeinden";"23.520,32";"25.699,37";"27.897,16";"32.630,40"
"01058019";"Böhnhusen";"Gemeinden";"20.193,72";"22.624,96";"24.943,37";"28.910,08"
"01058021";"Bokel";"Gemeinden";"19.048,20";"21.294,75";"22.923,57";"26.667,52"
"01058022";"Bordesholm";"Gemeinden";"23.506,96";"26.294,12";"27.371,06";"31.599,48"
"01058023";"Borgdorf-Seedorf";"Gemeinden";"20.529,23";"23.211,81";"25.873,84";"30.163,99"
"01058024";"Borgstedt";"Gemeinden";"22.683,79";"25.863,14";"27.561,46";"32.470,74"
"01058025";"Bornholt";"Gemeinden";"14.998,58";"17.016,37";"19.471,78";"23.182,27"
"01058026";"Bovenau";"Gemeinden";"23.195,32";"25.607,24";"27.820,99";"31.770,22"
"01058027";"Brammer";"Gemeinden";"24.461,61";"27.575,49";"30.452,92";"35.718,16"
"01058028";"Bredenbek";"Gemeinden";"23.018,40";"26.142,56";"27.941,68";"32.031,07"
"01058029";"Breiholz";"Gemeinden";"19.868,86";"22.701,65";"24.852,01";"29.065,20"
"01058030";"Brekendorf";"Gemeinden";"19.318,42";"21.858,45";"23.958,56";"28.353,11"
"01058031";"Brinjahe";"Gemeinden";"16.600,26";"18.917,15";"20.554,41";"24.006,78"
"01058032";"Brodersby";"Gemeinden";"19.054,43";"21.543,16";"23.864,19";"27.994,42"
"01058033";"Brügge";"Gemeinden";"21.627,18";"23.854,23";"25.831,74";"29.675,85"
"01058034";"Büdelsdorf, Stadt";"Gemeinden";"21.328,47";"23.726,78";"24.996,73";"29.298,51"
"01058035";"Bünsdorf";"Gemeinden";"24.422,00";"25.867,51";"26.651,84";"31.142,21"
"01058036";"Christiansholm";"Gemeinden";"17.297,32";"20.010,85";"21.594,66";"24.844,79"
"01058037";"Dänischenhagen";"Gemeinden";"28.755,53";"32.053,61";"34.461,80";"39.568,49"
"01058038";"Dätgen";"Gemeinden";"19.416,73";"21.746,36";"22.546,54";"27.071,04"
"01058039";"Damendorf";"Gemeinden";"20.958,80";"23.778,76";"25.729,86";"30.591,59"
"01058040";"Damp";"Gemeinden";"18.896,13";"21.402,15";"22.804,02";"26.637,54"
"01058042";"Dörphof";"Gemeinden";"17.362,87";"20.170,32";"22.473,21";"26.163,48"
"01058043";"Eckernförde, Stadt";"Gemeinden";"20.975,07";"23.749,38";"25.907,23";"29.932,63"
"01058044";"Ehndorf";"Gemeinden";"21.759,03";"24.608,88";"26.481,59";"31.104,97"
"01058045";"Eisendorf";"Gemeinden";"21.007,09";"23.571,64";"25.936,38";"30.536,03"
"01058046";"Ellerdorf";"Gemeinden";"19.852,09";"22.597,44";"24.698,11";"28.723,00"
"01058047";"Elsdorf-Westermühlen";"Gemeinden";"19.694,74";"22.190,52";"24.358,18";"28.374,36"
"01058048";"Embühren";"Gemeinden";"19.688,25";"21.836,70";"24.368,50";"28.460,02"
"01058049";"Emkendorf";"Gemeinden";"21.265,16";"22.702,42";"24.796,08";"28.670,48"
"01058050";"Felde";"Gemeinden";"24.131,72";"27.519,80";"30.419,82";"35.256,24"
"01058051";"Felm";"Gemeinden";"23.891,85";"26.843,43";"28.152,53";"32.624,13"
"01058052";"Fleckeby";"Gemeinden";"23.122,25";"26.665,73";"28.959,90";"33.618,37"
"01058053";"Flintbek";"Gemeinden";"23.580,27";"26.381,61";"27.776,51";"31.904,61"
"01058054";"Fockbek";"Gemeinden";"23.945,18";"26.556,27";"28.899,85";"33.604,20"
"01058055";"Friedrichsgraben";"Gemeinden";"17.632,21";"17.739,35";"19.625,14";"22.927,31"
"01058056";"Friedrichsholm";"Gemeinden";"18.570,61";"20.599,98";"22.413,72";"25.963,43"
"01058057";"Gammelby";"Gemeinden";"20.963,67";"23.709,06";"25.934,51";"30.706,08"
"01058058";"Gettorf";"Gemeinden";"23.994,48";"26.966,30";"28.806,97";"33.137,46"
"01058059";"Gnutz";"Gemeinden";"22.710,38";"25.286,13";"26.281,02";"30.770,47"
"01058061";"Gokels";"Gemeinden";"19.590,98";"22.212,22";"24.343,97";"28.149,22"
"01058062";"Grauel";"Gemeinden";"22.936,74";"24.452,45";"25.264,34";"29.761,49"
"01058063";"Grevenkrug";"Gemeinden";"17.822,42";"20.022,89";"21.422,24";"25.881,12"
"01058064";"Groß Buchwald";"Gemeinden";"20.667,08";"23.099,71";"25.315,24";"29.221,27"
"01058065";"Groß Vollstedt";"Gemeinden";"20.164,29";"22.583,39";"25.001,29";"28.718,24"
"01058066";"Groß Wittensee";"Gemeinden";"24.728,61";"27.002,73";"28.912,49";"33.914,98"
"01058067";"Güby";"Gemeinden";"15.355,96";"17.647,21";"20.441,82";"24.006,62"
"01058068";"Haale";"Gemeinden";"19.259,42";"21.339,44";"23.173,19";"27.020,00"
"01058069";"Haby";"Gemeinden";"20.188,09";"23.239,30";"25.309,23";"29.016,30"
"01058070";"Hamdorf";"Gemeinden";"20.333,95";"22.478,21";"24.489,59";"28.691,11"
"01058071";"Hamweddel";"Gemeinden";"19.310,39";"21.766,12";"23.826,13";"27.920,71"
"01058072";"Hanerau-Hademarschen";"Gemeinden";"19.058,41";"21.570,71";"23.818,53";"27.553,58"
"01058073";"Haßmoor";"Gemeinden";"21.299,85";"22.800,68";"24.983,46";"29.848,11"
"01058074";"Heinkenborstel";"Gemeinden";"22.599,97";"24.449,38";"24.849,23";"29.161,62"
"01058075";"Hörsten";"Gemeinden";"15.256,65";"17.588,51";"19.579,61";"23.076,91"
"01058076";"Hoffeld";"Gemeinden";"23.088,89";"26.075,37";"28.327,66";"33.733,19"
"01058077";"Hohenwestedt";"Gemeinden";"21.404,86";"23.945,86";"26.003,55";"30.059,87"
"01058078";"Hohn";"Gemeinden";"21.294,04";"24.162,10";"25.720,27";"30.016,79"
"01058080";"Holtsee";"Gemeinden";"25.759,34";"28.467,54";"30.246,78";"35.386,86"
"01058081";"Holzbunge";"Gemeinden";"22.752,40";"25.124,37";"27.335,05";"32.346,42"
"01058082";"Holzdorf";"Gemeinden";"19.112,74";"21.255,45";"23.175,29";"27.219,19"
"01058083";"Hütten";"Gemeinden";"21.890,82";"23.645,33";"26.044,04";"30.573,08"
"01058084";"Hummelfeld";"Gemeinden";"21.953,23";"23.616,86";"25.832,97";"29.434,68"
"01058085";"Jahrsdorf";"Gemeinden";"20.981,47";"22.535,80";"24.909,81";"28.750,41"
"01058086";"Jevenstedt";"Gemeinden";"20.557,21";"23.180,43";"25.060,37";"29.158,65"
"01058087";"Karby";"Gemeinden";"21.695,00";"24.101,84";"25.725,88";"29.875,37"
"01058088";"Klein Wittensee";"Gemeinden";"23.896,31";"26.370,21";"29.960,79";"34.658,84"
"01058089";"Königshügel";"Gemeinden";"17.565,31";"19.975,61";"21.384,58";"24.866,44"
"01058090";"Kosel";"Gemeinden";"21.302,60";"24.172,27";"26.607,61";"31.164,89"
"01058091";"Krogaspe";"Gemeinden";"21.281,68";"23.087,27";"24.136,50";"27.592,22"
"01058092";"Kronshagen";"Gemeinden";"25.960,78";"28.247,74";"29.539,82";"34.100,27"
"01058093";"Krummwisch";"Gemeinden";"19.561,64";"21.929,05";"24.158,20";"28.385,33"
"01058094";"Langwedel";"Gemeinden";"24.701,70";"27.076,62";"28.618,54";"33.423,11"
"01058096";"Lindau";"Gemeinden";"21.187,56";"23.975,68";"25.663,28";"29.950,28"
"01058097";"Lohe-Föhrden";"Gemeinden";"17.760,39";"20.357,24";"22.203,26";"25.985,21"
"01058098";"Loop";"Gemeinden";"19.371,69";"21.985,66";"23.507,52";"28.338,48"
"01058099";"Loose";"Gemeinden";"19.214,57";"21.441,65";"23.621,98";"27.939,17"
"01058100";"Lütjenwestedt";"Gemeinden";"17.436,93";"19.710,08";"21.823,41";"25.797,36"
"01058101";"Luhnstedt";"Gemeinden";"18.759,06";"21.184,94";"23.808,10";"28.123,12"
"01058102";"Goosefeld";"Gemeinden";"22.043,74";"24.806,97";"26.816,84";"31.506,86"
"01058103";"Meezen";"Gemeinden";"22.027,04";"24.528,08";"26.365,64";"31.571,91"
"01058104";"Melsdorf";"Gemeinden";"25.275,45";"27.911,92";"29.694,81";"34.401,53"
"01058105";"Mielkendorf";"Gemeinden";"24.511,82";"26.499,51";"28.767,59";"33.433,58"
"01058106";"Mörel";"Gemeinden";"21.168,52";"22.873,80";"24.367,88";"28.375,76"
"01058107";"Molfsee";"Gemeinden";"34.307,88";"37.030,76";"38.523,23";"44.351,47"
"01058108";"Mühbrook";"Gemeinden";"26.341,47";"29.461,21";"32.311,29";"38.110,37"
"01058109";"Negenharrie";"Gemeinden";"22.340,58";"24.141,03";"26.487,24";"31.220,88"
"01058110";"Neudorf-Bornstein";"Gemeinden";"21.640,80";"24.476,97";"27.113,67";"31.656,23"
"01058111";"Neu Duvenstedt";"Gemeinden";"20.134,87";"21.877,55";"22.878,74";"26.132,32"
"01058112";"Neuwittenbek";"Gemeinden";"26.981,85";"29.767,91";"32.055,83";"37.652,63"
"01058113";"Nienborstel";"Gemeinden";"18.693,75";"21.460,23";"23.526,55";"27.485,44"
"01058115";"Nindorf";"Gemeinden";"19.458,38";"21.745,25";"23.753,28";"28.106,91"
"01058116";"Noer";"Gemeinden";"25.253,15";"28.142,46";"30.889,71";"36.217,31"
"01058117";"Nortorf, Stadt";"Gemeinden";"20.567,04";"22.471,79";"24.203,07";"28.057,41"
"01058118";"Nübbel";"Gemeinden";"21.593,17";"23.838,42";"26.270,04";"30.022,44"
"01058119";"Oldenbüttel";"Gemeinden";"17.293,51";"19.839,69";"21.984,09";"25.912,10"
"01058120";"Oldenhütten";"Gemeinden";"22.763,32";"25.155,05";"26.466,83";"31.124,44"
"01058121";"Osdorf";"Gemeinden";"22.644,29";"25.491,05";"27.734,29";"32.372,35"
"01058122";"Ostenfeld (Rendsburg)";"Gemeinden";"20.742,73";"23.393,56";"24.792,02";"29.652,94"
"01058123";"Osterby";"Gemeinden";"22.144,75";"24.258,85";"25.707,98";"29.986,72"
"01058124";"Osterrönfeld";"Gemeinden";"21.398,81";"23.737,52";"25.712,14";"29.853,78"
"01058125";"Osterstedt";"Gemeinden";"18.310,23";"20.739,93";"22.637,48";"26.047,39"
"01058126";"Ottendorf";"Gemeinden";"27.894,11";"31.013,95";"33.264,80";"38.755,62"
"01058127";"Owschlag";"Gemeinden";"21.366,51";"23.808,96";"25.903,09";"30.197,02"
"01058128";"Padenstedt";"Gemeinden";"22.893,67";"25.592,86";"27.141,44";"31.328,17"
"01058129";"Prinzenmoor";"Gemeinden";"19.776,34";"22.155,90";"24.577,23";"28.832,89"
"01058130";"Quarnbek";"Gemeinden";"23.993,19";"26.687,60";"29.048,83";"33.260,54"
"01058131";"Rade b. Hohenwestedt";"Gemeinden";"21.185,18";"22.786,55";"24.940,55";"29.549,70"
"01058132";"Rade b. Rendsburg";"Gemeinden";"22.462,59";"25.571,09";"27.923,98";"33.140,91"
"01058133";"Reesdorf";"Gemeinden";"19.641,05";"22.514,01";"24.533,56";"28.048,48"
"01058134";"Remmels";"Gemeinden";"22.278,51";"23.940,56";"25.092,02";"28.994,24"
"01058135";"Rendsburg, Stadt";"Gemeinden";"18.801,97";"20.821,32";"22.071,17";"25.804,91"
"01058136";"Rickert";"Gemeinden";"24.329,83";"26.598,68";"28.943,26";"33.451,69"
"01058137";"Rieseby";"Gemeinden";"19.796,73";"22.416,07";"24.439,91";"28.445,50"
"01058138";"Rodenbek";"Gemeinden";"23.895,08";"26.427,19";"27.479,52";"32.387,31"
"01058139";"Rumohr";"Gemeinden";"23.214,24";"25.278,52";"26.680,33";"31.326,57"
"01058140";"Schacht-Audorf";"Gemeinden";"20.308,60";"22.610,46";"24.353,91";"28.118,37"
"01058141";"Schierensee";"Gemeinden";"27.854,69";"30.001,18";"31.749,85";"36.630,36"
"01058142";"Schinkel";"Gemeinden";"20.987,80";"23.511,74";"25.822,50";"30.075,51"
"01058143";"Schmalstede";"Gemeinden";"22.824,81";"24.207,96";"26.075,07";"30.341,67"
"01058144";"Schönbek";"Gemeinden";"25.379,77";"27.579,64";"28.387,44";"33.665,31"
"01058145";"Schönhorst";"Gemeinden";"22.992,77";"25.414,99";"27.547,55";"32.344,68"
"01058146";"Schülldorf";"Gemeinden";"21.975,95";"25.061,69";"27.595,78";"32.648,18"
"01058147";"Schülp b. Nortorf";"Gemeinden";"21.211,15";"23.245,83";"25.037,84";"29.469,49"
"01058148";"Schülp b. Rendsburg";"Gemeinden";"28.524,15";"31.462,64";"35.713,89";"41.509,53"
"01058150";"Schwedeneck";"Gemeinden";"22.825,06";"25.707,77";"28.161,15";"32.585,90"
"01058151";"Seefeld";"Gemeinden";"18.447,27";"20.156,68";"22.615,77";"27.029,06"
"01058152";"Sehestedt";"Gemeinden";"21.637,56";"24.378,41";"27.054,22";"31.434,37"
"01058153";"Sören";"Gemeinden";"23.330,14";"25.854,69";"26.594,03";"31.620,87"
"01058154";"Sophienhamm";"Gemeinden";"17.868,74";"19.957,14";"21.767,67";"26.146,44"
"01058155";"Stafstedt";"Gemeinden";"20.669,48";"23.060,77";"25.292,11";"29.271,83"
"01058156";"Steenfeld";"Gemeinden";"18.955,40";"21.560,71";"23.554,57";"27.533,11"
"01058157";"Strande";"Gemeinden";"39.631,36";"44.368,69";"48.708,35";"56.858,98"
"01058158";"Tackesdorf";"Gemeinden";"19.221,63";"20.525,57";"21.956,29";"25.522,22"
"01058159";"Tappendorf";"Gemeinden";"20.724,89";"23.134,90";"25.325,46";"29.736,15"
"01058160";"Techelsdorf";"Gemeinden";"19.996,87";"22.711,08";"23.843,54";"27.763,57"
"01058161";"Thaden";"Gemeinden";"19.496,08";"21.312,59";"23.382,52";"27.529,81"
"01058162";"Thumby";"Gemeinden";"20.801,35";"22.961,27";"25.477,55";"30.347,85"
"01058163";"Timmaspe";"Gemeinden";"21.337,79";"24.120,22";"25.982,59";"29.763,47"
"01058164";"Todenbüttel";"Gemeinden";"18.651,77";"20.812,53";"22.950,29";"26.245,20"
"01058165";"Tüttendorf";"Gemeinden";"21.319,97";"24.102,17";"26.070,93";"30.692,71"
"01058166";"Waabs";"Gemeinden";"21.003,34";"23.596,27";"26.226,38";"30.386,39"
"01058167";"Wapelfeld";"Gemeinden";"16.359,55";"19.021,38";"21.286,40";"25.026,55"
"01058168";"Warder";"Gemeinden";"24.403,71";"27.699,64";"30.192,80";"35.275,86"
"01058169";"Wasbek";"Gemeinden";"22.371,73";"24.845,53";"25.995,16";"30.498,02"
"01058170";"Wattenbek";"Gemeinden";"21.902,45";"24.637,99";"26.906,90";"31.225,40"
"01058171";"Westensee";"Gemeinden";"24.090,11";"26.488,22";"28.452,45";"33.180,39"
"01058172";"Westerrönfeld";"Gemeinden";"22.750,76";"25.452,74";"27.495,20";"32.404,18"
"01058173";"Windeby";"Gemeinden";"23.914,25";"26.770,72";"27.965,64";"32.259,89"
"01058174";"Winnemark";"Gemeinden";"18.982,60";"21.500,37";"23.479,62";"27.029,76"
"01058175";"Ahlefeld-Bistensee";"Gemeinden";"27.376,28";"30.578,67";"32.524,12";"38.258,27"
"01059001";"Alt Bennebek";"Gemeinden";"17.693,22";"20.704,39";"22.512,32";"26.337,41"
"01059002";"Arnis, Stadt";"Gemeinden";"23.961,08";"25.975,96";"28.854,10";"32.732,79"
"01059005";"Bergenhusen";"Gemeinden";"18.720,01";"21.593,58";"23.729,69";"27.695,48"
"01059006";"Böel";"Gemeinden";"18.569,32";"20.571,46";"22.811,50";"26.182,31"
"01059008";"Böklund";"Gemeinden";"19.531,29";"22.002,09";"23.185,24";"26.706,08"
"01059009";"Börm";"Gemeinden";"19.737,76";"22.578,36";"24.264,89";"28.089,36"
"01059010";"Bollingstedt";"Gemeinden";"20.894,75";"22.975,32";"25.093,69";"29.261,62"
"01059012";"Borgwedel";"Gemeinden";"25.949,04";"29.370,03";"32.565,93";"38.099,47"
"01059018";"Busdorf";"Gemeinden";"22.176,51";"24.352,87";"26.089,80";"30.082,35"
"01059019";"Dannewerk";"Gemeinden";"21.169,85";"23.496,12";"25.061,61";"28.829,26"
"01059020";"Dörpstedt";"Gemeinden";"18.620,93";"20.042,31";"22.393,38";"26.160,89"
"01059023";"Ellingstedt";"Gemeinden";"19.878,76";"22.182,86";"24.167,35";"27.822,06"
"01059024";"Erfde";"Gemeinden";"18.892,01";"21.414,69";"23.679,93";"27.891,85"
"01059026";"Fahrdorf";"Gemeinden";"26.047,26";"29.464,30";"32.001,85";"37.098,87"
"01059032";"Geltorf";"Gemeinden";"20.779,99";"23.584,21";"25.956,65";"30.880,82"
"01059034";"Grödersby";"Gemeinden";"20.639,25";"21.996,08";"23.783,70";"28.846,90"
"01059035";"Groß Rheide";"Gemeinden";"17.562,02";"19.998,71";"22.209,44";"26.017,94"
"01059037";"Havetoft";"Gemeinden";"17.386,82";"19.983,93";"21.937,30";"25.772,44"
"01059039";"Hollingstedt";"Gemeinden";"18.839,18";"21.265,64";"23.752,58";"27.749,54"
"01059041";"Hüsby";"Gemeinden";"22.174,48";"24.972,29";"26.242,57";"30.241,66"
"01059042";"Idstedt";"Gemeinden";"21.087,71";"23.856,61";"26.129,26";"29.882,72"
"01059043";"Jagel";"Gemeinden";"19.832,33";"21.912,74";"23.564,42";"27.250,18"
"01059044";"Jübek";"Gemeinden";"18.656,97";"21.286,82";"23.682,66";"27.279,46"
"01059045";"Kappeln, Stadt";"Gemeinden";"19.478,34";"22.325,08";"24.594,61";"28.554,34"
"01059049";"Klappholz";"Gemeinden";"17.664,62";"20.037,51";"22.088,89";"25.579,77"
"01059050";"Klein Bennebek";"Gemeinden";"17.502,69";"19.866,71";"22.078,47";"25.773,37"
"01059051";"Klein Rheide";"Gemeinden";"18.094,10";"20.709,29";"22.063,60";"25.830,48"
"01059053";"Kropp";"Gemeinden";"19.925,27";"22.367,56";"24.623,48";"28.415,24"
"01059055";"Loit";"Gemeinden";"19.759,63";"22.709,84";"25.580,66";"30.305,52"
"01059056";"Lottorf";"Gemeinden";"19.471,63";"21.440,09";"23.338,26";"26.990,81"
"01059057";"Lürschau";"Gemeinden";"22.667,59";"25.595,13";"27.645,50";"32.243,08"
"01059058";"Meggerdorf";"Gemeinden";"18.839,20";"21.164,42";"23.020,29";"26.977,28"
"01059060";"Mohrkirch";"Gemeinden";"19.451,70";"22.144,43";"24.296,11";"28.733,97"
"01059062";"Neuberend";"Gemeinden";"22.482,62";"25.371,30";"27.722,73";"31.822,77"
"01059063";"Norderbrarup";"Gemeinden";"17.137,39";"19.786,58";"22.016,20";"25.371,07"
"01059065";"Nottfeld";"Gemeinden";"20.778,91";"22.795,94";"25.566,48";"30.328,66"
"01059067";"Oersberg";"Gemeinden";"17.394,30";"19.591,95";"21.035,19";"24.656,63"
"01059068";"Rabenkirchen-Faulück";"Gemeinden";"30.877,82";"33.170,95";"34.917,76";"40.902,72"
"01059070";"Rügge";"Gemeinden";"16.845,37";"18.903,06";"21.534,22";"25.630,04"
"01059072";"Saustrup";"Gemeinden";"21.092,51";"23.486,60";"25.937,98";"30.206,95"
"01059073";"Schaalby";"Gemeinden";"21.555,33";"24.387,00";"25.825,15";"29.916,14"
"01059074";"Scheggerott";"Gemeinden";"17.048,96";"19.291,89";"21.361,99";"24.721,45"
"01059075";"Schleswig, Stadt";"Gemeinden";"20.203,54";"22.533,06";"23.846,00";"27.696,82"
"01059076";"Schnarup-Thumby";"Gemeinden";"19.832,59";"21.994,85";"23.162,92";"27.204,20"
"01059077";"Schuby";"Gemeinden";"21.755,83";"24.374,79";"26.892,79";"30.956,77"
"01059078";"Selk";"Gemeinden";"25.055,47";"27.750,79";"29.452,28";"33.830,49"
"01059079";"Silberstedt";"Gemeinden";"19.552,67";"22.295,28";"24.466,65";"28.807,60"
"01059080";"Steinfeld";"Gemeinden";"19.872,26";"21.950,21";"23.495,40";"27.280,08"
"01059081";"Stolk";"Gemeinden";"20.420,30";"22.066,10";"22.965,29";"26.596,21"
"01059082";"Struxdorf";"Gemeinden";"21.659,92";"23.264,34";"24.060,64";"27.850,01"
"01059083";"Süderbrarup";"Gemeinden";"19.503,77";"21.679,80";"23.864,06";"27.717,39"
"01059084";"Süderfahrenstedt";"Gemeinden";"17.483,33";"20.257,20";"22.289,97";"26.539,06"
"01059086";"Taarstedt";"Gemeinden";"18.877,39";"21.672,91";"23.823,16";"28.109,31"
"01059087";"Tetenhusen";"Gemeinden";"21.452,60";"23.797,88";"26.113,60";"30.641,60"
"01059088";"Tielen";"Gemeinden";"17.737,32";"19.266,35";"20.957,58";"23.931,32"
"01059090";"Tolk";"Gemeinden";"20.418,76";"22.184,43";"23.909,79";"27.996,65"
"01059092";"Treia";"Gemeinden";"21.769,44";"24.628,08";"27.025,74";"31.167,95"
"01059093";"Uelsby";"Gemeinden";"18.334,71";"20.624,43";"23.072,23";"26.506,97"
"01059094";"Ulsnis";"Gemeinden";"22.889,62";"26.566,12";"28.469,50";"33.325,56"
"01059095";"Wagersrott";"Gemeinden";"18.361,77";"20.857,90";"22.561,80";"26.398,04"
"01059096";"Wohlde";"Gemeinden";"18.822,85";"20.399,12";"22.196,04";"25.854,67"
"01059097";"Twedt";"Gemeinden";"24.979,17";"26.821,56";"28.406,73";"32.956,39"
"01059098";"Nübel";"Gemeinden";"19.789,07";"22.493,34";"24.915,83";"29.013,19"
"01059102";"Ahneby";"Gemeinden";"18.703,66";"20.998,44";"23.235,80";"26.740,64"
"01059103";"Ausacker";"Gemeinden";"21.160,30";"23.614,47";"25.300,84";"30.090,05"
"01059105";"Böxlund";"Gemeinden";"15.843,59";"18.011,84";"20.013,57";"23.418,60"
"01059106";"Dollerup";"Gemeinden";"19.677,41";"22.324,84";"24.575,85";"28.806,68"
"01059107";"Eggebek";"Gemeinden";"17.563,77";"20.060,13";"22.246,95";"25.876,30"
"01059109";"Esgrus";"Gemeinden";"20.709,60";"23.531,31";"25.225,48";"29.676,60"
"01059112";"Gelting";"Gemeinden";"21.611,58";"24.151,10";"26.240,96";"30.501,27"
"01059113";"Glücksburg (Ostsee), Stadt";"Gemeinden";"27.942,89";"30.243,47";"32.168,77";"37.462,17"
"01059115";"Großenwiehe";"Gemeinden";"20.084,16";"22.743,94";"24.604,02";"28.380,98"
"01059116";"Großsolt";"Gemeinden";"20.496,01";"22.157,52";"24.034,95";"27.811,33"
"01059118";"Grundhof";"Gemeinden";"22.840,97";"25.942,83";"27.075,54";"31.911,53"
"01059120";"Harrislee";"Gemeinden";"22.662,96";"24.729,80";"25.922,35";"30.147,79"
"01059121";"Hasselberg";"Gemeinden";"18.949,23";"21.522,14";"23.892,99";"28.035,81"
"01059123";"Hörup";"Gemeinden";"21.082,15";"23.505,58";"25.855,06";"30.509,56"
"01059124";"Holt";"Gemeinden";"18.832,91";"20.747,63";"23.508,41";"27.237,81"
"01059126";"Hürup";"Gemeinden";"23.233,08";"25.702,76";"27.387,25";"33.140,71"
"01059127";"Husby";"Gemeinden";"22.140,40";"24.561,75";"26.069,03";"30.237,34"
"01059128";"Janneby";"Gemeinden";"18.799,04";"21.398,81";"23.284,85";"26.980,40"
"01059129";"Jardelund";"Gemeinden";"17.563,22";"19.816,94";"21.822,78";"25.349,10"
"01059131";"Jerrishoe";"Gemeinden";"18.933,93";"21.529,78";"23.730,20";"27.896,95"
"01059132";"Jörl";"Gemeinden";"19.229,24";"22.321,96";"24.763,73";"29.188,36"
"01059136";"Kronsgaard";"Gemeinden";"20.222,72";"22.878,08";"25.410,65";"30.071,50"
"01059137";"Langballig";"Gemeinden";"22.157,09";"25.215,14";"27.445,43";"31.814,45"
"01059138";"Langstedt";"Gemeinden";"21.638,68";"23.665,15";"25.149,88";"29.375,03"
"01059142";"Maasholm";"Gemeinden";"21.397,10";"24.260,08";"27.635,83";"32.026,19"
"01059143";"Medelby";"Gemeinden";"19.828,29";"22.329,45";"24.460,55";"28.511,06"
"01059144";"Meyn";"Gemeinden";"24.360,77";"27.815,63";"31.178,18";"36.561,68"
"01059145";"Munkbrarup";"Gemeinden";"23.834,70";"26.518,26";"28.662,03";"33.219,94"
"01059147";"Nieby";"Gemeinden";"16.367,85";"18.871,84";"21.468,43";"25.522,57"
"01059148";"Niesgrau";"Gemeinden";"19.857,55";"22.933,43";"25.557,85";"29.805,95"
"01059149";"Nordhackstedt";"Gemeinden";"19.715,47";"22.822,74";"25.067,41";"29.155,17"
"01059151";"Osterby";"Gemeinden";"20.142,60";"23.110,84";"26.032,83";"31.074,46"
"01059152";"Pommerby";"Gemeinden";"19.425,79";"21.868,49";"23.722,13";"27.567,83"
"01059154";"Rabel";"Gemeinden";"18.955,53";"21.576,15";"23.486,97";"27.418,78"
"01059155";"Rabenholz";"Gemeinden";"19.492,20";"21.902,94";"24.526,58";"28.655,84"
"01059157";"Ringsberg";"Gemeinden";"20.952,01";"23.155,89";"25.215,02";"29.382,56"
"01059158";"Schafflund";"Gemeinden";"21.778,40";"24.559,41";"26.370,77";"30.604,03"
"01059159";"Sieverstedt";"Gemeinden";"20.194,57";"22.619,44";"24.077,36";"28.042,16"
"01059161";"Sörup";"Gemeinden";"20.499,36";"22.843,22";"25.257,11";"29.342,15"
"01059162";"Sollerup";"Gemeinden";"20.543,92";"22.304,52";"24.122,39";"28.484,27"
"01059163";"Stangheck";"Gemeinden";"19.768,90";"21.984,65";"24.408,66";"28.469,05"
"01059164";"Steinberg";"Gemeinden";"20.325,17";"23.143,16";"25.410,08";"29.789,06"
"01059167";"Sterup";"Gemeinden";"19.691,45";"22.761,01";"24.543,18";"28.738,42"
"01059168";"Stoltebüll";"Gemeinden";"19.492,99";"21.717,19";"24.300,71";"27.709,97"
"01059169";"Süderhackstedt";"Gemeinden";"17.595,33";"19.920,26";"21.514,19";"25.368,31"
"01059171";"Tarp";"Gemeinden";"21.114,30";"24.412,40";"27.169,60";"31.639,04"
"01059173";"Wallsbüll";"Gemeinden";"19.349,91";"21.441,63";"23.204,17";"27.106,11"
"01059174";"Wanderup";"Gemeinden";"21.444,18";"24.273,25";"26.161,01";"30.502,90"
"01059176";"Wees";"Gemeinden";"22.118,24";"25.605,75";"27.749,19";"32.325,86"
"01059177";"Weesby";"Gemeinden";"19.691,74";"22.364,82";"24.778,08";"29.232,39"
"01059178";"Westerholz";"Gemeinden";"24.407,49";"26.378,84";"28.689,85";"34.235,18"
"01059179";"Lindewitt";"Gemeinden";"18.788,21";"21.379,46";"23.436,27";"27.238,39"
"01059182";"Freienwill";"Gemeinden";"20.968,71";"23.530,25";"25.549,00";"29.735,72"
"01059183";"Handewitt";"Gemeinden";"22.399,22";"24.311,98";"25.885,69";"29.966,33"
"01059184";"Oeversee";"Gemeinden";"21.364,80";"23.993,61";"26.158,88";"30.356,48"
"01059185";"Mittelangeln";"Gemeinden";"20.115,15";"22.129,79";"24.162,05";"27.822,66"
"01059186";"Steinbergkirche";"Gemeinden";"21.493,18";"24.489,17";"26.855,15";"31.419,27"
"01059187";"Boren";"Gemeinden";"22.440,44";"25.036,86";"27.538,16";"32.217,67"
"01059188";"Stapel";"Gemeinden";"18.124,21";;"22.835,55";"26.490,62"
"01059189";"Brodersby-Goltoft";"Gemeinden";"22.020,43";"24.718,56";"26.653,57";"31.107,47"
"01060002";"Alveslohe";"Gemeinden";"23.987,72";"26.131,08";"27.902,67";"32.519,64"
"01060003";"Armstedt";"Gemeinden";"20.914,93";"23.547,66";"26.898,47";"30.991,95"
"01060004";"Bad Bramstedt, Stadt";"Gemeinden";"21.407,12";"23.880,78";"26.016,03";"30.228,48"
"01060005";"Bad Segeberg, Stadt";"Gemeinden";"21.681,72";"23.375,92";"25.425,37";"29.583,05"
"01060006";"Bahrenhof";"Gemeinden";"20.365,91";"23.085,87";"24.693,27";"29.007,69"
"01060007";"Bark";"Gemeinden";"20.104,73";"22.165,96";"24.148,51";"27.996,15"
"01060008";"Bebensee";"Gemeinden";"25.390,18";"28.048,13";"29.622,02";"33.872,61"
"01060009";"Bimöhlen";"Gemeinden";"20.681,08";"23.068,86";"25.696,56";"30.098,85"
"01060010";"Blunk";"Gemeinden";"19.858,07";"22.132,73";"24.031,43";"28.070,42"
"01060011";"Boostedt";"Gemeinden";"23.572,43";"25.846,46";"26.991,66";"31.539,38"
"01060012";"Bornhöved";"Gemeinden";"20.481,87";"23.051,50";"24.685,45";"28.736,58"
"01060013";"Borstel";"Gemeinden";"21.457,76";"25.644,15";"26.736,95";"31.419,53"
"01060014";"Buchholz (Forstgutsbez.),gemfr. Gebiet";"Gemeinden";;;;
"01060015";"Bühnsdorf";"Gemeinden";"19.351,01";"21.850,42";"24.255,60";"28.506,69"
"01060016";"Daldorf";"Gemeinden";"21.429,71";"23.081,89";"24.008,33";"27.812,55"
"01060017";"Damsdorf";"Gemeinden";"16.981,32";"19.348,88";"22.198,50";"26.049,80"
"01060018";"Dreggers";"Gemeinden";"16.822,02";"19.487,41";"20.984,78";"24.738,30"
"01060019";"Ellerau";"Gemeinden";"25.506,41";"27.625,84";"28.953,00";"33.376,45"
"01060020";"Fahrenkrug";"Gemeinden";"19.646,56";"22.233,52";"24.422,83";"27.900,21"
"01060021";"Föhrden-Barl";"Gemeinden";"20.208,04";"22.674,95";"24.055,76";"28.795,67"
"01060022";"Fredesdorf";"Gemeinden";"18.886,36";"20.371,62";"22.576,05";"26.026,14"
"01060023";"Fuhlendorf";"Gemeinden";"22.725,02";"24.136,29";"24.370,81";"28.668,06"
"01060024";"Geschendorf";"Gemeinden";"20.811,49";"24.035,60";"26.199,38";"30.154,68"
"01060025";"Glasau";"Gemeinden";"19.170,44";"21.845,81";"23.583,95";"27.221,30"
"01060026";"Gönnebek";"Gemeinden";"20.446,25";"22.553,44";"24.443,58";"28.051,92"
"01060027";"Großenaspe";"Gemeinden";"19.906,28";"22.436,89";"23.597,34";"27.700,67"
"01060028";"Groß Kummerfeld";"Gemeinden";"21.450,43";"23.459,92";"25.478,63";"29.204,05"
"01060029";"Groß Niendorf";"Gemeinden";"20.922,34";"23.328,86";"25.370,36";"29.691,48"
"01060030";"Groß Rönnau";"Gemeinden";"21.909,88";"24.823,19";"27.140,44";"31.342,39"
"01060031";"Hagen";"Gemeinden";"23.769,29";"25.644,47";"26.595,90";"30.575,19"
"01060033";"Hardebek";"Gemeinden";"20.127,44";"22.772,77";"25.117,47";"29.392,82"
"01060034";"Hartenholm";"Gemeinden";"23.275,51";"26.017,78";"27.206,38";"31.102,10"
"01060035";"Hasenkrug";"Gemeinden";"20.981,61";"23.720,22";"26.199,79";"30.881,66"
"01060036";"Hasenmoor";"Gemeinden";"21.280,90";"22.814,08";"25.049,74";"29.161,90"
"01060037";"Heidmoor";"Gemeinden";"21.603,66";"23.221,79";"25.249,00";"29.812,54"
"01060038";"Heidmühlen";"Gemeinden";"22.128,31";"24.511,92";"25.931,61";"30.023,71"
"01060039";"Henstedt-Ulzburg";"Gemeinden";"24.960,30";"27.195,33";"28.718,80";"33.413,73"
"01060040";"Hitzhusen";"Gemeinden";"25.658,28";"27.404,01";"29.950,90";"35.173,51"
"01060041";"Högersdorf";"Gemeinden";"20.475,57";"22.768,75";"24.870,16";"28.922,53"
"01060042";"Hüttblek";"Gemeinden";"23.434,02";"26.421,28";"28.948,86";"33.614,32"
"01060043";"Itzstedt";"Gemeinden";"23.583,49";"25.314,91";"27.431,01";"32.224,53"
"01060044";"Kaltenkirchen, Stadt";"Gemeinden";"21.242,33";"23.020,47";"24.641,98";"28.613,09"
"01060045";"Kattendorf";"Gemeinden";"24.456,27";"25.790,63";"27.315,04";"31.841,21"
"01060046";"Kayhude";"Gemeinden";"27.266,10";"28.468,03";"29.495,01";"34.332,48"
"01060047";"Kisdorf";"Gemeinden";"24.451,19";"26.153,27";"27.952,97";"32.995,69"
"01060048";"Klein Gladebrügge";"Gemeinden";"19.078,51";"22.101,46";"24.074,21";"28.249,41"
"01060049";"Klein Rönnau";"Gemeinden";"25.341,11";"28.586,69";"29.866,33";"35.264,67"
"01060050";"Krems II";"Gemeinden";"19.113,77";"22.353,25";"24.373,99";"28.597,07"
"01060051";"Kükels";"Gemeinden";"24.385,56";"26.620,48";"28.989,32";"33.313,10"
"01060052";"Latendorf";"Gemeinden";"22.203,79";"25.345,59";"27.061,86";"31.340,79"
"01060053";"Leezen";"Gemeinden";"21.186,38";"24.282,80";"26.015,94";"30.188,69"
"01060054";"Lentföhrden";"Gemeinden";"20.354,88";"22.863,25";"25.056,45";"29.076,71"
"01060056";"Mönkloh";"Gemeinden";"23.695,02";"25.512,72";"27.607,65";"32.368,37"
"01060057";"Mözen";"Gemeinden";"21.772,10";"23.928,41";"24.952,86";"28.511,47"
"01060058";"Nahe";"Gemeinden";"23.448,15";"25.508,37";"27.187,08";"31.249,77"
"01060059";"Negernbötel";"Gemeinden";"19.410,83";"22.483,93";"24.659,58";"28.656,87"
"01060060";"Nehms";"Gemeinden";"19.705,99";"24.387,82";"27.485,87";"31.755,06"
"01060061";"Neuengörs";"Gemeinden";"20.880,19";"23.556,84";"25.452,90";"29.787,50"
"01060062";"Neversdorf";"Gemeinden";"25.095,19";"26.337,80";"27.961,86";"32.774,92"
"01060063";"Norderstedt, Stadt";"Gemeinden";"24.534,88";"26.212,15";"27.228,26";"31.655,24"
"01060064";"Nützen";"Gemeinden";"17.496,03";"19.848,03";"21.871,85";"25.615,68"
"01060065";"Oering";"Gemeinden";"22.165,27";"23.872,16";"25.870,42";"30.170,55"
"01060066";"Oersdorf";"Gemeinden";"26.932,22";"28.758,63";"30.210,23";"35.393,40"
"01060067";"Pronstorf";"Gemeinden";"19.984,77";"22.962,66";"24.805,06";"29.009,81"
"01060068";"Rickling";"Gemeinden";"18.331,15";"20.842,37";"22.698,21";"26.250,39"
"01060069";"Rohlstorf";"Gemeinden";"18.314,76";"21.001,85";"23.917,19";"27.287,19"
"01060070";"Schackendorf";"Gemeinden";"20.430,57";"22.855,73";"24.549,84";"28.436,05"
"01060071";"Schieren";"Gemeinden";"21.790,91";"24.526,15";"25.255,48";"29.853,04"
"01060072";"Schmalensee";"Gemeinden";"18.919,19";"21.530,16";"24.099,17";"27.724,49"
"01060073";"Schmalfeld";"Gemeinden";"22.218,75";"24.375,55";"26.563,35";"30.637,53"
"01060074";"Schwissel";"Gemeinden";"22.277,05";"23.532,85";"24.879,57";"28.910,00"
"01060075";"Seedorf";"Gemeinden";"19.641,02";"22.320,39";"24.393,20";"28.188,53"
"01060076";"Seth";"Gemeinden";"21.339,26";"23.161,00";"24.532,17";"28.589,18"
"01060077";"Sievershütten";"Gemeinden";"23.013,65";"24.798,91";"26.268,77";"30.522,97"
"01060079";"Stipsdorf";"Gemeinden";"26.876,00";"29.447,19";"32.311,24";"37.352,72"
"01060080";"Stocksee";"Gemeinden";"22.716,12";"25.440,83";"26.551,85";"30.403,38"
"01060081";"Strukdorf";"Gemeinden";"21.300,70";"23.889,62";"25.922,12";"29.434,72"
"01060082";"Struvenhütten";"Gemeinden";"21.513,12";"23.870,24";"26.379,57";"31.559,20"
"01060084";"Stuvenborn";"Gemeinden";"22.457,35";"25.095,76";"27.345,83";"31.449,88"
"01060085";"Sülfeld";"Gemeinden";"21.652,18";"24.484,81";"26.487,35";"30.860,52"
"01060086";"Tarbek";"Gemeinden";"18.163,17";"20.437,43";"22.583,74";"26.342,89"
"01060087";"Tensfeld";"Gemeinden";"19.959,03";"22.023,72";"24.631,95";"28.490,77"
"01060088";"Todesfelde";"Gemeinden";"18.327,20";"20.751,66";"22.518,67";"26.724,97"
"01060089";"Trappenkamp";"Gemeinden";"18.338,90";"20.637,25";"22.490,71";"26.053,11"
"01060090";"Travenhorst";"Gemeinden";"22.858,43";"24.988,48";"25.603,01";"28.904,46"
"01060091";"Traventhal";"Gemeinden";"19.570,38";"22.040,92";"24.103,52";"28.265,15"
"01060092";"Wahlstedt, Stadt";"Gemeinden";"18.924,00";"21.185,61";"23.070,85";"26.675,76"
"01060093";"Wakendorf I";"Gemeinden";"19.325,13";"22.152,25";"24.001,06";"27.826,66"
"01060094";"Wakendorf II";"Gemeinden";"23.155,72";"26.174,03";"27.583,15";"32.636,56"
"01060095";"Weddelbrook";"Gemeinden";"22.360,03";"24.900,21";"26.619,11";"30.802,10"
"01060096";"Weede";"Gemeinden";"21.070,21";"23.810,04";"25.502,80";"29.653,48"
"01060097";"Wensin";"Gemeinden";"20.944,58";"23.725,94";"25.687,76";"30.074,36"
"01060098";"Westerrade";"Gemeinden";"19.715,02";"21.789,80";"23.817,31";"28.054,73"
"01060099";"Wiemersdorf";"Gemeinden";"20.438,02";"22.405,15";"23.869,03";"28.065,41"
"01060100";"Winsen";"Gemeinden";"26.543,72";"29.933,93";"32.704,39";"38.186,02"
"01060101";"Wittenborn";"Gemeinden";"21.688,85";"24.244,70";"26.557,46";"31.206,97"
"01061001";"Aasbüttel";"Gemeinden";"18.418,05";"20.643,94";"21.275,30";"24.343,97"
"01061002";"Aebtissinwisch";"Gemeinden";"19.399,65";"21.631,71";"23.892,64";"27.564,87"
"01061003";"Agethorst";"Gemeinden";"18.239,40";"21.091,47";"23.335,82";"27.126,24"
"01061004";"Altenmoor";"Gemeinden";"20.379,58";"22.462,32";"24.779,09";"29.690,65"
"01061005";"Auufer";"Gemeinden";"18.178,56";"20.862,67";"22.913,26";"26.587,29"
"01061006";"Bahrenfleth";"Gemeinden";"20.939,54";"23.795,22";"26.354,53";"30.641,05"
"01061007";"Beidenfleth";"Gemeinden";"22.319,38";"24.419,23";"26.638,81";"30.727,14"
"01061008";"Bekdorf";"Gemeinden";"19.000,25";"21.236,17";"23.135,65";"26.186,08"
"01061010";"Bekmünde";"Gemeinden";"25.345,56";"27.957,38";"29.321,29";"34.796,83"
"01061011";"Besdorf";"Gemeinden";"18.485,70";"20.134,01";"21.986,08";"25.652,47"
"01061012";"Blomesche Wildnis";"Gemeinden";"20.820,19";"22.395,47";"24.648,92";"28.114,78"
"01061013";"Bokelrehm";"Gemeinden";"19.602,97";"20.940,41";"23.654,72";"27.222,25"
"01061014";"Bokhorst";"Gemeinden";"19.090,36";"21.366,82";"23.729,00";"27.776,32"
"01061015";"Borsfleth";"Gemeinden";"21.343,82";"23.323,67";"25.685,34";"29.764,51"
"01061016";"Breitenberg";"Gemeinden";"21.804,58";"23.919,93";"26.758,48";"30.695,60"
"01061017";"Breitenburg";"Gemeinden";"21.475,47";"24.250,14";"26.465,76";"30.759,42"
"01061018";"Brokdorf";"Gemeinden";"22.012,18";"24.536,08";"26.434,98";"30.913,34"
"01061019";"Brokstedt";"Gemeinden";"21.798,42";"24.548,79";"26.592,14";"30.828,87"
"01061020";"Büttel";"Gemeinden";"21.616,98";"23.198,14";"23.460,75";"26.628,80"
"01061021";"Christinenthal";"Gemeinden";"19.421,82";"21.001,99";"23.614,47";"27.305,86"
"01061022";"Dägeling";"Gemeinden";"24.824,48";"26.531,56";"28.152,23";"32.788,31"
"01061023";"Dammfleth";"Gemeinden";"23.396,94";"26.432,26";"28.426,02";"33.202,19"
"01061024";"Drage";"Gemeinden";"22.229,56";"24.838,97";"27.269,24";"31.539,59"
"01061025";"Ecklak";"Gemeinden";"20.824,22";"23.590,94";"25.091,13";"29.171,11"
"01061026";"Elskop";"Gemeinden";"20.109,85";"21.895,55";"23.516,43";"27.830,33"
"01061027";"Engelbrechtsche Wildnis";"Gemeinden";"19.483,88";"22.365,25";"24.202,39";"28.048,95"
"01061028";"Fitzbek";"Gemeinden";"23.611,58";"25.632,91";"27.381,28";"31.753,98"
"01061029";"Glückstadt, Stadt";"Gemeinden";"20.117,28";"22.173,64";"24.227,63";"28.243,50"
"01061030";"Grevenkop";"Gemeinden";"27.181,46";"30.788,41";"33.892,06";"40.180,65"
"01061031";"Gribbohm";"Gemeinden";"18.029,70";"20.244,12";"22.358,63";"25.815,95"
"01061033";"Hadenfeld";"Gemeinden";"21.082,98";"22.518,59";"23.855,96";"28.555,61"
"01061034";"Heiligenstedten";"Gemeinden";"23.451,79";"25.124,94";"27.399,77";"32.281,18"
"01061035";"Heiligenstedtenerkamp";"Gemeinden";"19.974,11";"22.441,41";"24.806,56";"28.875,06"
"01061036";"Hennstedt";"Gemeinden";"20.580,93";"22.170,07";"24.085,82";"28.435,20"
"01061037";"Herzhorn";"Gemeinden";"21.251,71";"23.720,83";"26.732,35";"30.733,90"
"01061038";"Hingstheide";"Gemeinden";"20.829,91";"23.385,26";"24.411,70";"28.803,99"
"01061039";"Hodorf";"Gemeinden";"26.005,84";"28.402,91";"30.511,77";"35.073,87"
"01061040";"Hohenaspe";"Gemeinden";"24.125,60";"27.056,07";"29.704,70";"34.145,34"
"01061041";"Hohenfelde";"Gemeinden";"20.603,49";"23.125,40";"24.888,33";"29.243,52"
"01061042";"Hohenlockstedt";"Gemeinden";"19.353,23";"21.924,53";"23.451,06";"27.317,17"
"01061043";"Holstenniendorf";"Gemeinden";"19.370,76";"21.988,54";"23.633,94";"28.564,11"
"01061044";"Horst (Holstein)";"Gemeinden";"23.214,80";"25.234,25";"27.007,50";"31.442,86"
"01061045";"Huje";"Gemeinden";"21.464,06";"23.592,01";"25.726,31";"29.356,50"
"01061046";"Itzehoe, Stadt";"Gemeinden";"20.341,77";"22.524,54";"23.926,43";"28.011,28"
"01061047";"Kaaks";"Gemeinden";"23.028,85";"25.344,65";"27.240,63";"32.540,88"
"01061048";"Kaisborstel";"Gemeinden";"22.263,11";"23.620,35";"25.373,95";"29.633,86"
"01061049";"Kellinghusen, Stadt";"Gemeinden";"20.401,96";"22.701,95";"23.877,50";"27.663,11"
"01061050";"Kiebitzreihe";"Gemeinden";"24.143,20";"26.982,03";"29.067,80";"33.788,22"
"01061052";"Kleve";"Gemeinden";"19.505,71";"21.829,99";"24.334,40";"28.541,31"
"01061053";"Kollmoor";"Gemeinden";"21.586,78";"24.472,88";"28.259,73";"32.658,01"
"01061054";"Krempdorf";"Gemeinden";"20.586,90";"22.121,33";"25.055,80";"29.301,29"
"01061055";"Krempe, Stadt";"Gemeinden";"20.141,07";"22.578,30";"24.418,39";"28.336,97"
"01061056";"Kremperheide";"Gemeinden";"22.201,61";"24.340,63";"26.549,67";"30.886,74"
"01061057";"Krempermoor";"Gemeinden";"20.206,72";"22.532,71";"24.984,64";"29.874,04"
"01061058";"Kronsmoor";"Gemeinden";"17.005,25";"19.829,59";"21.831,57";"25.496,45"
"01061059";"Krummendiek";"Gemeinden";"22.283,29";"22.618,59";"23.336,99";"27.961,86"
"01061060";"Kudensee";"Gemeinden";"16.479,24";"18.742,64";"20.073,00";"22.894,38"
"01061061";"Lägerdorf";"Gemeinden";"18.187,15";"20.253,64";"22.137,82";"25.927,00"
"01061062";"Landrecht";"Gemeinden";"22.623,30";"24.966,04";"27.227,28";"31.370,94"
"01061063";"Landscheide";"Gemeinden";"22.024,16";"23.564,47";"24.423,07";"28.043,62"
"01061064";"Lockstedt";"Gemeinden";"20.284,13";"22.806,67";"25.186,05";"29.151,97"
"01061065";"Lohbarbek";"Gemeinden";"19.193,99";"21.822,75";"23.873,09";"27.473,82"
"01061066";"Looft";"Gemeinden";"20.920,62";"23.521,04";"26.206,27";"30.675,13"
"01061067";"Mehlbek";"Gemeinden";"20.376,71";"22.417,75";"24.178,61";"28.688,72"
"01061068";"Moordiek";"Gemeinden";"20.304,33";"22.924,43";"26.040,21";"30.414,02"
"01061070";"Moorhusen";"Gemeinden";"17.323,63";"18.200,86";"19.011,30";"22.475,86"
"01061071";"Mühlenbarbek";"Gemeinden";"20.088,77";"22.829,93";"24.227,93";"28.229,43"
"01061072";"Münsterdorf";"Gemeinden";"25.398,42";"28.112,86";"29.775,94";"34.653,53"
"01061073";"Neuenbrook";"Gemeinden";"20.120,97";"21.756,94";"23.913,65";"27.890,02"
"01061074";"Neuendorf b. Elmshorn";"Gemeinden";"24.487,45";"26.263,94";"27.400,57";"32.348,80"
"01061076";"Nienbüttel";"Gemeinden";"18.997,93";"21.961,87";"24.695,10";"28.984,86"
"01061077";"Nortorf";"Gemeinden";"20.735,48";"23.404,89";"25.273,57";"29.505,29"
"01061078";"Nutteln";"Gemeinden";"21.042,12";"23.463,70";"26.120,28";"30.223,02"
"01061079";"Oelixdorf";"Gemeinden";"22.656,14";"25.883,40";"27.945,94";"32.884,25"
"01061080";"Oeschebüttel";"Gemeinden";"23.631,52";"26.711,12";"29.024,38";"34.278,27"
"01061081";"Oldenborstel";"Gemeinden";"19.611,05";"21.899,13";"24.011,70";"28.043,83"
"01061082";"Oldendorf";"Gemeinden";"25.353,60";"27.852,74";"29.854,09";"34.648,91"
"01061083";"Ottenbüttel";"Gemeinden";"24.354,20";"26.457,69";"27.165,16";"32.518,03"
"01061084";"Peissen";"Gemeinden";"18.923,23";"20.970,11";"23.100,27";"27.739,67"
"01061085";"Pöschendorf";"Gemeinden";"19.239,92";"20.963,33";"23.181,45";"26.981,90"
"01061086";"Poyenberg";"Gemeinden";"19.408,77";"21.657,22";"22.385,08";"25.951,87"
"01061087";"Puls";"Gemeinden";"17.158,62";"19.403,26";"21.334,58";"24.482,25"
"01061088";"Quarnstedt";"Gemeinden";"23.503,09";"25.889,15";"26.937,34";"32.311,01"
"01061089";"Rade";"Gemeinden";"20.915,71";"22.744,10";"23.757,99";"28.285,72"
"01061091";"Reher";"Gemeinden";"19.887,12";"22.389,48";"24.513,81";"28.245,71"
"01061092";"Rethwisch";"Gemeinden";"19.872,39";"22.174,44";"23.857,53";"27.797,05"
"01061093";"Rosdorf";"Gemeinden";"24.568,52";"26.826,98";"28.312,94";"33.144,47"
"01061095";"Sankt Margarethen";"Gemeinden";"20.887,76";"23.013,76";"24.488,29";"29.004,67"
"01061096";"Sarlhusen";"Gemeinden";"18.833,89";"21.197,85";"23.467,49";"27.985,06"
"01061097";"Schenefeld";"Gemeinden";"22.446,87";"24.708,57";"25.932,34";"30.400,90"
"01061098";"Schlotfeld";"Gemeinden";"22.992,80";"25.438,85";"26.238,43";"30.673,13"
"01061100";"Silzen";"Gemeinden";"19.345,78";"22.146,21";"24.962,00";"28.982,24"
"01061101";"Sommerland";"Gemeinden";"23.038,01";"24.937,17";"27.266,82";"32.270,91"
"01061102";"Stördorf";"Gemeinden";"21.178,27";"23.511,74";"25.464,86";"30.179,06"
"01061103";"Störkathen";"Gemeinden";"17.659,92";"20.164,20";"21.077,67";"24.455,46"
"01061104";"Süderau";"Gemeinden";"21.603,77";"24.172,38";"26.247,15";"30.615,17"
"01061105";"Vaale";"Gemeinden";"20.373,89";"22.623,19";"24.159,75";"28.378,40"
"01061106";"Vaalermoor";"Gemeinden";"19.331,42";"21.628,78";"23.975,93";"28.171,65"
"01061107";"Wacken";"Gemeinden";"20.675,71";"23.223,04";"25.302,54";"29.766,19"
"01061108";"Warringholz";"Gemeinden";"16.986,44";"19.403,53";"21.452,05";"24.520,00"
"01061109";"Westermoor";"Gemeinden";"19.073,92";"21.360,94";"23.728,99";"28.123,53"
"01061110";"Wewelsfleth";"Gemeinden";"21.264,23";"23.419,18";"25.125,83";"29.315,49"
"01061111";"Wiedenborstel";"Gemeinden";"29.341,77";"28.160,19";"29.320,75";"34.491,57"
"01061112";"Willenscharen";"Gemeinden";"20.411,02";"22.912,08";"25.319,22";"29.530,75"
"01061113";"Wilster, Stadt";"Gemeinden";"20.240,37";"22.536,31";"24.437,51";"28.321,37"
"01061114";"Winseldorf";"Gemeinden";"21.044,30";"23.606,93";"24.780,49";"29.682,95"
"01061115";"Wittenbergen";"Gemeinden";"17.949,28";"20.688,43";"22.676,82";"26.714,41"
"01061116";"Wrist";"Gemeinden";"21.089,19";"23.540,07";"25.391,10";"29.441,59"
"01061117";"Wulfsmoor";"Gemeinden";"20.500,40";"23.657,08";"25.747,21";"30.227,55"
"01061118";"Kollmar";"Gemeinden";"23.322,71";"25.775,70";"26.975,61";"31.255,23"
"01061119";"Neuendorf-Sachsenbande";"Gemeinden";"21.429,33";"23.211,47";"25.385,50";"29.636,35"
"01062001";"Ahrensburg, Stadt";"Gemeinden";"27.206,06";"29.424,38";"30.278,23";"34.939,64"
"01062003";"Badendorf";"Gemeinden";"24.508,37";"26.537,27";"29.120,62";"34.145,35"
"01062004";"Bad Oldesloe, Stadt";"Gemeinden";"21.745,95";"23.826,27";"25.718,35";"29.697,90"
"01062005";"Bargfeld-Stegen";"Gemeinden";"23.259,02";"25.494,33";"28.014,02";"32.348,84"
"01062006";"Bargteheide, Stadt";"Gemeinden";"24.729,99";"27.248,09";"28.581,81";"33.130,11"
"01062008";"Barnitz";"Gemeinden";"23.073,39";"25.303,05";"27.365,10";"31.848,18"
"01062009";"Barsbüttel";"Gemeinden";"26.342,26";"28.370,57";"29.634,08";"34.344,56"
"01062011";"Braak";"Gemeinden";"29.833,02";"32.050,24";"33.244,37";"38.836,49"
"01062014";"Delingsdorf";"Gemeinden";"24.217,82";"26.287,07";"27.383,45";"31.340,23"
"01062016";"Elmenhorst";"Gemeinden";"22.981,41";"25.753,63";"26.813,11";"31.407,02"
"01062018";"Glinde, Stadt";"Gemeinden";"23.284,29";"25.168,18";"26.448,76";"30.490,32"
"01062019";"Grabau";"Gemeinden";"21.969,36";"24.617,12";"25.770,83";"30.122,79"
"01062020";"Grande";"Gemeinden";"26.175,88";"28.278,62";"30.986,24";"35.888,28"
"01062021";"Grönwohld";"Gemeinden";"24.534,86";"26.842,01";"29.577,59";"34.684,62"
"01062022";"Großensee";"Gemeinden";"27.831,70";"30.103,19";"32.640,03";"37.907,83"
"01062023";"Großhansdorf";"Gemeinden";"32.214,45";"34.661,17";"35.478,46";"40.724,21"
"01062025";"Hamberge";"Gemeinden";"24.185,04";"25.727,52";"26.827,88";"31.479,93"
"01062026";"Hamfelde";"Gemeinden";"24.867,39";"28.354,70";"30.409,97";"34.935,30"
"01062027";"Hammoor";"Gemeinden";"22.430,31";"24.572,77";"25.984,84";"29.773,04"
"01062031";"Heidekamp";"Gemeinden";"20.586,60";"23.052,68";"25.385,43";"29.946,40"
"01062032";"Heilshoop";"Gemeinden";"18.691,12";"20.826,81";"23.010,72";"26.787,38"
"01062033";"Hohenfelde";"Gemeinden";"23.902,52";"25.739,42";"27.334,24";"31.593,08"
"01062035";"Hoisdorf";"Gemeinden";"29.364,49";"31.341,47";"32.332,68";"36.971,34"
"01062036";"Jersbek";"Gemeinden";"26.742,65";"29.463,81";"30.714,84";"35.654,49"
"01062039";"Klein Wesenberg";"Gemeinden";"21.407,43";"24.046,65";"26.488,01";"30.883,37"
"01062040";"Köthel";"Gemeinden";"21.922,51";"24.581,73";"27.534,32";"32.310,08"
"01062045";"Lütjensee";"Gemeinden";"31.107,80";"32.881,07";"34.004,15";"39.252,07"
"01062046";"Meddewade";"Gemeinden";"23.372,65";"26.001,04";"28.344,12";"33.118,94"
"01062048";"Mönkhagen";"Gemeinden";"19.678,77";"21.966,07";"23.771,52";"27.811,74"
"01062050";"Neritz";"Gemeinden";"27.063,66";"29.835,77";"32.005,11";"37.461,79"
"01062051";"Nienwohld";"Gemeinden";"22.401,47";"24.929,64";"26.736,26";"31.433,97"
"01062053";"Oststeinbek";"Gemeinden";"28.496,84";"30.167,04";"30.639,67";"35.316,08"
"01062056";"Pölitz";"Gemeinden";"22.512,77";"24.182,81";"25.819,46";"29.697,81"
"01062058";"Rausdorf";"Gemeinden";"31.391,02";"32.683,49";"33.340,14";"38.730,33"
"01062059";"Rehhorst";"Gemeinden";"18.745,28";"21.275,86";"23.637,26";"26.951,57"
"01062060";"Reinbek, Stadt";"Gemeinden";"28.219,61";"30.177,30";"31.171,24";"35.924,86"
"01062061";"Reinfeld (Holstein), Stadt";"Gemeinden";"22.869,03";"24.779,69";"26.886,40";"30.967,43"
"01062062";"Rethwisch";"Gemeinden";"22.776,25";"24.826,35";"27.328,44";"31.850,29"
"01062065";"Rümpel";"Gemeinden";"21.950,00";"24.238,50";"26.372,31";"30.955,20"
"01062069";"Siek";"Gemeinden";"30.275,83";"32.396,17";"33.189,71";"38.760,84"
"01062071";"Stapelfeld";"Gemeinden";"28.216,81";"29.921,13";"30.908,17";"36.066,18"
"01062076";"Tangstedt";"Gemeinden";"28.455,99";"30.844,04";"31.988,90";"37.071,11"
"01062078";"Todendorf";"Gemeinden";"22.540,63";"25.364,06";"26.382,42";"30.251,18"
"01062081";"Tremsbüttel";"Gemeinden";"25.097,51";"27.470,77";"28.838,62";"33.776,20"
"01062082";"Trittau";"Gemeinden";"23.455,85";"25.680,39";"27.677,78";"31.909,74"
"01062083";"Westerau";"Gemeinden";"21.353,61";"24.080,94";"25.666,46";"30.207,40"
"01062086";"Witzhave";"Gemeinden";"26.709,47";"28.797,84";"30.887,70";"36.028,64"
"01062087";"Zarpen";"Gemeinden";"21.259,58";"23.935,67";"26.044,60";"29.947,09"
"01062088";"Brunsbek";"Gemeinden";"25.925,82";"27.333,64";"28.787,70";"33.415,47"
"01062089";"Lasbek";"Gemeinden";"24.113,68";"25.977,57";"27.160,45";"31.674,95"
"01062090";"Ammersbek";"Gemeinden";"26.999,24";"28.846,95";"30.089,44";"35.118,98"
"01062091";"Steinburg";"Gemeinden";"23.460,52";"25.346,32";"27.057,05";"31.871,87"
"01062092";"Travenbrück";"Gemeinden";"22.732,01";"25.615,95";"26.491,96";"30.762,65"
"01062093";"Feldhorst";"Gemeinden";"22.013,80";"24.456,45";"26.221,48";"30.811,11"
"01062094";"Wesenberg";"Gemeinden";"22.948,02";"25.740,01";"26.957,90";"31.386,06"
"02000000";"Hamburg, Freie und Hansestadt";"Gemeinden";"23.777,95";"25.719,59";"26.965,02";"31.146,17"
"03101000";"Braunschweig, Stadt";"Gemeinden";"22.831,24";"24.776,64";"26.389,90";"30.460,26"
"03102000";"Salzgitter, Stadt";"Gemeinden";"19.888,41";"21.776,86";"23.439,67";"27.319,60"
"03103000";"Wolfsburg, Stadt";"Gemeinden";"24.016,39";"25.763,48";"27.251,93";"31.628,11"
"03151001";"Adenbüttel";"Gemeinden";"23.857,76";"27.384,68";"29.611,49";"34.049,67"
"03151002";"Barwedel";"Gemeinden";"23.621,67";"26.644,03";"28.335,26";"32.666,41"
"03151003";"Bergfeld";"Gemeinden";"21.399,56";"23.758,75";"25.979,07";"30.274,61"
"03151004";"Bokensdorf";"Gemeinden";"25.746,36";"29.349,06";"31.133,71";"35.940,26"
"03151005";"Brome, Flecken";"Gemeinden";"20.833,32";"23.412,85";"25.828,93";"30.194,42"
"03151006";"Calberlah";"Gemeinden";"23.117,01";"25.527,86";"27.364,69";"31.642,00"
"03151007";"Dedelstorf";"Gemeinden";"19.864,41";"22.278,12";"24.821,05";"29.151,62"
"03151008";"Ehra-Lessien";"Gemeinden";"21.306,70";"23.727,82";"25.445,33";"30.091,32"
"03151009";"Gifhorn, Stadt";"Gemeinden";"22.235,54";"24.887,93";"26.563,66";"30.844,99"
"03151010";"Groß Oesingen";"Gemeinden";"20.111,15";"22.861,12";"25.090,84";"29.220,79"
"03151011";"Hankensbüttel";"Gemeinden";"21.089,45";"23.725,41";"25.187,85";"29.364,77"
"03151012";"Hillerse";"Gemeinden";"21.388,74";"24.300,49";"26.877,24";"31.367,17"
"03151013";"Isenbüttel";"Gemeinden";"23.222,51";"25.930,72";"29.032,45";"33.537,06"
"03151014";"Jembke";"Gemeinden";"24.192,19";"27.348,91";"29.949,90";"34.940,89"
"03151015";"Leiferde";"Gemeinden";"21.965,25";"24.601,65";"27.183,05";"31.721,67"
"03151016";"Meine";"Gemeinden";"25.532,91";"28.680,49";"31.178,40";"35.773,43"
"03151017";"Meinersen";"Gemeinden";"20.423,93";"22.945,36";"25.340,78";"29.474,85"
"03151018";"Müden (Aller)";"Gemeinden";"20.202,58";"22.797,20";"25.292,31";"29.404,47"
"03151019";"Obernholz";"Gemeinden";"21.044,89";"23.774,50";"25.850,47";"30.025,20"
"03151020";"Osloß";"Gemeinden";"23.610,12";"26.685,52";"29.244,16";"34.289,94"
"03151021";"Parsau";"Gemeinden";"21.247,05";"23.963,71";"26.122,24";"30.577,83"
"03151022";"Ribbesbüttel";"Gemeinden";"22.256,42";"24.749,17";"26.672,19";"30.810,72"
"03151023";"Rötgesbüttel";"Gemeinden";"22.540,46";"25.544,83";"27.526,19";"32.430,62"
"03151024";"Rühen";"Gemeinden";"23.756,64";"26.712,45";"28.715,25";"33.864,33"
"03151025";"Sassenburg";"Gemeinden";"21.544,50";"24.216,38";"26.563,55";"30.936,65"
"03151026";"Schönewörde";"Gemeinden";"19.632,18";"21.643,88";"24.240,05";"28.178,22"
"03151027";"Schwülper";"Gemeinden";"27.712,76";"30.090,28";"32.161,59";"37.400,12"
"03151028";"Sprakensehl";"Gemeinden";"21.502,15";"23.912,83";"26.178,25";"30.242,25"
"03151029";"Steinhorst";"Gemeinden";"19.890,98";"22.123,77";"23.887,96";"28.075,83"
"03151030";"Tappenbeck";"Gemeinden";"27.525,01";"29.674,29";"30.798,26";"36.510,20"
"03151031";"Tiddische";"Gemeinden";"23.014,01";"25.518,91";"28.378,50";"32.631,48"
"03151032";"Tülau";"Gemeinden";"21.813,50";"24.524,74";"27.076,62";"31.530,85"
"03151033";"Ummern";"Gemeinden";"19.336,55";"21.979,80";"24.414,43";"27.983,04"
"03151034";"Vordorf";"Gemeinden";"24.554,11";"27.248,56";"29.935,65";"35.088,17"
"03151035";"Wagenhoff";"Gemeinden";"20.144,26";"23.101,98";"25.254,92";"29.476,91"
"03151036";"Wahrenholz";"Gemeinden";"18.552,38";"20.910,97";"23.284,72";"26.988,20"
"03151037";"Wasbüttel";"Gemeinden";"23.596,40";"26.125,37";"28.263,70";"33.086,23"
"03151038";"Wesendorf";"Gemeinden";"19.413,04";"22.128,47";"24.023,49";"27.900,79"
"03151039";"Weyhausen";"Gemeinden";"22.814,63";"25.611,64";"26.825,97";"31.366,76"
"03151040";"Wittingen, Stadt";"Gemeinden";"20.822,19";"23.121,59";"25.339,88";"29.285,34"
"03151041";"Didderse";"Gemeinden";"21.626,51";"24.231,16";"27.229,67";"31.091,05"
"03151501";"Giebel, gemfr. Gebiet";"Gemeinden";;;;
"03153002";"Bad Harzburg, Stadt";"Gemeinden";"22.096,46";"24.544,10";"26.137,01";"30.241,57"
"03153008";"Liebenburg";"Gemeinden";"21.302,15";"23.736,49";"25.570,07";"30.141,06"
"03153012";"Seesen, Stadt";"Gemeinden";"20.430,36";"22.902,18";"24.201,69";"27.910,23"
"03153016";"Braunlage, Stadt";"Gemeinden";"20.390,17";"22.929,72";"24.939,57";"28.814,19"
"03153017";"Goslar, Stadt";"Gemeinden";"21.465,38";"23.941,87";"25.689,19";"29.638,71"
"03153018";"Clausthal-Zellerfeld, Berg- und Universitätsstadt";"Gemeinden";"17.550,57";"19.723,37";"21.131,30";"24.529,38"
"03153019";"Langelsheim, Stadt";"Gemeinden";"21.062,83";"23.094,74";"25.186,14";"29.266,97"
"03153504";"Harz (Landkreis Goslar), gemfr. Gebiet";"Gemeinden";;;;
"03154001";"Bahrdorf";"Gemeinden";"20.847,80";"23.612,29";"25.788,34";"29.655,71"
"03154002";"Beierstedt";"Gemeinden";"18.633,79";"21.070,72";"23.260,20";"27.282,18"
"03154004";"Danndorf";"Gemeinden";"24.229,59";"26.432,63";"28.691,96";"33.229,25"
"03154005";"Frellstedt";"Gemeinden";"21.268,25";"23.751,50";"25.419,37";"29.934,18"
"03154006";"Gevensleben";"Gemeinden";"20.062,96";"22.519,48";"25.783,48";"30.385,89"
"03154007";"Grafhorst";"Gemeinden";"22.350,12";"24.859,26";"26.984,61";"31.385,14"
"03154008";"Grasleben";"Gemeinden";"21.120,97";"24.170,49";"26.302,05";"30.237,86"
"03154009";"Groß Twülpstedt";"Gemeinden";"23.287,37";"25.851,41";"27.809,36";"31.974,60"
"03154012";"Jerxheim";"Gemeinden";"20.322,60";"22.994,01";"25.158,78";"28.810,80"
"03154013";"Königslutter am Elm, Stadt";"Gemeinden";"21.560,48";"24.177,16";"26.561,52";"30.664,98"
"03154014";"Lehre";"Gemeinden";"23.593,33";"26.197,38";"28.821,22";"32.973,17"
"03154015";"Mariental";"Gemeinden";"27.345,07";"29.212,38";"30.871,39";"36.175,63"
"03154016";"Querenhorst";"Gemeinden";"19.757,92";"22.178,52";"24.515,38";"28.794,53"
"03154017";"Räbke";"Gemeinden";"22.064,96";"23.939,31";"25.618,17";"29.794,93"
"03154018";"Rennau";"Gemeinden";"21.486,84";"24.191,75";"27.119,19";"31.642,61"
"03154019";"Schöningen, Stadt";"Gemeinden";"19.729,82";"21.914,93";"24.143,85";"27.904,56"
"03154021";"Süpplingen";"Gemeinden";"21.147,03";"23.688,91";"25.258,91";"28.762,40"
"03154022";"Süpplingenburg";"Gemeinden";"21.814,73";"23.984,52";"26.127,55";"30.441,45"
"03154024";"Velpke";"Gemeinden";"22.200,71";"25.310,60";"27.299,51";"31.654,56"
"03154025";"Warberg";"Gemeinden";"22.397,25";"24.935,73";"26.780,84";"31.668,50"
"03154026";"Wolsdorf";"Gemeinden";"19.969,55";"22.688,26";"24.699,27";"28.617,55"
"03154027";"Söllingen";"Gemeinden";"22.261,59";"25.566,86";"26.777,75";"31.111,11"
"03154028";"Helmstedt, Stadt";"Gemeinden";"21.432,67";"23.743,73";"25.257,54";"29.183,77"
"03154501";"Brunsleberfeld, gemfr. Gebiet";"Gemeinden";;;;
"03154502";"Helmstedt, gemfr. Gebiet";"Gemeinden";;;;
"03154503";"Königslutter, gemfr. Gebiet";"Gemeinden";;;;
"03154504";"Mariental, gemfr. Gebiet";"Gemeinden";;;;
"03154506";"Schöningen, gemfr. Gebiet";"Gemeinden";;;;
"03155001";"Bad Gandersheim, Stadt";"Gemeinden";"21.385,62";"23.688,86";"25.312,85";"29.473,66"
"03155002";"Bodenfelde, Flecken";"Gemeinden";"19.315,44";"21.484,44";"23.621,51";"27.313,42"
"03155003";"Dassel, Stadt";"Gemeinden";"20.000,81";"22.055,03";"23.942,38";"27.631,12"
"03155005";"Hardegsen, Stadt";"Gemeinden";"21.822,78";"24.576,00";"26.145,58";"30.334,08"
"03155006";"Kalefeld";"Gemeinden";"20.635,45";"23.150,88";"24.995,86";"29.036,77"
"03155007";"Katlenburg-Lindau";"Gemeinden";"21.432,38";"24.161,20";"26.076,75";"30.347,12"
"03155009";"Moringen, Stadt";"Gemeinden";"20.162,75";"22.696,17";"24.717,71";"28.947,07"
"03155010";"Nörten-Hardenberg, Flecken";"Gemeinden";"22.117,22";"24.056,68";"26.313,55";"30.297,87"
"03155011";"Northeim, Stadt";"Gemeinden";"21.321,34";"23.054,76";"24.864,46";"28.748,76"
"03155012";"Uslar, Stadt";"Gemeinden";"20.966,88";"22.917,69";"24.849,34";"28.625,46"
"03155013";"Einbeck, Stadt";"Gemeinden";"20.716,98";"23.077,98";"25.004,35";"28.930,23"
"03155501";"Solling (Landkreis Northeim), gemfr. Geb.";"Gemeinden";;;;
"03157001";"Edemissen";"Gemeinden";"22.737,59";"24.858,82";"26.032,15";"30.215,48"
"03157002";"Hohenhameln";"Gemeinden";"21.920,84";"24.363,57";"25.702,29";"29.735,09"
"03157005";"Lengede";"Gemeinden";"21.880,95";"24.268,17";"25.716,30";"29.963,95"
"03157006";"Peine, Stadt";"Gemeinden";"20.572,83";"22.362,21";"23.760,74";"27.421,07"
"03157007";"Vechelde";"Gemeinden";"22.774,57";"25.464,12";"27.193,36";"31.722,06"
"03157008";"Wendeburg";"Gemeinden";"23.438,86";"26.499,36";"28.727,25";"33.230,49"
"03157009";"Ilsede";"Gemeinden";"20.785,19";"22.805,34";"24.408,20";"28.314,43"
"03158002";"Baddeckenstedt";"Gemeinden";"21.831,79";"24.354,51";"26.558,29";"31.258,68"
"03158004";"Burgdorf";"Gemeinden";"21.992,24";"24.220,33";"25.871,09";"30.175,91"
"03158005";"Cramme";"Gemeinden";"21.440,10";"24.118,05";"26.055,04";"30.177,11"
"03158006";"Cremlingen";"Gemeinden";"24.986,28";"27.579,18";"29.882,90";"34.405,37"
"03158007";"Dahlum";"Gemeinden";"18.976,27";"21.218,31";"23.475,89";"26.970,43"
"03158008";"Denkte";"Gemeinden";"22.483,32";"25.491,42";"28.022,37";"32.446,86"
"03158009";"Dettum";"Gemeinden";"22.133,24";"24.595,96";"27.089,58";"31.145,31"
"03158010";"Dorstadt";"Gemeinden";"19.849,17";"22.772,97";"24.662,45";"28.471,99"
"03158011";"Elbe";"Gemeinden";"20.210,04";"22.538,74";"25.050,97";"29.300,77"
"03158012";"Erkerode";"Gemeinden";"24.912,49";"27.731,19";"30.271,79";"35.231,69"
"03158013";"Evessen";"Gemeinden";"21.427,68";"24.608,47";"26.872,55";"31.428,23"
"03158014";"Flöthe";"Gemeinden";"21.042,97";"23.538,06";"25.846,96";"29.518,38"
"03158016";"Haverlah";"Gemeinden";"20.853,31";"23.408,99";"26.058,93";"29.837,96"
"03158017";"Hedeper";"Gemeinden";"21.253,51";"23.922,33";"26.467,40";"30.794,11"
"03158018";"Heere";"Gemeinden";"19.430,27";"22.299,03";"24.299,77";"27.848,68"
"03158019";"Heiningen";"Gemeinden";"18.087,17";"20.068,21";"22.422,30";"25.747,04"
"03158021";"Kissenbrück";"Gemeinden";"20.294,44";"23.204,39";"25.984,68";"30.052,17"
"03158022";"Kneitlingen";"Gemeinden";"22.323,31";"25.661,34";"28.149,46";"32.606,12"
"03158023";"Ohrum";"Gemeinden";"22.984,93";"25.204,25";"27.248,99";"31.367,94"
"03158025";"Roklum";"Gemeinden";"20.560,34";"22.916,49";"24.845,20";"28.673,53"
"03158027";"Schöppenstedt, Stadt";"Gemeinden";"21.158,00";"23.488,89";"24.894,90";"28.820,82"
"03158028";"Sehlde";"Gemeinden";"19.899,31";"22.271,43";"25.004,17";"28.890,47"
"03158030";"Sickte";"Gemeinden";"23.573,84";"26.789,79";"28.549,48";"33.120,76"
"03158031";"Uehrde";"Gemeinden";"19.012,38";"21.586,42";"23.320,68";"27.343,53"
"03158032";"Vahlberg";"Gemeinden";"20.644,11";"23.124,22";"25.635,83";"29.642,36"
"03158033";"Veltheim (Ohe)";"Gemeinden";"21.611,29";"25.028,26";"27.835,48";"32.375,66"
"03158035";"Winnigstedt";"Gemeinden";"17.388,28";"20.157,88";"22.314,31";"25.428,67"
"03158036";"Wittmar";"Gemeinden";"21.220,56";"24.028,18";"26.435,31";"30.478,46"
"03158037";"Wolfenbüttel, Stadt";"Gemeinden";"22.876,20";"25.031,48";"26.474,55";"30.682,96"
"03158038";"Börßum";"Gemeinden";"20.402,19";"22.836,15";"25.249,10";"29.324,71"
"03158039";"Schladen-Werla";"Gemeinden";"20.671,40";"23.202,08";"24.979,31";"28.852,59"
"03158040";"Remlingen-Semmenstedt";"Gemeinden";"21.211,31";"23.695,47";"25.443,17";"29.218,25"
"03158501";"Am Großen Rhode, gemfr. Gebiet";"Gemeinden";;;;
"03158502";"Barnstorf-Warle, gemfr. Gebiet";"Gemeinden";;;;
"03158503";"Voigtsdahlum, gemfr. Gebiet";"Gemeinden";;;;
"03159001";"Adelebsen, Flecken";"Gemeinden";"21.693,51";"24.191,76";"26.020,14";"30.216,96"
"03159002";"Bad Grund (Harz)";"Gemeinden";"20.039,48";"22.436,42";"24.216,75";"27.662,80"
"03159003";"Bad Lauterberg im Harz, Stadt";"Gemeinden";"21.522,65";"23.456,94";"25.304,27";"29.152,55"
"03159004";"Bad Sachsa, Stadt";"Gemeinden";"20.582,89";"22.961,83";"25.346,36";"28.969,13"
"03159005";"Bilshausen";"Gemeinden";"20.730,53";"22.785,13";"24.823,02";"29.079,18"
"03159006";"Bodensee";"Gemeinden";"20.501,86";"22.176,33";"24.229,36";"28.309,59"
"03159007";"Bovenden, Flecken";"Gemeinden";"23.964,71";"26.815,72";"29.089,15";"33.320,97"
"03159008";"Bühren";"Gemeinden";"22.531,85";"25.057,34";"27.086,38";"31.800,01"
"03159009";"Dransfeld, Stadt";"Gemeinden";"22.377,87";"24.851,12";"26.528,99";"30.613,56"
"03159010";"Duderstadt, Stadt";"Gemeinden";"21.554,08";"23.982,71";"26.211,14";"30.161,91"
"03159011";"Ebergötzen";"Gemeinden";"24.151,82";"26.718,67";"28.640,08";"33.278,18"
"03159012";"Elbingerode";"Gemeinden";"21.543,54";"23.595,39";"25.462,36";"29.498,32"
"03159013";"Friedland";"Gemeinden";"15.869,26";"18.504,64";"20.616,66";"23.657,29"
"03159014";"Gieboldehausen, Flecken";"Gemeinden";"20.467,28";"22.830,38";"24.758,36";"28.521,95"
"03159015";"Gleichen";"Gemeinden";"22.044,32";"24.763,55";"27.111,99";"31.530,88"
"03159016";"Göttingen, Stadt";"Gemeinden";"21.189,14";"22.922,16";"24.175,26";"27.888,19"
"03159017";"Hann. Münden, Stadt";"Gemeinden";"21.770,76";"23.633,71";"24.845,62";"28.597,69"
"03159018";"Hattorf am Harz";"Gemeinden";"21.146,57";"23.782,43";"25.753,79";"29.453,81"
"03159019";"Herzberg am Harz, Stadt";"Gemeinden";"20.489,85";"22.261,26";"24.170,66";"27.742,81"
"03159020";"Hörden am Harz";"Gemeinden";"20.870,55";"23.327,42";"25.102,65";"29.117,76"
"03159021";"Jühnde";"Gemeinden";"20.353,42";"22.886,18";"25.068,17";"29.048,37"
"03159022";"Krebeck";"Gemeinden";"21.098,10";"23.854,79";"26.514,70";"30.366,01"
"03159023";"Landolfshausen";"Gemeinden";"19.883,65";"22.289,53";"24.713,84";"28.717,14"
"03159024";"Niemetal";"Gemeinden";"21.596,23";"24.277,42";"26.020,31";"29.593,96"
"03159025";"Obernfeld";"Gemeinden";"20.101,31";"22.852,55";"25.150,27";"28.965,19"
"03159026";"Osterode am Harz, Stadt";"Gemeinden";"21.774,83";"23.876,93";"25.514,74";"29.184,07"
"03159027";"Rhumspringe";"Gemeinden";"20.705,13";"23.348,77";"25.322,65";"29.624,56"
"03159028";"Rollshausen";"Gemeinden";"18.833,69";"21.618,24";"23.828,84";"27.732,16"
"03159029";"Rosdorf";"Gemeinden";"21.544,52";"24.140,35";"26.004,71";"29.948,05"
"03159030";"Rüdershausen";"Gemeinden";"19.838,21";"22.449,78";"24.503,79";"28.439,82"
"03159031";"Scheden";"Gemeinden";"21.354,56";"23.723,79";"26.107,60";"30.449,89"
"03159032";"Seeburg";"Gemeinden";"21.401,79";"23.961,06";"26.707,55";"30.781,31"
"03159033";"Seulingen";"Gemeinden";"20.622,90";"23.176,08";"24.930,39";"28.742,90"
"03159034";"Staufenberg";"Gemeinden";"21.782,05";"23.680,90";"25.467,80";"29.361,92"
"03159035";"Waake";"Gemeinden";"22.535,24";"25.675,59";"27.505,89";"32.494,74"
"03159036";"Walkenried";"Gemeinden";"21.002,57";"23.231,35";"24.831,56";"28.855,35"
"03159037";"Wollbrandshausen";"Gemeinden";"21.482,54";"23.709,88";"26.051,27";"29.856,94"
"03159038";"Wollershausen";"Gemeinden";"19.670,89";"21.654,88";"22.120,50";"25.282,77"
"03159039";"Wulften am Harz";"Gemeinden";"21.900,63";"23.552,83";"25.678,06";"29.421,43"
"03159501";"Harz (Landkreis Göttingen), gemfr. Geb.";"Gemeinden";;;;
"03241001";"Hannover, Landeshauptstadt";"Gemeinden";"22.124,24";"23.955,26";"25.174,61";"29.090,73"
"03241002";"Barsinghausen, Stadt";"Gemeinden";"22.262,46";"24.367,69";"26.020,56";"30.045,86"
"03241003";"Burgdorf, Stadt";"Gemeinden";"23.443,41";"25.465,79";"27.006,14";"31.391,88"
"03241004";"Burgwedel, Stadt";"Gemeinden";"27.475,84";"29.495,89";"30.679,42";"36.128,35"
"03241005";"Garbsen, Stadt";"Gemeinden";"21.290,68";"23.556,72";"24.891,29";"28.929,54"
"03241006";"Gehrden, Stadt";"Gemeinden";"24.875,83";"27.668,94";"28.997,57";"33.415,52"
"03241007";"Hemmingen, Stadt";"Gemeinden";"26.175,21";"28.481,81";"29.990,24";"34.672,75"
"03241008";"Isernhagen";"Gemeinden";"29.302,79";"31.551,92";"32.895,21";"38.714,05"
"03241009";"Laatzen, Stadt";"Gemeinden";"22.102,17";"23.758,73";"25.128,89";"29.103,89"
"03241010";"Langenhagen, Stadt";"Gemeinden";"21.640,58";"23.429,62";"24.733,82";"28.604,62"
"03241011";"Lehrte, Stadt";"Gemeinden";"21.879,95";"23.689,39";"25.006,12";"29.144,84"
"03241012";"Neustadt am Rübenberge, Stadt";"Gemeinden";"22.242,85";"24.706,91";"26.146,68";"30.246,19"
"03241013";"Pattensen, Stadt";"Gemeinden";"25.192,20";"28.144,19";"30.107,91";"34.547,50"
"03241014";"Ronnenberg, Stadt";"Gemeinden";"22.225,24";"24.082,49";"25.633,32";"29.694,11"
"03241015";"Seelze, Stadt";"Gemeinden";"21.226,76";"22.977,64";"24.499,67";"28.649,21"
"03241016";"Sehnde, Stadt";"Gemeinden";"22.090,80";"24.647,99";"26.377,15";"30.792,17"
"03241017";"Springe, Stadt";"Gemeinden";"22.328,45";"24.600,90";"25.827,13";"30.102,42"
"03241018";"Uetze";"Gemeinden";"21.013,67";"23.307,45";"25.254,33";"29.485,97"
"03241019";"Wedemark";"Gemeinden";"25.793,64";"28.731,23";"29.935,63";"35.357,10"
"03241020";"Wennigsen (Deister)";"Gemeinden";"24.367,62";"27.268,09";"28.657,86";"33.077,19"
"03241021";"Wunstorf, Stadt";"Gemeinden";"22.654,72";"25.415,12";"26.663,53";"30.761,15"
"03251001";"Affinghausen";"Gemeinden";"19.293,12";"21.525,55";"23.755,93";"27.593,64"
"03251002";"Asendorf";"Gemeinden";"21.336,34";"24.031,88";"25.872,05";"30.097,51"
"03251003";"Bahrenborstel";"Gemeinden";"20.372,30";"22.854,01";"24.905,47";"29.379,26"
"03251004";"Barenburg, Flecken";"Gemeinden";"20.065,59";"22.484,89";"24.227,50";"28.163,70"
"03251005";"Barnstorf, Flecken";"Gemeinden";"20.953,22";"22.771,27";"24.449,91";"28.497,56"
"03251006";"Barver";"Gemeinden";"20.347,26";"22.918,23";"24.170,66";"28.178,44"
"03251007";"Bassum, Stadt";"Gemeinden";"21.567,14";"23.376,05";"25.025,99";"29.080,26"
"03251008";"Borstel";"Gemeinden";"20.329,48";"22.613,71";"24.641,18";"28.613,48"
"03251009";"Brockum";"Gemeinden";"20.263,69";"23.126,99";"25.268,33";"29.582,90"
"03251011";"Dickel";"Gemeinden";"19.802,42";"22.029,26";"24.815,13";"28.759,39"
"03251012";"Diepholz, Stadt";"Gemeinden";"21.583,00";"23.727,76";"25.385,36";"29.478,86"
"03251013";"Drebber";"Gemeinden";"21.138,94";"22.993,85";"24.388,29";"28.470,89"
"03251014";"Drentwede";"Gemeinden";"20.325,80";"22.847,73";"25.246,81";"29.795,70"
"03251015";"Ehrenburg";"Gemeinden";"20.518,88";"22.980,80";"25.212,98";"29.186,11"
"03251017";"Eydelstedt";"Gemeinden";"19.629,07";"22.021,28";"24.322,39";"28.472,53"
"03251018";"Freistatt";"Gemeinden";"13.706,14";"15.940,84";"17.466,99";"20.679,74"
"03251019";"Hemsloh";"Gemeinden";"20.084,13";"22.750,22";"24.787,56";"29.082,04"
"03251020";"Hüde";"Gemeinden";"22.678,86";"24.743,01";"26.289,65";"30.657,15"
"03251021";"Kirchdorf";"Gemeinden";"21.437,34";"24.204,26";"25.964,67";"30.196,80"
"03251022";"Lembruch";"Gemeinden";"22.768,56";"24.504,12";"25.682,06";"29.581,95"
"03251023";"Lemförde, Flecken";"Gemeinden";"24.212,66";"25.982,51";"27.209,44";"31.140,01"
"03251024";"Maasen";"Gemeinden";"18.088,25";"20.598,68";"22.964,79";"26.669,57"
"03251025";"Marl";"Gemeinden";"22.595,88";"24.763,31";"26.728,28";"31.265,56"
"03251026";"Martfeld";"Gemeinden";"20.564,76";"23.100,27";"24.978,99";"28.655,74"
"03251027";"Mellinghausen";"Gemeinden";"20.973,81";"22.390,18";"23.920,51";"28.160,12"
"03251028";"Neuenkirchen";"Gemeinden";"20.363,62";"22.727,49";"24.649,99";"28.534,04"
"03251029";"Quernheim";"Gemeinden";"20.843,80";"23.572,78";"26.278,33";"30.856,77"
"03251030";"Rehden";"Gemeinden";"22.561,44";"24.609,34";"25.714,02";"30.331,78"
"03251031";"Scholen";"Gemeinden";"19.386,14";"21.989,27";"24.576,28";"28.836,09"
"03251032";"Schwaförden";"Gemeinden";"20.491,57";"22.795,73";"24.372,39";"28.391,62"
"03251033";"Schwarme";"Gemeinden";"21.079,66";"23.492,29";"25.468,73";"29.602,98"
"03251034";"Siedenburg, Flecken";"Gemeinden";"20.718,68";"22.081,51";"23.810,38";"27.690,83"
"03251035";"Staffhorst";"Gemeinden";"22.620,80";"24.806,43";"27.150,81";"31.595,57"
"03251036";"Stemshorn";"Gemeinden";"19.387,57";"21.896,22";"24.242,45";"28.752,21"
"03251037";"Stuhr";"Gemeinden";"25.303,40";"27.230,24";"28.339,97";"32.703,93"
"03251038";"Sudwalde";"Gemeinden";"20.385,43";"23.064,17";"25.035,12";"29.308,43"
"03251040";"Sulingen, Stadt";"Gemeinden";"20.933,86";"23.450,26";"25.154,74";"29.174,31"
"03251041";"Syke, Stadt";"Gemeinden";"22.163,29";"24.717,50";"26.820,01";"31.158,22"
"03251042";"Twistringen, Stadt";"Gemeinden";"20.663,60";"23.082,14";"25.051,92";"28.961,67"
"03251043";"Varrel";"Gemeinden";"22.034,39";"24.128,62";"25.383,48";"29.599,93"
"03251044";"Wagenfeld";"Gemeinden";"20.291,20";"21.953,86";"23.733,39";"27.382,22"
"03251045";"Wehrbleck";"Gemeinden";"18.496,89";"21.052,90";"23.180,99";"26.640,02"
"03251046";"Wetschen";"Gemeinden";"20.468,84";"22.808,29";"24.966,61";"28.766,56"
"03251047";"Weyhe";"Gemeinden";"24.126,75";"26.345,66";"27.593,31";"31.988,77"
"03251049";"Bruchhausen-Vilsen, Flecken";"Gemeinden";"22.621,62";"25.438,95";"26.913,27";"31.181,73"
"03252001";"Aerzen, Flecken";"Gemeinden";"20.948,26";"23.391,40";"25.436,21";"29.525,86"
"03252002";"Bad Münder am Deister, Stadt";"Gemeinden";"21.325,79";"23.276,93";"24.239,66";"28.264,22"
"03252003";"Bad Pyrmont, Stadt";"Gemeinden";"21.970,57";"24.458,02";"25.872,80";"30.291,10"
"03252004";"Coppenbrügge, Flecken";"Gemeinden";"21.365,53";"23.905,49";"25.453,25";"29.801,18"
"03252005";"Emmerthal";"Gemeinden";"21.108,62";"23.498,43";"25.220,41";"29.367,58"
"03252006";"Hameln, Stadt";"Gemeinden";"21.068,14";"23.297,76";"24.377,45";"28.325,94"
"03252007";"Hessisch Oldendorf, Stadt";"Gemeinden";"21.137,46";"23.177,65";"24.715,37";"28.955,04"
"03252008";"Salzhemmendorf, Flecken";"Gemeinden";"20.365,50";"22.584,80";"24.285,65";"28.434,21"
"03254002";"Alfeld (Leine), Stadt";"Gemeinden";"21.891,65";"24.053,29";"25.270,98";"29.381,58"
"03254003";"Algermissen";"Gemeinden";"23.047,01";"25.092,91";"26.982,08";"31.216,79"
"03254005";"Bad Salzdetfurth, Stadt";"Gemeinden";"21.481,35";"24.157,37";"25.997,93";"30.201,61"
"03254008";"Bockenem, Stadt";"Gemeinden";"19.898,72";"22.185,01";"23.637,96";"27.482,49"
"03254011";"Diekholzen";"Gemeinden";"24.324,31";"26.355,87";"27.858,10";"32.323,04"
"03254013";"Eime, Flecken";"Gemeinden";"22.322,73";"24.048,25";"25.079,46";"29.325,10"
"03254014";"Elze, Stadt";"Gemeinden";"21.463,45";"23.968,58";"25.197,40";"29.289,82"
"03254017";"Giesen";"Gemeinden";"22.181,42";"24.886,65";"26.470,17";"30.808,23"
"03254020";"Harsum";"Gemeinden";"22.671,15";"24.708,77";"26.719,35";"30.760,65"
"03254021";"Hildesheim, Stadt";"Gemeinden";"21.226,03";"23.239,17";"24.385,03";"28.134,50"
"03254022";"Holle";"Gemeinden";"22.964,00";"25.356,07";"27.456,17";"32.097,20"
"03254026";"Nordstemmen";"Gemeinden";"22.062,00";"24.508,09";"25.716,17";"29.987,91"
"03254028";"Sarstedt, Stadt";"Gemeinden";"22.111,73";"24.425,04";"25.531,73";"29.622,86"
"03254029";"Schellerten";"Gemeinden";"21.953,96";"24.325,34";"26.486,48";"30.752,72"
"03254032";"Söhlde";"Gemeinden";"21.990,65";"23.952,96";"25.469,62";"29.795,26"
"03254041";"Duingen, Flecken";"Gemeinden";"20.099,63";"22.521,80";"24.584,11";"28.477,37"
"03254042";"Freden (Leine)";"Gemeinden";"20.138,80";"22.410,42";"24.143,28";"28.028,74"
"03254043";"Gronau (Leine), Stadt";"Gemeinden";"20.982,93";"23.538,77";"24.927,01";"28.835,84"
"03254044";"Lamspringe";"Gemeinden";"20.540,14";"22.745,71";"24.024,75";"27.988,97"
"03254045";"Sibbesse";"Gemeinden";"21.449,31";"23.998,43";"25.614,81";"29.944,83"
"03255001";"Arholzen";"Gemeinden";"19.042,61";"21.547,26";"22.077,79";"25.508,68"
"03255002";"Bevern, Flecken";"Gemeinden";"20.781,16";"23.015,61";"24.962,54";"29.121,05"
"03255003";"Bodenwerder, Münchhausenstadt";"Gemeinden";"20.599,68";"22.963,31";"24.330,53";"28.412,37"
"03255004";"Boffzen";"Gemeinden";"21.572,20";"23.214,42";"25.055,03";"29.377,91"
"03255005";"Brevörde";"Gemeinden";"18.226,41";"20.239,46";"22.286,75";"26.323,35"
"03255007";"Deensen";"Gemeinden";"20.067,14";"22.178,50";"23.446,73";"27.669,20"
"03255008";"Delligsen, Flecken";"Gemeinden";"20.182,47";"22.091,94";"23.905,66";"27.582,62"
"03255009";"Derental";"Gemeinden";"21.097,94";"22.930,42";"24.441,94";"28.800,58"
"03255010";"Dielmissen";"Gemeinden";"18.667,00";"20.947,97";"22.928,74";"26.617,42"
"03255012";"Eimen";"Gemeinden";"18.479,85";"21.029,49";"23.168,79";"27.006,73"
"03255013";"Eschershausen, Stadt";"Gemeinden";"20.065,90";"22.364,49";"23.624,12";"27.758,28"
"03255014";"Fürstenberg";"Gemeinden";"17.773,89";"19.971,34";"22.228,43";"26.137,85"
"03255015";"Golmbach";"Gemeinden";"19.972,03";"22.368,77";"24.401,54";"28.310,69"
"03255016";"Halle";"Gemeinden";"20.530,61";"23.006,22";"24.970,57";"29.125,26"
"03255017";"Hehlen";"Gemeinden";"19.410,17";"21.630,46";"23.580,92";"27.285,05"
"03255018";"Heinade";"Gemeinden";"18.822,62";"21.498,16";"23.131,31";"27.419,31"
"03255019";"Heinsen";"Gemeinden";"18.585,53";"20.972,04";"22.716,04";"26.493,55"
"03255020";"Heyen";"Gemeinden";"21.088,35";"23.111,13";"24.728,93";"28.199,44"
"03255021";"Holenberg";"Gemeinden";"20.200,78";"22.989,37";"24.733,40";"28.629,55"
"03255022";"Holzen";"Gemeinden";"18.864,40";"21.104,42";"23.617,33";"27.477,97"
"03255023";"Holzminden, Stadt";"Gemeinden";"21.077,30";"22.925,34";"24.354,00";"28.260,03"
"03255025";"Kirchbrak";"Gemeinden";"19.981,77";"22.140,49";"23.983,27";"28.248,21"
"03255026";"Lauenförde, Flecken";"Gemeinden";"18.869,77";"21.219,40";"22.989,62";"26.754,55"
"03255027";"Lenne";"Gemeinden";"19.841,13";"21.428,26";"23.008,34";"26.610,13"
"03255028";"Lüerdissen";"Gemeinden";"18.955,58";"21.173,32";"22.967,21";"26.544,36"
"03255030";"Negenborn";"Gemeinden";"19.146,57";"21.470,30";"23.538,87";"27.377,58"
"03255031";"Ottenstein, Flecken";"Gemeinden";"25.049,09";"27.933,57";"30.376,97";"35.290,76"
"03255032";"Pegestorf";"Gemeinden";"18.432,45";"20.234,49";"22.309,71";"26.130,01"
"03255033";"Polle, Flecken";"Gemeinden";"21.718,89";"24.509,17";"25.860,54";"30.019,85"
"03255034";"Stadtoldendorf, Stadt";"Gemeinden";"19.202,68";"21.437,64";"23.127,63";"26.677,95"
"03255035";"Vahlbruch";"Gemeinden";"17.333,01";"19.479,51";"21.851,06";"25.342,08"
"03255036";"Wangelnstedt";"Gemeinden";"19.536,33";"21.878,64";"23.935,85";"27.677,65"
"03255501";"Boffzen, gemfr. Gebiet";"Gemeinden";;;;
"03255502";"Eimen, gemfr. Gebiet";"Gemeinden";;;;
"03255503";"Eschershausen, gemfr. Gebiet";"Gemeinden";;;;
"03255504";"Grünenplan, gemfr. Gebiet";"Gemeinden";;;;
"03255505";"Holzminden, gemfr. Gebiet";"Gemeinden";;;;
"03255506";"Merxhausen, gemfr. Gebiet";"Gemeinden";;;;
"03255508";"Wenzen, gemfr. Gebiet";"Gemeinden";;;;
"03256001";"Balge";"Gemeinden";"20.770,99";"23.035,30";"25.394,20";"29.395,75"
"03256002";"Binnen";"Gemeinden";"22.160,63";"24.310,64";"26.429,93";"30.198,07"
"03256003";"Bücken, Flecken";"Gemeinden";"21.433,71";"24.468,38";"25.701,62";"29.743,65"
"03256004";"Diepenau, Flecken";"Gemeinden";"21.280,86";"23.840,73";"26.242,52";"30.462,70"
"03256005";"Drakenburg, Flecken";"Gemeinden";"19.817,57";"21.877,17";"23.797,81";"27.727,83"
"03256006";"Estorf";"Gemeinden";"20.330,00";"22.833,70";"25.041,47";"29.204,09"
"03256007";"Eystrup";"Gemeinden";"20.186,24";"22.253,51";"23.851,84";"27.558,46"
"03256008";"Gandesbergen";"Gemeinden";"21.804,56";"23.396,70";"25.097,54";"29.460,11"
"03256009";"Hämelhausen";"Gemeinden";"18.895,11";"21.626,73";"24.117,91";"27.996,31"
"03256010";"Hassel (Weser)";"Gemeinden";"20.466,86";"22.593,40";"24.533,34";"28.914,12"
"03256011";"Haßbergen";"Gemeinden";"19.301,88";"21.589,72";"22.885,91";"26.108,96"
"03256012";"Heemsen";"Gemeinden";"19.979,24";"22.355,26";"24.565,06";"28.323,20"
"03256013";"Hilgermissen";"Gemeinden";"21.435,82";"24.300,48";"25.714,05";"30.057,90"
"03256014";"Hoya, Stadt";"Gemeinden";"23.908,88";"25.414,28";"26.277,41";"30.514,25"
"03256015";"Hoyerhagen";"Gemeinden";"20.267,55";"22.660,39";"25.315,77";"29.554,22"
"03256016";"Husum";"Gemeinden";"21.585,71";"23.765,61";"25.384,72";"29.705,48"
"03256017";"Landesbergen";"Gemeinden";"20.008,79";"22.501,60";"24.122,27";"27.646,11"
"03256018";"Leese";"Gemeinden";"20.878,95";"22.595,61";"24.596,71";"28.509,63"
"03256019";"Liebenau, Flecken";"Gemeinden";"18.677,95";"21.086,50";"22.773,42";"26.564,14"
"03256020";"Linsburg";"Gemeinden";"21.221,26";"23.816,04";"25.869,16";"30.067,11"
"03256021";"Marklohe";"Gemeinden";"22.905,66";"25.834,65";"27.589,00";"31.544,61"
"03256022";"Nienburg (Weser), Stadt";"Gemeinden";"19.831,33";"22.168,87";"23.686,11";"27.363,34"
"03256023";"Pennigsehl";"Gemeinden";"19.954,86";"22.387,91";"24.423,40";"28.129,29"
"03256024";"Raddestorf";"Gemeinden";"20.164,85";"22.742,69";"24.549,23";"28.605,43"
"03256025";"Rehburg-Loccum, Stadt";"Gemeinden";"20.156,19";"22.668,34";"24.365,76";"27.862,71"
"03256026";"Rodewald";"Gemeinden";"20.052,37";"22.336,41";"24.520,32";"28.575,74"
"03256027";"Rohrsen";"Gemeinden";"19.204,17";"21.164,84";"23.129,25";"26.571,78"
"03256028";"Schweringen";"Gemeinden";"19.880,73";"21.950,96";"24.114,88";"28.307,07"
"03256029";"Steimbke";"Gemeinden";"21.389,12";"22.908,25";"24.818,03";"28.380,35"
"03256030";"Steyerberg, Flecken";"Gemeinden";"20.467,19";"22.449,43";"24.379,88";"28.136,04"
"03256031";"Stöckse";"Gemeinden";"20.271,54";"22.623,88";"24.938,43";"28.563,42"
"03256032";"Stolzenau";"Gemeinden";"19.165,98";"21.396,00";"22.991,68";"26.356,61"
"03256033";"Uchte, Flecken";"Gemeinden";"20.814,36";"22.808,69";"23.947,31";"27.755,57"
"03256034";"Warmsen";"Gemeinden";"20.838,12";"23.379,30";"26.003,92";"30.124,06"
"03256035";"Warpe";"Gemeinden";"20.069,27";"22.829,03";"25.238,96";"28.919,20"
"03256036";"Wietzen";"Gemeinden";"20.227,78";"22.658,05";"24.160,72";"27.699,31"
"03257001";"Ahnsen";"Gemeinden";"21.531,51";"23.360,58";"24.860,95";"28.849,94"
"03257002";"Apelern";"Gemeinden";"22.242,72";"24.617,01";"26.191,33";"30.436,41"
"03257003";"Auetal";"Gemeinden";"21.222,28";"23.098,57";"24.847,89";"28.857,99"
"03257004";"Auhagen";"Gemeinden";"21.008,40";"22.936,57";"24.749,42";"28.936,33"
"03257005";"Bad Eilsen";"Gemeinden";"23.292,54";"24.893,80";"25.848,36";"30.157,64"
"03257006";"Bad Nenndorf, Stadt";"Gemeinden";"24.697,88";"26.673,20";"28.525,28";"33.209,92"
"03257007";"Beckedorf";"Gemeinden";"20.519,94";"22.442,21";"24.211,44";"28.229,88"
"03257008";"Buchholz";"Gemeinden";"20.643,82";"22.317,17";"24.498,24";"28.693,84"
"03257009";"Bückeburg, Stadt";"Gemeinden";"22.084,38";"24.518,65";"26.092,93";"30.223,53"
"03257010";"Hagenburg, Flecken";"Gemeinden";"22.710,64";"24.581,63";"26.255,80";"30.802,43"
"03257011";"Haste";"Gemeinden";"23.211,55";"25.206,64";"26.828,43";"31.414,36"
"03257012";"Heeßen";"Gemeinden";"20.260,68";"22.643,06";"25.013,13";"28.786,40"
"03257013";"Helpsen";"Gemeinden";"21.410,58";"23.656,98";"26.330,76";"30.752,58"
"03257014";"Hespe";"Gemeinden";"22.056,39";"24.759,76";"27.000,12";"30.941,08"
"03257015";"Heuerßen";"Gemeinden";"22.442,07";"24.176,21";"26.187,64";"30.765,68"
"03257016";"Hohnhorst";"Gemeinden";"23.024,56";"25.866,56";"27.542,68";"32.384,14"
"03257017";"Hülsede";"Gemeinden";"23.389,61";"25.355,60";"26.644,26";"31.141,90"
"03257018";"Lauenau, Flecken";"Gemeinden";"24.096,34";"26.297,76";"27.411,20";"31.644,67"
"03257019";"Lauenhagen";"Gemeinden";"21.281,42";"23.897,29";"26.236,45";"31.165,50"
"03257020";"Lindhorst";"Gemeinden";"19.912,03";"21.506,66";"23.349,25";"26.946,25"
"03257021";"Lüdersfeld";"Gemeinden";"20.632,12";"23.275,78";"24.951,85";"29.529,79"
"03257022";"Luhden";"Gemeinden";"21.372,60";"23.752,89";"24.899,60";"29.047,01"
"03257023";"Meerbeck";"Gemeinden";"20.937,93";"23.532,00";"25.314,33";"29.454,33"
"03257024";"Messenkamp";"Gemeinden";"20.438,70";"23.095,78";"25.236,11";"29.460,59"
"03257025";"Niedernwöhren";"Gemeinden";"23.007,51";"24.751,29";"26.608,72";"30.914,35"
"03257026";"Nienstädt";"Gemeinden";"22.585,78";"24.420,03";"26.575,73";"30.631,41"
"03257027";"Nordsehl";"Gemeinden";"21.437,57";"23.729,24";"26.460,94";"30.803,19"
"03257028";"Obernkirchen, Stadt";"Gemeinden";"20.388,24";"22.382,13";"23.794,86";"27.837,88"
"03257029";"Pohle";"Gemeinden";"22.465,94";"24.433,05";"26.275,40";"30.571,78"
"03257030";"Pollhagen";"Gemeinden";"22.332,19";"24.493,44";"26.078,79";"30.104,77"
"03257031";"Rinteln, Stadt";"Gemeinden";"21.779,32";"24.303,89";"25.703,95";"29.761,35"
"03257032";"Rodenberg, Stadt";"Gemeinden";"22.636,93";"25.171,64";"26.438,38";"30.774,06"
"03257033";"Sachsenhagen, Stadt";"Gemeinden";"21.296,08";"23.366,28";"24.811,81";"28.914,73"
"03257034";"Seggebruch";"Gemeinden";"21.550,89";"24.471,04";"26.417,51";"31.317,33"
"03257035";"Stadthagen, Stadt";"Gemeinden";"20.934,69";"22.808,60";"24.109,61";"27.980,01"
"03257036";"Suthfeld";"Gemeinden";"22.130,78";"23.965,20";"26.733,24";"31.518,14"
"03257037";"Wiedensahl, Flecken";"Gemeinden";"20.629,81";"22.645,47";"24.515,08";"27.950,23"
"03257038";"Wölpinghausen";"Gemeinden";"21.574,26";"24.724,71";"25.768,76";"29.547,14"
"03351001";"Adelheidsdorf";"Gemeinden";"22.820,49";"25.918,24";"27.094,47";"31.715,59"
"03351002";"Ahnsbeck";"Gemeinden";"21.388,66";"23.989,80";"25.645,51";"29.972,12"
"03351003";"Beedenbostel";"Gemeinden";"20.196,00";"22.783,04";"24.884,18";"29.070,69"
"03351004";"Bergen, Stadt";"Gemeinden";"19.705,61";"21.889,48";"23.363,32";"27.075,15"
"03351005";"Bröckel";"Gemeinden";"22.098,10";"24.409,85";"26.671,61";"31.128,30"
"03351006";"Celle, Stadt";"Gemeinden";"21.770,92";"23.977,74";"25.342,36";"29.428,43"
"03351007";"Eicklingen";"Gemeinden";"22.034,03";"24.534,59";"25.749,23";"30.255,48"
"03351008";"Eldingen";"Gemeinden";"20.778,34";"23.590,32";"25.456,29";"29.513,34"
"03351010";"Faßberg";"Gemeinden";"20.166,69";"22.720,17";"24.764,56";"28.812,97"
"03351012";"Hambühren";"Gemeinden";"22.383,77";"24.820,93";"26.017,61";"30.306,65"
"03351015";"Hohne";"Gemeinden";"20.295,79";"22.960,41";"24.799,68";"29.019,03"
"03351016";"Lachendorf";"Gemeinden";"21.633,06";"23.999,93";"25.592,79";"29.619,73"
"03351017";"Langlingen";"Gemeinden";"20.733,34";"23.123,97";"25.134,41";"28.860,89"
"03351018";"Nienhagen";"Gemeinden";"24.148,22";"26.417,64";"27.994,36";"32.610,74"
"03351021";"Wathlingen";"Gemeinden";"20.787,89";"23.080,15";"24.245,69";"28.328,30"
"03351022";"Wienhausen, Klostergemeinde";"Gemeinden";"23.353,34";"25.832,15";"28.162,19";"33.104,58"
"03351023";"Wietze";"Gemeinden";"21.264,00";"22.948,91";"24.258,98";"28.080,40"
"03351024";"Winsen (Aller)";"Gemeinden";"22.084,63";"24.656,67";"26.020,51";"30.130,47"
"03351025";"Eschede";"Gemeinden";"19.585,69";"22.062,61";"23.999,36";"27.943,78"
"03351026";"Südheide";"Gemeinden";"21.773,91";"24.162,05";"25.456,93";"29.367,70"
"03351501";"Lohheide, gemfr. Bezirk";"Gemeinden";"19.863,07";"22.133,77";"23.878,28";"27.392,23"
"03352002";"Armstorf";"Gemeinden";"19.898,05";"22.618,71";"24.673,29";"28.796,33"
"03352004";"Belum";"Gemeinden";"18.688,61";"21.192,48";"22.697,77";"27.074,62"
"03352008";"Bülkau";"Gemeinden";"20.583,62";"22.502,00";"24.744,42";"29.083,44"
"03352011";"Cuxhaven, Stadt";"Gemeinden";"21.639,72";"23.663,28";"25.369,34";"29.313,96"
"03352020";"Hechthausen";"Gemeinden";"22.098,04";"24.677,41";"26.601,92";"31.465,92"
"03352022";"Hemmoor, Stadt";"Gemeinden";"19.802,89";"22.012,94";"23.696,76";"27.559,06"
"03352024";"Hollnseth";"Gemeinden";"20.231,95";"22.795,47";"24.747,69";"28.711,90"
"03352025";"Ihlienworth";"Gemeinden";"19.407,57";"22.017,46";"24.080,86";"27.870,66"
"03352029";"Lamstedt";"Gemeinden";"21.243,12";"23.806,12";"25.990,78";"30.294,48"
"03352032";"Loxstedt";"Gemeinden";"23.293,67";"25.338,75";"27.007,90";"31.145,08"
"03352036";"Mittelstenahe";"Gemeinden";"20.755,39";"23.119,91";"24.618,11";"28.174,40"
"03352038";"Neuenkirchen";"Gemeinden";"18.816,04";"21.557,82";"23.537,44";"27.215,24"
"03352039";"Neuhaus (Oste), Flecken";"Gemeinden";"19.113,07";"21.254,30";"23.167,34";"26.475,38"
"03352041";"Nordleda";"Gemeinden";"18.842,07";"21.450,58";"23.911,45";"27.868,61"
"03352042";"Oberndorf";"Gemeinden";"20.657,12";"23.032,27";"24.814,06";"28.722,20"
"03352043";"Odisheim";"Gemeinden";"17.177,88";"19.520,08";"21.150,11";"24.394,98"
"03352044";"Osten";"Gemeinden";"19.518,79";"21.839,61";"23.734,64";"27.609,47"
"03352045";"Osterbruch";"Gemeinden";"17.927,48";"20.428,22";"22.895,57";"26.882,07"
"03352046";"Otterndorf, Stadt";"Gemeinden";"22.235,51";"25.001,09";"26.839,20";"31.422,57"
"03352050";"Schiffdorf";"Gemeinden";"23.996,74";"25.906,13";"27.533,20";"31.757,14"
"03352051";"Steinau";"Gemeinden";"18.599,10";"21.009,92";"23.027,32";"26.635,90"
"03352052";"Stinstedt";"Gemeinden";"20.088,70";"22.873,70";"25.224,93";"29.529,05"
"03352055";"Wanna";"Gemeinden";"18.863,23";"21.176,14";"23.184,71";"26.720,57"
"03352056";"Wingst";"Gemeinden";"21.195,79";"23.637,94";"25.815,62";"29.963,36"
"03352059";"Beverstedt";"Gemeinden";"20.606,91";"22.922,01";"24.779,18";"28.690,49"
"03352060";"Hagen im Bremischen";"Gemeinden";"21.825,26";"23.733,23";"25.741,14";"29.984,33"
"03352061";"Wurster Nordseeküste";"Gemeinden";"20.850,28";"23.318,46";"25.388,54";"29.383,04"
"03352062";"Geestland, Stadt";"Gemeinden";"22.940,75";"25.240,90";"26.621,73";"30.795,28"
"03352063";"Cadenberge";"Gemeinden";"19.960,16";"22.163,39";"24.165,08";"28.023,31"
"03353001";"Appel";"Gemeinden";"25.610,25";"29.342,88";"31.495,93";"36.598,04"
"03353002";"Asendorf";"Gemeinden";"26.908,60";"30.660,68";"32.212,29";"37.655,95"
"03353003";"Bendestorf";"Gemeinden";"36.274,18";"39.330,78";"40.521,14";"46.373,71"
"03353004";"Brackel";"Gemeinden";"27.029,46";"29.309,50";"29.979,66";"35.000,50"
"03353005";"Buchholz in der Nordheide, Stadt";"Gemeinden";"26.333,01";"28.678,42";"29.992,87";"34.865,81"
"03353006";"Dohren";"Gemeinden";"23.768,00";"27.294,66";"28.815,62";"34.187,22"
"03353007";"Drage";"Gemeinden";"23.287,44";"25.415,92";"27.558,98";"32.482,86"
"03353008";"Drestedt";"Gemeinden";"23.940,67";"27.127,16";"28.775,60";"34.358,61"
"03353009";"Egestorf";"Gemeinden";"24.034,88";"26.153,54";"27.766,52";"32.585,78"
"03353010";"Eyendorf";"Gemeinden";"23.721,78";"25.460,13";"27.006,82";"31.534,47"
"03353011";"Garlstorf";"Gemeinden";"22.204,63";"24.791,96";"25.836,87";"29.782,88"
"03353012";"Garstedt";"Gemeinden";"26.048,20";"28.102,52";"29.790,50";"34.497,29"
"03353013";"Gödenstorf";"Gemeinden";"22.648,52";"24.907,28";"26.170,78";"30.615,23"
"03353014";"Halvesbostel";"Gemeinden";"20.878,07";"22.892,82";"24.536,29";"29.041,33"
"03353015";"Handeloh";"Gemeinden";"25.528,31";"28.176,16";"29.527,03";"34.531,76"
"03353016";"Hanstedt";"Gemeinden";"25.060,95";"27.049,21";"28.263,80";"32.760,14"
"03353017";"Harmstorf";"Gemeinden";"28.989,35";"32.288,95";"33.958,01";"40.226,97"
"03353018";"Heidenau";"Gemeinden";"22.159,53";"24.379,22";"26.598,17";"30.910,18"
"03353019";"Hollenstedt";"Gemeinden";"27.692,93";"29.746,94";"31.077,11";"36.464,51"
"03353020";"Jesteburg";"Gemeinden";"28.818,85";"31.257,36";"32.328,25";"37.173,89"
"03353021";"Kakenstorf";"Gemeinden";"22.814,40";"25.668,82";"27.326,27";"32.388,46"
"03353022";"Königsmoor";"Gemeinden";"20.049,38";"22.657,47";"25.019,81";"28.643,63"
"03353023";"Marschacht";"Gemeinden";"24.453,80";"26.143,80";"27.209,35";"31.616,06"
"03353024";"Marxen";"Gemeinden";"25.584,94";"28.153,81";"29.445,16";"34.487,03"
"03353025";"Moisburg";"Gemeinden";"25.234,46";"27.883,47";"29.022,05";"34.370,18"
"03353026";"Neu Wulmstorf";"Gemeinden";"24.042,10";"26.019,32";"27.098,23";"31.661,74"
"03353027";"Otter";"Gemeinden";"23.445,53";"26.035,76";"27.613,44";"31.789,60"
"03353028";"Regesbostel";"Gemeinden";"23.580,45";"25.853,01";"27.339,53";"32.402,66"
"03353029";"Rosengarten";"Gemeinden";"29.880,44";"32.008,19";"33.055,97";"38.486,74"
"03353030";"Salzhausen";"Gemeinden";"24.194,03";"26.197,31";"27.636,85";"32.492,66"
"03353031";"Seevetal";"Gemeinden";"27.669,31";"29.612,09";"30.705,35";"35.766,61"
"03353032";"Stelle";"Gemeinden";"24.208,43";"26.158,79";"27.488,91";"31.869,52"
"03353033";"Tespe";"Gemeinden";"22.729,95";"24.628,26";"27.252,06";"31.680,82"
"03353034";"Toppenstedt";"Gemeinden";"23.964,92";"25.602,03";"27.514,10";"31.777,03"
"03353035";"Tostedt";"Gemeinden";"22.266,91";"24.088,97";"25.335,69";"29.455,66"
"03353036";"Undeloh";"Gemeinden";"23.208,88";"25.824,05";"27.438,86";"31.893,35"
"03353037";"Vierhöfen";"Gemeinden";"25.540,77";"27.909,74";"29.231,76";"34.498,01"
"03353038";"Welle";"Gemeinden";"21.668,08";"24.820,69";"27.018,81";"31.644,85"
"03353039";"Wenzendorf";"Gemeinden";"22.829,90";"26.091,16";"27.040,01";"31.428,05"
"03353040";"Winsen (Luhe), Stadt";"Gemeinden";"22.883,95";"24.953,84";"26.202,10";"30.508,49"
"03353041";"Wistedt";"Gemeinden";"21.888,12";"24.583,97";"25.442,73";"29.543,04"
"03353042";"Wulfsen";"Gemeinden";"24.670,92";"26.158,42";"28.100,52";"33.034,06"
"03354001";"Bergen an der Dumme, Flecken";"Gemeinden";"18.040,14";"20.378,79";"22.159,48";"25.783,76"
"03354002";"Clenze, Flecken";"Gemeinden";"20.215,42";"22.321,23";"24.560,45";"28.519,74"
"03354003";"Damnatz";"Gemeinden";"21.968,56";"25.554,02";"28.287,29";"33.733,66"
"03354004";"Dannenberg (Elbe), Stadt";"Gemeinden";"19.505,53";"21.536,63";"23.356,97";"27.257,24"
"03354005";"Gartow, Flecken";"Gemeinden";"22.926,36";"25.559,17";"27.968,50";"32.289,61"
"03354006";"Göhrde";"Gemeinden";"19.188,31";"21.519,99";"23.862,19";"27.768,90"
"03354007";"Gorleben";"Gemeinden";"20.810,64";"23.407,15";"25.902,44";"29.736,06"
"03354008";"Gusborn";"Gemeinden";"20.953,33";"23.448,92";"25.302,17";"29.896,42"
"03354009";"Hitzacker (Elbe), Stadt";"Gemeinden";"20.147,28";"22.595,64";"24.810,94";"28.773,47"
"03354010";"Höhbeck";"Gemeinden";"21.994,48";"24.681,01";"26.884,03";"31.255,21"
"03354011";"Jameln";"Gemeinden";"20.039,52";"22.476,82";"24.379,36";"28.656,69"
"03354012";"Karwitz";"Gemeinden";"18.607,01";"21.348,57";"23.128,99";"27.349,32"
"03354013";"Küsten";"Gemeinden";"20.055,95";"22.560,93";"24.581,98";"28.462,96"
"03354014";"Langendorf";"Gemeinden";"20.345,87";"23.000,54";"24.973,94";"29.121,01"
"03354015";"Lemgow";"Gemeinden";"20.211,21";"22.774,91";"24.830,71";"29.021,47"
"03354016";"Luckau (Wendland)";"Gemeinden";"18.881,93";"21.460,38";"23.537,57";"27.386,93"
"03354017";"Lübbow";"Gemeinden";"18.770,82";"21.298,95";"22.637,62";"26.483,95"
"03354018";"Lüchow (Wendland), Stadt";"Gemeinden";"20.349,90";"22.726,70";"24.502,36";"28.632,46"
"03354019";"Neu Darchau";"Gemeinden";"20.862,16";"23.543,43";"24.783,61";"28.684,36"
"03354020";"Prezelle";"Gemeinden";"18.959,64";"21.681,55";"24.176,27";"28.124,95"
"03354021";"Schnackenburg, Stadt";"Gemeinden";"19.689,92";"21.896,85";"24.229,58";"27.450,53"
"03354022";"Schnega";"Gemeinden";"18.157,41";"20.751,09";"22.664,67";"26.555,28"
"03354023";"Trebel";"Gemeinden";"20.333,10";"23.006,33";"25.565,85";"29.381,30"
"03354024";"Waddeweitz";"Gemeinden";"20.733,64";"23.185,13";"25.054,44";"29.588,03"
"03354025";"Woltersdorf";"Gemeinden";"19.347,30";"21.826,09";"23.578,75";"27.742,38"
"03354026";"Wustrow (Wendland), Stadt";"Gemeinden";"18.521,23";"20.669,39";"22.881,51";"26.525,35"
"03354027";"Zernien";"Gemeinden";"21.305,19";"23.705,14";"25.509,01";"29.808,16"
"03354501";"Gartow, gemfr. Gebiet";"Gemeinden";;;;
"03354502";"Göhrde, gemfr. Gebiet";"Gemeinden";;;;
"03355001";"Adendorf";"Gemeinden";"24.703,63";"27.260,16";"28.524,29";"33.039,20"
"03355002";"Amelinghausen";"Gemeinden";"20.945,98";"23.752,86";"25.590,24";"29.520,23"
"03355003";"Artlenburg, Flecken";"Gemeinden";"20.709,97";"22.782,41";"24.942,94";"29.097,25"
"03355004";"Bardowick, Flecken";"Gemeinden";"22.305,00";"24.231,43";"25.552,05";"29.436,88"
"03355005";"Barendorf";"Gemeinden";"23.037,76";"25.195,24";"26.349,60";"30.703,39"
"03355006";"Barnstedt";"Gemeinden";"21.687,74";"24.943,14";"27.410,58";"32.188,74"
"03355007";"Barum";"Gemeinden";"24.761,18";"27.919,20";"29.446,35";"34.432,16"
"03355008";"Betzendorf";"Gemeinden";"21.690,24";"24.500,11";"26.489,50";"30.954,35"
"03355009";"Bleckede, Stadt";"Gemeinden";"19.499,93";"22.159,22";"24.321,91";"28.247,02"
"03355010";"Boitze";"Gemeinden";"20.098,00";"23.048,39";"24.808,31";"29.344,86"
"03355011";"Brietlingen";"Gemeinden";"23.926,40";"25.877,09";"27.356,32";"31.767,30"
"03355012";"Dahlem";"Gemeinden";"21.573,71";"22.784,18";"23.780,41";"28.297,40"
"03355013";"Dahlenburg, Flecken";"Gemeinden";"19.948,52";"22.313,89";"24.244,19";"28.091,00"
"03355014";"Deutsch Evern";"Gemeinden";"26.749,99";"30.471,49";"31.923,30";"37.546,00"
"03355015";"Echem";"Gemeinden";"20.387,94";"22.784,97";"24.615,40";"28.890,36"
"03355016";"Embsen";"Gemeinden";"20.768,51";"23.223,38";"25.427,86";"29.385,78"
"03355017";"Handorf";"Gemeinden";"23.197,92";"26.367,95";"28.868,83";"33.337,17"
"03355018";"Hittbergen";"Gemeinden";"19.812,22";"22.281,08";"24.281,87";"28.249,65"
"03355019";"Hohnstorf (Elbe)";"Gemeinden";"22.391,96";"24.286,59";"26.228,42";"30.638,53"
"03355020";"Kirchgellersen";"Gemeinden";"23.771,32";"26.435,52";"28.329,80";"32.957,39"
"03355021";"Lüdersburg";"Gemeinden";"23.400,12";"25.218,64";"28.697,05";"34.367,45"
"03355022";"Lüneburg, Hansestadt";"Gemeinden";"20.706,88";"23.115,38";"24.197,42";"28.091,79"
"03355023";"Mechtersen";"Gemeinden";"26.250,29";"28.862,27";"30.709,23";"35.313,92"
"03355024";"Melbeck";"Gemeinden";"21.815,81";"23.906,90";"26.054,24";"30.314,54"
"03355025";"Nahrendorf";"Gemeinden";"19.958,95";"22.403,47";"23.613,88";"27.061,98"
"03355026";"Neetze";"Gemeinden";"20.645,47";"23.314,51";"24.469,88";"28.509,22"
"03355027";"Oldendorf (Luhe)";"Gemeinden";"22.732,37";"26.080,12";"28.379,62";"32.905,78"
"03355028";"Radbruch";"Gemeinden";"24.238,85";"26.601,08";"27.674,91";"32.281,50"
"03355029";"Rehlingen";"Gemeinden";"24.422,30";"25.822,52";"26.590,45";"30.786,18"
"03355030";"Reinstorf";"Gemeinden";"22.323,44";"24.831,91";"26.177,16";"30.753,24"
"03355031";"Reppenstedt";"Gemeinden";"23.038,99";"25.794,56";"26.958,58";"31.067,16"
"03355032";"Rullstorf";"Gemeinden";"22.356,87";"24.631,36";"27.044,92";"31.593,99"
"03355033";"Scharnebeck";"Gemeinden";"22.870,88";"24.915,30";"26.983,43";"31.382,17"
"03355034";"Soderstorf";"Gemeinden";"21.733,52";"24.020,96";"26.637,06";"30.760,12"
"03355035";"Südergellersen";"Gemeinden";"25.447,19";"27.724,97";"29.245,61";"33.637,85"
"03355036";"Thomasburg";"Gemeinden";"22.203,90";"24.804,23";"26.184,99";"30.321,61"
"03355037";"Tosterglope";"Gemeinden";"19.206,05";"21.490,57";"23.974,81";"27.570,77"
"03355038";"Vastorf";"Gemeinden";"20.763,47";"23.559,34";"25.030,33";"29.193,26"
"03355039";"Vögelsen";"Gemeinden";"26.486,24";"29.212,93";"30.775,45";"35.644,94"
"03355040";"Wendisch Evern";"Gemeinden";"24.262,13";"26.328,23";"27.918,74";"32.286,00"
"03355041";"Westergellersen";"Gemeinden";"23.265,30";"26.056,40";"28.264,69";"32.927,58"
"03355042";"Wittorf";"Gemeinden";"21.836,05";"24.550,58";"25.219,72";"30.024,83"
"03355049";"Amt Neuhaus";"Gemeinden";"18.875,03";"21.409,59";"23.184,05";"26.879,58"
"03356001";"Axstedt";"Gemeinden";"19.650,22";"21.867,81";"23.820,85";"27.546,79"
"03356002";"Grasberg";"Gemeinden";"21.754,00";"24.612,93";"26.393,00";"30.846,15"
"03356003";"Hambergen";"Gemeinden";"21.272,61";"23.014,63";"25.252,40";"29.066,24"
"03356004";"Holste";"Gemeinden";"19.156,83";"21.513,85";"23.627,13";"27.494,94"
"03356005";"Lilienthal";"Gemeinden";"24.713,52";"26.788,25";"28.186,96";"32.478,86"
"03356006";"Lübberstedt";"Gemeinden";"18.647,45";"21.042,36";"23.519,68";"26.954,16"
"03356007";"Osterholz-Scharmbeck, Stadt";"Gemeinden";"21.436,23";"23.426,16";"25.350,41";"29.084,45"
"03356008";"Ritterhude";"Gemeinden";"24.892,50";"26.797,01";"28.280,38";"32.573,23"
"03356009";"Schwanewede";"Gemeinden";"23.102,49";"25.211,93";"26.981,14";"31.160,92"
"03356010";"Vollersode";"Gemeinden";"18.996,81";"21.514,62";"23.501,17";"27.297,71"
"03356011";"Worpswede";"Gemeinden";"23.366,38";"26.346,18";"27.926,33";"32.144,13"
"03357001";"Ahausen";"Gemeinden";"23.166,05";"25.909,33";"27.576,27";"32.254,52"
"03357002";"Alfstedt";"Gemeinden";"20.608,61";"23.127,08";"25.116,89";"29.261,27"
"03357003";"Anderlingen";"Gemeinden";"18.671,97";"20.963,93";"23.226,08";"27.612,26"
"03357004";"Basdahl";"Gemeinden";"18.943,84";"21.346,07";"23.419,81";"27.467,02"
"03357005";"Bötersen";"Gemeinden";"20.723,25";"23.657,63";"26.810,60";"30.924,63"
"03357006";"Bothel";"Gemeinden";"21.558,73";"23.412,50";"25.344,43";"29.323,84"
"03357007";"Breddorf";"Gemeinden";"22.594,35";"25.158,72";"27.113,28";"31.831,90"
"03357008";"Bremervörde, Stadt";"Gemeinden";"21.525,44";"23.415,21";"24.910,04";"28.809,44"
"03357009";"Brockel";"Gemeinden";"21.065,06";"23.645,41";"26.487,69";"31.021,60"
"03357010";"Bülstedt";"Gemeinden";"21.931,51";"24.237,82";"25.670,97";"29.346,47"
"03357011";"Deinstedt";"Gemeinden";"20.718,92";"23.034,70";"24.716,55";"28.878,05"
"03357012";"Ebersdorf";"Gemeinden";"18.833,65";"21.262,74";"23.446,07";"27.421,60"
"03357013";"Elsdorf";"Gemeinden";"22.393,24";"24.538,13";"25.834,07";"30.299,51"
"03357014";"Farven";"Gemeinden";"21.767,86";"23.821,44";"26.413,10";"31.674,68"
"03357015";"Fintel";"Gemeinden";"21.684,22";"23.563,45";"25.649,16";"29.446,72"
"03357016";"Gnarrenburg";"Gemeinden";"20.404,65";"22.579,98";"24.766,54";"28.590,58"
"03357017";"Groß Meckelsen";"Gemeinden";"21.568,71";"23.906,11";"25.558,27";"29.651,75"
"03357018";"Gyhum";"Gemeinden";"21.209,95";"23.550,23";"25.149,90";"29.261,46"
"03357019";"Hamersen";"Gemeinden";"23.587,07";"25.875,06";"27.703,67";"33.441,51"
"03357020";"Hassendorf";"Gemeinden";"19.658,46";"22.670,23";"24.943,58";"28.448,23"
"03357021";"Heeslingen";"Gemeinden";"22.718,67";"25.239,89";"26.875,61";"30.743,10"
"03357022";"Hellwege";"Gemeinden";"24.645,72";"26.780,73";"29.731,65";"34.794,05"
"03357023";"Helvesiek";"Gemeinden";"20.175,08";"22.827,61";"24.590,97";"28.861,32"
"03357024";"Hemsbünde";"Gemeinden";"22.689,87";"25.785,85";"27.753,67";"32.328,33"
"03357025";"Hemslingen";"Gemeinden";"19.705,41";"22.347,90";"23.809,85";"27.660,75"
"03357026";"Hepstedt";"Gemeinden";"19.911,92";"22.804,33";"24.889,48";"28.896,60"
"03357027";"Hipstedt";"Gemeinden";"20.483,01";"22.184,32";"24.276,17";"27.992,41"
"03357028";"Horstedt";"Gemeinden";"19.280,83";"21.676,00";"23.863,19";"27.701,11"
"03357029";"Kalbe";"Gemeinden";"21.282,76";"23.320,58";"25.861,83";"30.059,09"
"03357030";"Kirchtimke";"Gemeinden";"20.197,94";"22.710,91";"23.861,10";"27.499,37"
"03357031";"Kirchwalsede";"Gemeinden";"21.734,56";"23.994,00";"26.610,74";"31.094,31"
"03357032";"Klein Meckelsen";"Gemeinden";"19.831,18";"22.694,57";"25.018,49";"29.165,08"
"03357033";"Lauenbrück";"Gemeinden";"21.479,38";"23.756,69";"26.380,96";"30.788,51"
"03357034";"Lengenbostel";"Gemeinden";"22.543,16";"25.004,02";"26.633,12";"30.848,46"
"03357035";"Oerel";"Gemeinden";"21.065,75";"22.627,97";"24.674,94";"28.203,68"
"03357036";"Ostereistedt";"Gemeinden";"20.678,42";"22.886,17";"25.741,95";"29.380,61"
"03357037";"Reeßum";"Gemeinden";"20.884,30";"23.379,37";"25.469,52";"30.131,54"
"03357038";"Rhade";"Gemeinden";"20.708,71";"22.785,32";"24.921,06";"28.911,46"
"03357039";"Rotenburg (Wümme), Stadt";"Gemeinden";"20.772,88";"23.227,09";"25.193,36";"29.243,80"
"03357040";"Sandbostel";"Gemeinden";"20.303,76";"21.902,62";"23.683,16";"28.247,66"
"03357041";"Scheeßel";"Gemeinden";"22.517,76";"24.372,95";"26.508,29";"30.617,69"
"03357042";"Seedorf";"Gemeinden";"21.357,85";"22.775,08";"23.597,29";"27.121,20"
"03357043";"Selsingen";"Gemeinden";"20.809,82";"23.307,96";"24.879,92";"28.527,18"
"03357044";"Sittensen";"Gemeinden";"23.446,70";"25.617,13";"27.748,30";"32.111,22"
"03357045";"Sottrum";"Gemeinden";"22.045,57";"24.030,41";"25.670,39";"29.940,86"
"03357046";"Stemmen";"Gemeinden";"21.478,16";"23.994,94";"26.195,46";"30.522,55"
"03357047";"Tarmstedt";"Gemeinden";"21.216,01";"22.981,59";"25.175,32";"29.045,89"
"03357048";"Tiste";"Gemeinden";"21.009,37";"23.499,19";"25.979,71";"30.257,61"
"03357049";"Vahlde";"Gemeinden";"19.304,49";"21.616,55";"23.274,05";"27.113,76"
"03357050";"Vierden";"Gemeinden";"22.112,10";"24.628,22";"26.851,79";"30.638,20"
"03357051";"Visselhövede, Stadt";"Gemeinden";"20.256,54";"22.970,21";"25.304,24";"29.285,45"
"03357052";"Vorwerk";"Gemeinden";"19.522,69";"21.703,87";"24.067,23";"27.726,47"
"03357053";"Westertimke";"Gemeinden";"17.959,07";"20.217,39";"22.466,92";"26.200,90"
"03357054";"Westerwalsede";"Gemeinden";"21.915,74";"24.360,43";"26.410,38";"30.599,14"
"03357055";"Wilstedt";"Gemeinden";"24.164,00";"25.814,41";"28.641,02";"32.901,75"
"03357056";"Wohnste";"Gemeinden";"22.207,43";"23.393,54";"25.418,07";"29.746,58"
"03357057";"Zeven, Stadt";"Gemeinden";"20.797,46";"22.844,83";"24.472,61";"28.121,89"
"03358001";"Ahlden (Aller), Flecken";"Gemeinden";"21.973,04";"23.292,20";"24.967,86";"28.928,80"
"03358002";"Bispingen";"Gemeinden";"21.945,72";"23.979,04";"26.044,35";"30.168,31"
"03358003";"Böhme";"Gemeinden";"18.675,02";"21.074,17";"23.602,79";"27.875,81"
"03358005";"Buchholz (Aller)";"Gemeinden";"21.463,48";"24.015,37";"26.229,81";"29.954,54"
"03358006";"Eickeloh";"Gemeinden";"20.776,58";"23.220,56";"24.683,08";"28.712,15"
"03358007";"Essel";"Gemeinden";"21.386,37";"24.022,09";"26.643,52";"30.781,85"
"03358008";"Bad Fallingbostel, Stadt";"Gemeinden";"20.704,33";"22.391,61";"23.623,90";"27.366,98"
"03358009";"Frankenfeld";"Gemeinden";"17.218,21";"19.798,03";"21.891,60";"25.392,19"
"03358010";"Gilten";"Gemeinden";"21.084,96";"23.809,56";"26.575,31";"30.627,95"
"03358011";"Grethem";"Gemeinden";"21.539,61";"23.701,55";"25.541,21";"29.332,75"
"03358012";"Hademstorf";"Gemeinden";"21.278,89";"23.137,54";"24.079,45";"28.490,43"
"03358013";"Häuslingen";"Gemeinden";"18.261,77";"20.639,38";"22.737,62";"26.211,73"
"03358014";"Hodenhagen";"Gemeinden";"19.828,18";"21.662,54";"22.810,25";"26.722,89"
"03358015";"Lindwedel";"Gemeinden";"22.337,73";"25.156,24";"26.817,21";"31.311,04"
"03358016";"Munster, Stadt";"Gemeinden";"18.579,85";"20.988,00";"22.728,70";"26.337,10"
"03358017";"Neuenkirchen";"Gemeinden";"21.167,75";"23.544,48";"25.383,06";"29.352,10"
"03358018";"Rethem (Aller), Stadt";"Gemeinden";"20.744,18";"22.186,38";"24.410,28";"28.138,37"
"03358019";"Schneverdingen, Stadt";"Gemeinden";"21.699,76";"23.815,15";"25.108,39";"29.216,23"
"03358020";"Schwarmstedt";"Gemeinden";"21.933,81";"24.333,03";"25.806,33";"29.578,48"
"03358021";"Soltau, Stadt";"Gemeinden";"21.655,85";"23.345,07";"24.875,02";"28.700,15"
"03358023";"Wietzendorf";"Gemeinden";"20.947,20";"23.302,03";"25.523,49";"29.490,48"
"03358024";"Walsrode, Stadt";"Gemeinden";"20.484,30";"22.500,21";"24.515,61";"28.224,91"
"03358501";"Osterheide, gemfr. Bezirk";"Gemeinden";"16.640,92";"17.784,03";"18.245,51";"21.067,22"
"03359001";"Agathenburg";"Gemeinden";"25.763,40";"27.603,52";"28.709,44";"33.418,56"
"03359002";"Ahlerstedt";"Gemeinden";"22.340,29";"24.691,66";"27.245,32";"31.501,27"
"03359003";"Apensen";"Gemeinden";"26.797,95";"29.221,79";"31.076,45";"35.916,43"
"03359004";"Balje";"Gemeinden";"22.458,66";"24.792,66";"27.101,61";"31.366,63"
"03359005";"Bargstedt";"Gemeinden";"21.326,71";"24.360,65";"27.347,59";"31.737,55"
"03359006";"Beckdorf";"Gemeinden";"25.186,61";"27.162,80";"28.183,69";"32.662,14"
"03359007";"Bliedersdorf";"Gemeinden";"23.959,99";"25.791,73";"27.584,00";"32.454,57"
"03359008";"Brest";"Gemeinden";"20.575,63";"23.386,85";"25.683,30";"29.880,15"
"03359009";"Burweg";"Gemeinden";"20.763,89";"23.383,01";"25.685,84";"29.927,76"
"03359010";"Buxtehude, Hansestadt";"Gemeinden";"24.393,81";"26.169,77";"27.200,28";"31.495,14"
"03359011";"Deinste";"Gemeinden";"20.636,58";"23.505,38";"26.039,01";"30.197,30"
"03359012";"Dollern";"Gemeinden";"27.166,51";"29.524,71";"31.195,51";"36.249,64"
"03359013";"Drochtersen";"Gemeinden";"20.787,78";"23.262,55";"25.158,65";"29.082,93"
"03359014";"Düdenbüttel";"Gemeinden";"23.687,96";"25.422,02";"27.193,39";"31.365,91"
"03359015";"Engelschoff";"Gemeinden";"20.588,62";"22.656,89";"24.656,16";"28.928,65"
"03359016";"Estorf";"Gemeinden";"24.007,12";"27.109,94";"28.458,15";"33.056,15"
"03359017";"Fredenbeck";"Gemeinden";"23.628,46";"26.222,94";"27.914,15";"32.174,47"
"03359018";"Freiburg (Elbe), Flecken";"Gemeinden";"21.320,90";"23.875,93";"26.205,45";"30.238,88"
"03359019";"Großenwörden";"Gemeinden";"20.059,07";"22.357,80";"24.728,54";"28.764,73"
"03359020";"Grünendeich";"Gemeinden";"28.558,63";"30.084,56";"30.689,26";"35.664,58"
"03359021";"Guderhandviertel";"Gemeinden";"24.643,67";"26.563,03";"28.801,23";"33.436,84"
"03359022";"Hammah";"Gemeinden";"21.841,76";"24.138,75";"26.173,82";"30.300,12"
"03359023";"Harsefeld, Flecken";"Gemeinden";"23.781,24";"25.823,59";"27.574,78";"31.855,43"
"03359024";"Heinbockel";"Gemeinden";"20.909,91";"23.312,21";"25.290,77";"29.275,38"
"03359025";"Himmelpforten";"Gemeinden";"22.430,29";"24.271,58";"25.947,49";"29.974,92"
"03359026";"Hollern-Twielenfleth";"Gemeinden";"25.146,88";"26.991,95";"28.358,30";"32.979,86"
"03359027";"Horneburg, Flecken";"Gemeinden";"23.440,77";"25.368,77";"26.730,43";"31.077,57"
"03359028";"Jork";"Gemeinden";"27.344,93";"29.100,79";"29.845,00";"34.842,75"
"03359029";"Kranenburg";"Gemeinden";"21.830,34";"24.406,79";"26.721,26";"30.828,49"
"03359030";"Krummendeich";"Gemeinden";"20.869,57";"24.080,63";"26.127,75";"31.003,10"
"03359031";"Kutenholz";"Gemeinden";"20.395,81";"22.965,08";"25.065,15";"29.081,88"
"03359032";"Mittelnkirchen";"Gemeinden";"24.544,34";"26.792,57";"27.814,69";"32.708,50"
"03359033";"Neuenkirchen";"Gemeinden";"22.851,61";"25.511,61";"26.522,04";"30.543,95"
"03359034";"Nottensdorf";"Gemeinden";"24.110,27";"26.634,24";"29.256,72";"33.947,38"
"03359035";"Oederquart";"Gemeinden";"20.279,73";"22.838,83";"25.102,65";"28.779,41"
"03359036";"Oldendorf";"Gemeinden";"21.771,01";"24.276,57";"26.047,57";"30.282,86"
"03359037";"Sauensiek";"Gemeinden";"23.138,49";"25.863,48";"27.143,20";"31.845,90"
"03359038";"Stade, Hansestadt";"Gemeinden";"22.695,42";"24.476,31";"25.899,73";"29.974,61"
"03359039";"Steinkirchen";"Gemeinden";"26.486,66";"28.531,17";"29.831,54";"34.514,72"
"03359040";"Wischhafen";"Gemeinden";"22.075,11";"23.924,98";"24.982,94";"29.057,13"
"03360001";"Altenmedingen";"Gemeinden";"21.075,55";"23.502,12";"25.851,20";"30.044,70"
"03360002";"Bad Bevensen, Stadt";"Gemeinden";"22.573,38";"24.342,79";"25.693,19";"29.801,07"
"03360003";"Barum";"Gemeinden";"20.672,04";"23.071,86";"25.273,50";"29.010,93"
"03360004";"Bienenbüttel";"Gemeinden";"21.952,15";"24.834,07";"26.389,81";"30.423,38"
"03360005";"Bad Bodenteich, Flecken";"Gemeinden";"20.587,97";"23.179,06";"25.005,14";"29.067,73"
"03360006";"Ebstorf,Klosterflecken";"Gemeinden";"20.996,28";"23.519,34";"25.198,84";"29.049,89"
"03360007";"Eimke";"Gemeinden";"20.968,88";"23.691,40";"26.623,58";"30.701,96"
"03360008";"Emmendorf";"Gemeinden";"19.705,48";"22.359,19";"24.280,59";"27.981,40"
"03360009";"Gerdau";"Gemeinden";"21.227,82";"24.196,28";"26.525,26";"30.785,82"
"03360010";"Hanstedt";"Gemeinden";"21.185,32";"24.347,85";"26.243,02";"30.547,32"
"03360011";"Himbergen";"Gemeinden";"20.481,56";"22.726,38";"25.318,69";"29.086,23"
"03360012";"Jelmstorf";"Gemeinden";"21.061,87";"22.822,41";"23.887,05";"27.957,74"
"03360013";"Lüder";"Gemeinden";"20.581,12";"23.010,72";"24.258,95";"28.401,47"
"03360014";"Natendorf";"Gemeinden";"23.311,28";"25.894,20";"27.997,14";"32.577,97"
"03360015";"Oetzen";"Gemeinden";"19.568,12";"21.927,96";"23.812,96";"27.561,66"
"03360016";"Rätzlingen";"Gemeinden";"18.211,01";"20.486,40";"23.090,52";"27.295,17"
"03360017";"Römstedt";"Gemeinden";"20.724,65";"23.399,84";"25.650,73";"29.613,74"
"03360018";"Rosche";"Gemeinden";"20.781,73";"23.327,77";"25.168,46";"28.744,52"
"03360019";"Schwienau";"Gemeinden";"19.577,78";"22.312,76";"24.290,98";"28.494,44"
"03360020";"Soltendieck";"Gemeinden";"19.406,23";"21.719,20";"24.235,85";"28.057,81"
"03360022";"Stoetze";"Gemeinden";"19.793,74";"22.470,67";"23.967,22";"27.738,16"
"03360023";"Suderburg";"Gemeinden";"21.315,80";"23.225,83";"24.481,36";"27.902,40"
"03360024";"Suhlendorf";"Gemeinden";"20.389,73";"23.387,31";"25.587,66";"29.358,73"
"03360025";"Uelzen, Hansestadt";"Gemeinden";"20.484,05";"22.593,60";"24.266,73";"27.926,18"
"03360026";"Weste";"Gemeinden";"19.705,20";"21.863,85";"24.394,59";"28.403,45"
"03360029";"Wriedel";"Gemeinden";"20.870,20";"23.149,79";"25.341,60";"29.373,88"
"03360030";"Wrestedt";"Gemeinden";"21.171,24";"23.711,16";"25.333,94";"29.369,76"
"03361001";"Achim, Stadt";"Gemeinden";"23.875,57";"25.909,39";"27.270,23";"31.574,16"
"03361002";"Blender";"Gemeinden";"21.059,25";"23.939,76";"25.980,68";"30.711,11"
"03361003";"Dörverden";"Gemeinden";"19.930,26";"22.282,89";"24.466,42";"28.066,55"
"03361004";"Emtinghausen";"Gemeinden";"20.634,90";"23.130,30";"25.598,47";"29.605,63"
"03361005";"Kirchlinteln";"Gemeinden";"22.389,85";"25.222,85";"27.320,47";"31.587,25"
"03361006";"Langwedel, Flecken";"Gemeinden";"22.085,88";"24.506,20";"26.825,80";"30.894,44"
"03361008";"Ottersberg, Flecken";"Gemeinden";"22.675,35";"24.681,00";"25.810,13";"30.096,96"
"03361009";"Oyten";"Gemeinden";"23.554,55";"25.572,77";"27.340,05";"31.569,95"
"03361010";"Riede";"Gemeinden";"21.777,92";"24.436,85";"26.507,43";"31.611,52"
"03361012";"Verden (Aller), Stadt";"Gemeinden";"23.484,52";"26.390,53";"28.238,57";"32.585,16"
"03361013";"Thedinghausen";"Gemeinden";"22.903,48";"25.374,58";"26.637,59";"31.231,85"
"03401000";"Delmenhorst, Stadt";"Gemeinden";"19.922,09";"21.667,02";"23.189,33";"26.968,13"
"03402000";"Emden, Stadt";"Gemeinden";"19.890,31";"21.998,23";"23.410,31";"27.218,43"
"03403000";"Oldenburg (Oldenburg), Stadt";"Gemeinden";"21.467,16";"23.627,92";"25.124,98";"29.137,26"
"03404000";"Osnabrück, Stadt";"Gemeinden";"21.411,13";"23.380,98";"24.777,55";"28.588,45"
"03405000";"Wilhelmshaven, Stadt";"Gemeinden";"20.356,01";"21.968,76";"23.527,88";"27.254,64"
"03451001";"Apen";"Gemeinden";"20.014,57";"21.952,26";"23.989,16";"27.961,84"
"03451002";"Bad Zwischenahn";"Gemeinden";"24.904,21";"26.902,28";"28.092,00";"32.532,91"
"03451004";"Edewecht";"Gemeinden";"22.007,95";"24.224,39";"25.869,26";"29.779,04"
"03451005";"Rastede";"Gemeinden";"22.482,32";"24.922,37";"27.306,85";"31.873,34"
"03451007";"Westerstede, Stadt";"Gemeinden";"21.634,28";"23.477,71";"25.103,76";"29.086,02"
"03451008";"Wiefelstede";"Gemeinden";"22.288,56";"24.532,47";"26.612,42";"31.056,66"
"03452001";"Aurich, Stadt";"Gemeinden";"21.327,54";"23.351,55";"24.771,98";"28.579,73"
"03452002";"Baltrum";"Gemeinden";"23.202,31";"25.343,54";"26.110,22";"30.328,41"
"03452003";"Berumbur";"Gemeinden";"18.276,85";"20.991,49";"23.246,37";"27.070,43"
"03452006";"Großefehn";"Gemeinden";"19.239,31";"21.546,02";"23.786,60";"27.768,57"
"03452007";"Großheide";"Gemeinden";"16.667,13";"19.120,12";"21.152,22";"24.570,75"
"03452008";"Hage, Flecken";"Gemeinden";"20.099,85";"22.626,20";"24.667,61";"28.681,26"
"03452009";"Hagermarsch";"Gemeinden";"16.625,72";"18.948,28";"21.154,68";"24.771,99"
"03452010";"Halbemond";"Gemeinden";"16.205,20";"18.645,37";"20.811,30";"24.443,47"
"03452011";"Hinte";"Gemeinden";"20.381,98";"23.040,00";"25.100,09";"28.876,30"
"03452012";"Ihlow";"Gemeinden";"19.958,42";"22.615,04";"24.803,53";"28.540,02"
"03452013";"Juist, Inselgemeinde";"Gemeinden";"19.359,22";"21.340,74";"22.367,07";"26.301,47"
"03452014";"Krummhörn";"Gemeinden";"19.686,37";"22.151,39";"24.366,95";"27.908,57"
"03452015";"Leezdorf";"Gemeinden";"15.769,96";"18.361,63";"20.351,23";"23.553,63"
"03452016";"Lütetsburg";"Gemeinden";"21.450,73";"24.842,03";"26.393,67";"30.601,25"
"03452017";"Marienhafe, Flecken";"Gemeinden";"19.746,77";"21.629,86";"23.528,15";"27.201,43"
"03452019";"Norden, Stadt";"Gemeinden";"19.905,68";"22.392,11";"24.291,85";"28.211,66"
"03452020";"Norderney, Stadt";"Gemeinden";"20.838,24";"23.159,14";"25.169,08";"29.433,47"
"03452021";"Osteel";"Gemeinden";"17.101,14";"19.216,93";"21.214,60";"24.452,88"
"03452022";"Rechtsupweg";"Gemeinden";"17.350,07";"19.745,81";"21.540,58";"24.742,89"
"03452023";"Südbrookmerland";"Gemeinden";"17.308,03";"19.658,70";"21.696,99";"25.068,93"
"03452024";"Upgant-Schott";"Gemeinden";"16.883,16";"19.284,06";"21.369,17";"24.641,56"
"03452025";"Wiesmoor, Stadt";"Gemeinden";"19.257,96";"21.833,18";"24.102,82";"28.076,32"
"03452026";"Wirdum";"Gemeinden";"18.753,48";"20.935,91";"22.812,91";"26.478,01"
"03452027";"Dornum";"Gemeinden";"17.875,53";"20.659,75";"22.562,17";"26.130,15"
"03452501";"Nordseeinsel Memmert, gemfr. Gebiet";"Gemeinden";;;;
"03453001";"Barßel";"Gemeinden";"17.697,69";"20.285,36";"22.386,78";"26.065,86"
"03453002";"Bösel";"Gemeinden";"18.608,76";"20.936,45";"22.561,16";"26.314,19"
"03453003";"Cappeln (Oldenburg)";"Gemeinden";"20.180,33";"23.080,25";"24.963,90";"28.954,05"
"03453004";"Cloppenburg, Stadt";"Gemeinden";"19.745,66";"21.955,94";"23.364,58";"27.050,85"
"03453005";"Emstek";"Gemeinden";"19.750,48";"21.858,85";"22.947,03";"26.493,01"
"03453006";"Essen (Oldenburg)";"Gemeinden";"19.165,47";"21.126,15";"22.830,75";"26.600,72"
"03453007";"Friesoythe, Stadt";"Gemeinden";"19.507,31";"21.903,72";"23.535,80";"27.412,29"
"03453008";"Garrel";"Gemeinden";"19.676,11";"22.253,44";"24.113,90";"27.971,79"
"03453009";"Lastrup";"Gemeinden";"20.514,60";"23.325,99";"24.380,16";"28.562,45"
"03453010";"Lindern (Oldenburg)";"Gemeinden";"19.507,82";"21.611,89";"23.592,94";"27.215,23"
"03453011";"Löningen, Stadt";"Gemeinden";"20.388,34";"22.886,75";"24.379,19";"28.298,70"
"03453012";"Molbergen";"Gemeinden";"17.091,37";"19.322,32";"21.457,60";"25.024,64"
"03453013";"Saterland";"Gemeinden";"17.745,22";"20.049,49";"21.936,81";"25.439,76"
"03454001";"Andervenne";"Gemeinden";"15.708,03";"17.818,98";"19.825,06";"22.961,66"
"03454002";"Bawinkel";"Gemeinden";"21.798,38";"24.592,03";"26.805,90";"31.976,50"
"03454003";"Beesten";"Gemeinden";"19.817,75";"22.260,24";"24.566,35";"28.373,57"
"03454004";"Bockhorst";"Gemeinden";"16.998,01";"19.236,29";"21.529,77";"24.926,52"
"03454005";"Börger";"Gemeinden";"18.453,14";"20.952,51";"23.499,40";"27.313,60"
"03454006";"Breddenberg";"Gemeinden";"14.988,85";"17.174,51";"19.359,78";"22.707,83"
"03454007";"Dersum";"Gemeinden";"19.449,28";"21.778,88";"23.256,83";"27.217,17"
"03454008";"Dörpen";"Gemeinden";"18.853,60";"20.988,22";"23.057,75";"26.600,76"
"03454009";"Dohren";"Gemeinden";"18.214,31";"20.591,85";"22.792,71";"26.219,30"
"03454010";"Emsbüren";"Gemeinden";"20.951,40";"23.497,08";"25.778,56";"29.787,38"
"03454011";"Esterwegen";"Gemeinden";"15.998,29";"18.096,28";"19.808,96";"22.755,71"
"03454012";"Freren, Stadt";"Gemeinden";"19.284,44";"21.795,28";"23.670,76";"27.177,14"
"03454013";"Fresenburg";"Gemeinden";"18.448,21";"21.557,03";"24.005,26";"27.979,80"
"03454014";"Geeste";"Gemeinden";"20.017,12";"22.636,18";"24.822,74";"28.818,25"
"03454015";"Gersten";"Gemeinden";"20.317,17";"23.086,24";"25.011,19";"28.908,67"
"03454016";"Groß Berßen";"Gemeinden";"19.756,82";"22.730,67";"25.000,64";"29.410,24"
"03454017";"Handrup";"Gemeinden";"18.259,94";"21.056,68";"23.586,65";"28.017,10"
"03454018";"Haren (Ems), Stadt";"Gemeinden";"20.233,92";"22.554,28";"24.752,67";"28.378,23"
"03454019";"Haselünne, Stadt";"Gemeinden";"20.760,94";"23.581,43";"25.688,06";"29.455,52"
"03454020";"Heede";"Gemeinden";"18.759,43";"20.885,43";"22.729,77";"26.218,81"
"03454021";"Herzlake";"Gemeinden";"19.126,22";"21.362,69";"23.521,56";"27.370,67"
"03454022";"Hilkenbrook";"Gemeinden";"16.881,85";"18.993,57";"21.077,63";"24.637,33"
"03454023";"Hüven";"Gemeinden";"21.125,93";"23.498,61";"25.664,69";"30.017,37"
"03454024";"Klein Berßen";"Gemeinden";"19.124,82";"21.378,13";"23.713,13";"27.607,40"
"03454025";"Kluse";"Gemeinden";"21.301,86";"24.185,15";"26.474,19";"30.430,15"
"03454026";"Lähden";"Gemeinden";"18.799,91";"21.158,41";"23.477,17";"27.116,47"
"03454027";"Lahn";"Gemeinden";"17.832,54";"20.257,87";"22.534,19";"26.260,24"
"03454028";"Langen";"Gemeinden";"20.905,97";"23.286,84";"25.680,24";"29.819,60"
"03454029";"Lathen";"Gemeinden";"18.522,95";"20.997,60";"22.922,20";"26.728,08"
"03454030";"Lehe";"Gemeinden";"19.702,64";"22.400,77";"24.975,93";"28.665,37"
"03454031";"Lengerich";"Gemeinden";"21.213,00";"23.670,40";"25.813,75";"30.611,47"
"03454032";"Lingen (Ems), Stadt";"Gemeinden";"21.910,05";"24.247,57";"25.857,45";"29.883,85"
"03454033";"Lorup";"Gemeinden";"18.569,14";"20.937,83";"23.529,61";"27.177,46"
"03454034";"Lünne";"Gemeinden";"19.853,13";"23.023,64";"25.485,58";"29.938,76"
"03454035";"Meppen, Stadt";"Gemeinden";"22.016,39";"24.679,87";"26.085,22";"30.049,24"
"03454036";"Messingen";"Gemeinden";"19.526,87";"22.104,78";"24.663,89";"28.855,87"
"03454037";"Neubörger";"Gemeinden";"19.864,52";"22.134,09";"23.305,42";"27.217,26"
"03454038";"Neulehe";"Gemeinden";"19.780,90";"22.488,04";"24.819,76";"28.986,73"
"03454039";"Niederlangen";"Gemeinden";"20.680,38";"23.304,20";"24.477,41";"28.736,03"
"03454040";"Oberlangen";"Gemeinden";"19.343,50";"21.279,90";"23.003,84";"26.784,47"
"03454041";"Papenburg, Stadt";"Gemeinden";"19.721,78";"21.784,76";"23.752,03";"27.276,60"
"03454042";"Rastdorf";"Gemeinden";"18.622,73";"20.841,01";"23.814,73";"27.683,97"
"03454043";"Renkenberge";"Gemeinden";"16.889,80";"18.951,31";"20.641,19";"24.389,87"
"03454044";"Rhede (Ems)";"Gemeinden";"18.069,09";"20.644,06";"22.928,57";"27.289,57"
"03454045";"Salzbergen";"Gemeinden";"22.147,99";"24.004,24";"25.053,58";"28.753,98"
"03454046";"Schapen";"Gemeinden";"19.400,59";"22.214,69";"24.562,40";"28.729,58"
"03454047";"Sögel";"Gemeinden";"18.481,98";"20.382,64";"22.138,80";"25.350,50"
"03454048";"Spahnharrenstätte";"Gemeinden";"19.350,83";"21.883,89";"24.478,06";"28.562,42"
"03454049";"Spelle";"Gemeinden";"20.483,96";"22.687,30";"24.893,52";"28.835,33"
"03454050";"Stavern";"Gemeinden";"19.436,92";"21.661,88";"24.289,72";"28.644,35"
"03454051";"Surwold";"Gemeinden";"17.955,19";"20.410,00";"22.482,35";"26.025,89"
"03454052";"Sustrum";"Gemeinden";"17.101,44";"19.717,02";"22.013,07";"25.555,63"
"03454053";"Thuine";"Gemeinden";"19.092,39";"21.598,09";"24.343,68";"28.167,99"
"03454054";"Twist";"Gemeinden";"18.459,44";"20.547,80";"22.516,77";"26.048,68"
"03454055";"Vrees";"Gemeinden";"19.746,04";"22.603,38";"25.253,59";"29.112,95"
"03454056";"Walchum";"Gemeinden";"20.206,63";"22.545,00";"24.670,74";"29.594,84"
"03454057";"Werlte, Stadt";"Gemeinden";"18.056,34";"20.616,82";"22.899,32";"26.203,60"
"03454058";"Werpeloh";"Gemeinden";"19.460,98";"22.182,22";"24.285,75";"28.143,68"
"03454059";"Wettrup";"Gemeinden";"18.415,50";"20.770,05";"22.701,46";"26.557,31"
"03454060";"Wippingen";"Gemeinden";"18.838,47";"21.201,41";"23.843,59";"27.752,34"
"03455007";"Jever, Stadt";"Gemeinden";"22.293,48";"24.816,51";"26.726,45";"30.800,43"
"03455014";"Sande";"Gemeinden";"20.487,02";"22.871,62";"24.652,17";"28.355,55"
"03455015";"Schortens, Stadt";"Gemeinden";"21.207,04";"23.096,65";"25.258,45";"29.170,95"
"03455020";"Wangerland";"Gemeinden";"20.277,44";"22.994,14";"25.293,07";"29.310,84"
"03455021";"Wangerooge, Nordseebad";"Gemeinden";"25.760,12";"27.314,26";"28.259,38";"32.114,51"
"03455025";"Bockhorn";"Gemeinden";"19.801,42";"22.305,81";"24.667,25";"28.496,85"
"03455026";"Varel, Stadt";"Gemeinden";"21.164,99";"23.568,01";"25.650,61";"29.724,07"
"03455027";"Zetel";"Gemeinden";"20.251,93";"22.589,47";"24.082,09";"27.836,92"
"03456001";"Bad Bentheim, Stadt";"Gemeinden";"21.009,97";"22.705,75";"24.211,53";"27.991,48"
"03456002";"Emlichheim";"Gemeinden";"18.991,85";"21.258,06";"23.174,11";"26.830,43"
"03456003";"Engden";"Gemeinden";"16.165,83";"19.140,31";"21.903,33";"25.291,61"
"03456004";"Esche";"Gemeinden";"18.590,20";"21.424,44";"23.562,17";"27.668,02"
"03456005";"Georgsdorf";"Gemeinden";"18.083,30";"20.297,37";"22.447,58";"25.617,35"
"03456006";"Getelo";"Gemeinden";"14.576,39";"16.913,75";"19.270,67";"22.366,03"
"03456007";"Gölenkamp";"Gemeinden";"19.474,21";"22.622,91";"25.028,07";"28.612,32"
"03456008";"Halle";"Gemeinden";"18.637,31";"21.041,59";"23.408,74";"27.317,04"
"03456009";"Hoogstede";"Gemeinden";"18.226,56";"20.494,45";"22.812,33";"26.062,19"
"03456010";"Isterberg";"Gemeinden";"19.163,32";"21.403,02";"24.012,96";"27.602,92"
"03456011";"Itterbeck";"Gemeinden";"17.327,00";"19.812,36";"22.251,46";"25.612,86"
"03456012";"Laar";"Gemeinden";"15.378,43";"17.448,66";"19.445,72";"22.539,42"
"03456013";"Lage";"Gemeinden";"18.091,57";"20.055,84";"22.130,33";"26.017,79"
"03456014";"Neuenhaus, Stadt";"Gemeinden";"20.431,66";"23.009,08";"25.288,70";"29.515,73"
"03456015";"Nordhorn, Stadt";"Gemeinden";"19.591,84";"22.094,92";"24.223,11";"27.871,02"
"03456016";"Ohne";"Gemeinden";"18.680,10";"20.899,04";"22.669,60";"27.183,50"
"03456017";"Osterwald";"Gemeinden";"18.847,65";"21.488,98";"24.075,92";"28.120,25"
"03456018";"Quendorf";"Gemeinden";"17.054,60";"19.229,19";"21.797,05";"25.138,83"
"03456019";"Ringe";"Gemeinden";"16.724,69";"19.536,78";"21.815,41";"25.416,61"
"03456020";"Samern";"Gemeinden";"17.177,80";"19.746,22";"22.211,31";"26.017,44"
"03456023";"Uelsen";"Gemeinden";"18.826,26";"21.242,46";"23.446,47";"26.948,70"
"03456024";"Wielen";"Gemeinden";"15.918,66";"18.189,71";"20.150,38";"23.355,42"
"03456025";"Wietmarschen";"Gemeinden";"20.443,00";"22.921,66";"25.536,98";"29.570,45"
"03456026";"Wilsum";"Gemeinden";"18.081,90";"20.215,44";"22.640,72";"26.514,72"
"03456027";"Schüttorf, Stadt";"Gemeinden";"19.882,64";"22.261,33";"23.818,44";"27.498,64"
"03457002";"Borkum, Stadt";"Gemeinden";"20.450,60";"22.102,61";"24.224,97";"27.878,19"
"03457003";"Brinkum";"Gemeinden";"19.603,90";"22.182,79";"24.373,39";"28.320,96"
"03457006";"Detern, Flecken";"Gemeinden";"18.167,00";"20.573,70";"22.987,37";"26.544,19"
"03457008";"Filsum";"Gemeinden";"18.280,57";"20.401,78";"22.798,07";"26.766,91"
"03457009";"Firrel";"Gemeinden";"16.924,53";"19.363,62";"21.394,64";"25.041,65"
"03457010";"Hesel";"Gemeinden";"21.347,99";"23.175,54";"24.650,84";"28.413,32"
"03457011";"Holtland";"Gemeinden";"19.372,55";"21.776,49";"23.926,33";"27.733,73"
"03457012";"Jemgum";"Gemeinden";"20.242,88";"22.186,28";"24.126,16";"27.708,19"
"03457013";"Leer (Ostfriesland), Stadt";"Gemeinden";"22.109,59";"23.822,95";"25.477,24";"29.387,97"
"03457014";"Moormerland";"Gemeinden";"19.387,06";"21.321,05";"23.317,70";"26.950,79"
"03457015";"Neukamperfehn";"Gemeinden";"16.440,89";"18.676,33";"20.503,86";"24.156,36"
"03457016";"Nortmoor";"Gemeinden";"19.408,28";"21.988,20";"23.996,80";"27.880,43"
"03457017";"Ostrhauderfehn";"Gemeinden";"18.126,87";"20.346,22";"22.420,71";"26.055,03"
"03457018";"Rhauderfehn";"Gemeinden";"18.381,05";"20.713,74";"22.839,80";"26.440,88"
"03457019";"Schwerinsdorf";"Gemeinden";"17.714,76";"20.319,31";"21.916,69";"25.185,54"
"03457020";"Uplengen";"Gemeinden";"19.018,73";"21.298,57";"23.653,16";"27.343,61"
"03457021";"Weener, Stadt";"Gemeinden";"18.356,13";"20.378,48";"22.248,32";"25.753,01"
"03457022";"Westoverledingen";"Gemeinden";"18.353,02";"20.577,63";"22.575,62";"26.051,62"
"03457024";"Bunde";"Gemeinden";"18.550,47";"20.797,29";"22.781,86";"26.241,23"
"03457501";"Insel Lütje Hörn, gemfr. Gebiet";"Gemeinden";;;;
"03458001";"Beckeln";"Gemeinden";"22.765,07";"25.896,31";"28.011,29";"32.118,01"
"03458002";"Colnrade";"Gemeinden";"16.862,73";"20.297,01";"22.178,01";"25.730,18"
"03458003";"Dötlingen";"Gemeinden";"22.243,80";"25.650,68";"28.278,67";"32.409,63"
"03458004";"Dünsen";"Gemeinden";"20.592,55";"22.981,73";"24.611,08";"28.549,93"
"03458005";"Ganderkesee";"Gemeinden";"23.359,09";"25.933,79";"27.569,16";"31.896,19"
"03458006";"Groß Ippener";"Gemeinden";"19.979,01";"22.127,76";"24.385,01";"28.513,15"
"03458007";"Großenkneten";"Gemeinden";"19.559,46";"21.588,67";"22.815,92";"26.570,86"
"03458008";"Harpstedt, Flecken";"Gemeinden";"23.654,01";"25.669,09";"27.192,45";"31.318,48"
"03458009";"Hatten";"Gemeinden";"21.179,58";"24.090,16";"26.669,62";"30.882,80"
"03458010";"Hude (Oldb)";"Gemeinden";"21.949,63";"24.636,16";"26.486,50";"30.826,25"
"03458011";"Kirchseelte";"Gemeinden";"24.374,42";"27.521,13";"29.782,86";"34.513,25"
"03458012";"Prinzhöfte";"Gemeinden";"18.187,76";"20.635,85";"23.018,97";"27.405,51"
"03458013";"Wardenburg";"Gemeinden";"21.233,75";"24.126,47";"26.473,53";"30.714,13"
"03458014";"Wildeshausen, Stadt";"Gemeinden";"21.689,74";"24.291,68";"25.830,93";"30.018,26"
"03458015";"Winkelsett";"Gemeinden";"16.419,20";"18.630,47";"21.193,86";"24.830,54"
"03459001";"Alfhausen";"Gemeinden";"18.662,25";"20.943,77";"23.183,18";"26.576,65"
"03459002";"Ankum";"Gemeinden";"20.274,54";"22.651,75";"25.163,97";"29.066,69"
"03459003";"Bad Essen";"Gemeinden";"21.251,18";"24.390,86";"26.897,78";"31.211,21"
"03459004";"Bad Iburg, Stadt";"Gemeinden";"22.543,32";"25.309,28";"27.386,29";"31.613,24"
"03459005";"Bad Laer";"Gemeinden";"21.542,22";"23.456,94";"25.618,92";"29.472,23"
"03459006";"Bad Rothenfelde";"Gemeinden";"23.087,50";"24.710,92";"26.102,11";"30.194,98"
"03459007";"Badbergen";"Gemeinden";"19.174,94";"21.117,80";"22.966,42";"26.577,75"
"03459008";"Belm";"Gemeinden";"20.522,44";"22.690,34";"24.294,73";"28.296,12"
"03459009";"Berge";"Gemeinden";"19.129,25";"21.613,05";"23.927,73";"27.819,39"
"03459010";"Bersenbrück, Stadt";"Gemeinden";"18.984,30";"21.589,99";"23.880,51";"27.446,67"
"03459011";"Bippen";"Gemeinden";"19.487,69";"21.875,01";"23.821,63";"27.454,50"
"03459012";"Bissendorf";"Gemeinden";"23.418,67";"25.445,11";"27.842,65";"31.975,74"
"03459013";"Bohmte";"Gemeinden";"20.569,32";"22.719,68";"24.846,21";"28.529,03"
"03459014";"Bramsche, Stadt";"Gemeinden";"19.917,88";"22.389,89";"24.658,54";"28.282,18"
"03459015";"Dissen am Teutoburger Wald, Stadt";"Gemeinden";"21.199,42";"22.727,24";"23.900,55";"27.610,69"
"03459016";"Eggermühlen";"Gemeinden";"17.961,68";"20.516,94";"22.415,86";"26.193,35"
"03459017";"Fürstenau, Stadt";"Gemeinden";"18.141,26";"20.364,99";"22.482,93";"25.992,00"
"03459018";"Gehrde";"Gemeinden";"17.394,36";"19.827,80";"21.663,11";"24.850,07"
"03459019";"Georgsmarienhütte, Stadt";"Gemeinden";"21.705,48";"23.513,71";"25.738,53";"29.735,19"
"03459020";"Hagen am Teutoburger Wald";"Gemeinden";"20.936,63";"23.250,40";"25.445,75";"29.277,68"
"03459021";"Hasbergen";"Gemeinden";"23.677,34";"25.617,62";"27.402,07";"31.558,49"
"03459022";"Hilter am Teutoburger Wald";"Gemeinden";"20.549,42";"22.628,76";"24.609,07";"28.228,76"
"03459023";"Kettenkamp";"Gemeinden";"19.820,94";"22.074,72";"24.378,08";"27.900,06"
"03459024";"Melle, Stadt";"Gemeinden";"21.975,36";"24.462,22";"26.596,74";"30.459,14"
"03459025";"Menslage";"Gemeinden";"19.365,70";"21.879,56";"24.212,70";"27.831,23"
"03459026";"Merzen";"Gemeinden";"17.741,03";"20.329,30";"22.513,24";"25.803,30"
"03459027";"Neuenkirchen";"Gemeinden";"19.368,97";"22.055,97";"24.598,48";"28.435,83"
"03459028";"Nortrup";"Gemeinden";"27.184,06";"28.902,60";"29.681,99";"34.116,04"
"03459029";"Ostercappeln";"Gemeinden";"20.101,50";"22.669,51";"25.171,24";"29.008,01"
"03459030";"Quakenbrück, Stadt";"Gemeinden";"20.628,74";"23.272,06";"24.151,12";"27.964,98"
"03459031";"Rieste";"Gemeinden";"19.391,19";"21.324,81";"23.122,85";"26.577,15"
"03459032";"Voltlage";"Gemeinden";"20.484,13";"22.998,13";"25.741,61";"30.208,91"
"03459033";"Wallenhorst";"Gemeinden";"22.222,78";"24.530,37";"26.552,03";"30.535,83"
"03459034";"Glandorf";"Gemeinden";"20.337,17";"21.698,41";"22.825,58";"26.130,12"
"03460001";"Bakum";"Gemeinden";"21.956,76";"24.250,13";"26.278,89";"30.397,58"
"03460002";"Damme, Stadt";"Gemeinden";"21.854,50";"24.119,85";"26.243,53";"30.380,54"
"03460003";"Dinklage, Stadt";"Gemeinden";"21.077,74";"23.383,10";"25.738,40";"29.703,70"
"03460004";"Goldenstedt";"Gemeinden";"19.453,69";"21.873,92";"23.123,13";"26.968,67"
"03460005";"Holdorf";"Gemeinden";"19.933,76";"21.976,50";"23.462,04";"27.242,26"
"03460006";"Lohne (Oldenburg), Stadt";"Gemeinden";"21.773,42";"23.546,81";"25.564,39";"29.673,52"
"03460007";"Neuenkirchen-Vörden";"Gemeinden";"19.764,36";"21.438,38";"22.829,33";"26.613,51"
"03460008";"Steinfeld (Oldenburg)";"Gemeinden";"20.866,39";"22.401,02";"23.774,49";"27.702,00"
"03460009";"Vechta, Stadt";"Gemeinden";"21.733,22";"23.560,28";"24.941,17";"28.811,88"
"03460010";"Visbek";"Gemeinden";"21.821,28";"23.591,85";"24.906,14";"29.157,49"
"03461001";"Berne";"Gemeinden";"22.025,89";"23.920,17";"25.430,12";"29.555,65"
"03461002";"Brake (Unterweser), Stadt";"Gemeinden";"20.063,52";"22.451,02";"24.283,17";"28.182,77"
"03461003";"Butjadingen";"Gemeinden";"20.239,75";"22.806,20";"25.038,74";"29.146,08"
"03461004";"Elsfleth, Stadt";"Gemeinden";"20.061,59";"22.537,76";"24.287,52";"28.142,75"
"03461005";"Jade";"Gemeinden";"20.273,79";"22.954,48";"25.180,63";"29.309,40"
"03461006";"Lemwerder";"Gemeinden";"20.724,30";"22.509,43";"23.979,88";"27.690,52"
"03461007";"Nordenham, Stadt";"Gemeinden";"20.197,89";"22.451,43";"24.234,72";"28.231,46"
"03461008";"Ovelgönne";"Gemeinden";"20.085,84";"22.518,95";"24.597,42";"28.564,62"
"03461009";"Stadland";"Gemeinden";"20.608,00";"23.186,50";"25.497,83";"29.836,55"
"03462001";"Blomberg";"Gemeinden";"17.182,92";"19.461,62";"21.695,08";"25.193,40"
"03462002";"Dunum";"Gemeinden";"17.663,34";"19.489,56";"21.447,81";"24.849,24"
"03462003";"Esens, Stadt";"Gemeinden";"20.744,06";"23.152,49";"25.221,03";"28.901,62"
"03462004";"Eversmeer";"Gemeinden";"15.809,57";"18.019,50";"20.179,17";"23.475,10"
"03462005";"Friedeburg";"Gemeinden";"19.739,24";"22.152,98";"24.067,22";"27.854,90"
"03462006";"Holtgast";"Gemeinden";"17.397,00";"20.098,63";"22.191,54";"25.828,75"
"03462007";"Langeoog";"Gemeinden";"21.927,85";"23.825,48";"25.311,77";"28.466,92"
"03462008";"Moorweg";"Gemeinden";"16.304,52";"18.729,38";"21.028,86";"24.307,71"
"03462009";"Nenndorf";"Gemeinden";"16.303,04";"18.485,33";"20.620,60";"23.854,44"
"03462010";"Neuharlingersiel";"Gemeinden";"23.475,35";"26.488,67";"29.085,62";"33.930,16"
"03462011";"Neuschoo";"Gemeinden";"16.864,59";"18.992,84";"21.265,48";"25.232,68"
"03462012";"Ochtersum";"Gemeinden";"17.634,51";"20.087,08";"21.932,65";"25.334,45"
"03462013";"Schweindorf";"Gemeinden";"17.701,10";"20.725,87";"22.899,54";"26.513,92"
"03462014";"Spiekeroog";"Gemeinden";"23.921,67";"25.817,38";"27.495,99";"31.977,59"
"03462015";"Stedesdorf";"Gemeinden";"16.451,96";"19.091,01";"21.242,01";"24.366,84"
"03462016";"Utarp";"Gemeinden";"16.627,73";"18.541,18";"20.866,65";"24.306,43"
"03462017";"Werdum";"Gemeinden";"19.097,27";"21.759,44";"23.472,80";"27.340,62"
"03462018";"Westerholt";"Gemeinden";"19.989,29";"22.597,24";"24.819,84";"28.683,79"
"03462019";"Wittmund, Stadt";"Gemeinden";"20.052,69";"22.462,41";"24.233,07";"27.946,87"
"04011000";"Bremen, Stadt";"Gemeinden";"21.039,86";"22.914,28";"24.417,36";"28.360,78"
"04012000";"Bremerhaven, Stadt";"Gemeinden";"18.726,03";"20.742,26";"22.244,77";"25.736,53"
"05111000";"Düsseldorf, Stadt";"Gemeinden";"26.674,94";"28.741,69";"30.047,69";"34.535,10"
"05112000";"Duisburg, Stadt";"Gemeinden";"19.154,05";"21.031,96";"22.416,12";"26.129,42"
"05113000";"Essen, Stadt";"Gemeinden";"22.261,49";"24.343,17";"25.932,02";"29.980,84"
"05114000";"Krefeld, Stadt";"Gemeinden";"22.155,34";"24.233,34";"25.773,94";"29.892,37"
"05116000";"Mönchengladbach, Stadt";"Gemeinden";"21.667,61";"23.652,37";"24.955,09";"28.849,46"
"05117000";"Mülheim an der Ruhr, Stadt";"Gemeinden";"24.381,99";"26.401,59";"27.816,22";"32.359,40"
"05119000";"Oberhausen, Stadt";"Gemeinden";"20.367,03";"22.588,46";"24.132,35";"28.211,28"
"05120000";"Remscheid, Stadt";"Gemeinden";"22.839,52";"24.531,24";"25.990,12";"29.922,25"
"05122000";"Solingen, Klingenstadt";"Gemeinden";"22.415,70";"24.657,82";"26.345,37";"30.479,77"
"05124000";"Wuppertal, Stadt";"Gemeinden";"21.983,43";"23.873,88";"25.139,69";"29.038,24"
"05154004";"Bedburg-Hau";"Gemeinden";"20.877,24";"23.335,02";"25.346,25";"28.499,34"
"05154008";"Emmerich am Rhein, Stadt";"Gemeinden";"19.990,86";"21.664,20";"23.497,22";"26.619,47"
"05154012";"Geldern, Stadt";"Gemeinden";"21.505,06";"23.621,61";"25.682,52";"29.626,76"
"05154016";"Goch, Stadt";"Gemeinden";"20.191,14";"22.665,89";"24.482,96";"28.218,23"
"05154020";"Issum";"Gemeinden";"22.634,11";"24.695,00";"26.783,77";"30.849,83"
"05154024";"Kalkar, Stadt";"Gemeinden";"20.257,31";"22.856,17";"25.095,37";"29.001,72"
"05154028";"Kerken";"Gemeinden";"22.953,08";"25.452,42";"27.648,67";"31.382,17"
"05154032";"Kevelaer, Stadt";"Gemeinden";"20.794,59";"22.990,98";"25.076,87";"29.025,23"
"05154036";"Kleve, Stadt";"Gemeinden";"19.897,01";"21.667,96";"23.079,96";"26.638,81"
"05154040";"Kranenburg";"Gemeinden";"18.496,66";"20.812,12";"22.858,79";"25.824,72"
"05154044";"Rees, Stadt";"Gemeinden";"20.120,47";"22.712,14";"24.889,86";"28.955,20"
"05154048";"Rheurdt";"Gemeinden";"23.600,33";"26.353,89";"28.867,65";"33.623,34"
"05154052";"Straelen, Stadt";"Gemeinden";"20.833,34";"23.321,97";"25.088,48";"28.937,45"
"05154056";"Uedem";"Gemeinden";"20.494,97";"23.202,98";"25.452,01";"29.597,98"
"05154060";"Wachtendonk";"Gemeinden";"23.116,95";"24.619,57";"26.313,78";"30.517,79"
"05154064";"Weeze";"Gemeinden";"18.050,25";"19.757,29";"20.980,01";"23.922,78"
"05158004";"Erkrath, Fundort des Neanderthalers, Stadt";"Gemeinden";"25.299,29";"27.291,32";"28.378,97";"32.932,15"
"05158008";"Haan, Stadt";"Gemeinden";"28.312,76";"30.618,36";"31.851,78";"36.775,64"
"05158012";"Heiligenhaus, Stadt";"Gemeinden";"23.871,57";"25.831,53";"27.318,01";"31.681,84"
"05158016";"Hilden, Stadt";"Gemeinden";"24.448,00";"26.190,37";"27.377,18";"31.839,76"
"05158020";"Langenfeld (Rheinland), Stadt";"Gemeinden";"24.597,23";"26.608,88";"28.589,41";"32.883,46"
"05158024";"Mettmann, Stadt";"Gemeinden";"25.300,44";"27.474,98";"28.543,01";"33.259,52"
"05158026";"Monheim am Rhein, Stadt";"Gemeinden";"21.605,46";"23.977,04";"25.672,40";"29.057,17"
"05158028";"Ratingen, Stadt";"Gemeinden";"27.305,31";"29.313,04";"30.476,05";"35.241,00"
"05158032";"Velbert, Stadt";"Gemeinden";"22.113,33";"23.970,16";"25.563,58";"29.666,90"
"05158036";"Wülfrath, Stadt";"Gemeinden";"22.832,89";"25.194,80";"26.882,20";"31.259,51"
"05162004";"Dormagen, Stadt";"Gemeinden";"22.536,02";"24.170,58";"26.116,46";"30.501,30"
"05162008";"Grevenbroich, Stadt";"Gemeinden";"22.290,73";"24.458,47";"25.704,21";"29.825,41"
"05162012";"Jüchen, Stadt";"Gemeinden";"23.216,58";"25.261,21";"27.352,44";"31.254,94"
"05162016";"Kaarst, Stadt";"Gemeinden";"26.415,45";"28.638,16";"29.973,03";"34.811,13"
"05162020";"Korschenbroich, Stadt";"Gemeinden";"26.242,35";"28.227,45";"30.275,74";"34.600,74"
"05162022";"Meerbusch, Stadt";"Gemeinden";"31.829,58";"34.411,06";"35.809,33";"41.475,15"
"05162024";"Neuss, Stadt";"Gemeinden";"24.023,77";"26.002,48";"27.408,24";"31.513,66"
"05162028";"Rommerskirchen";"Gemeinden";"22.996,39";"25.335,59";"27.675,41";"31.685,56"
"05166004";"Brüggen, Burggemeinde";"Gemeinden";"21.628,11";"23.993,29";"26.042,47";"30.367,29"
"05166008";"Grefrath, Sport- und Freizeitgemeinde";"Gemeinden";"21.658,68";"24.042,64";"26.118,52";"29.951,07"
"05166012";"Kempen, Stadt";"Gemeinden";"24.101,67";"26.863,35";"28.679,23";"33.380,43"
"05166016";"Nettetal, Stadt";"Gemeinden";"21.111,40";"22.727,59";"24.813,30";"28.699,04"
"05166020";"Niederkrüchten";"Gemeinden";"22.229,08";"24.739,05";"26.589,37";"30.494,10"
"05166024";"Schwalmtal";"Gemeinden";"22.020,55";"24.544,94";"26.778,86";"31.087,25"
"05166028";"Tönisvorst, Stadt";"Gemeinden";"23.673,40";"25.902,19";"27.791,26";"32.385,41"
"05166032";"Viersen, Stadt";"Gemeinden";"21.338,67";"23.228,48";"25.132,56";"28.876,33"
"05166036";"Willich, Stadt";"Gemeinden";"24.391,62";"26.536,18";"28.291,34";"33.031,19"
"05170004";"Alpen";"Gemeinden";"23.218,28";"25.216,17";"27.289,12";"30.968,83"
"05170008";"Dinslaken, Stadt";"Gemeinden";"22.293,72";"24.737,61";"26.714,34";"30.893,91"
"05170012";"Hamminkeln, Stadt";"Gemeinden";"21.979,91";"24.616,78";"26.781,35";"30.670,37"
"05170016";"Hünxe";"Gemeinden";"24.904,39";"27.730,88";"29.332,99";"33.184,35"
"05170020";"Kamp-Lintfort, Stadt";"Gemeinden";"19.412,62";"21.766,21";"23.561,72";"27.143,29"
"05170024";"Moers, Stadt";"Gemeinden";"21.946,65";"24.305,52";"25.956,40";"29.994,93"
"05170028";"Neukirchen-Vluyn, Stadt";"Gemeinden";"22.164,88";"24.774,24";"27.045,11";"31.193,10"
"05170032";"Rheinberg, Stadt";"Gemeinden";"23.299,99";"25.145,12";"27.032,69";"31.511,56"
"05170036";"Schermbeck";"Gemeinden";"24.331,74";"27.285,21";"28.621,01";"32.827,23"
"05170040";"Sonsbeck";"Gemeinden";"21.476,77";"24.220,41";"26.499,75";"30.372,41"
"05170044";"Voerde (Niederrhein), Stadt";"Gemeinden";"20.983,34";"23.380,55";"25.164,36";"29.127,48"
"05170048";"Wesel, Stadt";"Gemeinden";"21.842,45";"24.103,70";"25.422,63";"29.465,90"
"05170052";"Xanten, Stadt";"Gemeinden";"22.257,18";"24.830,04";"26.775,79";"30.833,05"
"05314000";"Bonn, Stadt";"Gemeinden";"24.353,48";"26.575,47";"27.938,72";"32.325,20"
"05315000";"Köln, Stadt";"Gemeinden";"23.900,76";"25.805,87";"27.060,47";"31.166,59"
"05316000";"Leverkusen, Stadt";"Gemeinden";"22.714,32";"24.482,52";"25.848,52";"29.988,76"
"05334002";"Aachen, Stadt";"Gemeinden";"21.541,27";"23.465,80";"24.711,42";"28.631,98"
"05334004";"Alsdorf, Stadt";"Gemeinden";"19.405,36";"21.688,00";"23.518,39";"27.246,62"
"05334008";"Baesweiler, Stadt";"Gemeinden";"19.385,24";"21.916,76";"23.949,53";"27.488,40"
"05334012";"Eschweiler, Stadt";"Gemeinden";"21.030,28";"23.216,15";"24.561,48";"28.529,93"
"05334016";"Herzogenrath, Stadt";"Gemeinden";"21.349,79";"23.902,83";"25.811,67";"29.975,48"
"05334020";"Monschau, Stadt";"Gemeinden";"23.340,07";"26.170,78";"27.454,23";"31.662,88"
"05334024";"Roetgen, Tor zur Eifel";"Gemeinden";"27.668,99";"29.766,59";"31.544,83";"36.468,10"
"05334028";"Simmerath";"Gemeinden";"22.243,68";"24.983,36";"26.758,69";"31.001,37"
"05334032";"Stolberg (Rhld.), Kupferstadt";"Gemeinden";"21.198,53";"23.745,24";"25.061,85";"29.152,59"
"05334036";"Würselen, Stadt";"Gemeinden";"22.210,75";"24.301,60";"26.145,15";"30.457,11"
"05358004";"Aldenhoven";"Gemeinden";"20.185,94";"22.799,84";"24.758,24";"28.165,87"
"05358008";"Düren, Stadt";"Gemeinden";"20.308,92";"22.095,80";"23.553,08";"27.571,30"
"05358012";"Heimbach, Stadt";"Gemeinden";"20.971,60";"23.795,93";"25.639,08";"30.143,54"
"05358016";"Hürtgenwald";"Gemeinden";"23.305,13";"25.587,87";"27.710,46";"31.685,87"
"05358020";"Inden";"Gemeinden";"21.654,59";"24.111,44";"25.948,65";"29.491,71"
"05358024";"Jülich, Stadt";"Gemeinden";"22.926,87";"24.815,68";"26.331,56";"30.394,15"
"05358028";"Kreuzau";"Gemeinden";"22.671,04";"25.267,32";"27.133,85";"31.409,73"
"05358032";"Langerwehe";"Gemeinden";"22.639,15";"25.341,67";"27.220,66";"31.133,50"
"05358036";"Linnich, Stadt";"Gemeinden";"21.188,33";"23.735,74";"25.715,37";"29.838,12"
"05358040";"Merzenich";"Gemeinden";"22.791,61";"25.554,32";"26.912,29";"30.853,11"
"05358044";"Nideggen, Stadt";"Gemeinden";"22.775,70";"25.602,94";"27.532,83";"32.045,20"
"05358048";"Niederzier";"Gemeinden";"21.932,20";"24.176,63";"26.239,84";"30.073,05"
"05358052";"Nörvenich";"Gemeinden";"21.218,99";"23.860,49";"26.078,71";"29.245,48"
"05358056";"Titz";"Gemeinden";"23.621,80";"25.979,07";"27.557,06";"31.059,15"
"05358060";"Vettweiß";"Gemeinden";"22.168,38";"24.443,36";"25.646,65";"29.332,87"
"05362004";"Bedburg, Stadt";"Gemeinden";"22.326,24";"24.620,91";"25.842,56";"29.857,15"
"05362008";"Bergheim, Stadt";"Gemeinden";"21.411,12";"23.377,58";"24.971,24";"29.521,15"
"05362012";"Brühl, Stadt";"Gemeinden";"23.010,40";"24.913,16";"26.774,25";"30.778,45"
"05362016";"Elsdorf, Stadt";"Gemeinden";"21.423,24";"23.948,66";"25.312,87";"29.531,60"
"05362020";"Erftstadt, Stadt";"Gemeinden";"24.100,24";"26.306,79";"28.312,78";"33.261,77"
"05362024";"Frechen, Stadt";"Gemeinden";"24.073,43";"26.069,84";"27.526,54";"32.230,59"
"05362028";"Hürth, Stadt";"Gemeinden";"22.915,92";"24.807,62";"26.129,71";"30.511,47"
"05362032";"Kerpen, Kolpingstadt";"Gemeinden";"22.197,84";"24.141,47";"25.394,91";"29.672,64"
"05362036";"Pulheim, Stadt";"Gemeinden";"26.819,93";"29.153,00";"30.364,36";"35.214,77"
"05362040";"Wesseling, Stadt";"Gemeinden";"20.579,62";"22.861,99";"24.025,31";"28.080,71"
"05366004";"Bad Münstereifel, Stadt";"Gemeinden";"22.831,64";"25.507,57";"27.647,99";"32.075,71"
"05366008";"Blankenheim";"Gemeinden";"19.781,97";"22.149,76";"24.072,55";"28.183,96"
"05366012";"Dahlem";"Gemeinden";"21.619,87";"24.178,12";"26.324,39";"30.447,85"
"05366016";"Euskirchen, Stadt";"Gemeinden";"21.324,14";"23.274,76";"24.924,96";"28.945,68"
"05366020";"Hellenthal";"Gemeinden";"20.813,69";"23.046,35";"24.963,32";"28.959,69"
"05366024";"Kall";"Gemeinden";"21.077,21";"23.466,63";"25.128,29";"29.595,35"
"05366028";"Mechernich, Stadt";"Gemeinden";"21.901,14";"24.236,74";"25.983,14";"30.335,28"
"05366032";"Nettersheim";"Gemeinden";"21.217,34";"23.718,91";"25.895,69";"27.681,80"
"05366036";"Schleiden, Stadt";"Gemeinden";"21.104,98";"23.362,46";"25.183,10";"28.900,78"
"05366040";"Weilerswist";"Gemeinden";"22.471,51";"24.902,39";"26.867,35";"31.564,77"
"05366044";"Zülpich, Stadt";"Gemeinden";"21.736,92";"23.752,82";"25.477,53";"29.544,20"
"05370004";"Erkelenz, Stadt";"Gemeinden";"22.630,49";"24.886,28";"26.849,27";"30.883,67"
"05370008";"Gangelt";"Gemeinden";"19.578,50";"22.264,99";"24.088,73";"27.527,61"
"05370012";"Geilenkirchen, Stadt";"Gemeinden";"20.681,32";"23.276,77";"24.781,34";"28.501,03"
"05370016";"Heinsberg, Stadt";"Gemeinden";"20.712,84";"22.796,00";"24.610,68";"28.425,24"
"05370020";"Hückelhoven, Stadt";"Gemeinden";"18.892,52";"21.375,20";"23.149,10";"26.725,96"
"05370024";"Selfkant";"Gemeinden";"17.385,39";"20.058,49";"22.361,49";"25.615,40"
"05370028";"Übach-Palenberg, Stadt";"Gemeinden";"19.495,12";"21.950,26";"23.965,04";"27.633,75"
"05370032";"Waldfeucht";"Gemeinden";"18.473,73";"20.907,52";"23.026,29";"26.298,97"
"05370036";"Wassenberg, Stadt";"Gemeinden";"21.242,57";"23.770,03";"25.954,71";"29.701,07"
"05370040";"Wegberg, Stadt";"Gemeinden";"23.108,47";"25.945,96";"27.498,92";"32.718,47"
"05374004";"Bergneustadt, Stadt";"Gemeinden";"20.103,77";"22.413,42";"24.199,86";"28.153,40"
"05374008";"Engelskirchen";"Gemeinden";"23.549,27";"26.338,49";"28.305,82";"32.768,45"
"05374012";"Gummersbach, Stadt";"Gemeinden";"21.572,51";"23.243,34";"24.809,24";"28.830,92"
"05374016";"Hückeswagen, Schloss-Stadt";"Gemeinden";"21.723,75";"24.181,33";"26.093,01";"30.388,04"
"05374020";"Lindlar";"Gemeinden";"22.611,56";"25.202,92";"26.982,75";"30.978,41"
"05374024";"Marienheide";"Gemeinden";"21.593,91";"24.024,38";"25.408,32";"29.793,64"
"05374028";"Morsbach";"Gemeinden";"20.537,13";"23.130,52";"25.057,41";"29.013,05"
"05374032";"Nümbrecht";"Gemeinden";"22.848,83";"25.482,53";"26.763,85";"30.884,09"
"05374036";"Radevormwald, Stadt auf der Höhe";"Gemeinden";"22.803,09";"25.260,55";"27.091,06";"31.352,21"
"05374040";"Reichshof";"Gemeinden";"20.641,45";"23.203,30";"25.055,94";"29.004,39"
"05374044";"Waldbröl, Stadt";"Gemeinden";"19.510,38";"21.624,95";"23.442,93";"27.247,74"
"05374048";"Wiehl, Stadt";"Gemeinden";"24.242,78";"26.937,65";"28.138,11";"32.675,56"
"05374052";"Wipperfürth, Hansestadt";"Gemeinden";"22.124,14";"24.603,50";"26.590,87";"30.888,97"
"05378004";"Bergisch Gladbach, Stadt";"Gemeinden";"27.231,88";"29.388,92";"30.888,38";"35.627,65"
"05378008";"Burscheid, Stadt";"Gemeinden";"23.138,68";"25.051,17";"27.197,34";"31.448,31"
"05378012";"Kürten";"Gemeinden";"24.099,98";"26.183,46";"27.751,33";"32.074,19"
"05378016";"Leichlingen (Rheinland), Blütenstadt";"Gemeinden";"26.014,55";"27.995,61";"29.481,95";"33.839,70"
"05378020";"Odenthal";"Gemeinden";"28.336,50";"31.144,38";"32.519,98";"37.402,51"
"05378024";"Overath, Stadt";"Gemeinden";"24.289,42";"26.794,55";"28.196,91";"32.816,98"
"05378028";"Rösrath, Stadt";"Gemeinden";"26.777,18";"28.847,81";"30.049,96";"34.545,94"
"05378032";"Wermelskirchen, Stadt";"Gemeinden";"23.798,11";"26.192,86";"28.500,96";"33.275,13"
"05382004";"Alfter";"Gemeinden";"23.782,45";"26.508,30";"28.342,63";"32.757,90"
"05382008";"Bad Honnef, Stadt";"Gemeinden";"27.951,23";"30.278,42";"31.637,84";"36.556,91"
"05382012";"Bornheim, Stadt";"Gemeinden";"23.023,43";"25.036,93";"27.007,97";"31.363,78"
"05382016";"Eitorf";"Gemeinden";"20.083,09";"22.466,93";"24.306,49";"27.776,52"
"05382020";"Hennef (Sieg), Stadt";"Gemeinden";"23.105,54";"25.856,72";"27.920,28";"32.248,96"
"05382024";"Königswinter, Stadt";"Gemeinden";"26.027,93";"28.497,16";"30.085,98";"34.897,95"
"05382028";"Lohmar, Stadt";"Gemeinden";"24.855,03";"26.786,71";"28.863,62";"33.397,44"
"05382032";"Meckenheim, Stadt";"Gemeinden";"25.333,32";"27.496,90";"28.984,29";"33.518,21"
"05382036";"Much";"Gemeinden";"22.563,96";"25.018,77";"27.025,34";"30.698,25"
"05382040";"Neunkirchen-Seelscheid";"Gemeinden";"24.001,39";"26.799,38";"28.831,91";"32.983,70"
"05382044";"Niederkassel, Stadt";"Gemeinden";"23.239,58";"25.588,46";"27.429,56";"31.500,49"
"05382048";"Rheinbach, Stadt";"Gemeinden";"23.984,32";"25.916,58";"27.373,62";"31.644,14"
"05382052";"Ruppichteroth";"Gemeinden";"20.883,58";"23.643,05";"25.521,38";"29.934,27"
"05382056";"Sankt Augustin, Stadt";"Gemeinden";"23.608,27";"26.026,49";"27.337,79";"31.540,05"
"05382060";"Siegburg, Stadt";"Gemeinden";"22.414,10";"24.371,37";"25.758,91";"29.977,04"
"05382064";"Swisttal";"Gemeinden";"23.536,56";"25.867,62";"27.274,08";"31.315,22"
"05382068";"Troisdorf, Stadt";"Gemeinden";"21.225,36";"23.878,13";"25.520,39";"29.581,80"
"05382072";"Wachtberg";"Gemeinden";"26.991,90";"29.342,17";"31.642,75";"36.301,49"
"05382076";"Windeck";"Gemeinden";"19.061,05";"21.675,06";"23.857,26";"27.542,90"
"05512000";"Bottrop, Stadt";"Gemeinden";"20.893,08";"23.387,89";"25.114,18";"29.216,61"
"05513000";"Gelsenkirchen, Stadt";"Gemeinden";"19.100,17";"21.324,11";"22.783,39";"26.521,32"
"05515000";"Münster, Stadt";"Gemeinden";"23.771,14";"25.877,87";"27.386,03";"31.379,54"
"05554004";"Ahaus, Stadt";"Gemeinden";"21.227,79";"23.826,02";"26.163,53";"29.997,38"
"05554008";"Bocholt, Stadt";"Gemeinden";"21.751,53";"24.052,88";"25.749,86";"29.711,32"
"05554012";"Borken, Stadt";"Gemeinden";"21.645,65";"24.238,59";"26.777,71";"30.874,16"
"05554016";"Gescher, Glockenstadt";"Gemeinden";"20.270,45";"22.727,01";"24.763,75";"28.466,72"
"05554020";"Gronau (Westf.), Stadt";"Gemeinden";"19.111,82";"21.155,81";"23.048,88";"26.554,41"
"05554024";"Heek";"Gemeinden";"20.316,73";"22.744,55";"24.902,56";"28.732,51"
"05554028";"Heiden";"Gemeinden";"22.026,95";"24.823,54";"26.964,30";"30.175,00"
"05554032";"Isselburg, Stadt";"Gemeinden";"20.009,64";"22.285,01";"23.573,91";"27.050,98"
"05554036";"Legden";"Gemeinden";"19.895,50";"22.242,55";"24.463,60";"27.646,92"
"05554040";"Raesfeld";"Gemeinden";"22.221,77";"24.985,08";"27.382,37";"31.397,00"
"05554044";"Reken";"Gemeinden";"22.154,45";"24.563,81";"26.287,06";"30.059,39"
"05554048";"Rhede, Stadt";"Gemeinden";"22.061,03";"24.468,87";"26.586,31";"30.361,31"
"05554052";"Schöppingen";"Gemeinden";"19.055,02";"21.573,84";"23.726,71";"27.123,56"
"05554056";"Stadtlohn, Stadt";"Gemeinden";"21.308,60";"23.683,73";"25.805,07";"29.779,12"
"05554060";"Südlohn";"Gemeinden";"21.641,62";"23.720,32";"25.933,55";"29.443,19"
"05554064";"Velen, Stadt";"Gemeinden";"20.543,80";"23.292,22";"25.556,41";"29.425,43"
"05554068";"Vreden, Stadt";"Gemeinden";"20.981,10";"23.581,70";"25.837,40";"29.778,90"
"05558004";"Ascheberg";"Gemeinden";"23.452,27";"25.395,62";"27.593,69";"31.311,38"
"05558008";"Billerbeck, Stadt";"Gemeinden";"22.127,51";"24.987,14";"27.153,22";"30.901,15"
"05558012";"Coesfeld, Stadt";"Gemeinden";"22.286,00";"24.893,32";"26.709,86";"30.452,72"
"05558016";"Dülmen, Stadt";"Gemeinden";"22.168,94";"24.647,41";"26.783,31";"30.584,80"
"05558020";"Havixbeck";"Gemeinden";"23.222,26";"25.970,19";"28.473,41";"32.488,02"
"05558024";"Lüdinghausen, Stadt";"Gemeinden";"23.573,54";"26.772,15";"28.549,73";"32.972,72"
"05558028";"Nordkirchen";"Gemeinden";"23.494,37";"26.222,89";"28.404,43";"32.200,64"
"05558032";"Nottuln";"Gemeinden";"23.013,20";"25.839,46";"27.878,50";"32.351,63"
"05558036";"Olfen, Stadt";"Gemeinden";"22.890,47";"25.443,40";"27.802,02";"31.812,04"
"05558040";"Rosendahl";"Gemeinden";"20.972,31";"23.422,45";"25.469,35";"29.757,90"
"05558044";"Senden";"Gemeinden";"22.911,57";"25.697,27";"28.264,03";"32.505,48"
"05562004";"Castrop-Rauxel, Stadt";"Gemeinden";"20.916,09";"23.140,93";"25.243,88";"29.219,42"
"05562008";"Datteln, Stadt";"Gemeinden";"20.311,53";"22.870,30";"24.818,26";"28.959,44"
"05562012";"Dorsten, Stadt";"Gemeinden";"22.460,42";"24.690,90";"26.788,86";"30.531,81"
"05562014";"Gladbeck, Stadt";"Gemeinden";"20.187,26";"22.386,21";"24.249,29";"28.391,64"
"05562016";"Haltern am See, Stadt";"Gemeinden";"23.764,08";"26.641,91";"28.837,72";"33.720,14"
"05562020";"Herten, Stadt";"Gemeinden";"20.475,84";"22.856,06";"24.852,97";"28.944,54"
"05562024";"Marl, Stadt";"Gemeinden";"20.735,14";"23.107,27";"25.222,41";"29.229,51"
"05562028";"Oer-Erkenschwick, Stadt";"Gemeinden";"19.373,22";"21.862,68";"23.714,98";"27.452,92"
"05562032";"Recklinghausen, Stadt";"Gemeinden";"20.943,37";"23.536,08";"25.579,52";"30.060,92"
"05562036";"Waltrop, Stadt";"Gemeinden";"21.779,51";"24.627,99";"26.808,91";"31.164,00"
"05566004";"Altenberge";"Gemeinden";"23.511,22";"26.204,78";"28.670,60";"33.032,26"
"05566008";"Emsdetten, Stadt";"Gemeinden";"22.312,14";"24.514,39";"26.167,37";"30.225,23"
"05566012";"Greven, Stadt";"Gemeinden";"22.184,91";"24.815,98";"26.430,87";"30.668,94"
"05566016";"Hörstel, Stadt";"Gemeinden";"20.618,36";"23.290,47";"25.126,43";"28.459,09"
"05566020";"Hopsten";"Gemeinden";"19.692,24";"22.295,57";"24.277,51";"27.764,16"
"05566024";"Horstmar, Stadt der Burgmannshöfe";"Gemeinden";"20.730,56";"22.903,93";"25.073,41";"27.113,94"
"05566028";"Ibbenbüren, Stadt";"Gemeinden";"20.388,21";"22.829,14";"24.827,98";"28.333,47"
"05566032";"Ladbergen";"Gemeinden";"22.448,20";"24.250,20";"25.449,54";"29.296,84"
"05566036";"Laer";"Gemeinden";"22.573,29";"25.213,04";"27.520,32";"31.097,85"
"05566040";"Lengerich, Stadt";"Gemeinden";"21.302,80";"23.288,44";"24.657,33";"28.334,04"
"05566044";"Lienen";"Gemeinden";"21.412,97";"23.734,73";"25.952,47";"29.932,82"
"05566048";"Lotte";"Gemeinden";"20.226,71";"22.492,09";"24.089,78";"27.365,32"
"05566052";"Metelen";"Gemeinden";"19.633,31";"22.010,06";"24.134,49";"27.756,51"
"05566056";"Mettingen";"Gemeinden";"20.343,06";"22.766,97";"24.891,78";"28.694,92"
"05566060";"Neuenkirchen";"Gemeinden";"20.445,43";"22.985,49";"25.278,90";"29.113,32"
"05566064";"Nordwalde";"Gemeinden";"20.434,06";"22.925,32";"25.171,03";"29.041,08"
"05566068";"Ochtrup, Stadt";"Gemeinden";"19.953,84";"22.544,52";"24.646,70";"28.248,65"
"05566072";"Recke";"Gemeinden";"19.409,15";"21.763,07";"23.821,77";"27.677,54"
"05566076";"Rheine, Stadt";"Gemeinden";"20.721,65";"23.297,52";"25.251,62";"29.522,40"
"05566080";"Saerbeck, NRW-Klimakommune";"Gemeinden";"21.255,16";"23.757,35";"25.795,91";"30.272,50"
"05566084";"Steinfurt, Stadt";"Gemeinden";"20.978,85";"23.274,40";"25.215,60";"29.001,07"
"05566088";"Tecklenburg, Stadt";"Gemeinden";"22.998,33";"25.601,44";"27.678,75";"31.830,56"
"05566092";"Westerkappeln";"Gemeinden";"20.524,21";"22.825,69";"24.996,29";"29.004,87"
"05566096";"Wettringen";"Gemeinden";"19.946,30";"22.470,11";"24.915,69";"28.952,66"
"05570004";"Ahlen, Stadt";"Gemeinden";"20.269,90";"22.853,24";"24.916,24";"28.923,09"
"05570008";"Beckum, Stadt";"Gemeinden";"21.595,70";"24.029,54";"25.836,78";"29.753,75"
"05570012";"Beelen";"Gemeinden";"20.086,16";"22.668,00";"24.907,81";"28.659,01"
"05570016";"Drensteinfurt, Stadt";"Gemeinden";"24.072,07";"26.942,61";"29.462,34";"34.008,41"
"05570020";"Ennigerloh, Stadt";"Gemeinden";"21.208,61";"23.561,85";"25.059,18";"29.130,13"
"05570024";"Everswinkel";"Gemeinden";"23.171,81";"25.488,37";"28.039,17";"32.235,67"
"05570028";"Oelde, Stadt";"Gemeinden";"22.927,55";"24.849,82";"26.454,68";"30.357,95"
"05570032";"Ostbevern";"Gemeinden";"20.992,40";"23.577,35";"25.908,49";"29.361,00"
"05570036";"Sassenberg, Stadt";"Gemeinden";"19.940,08";"22.292,17";"24.557,70";"28.289,59"
"05570040";"Sendenhorst, Stadt";"Gemeinden";"22.734,98";"25.320,06";"27.091,12";"30.973,88"
"05570044";"Telgte, Stadt";"Gemeinden";"23.712,72";"26.412,07";"28.641,68";"33.039,97"
"05570048";"Wadersloh";"Gemeinden";"21.432,64";"23.886,01";"25.831,11";"29.471,85"
"05570052";"Warendorf, Stadt";"Gemeinden";"22.011,74";"24.616,98";"26.955,92";"30.760,48"
"05711000";"Bielefeld, Stadt";"Gemeinden";"21.428,97";"23.680,18";"25.105,08";"28.877,58"
"05754004";"Borgholzhausen, Stadt";"Gemeinden";"21.442,29";"23.900,86";"25.460,77";"29.341,12"
"05754008";"Gütersloh, Stadt";"Gemeinden";"22.878,83";"24.776,59";"26.478,68";"30.516,29"
"05754012";"Halle (Westf.), Stadt";"Gemeinden";"23.032,76";"25.842,90";"27.016,44";"30.796,58"
"05754016";"Harsewinkel, Die Mähdrescherstadt";"Gemeinden";"21.313,92";"23.322,58";"24.849,56";"28.443,79"
"05754020";"Herzebrock-Clarholz";"Gemeinden";"21.787,85";"23.825,94";"25.924,27";"29.869,31"
"05754024";"Langenberg";"Gemeinden";"21.631,89";"24.136,28";"25.465,98";"29.480,33"
"05754028";"Rheda-Wiedenbrück, Stadt";"Gemeinden";"22.189,33";"24.628,56";"26.096,38";"29.702,56"
"05754032";"Rietberg, Stadt";"Gemeinden";"21.721,28";"24.743,57";"27.020,93";"30.614,93"
"05754036";"Schloß Holte-Stukenbrock, Stadt";"Gemeinden";"23.104,33";"25.926,57";"27.205,47";"31.573,82"
"05754040";"Steinhagen";"Gemeinden";"23.868,88";"26.156,46";"27.986,15";"31.882,21"
"05754044";"Verl, Stadt";"Gemeinden";"22.987,64";"25.752,87";"27.290,55";"31.059,07"
"05754048";"Versmold, Stadt";"Gemeinden";"21.626,43";"23.414,87";"24.809,90";"28.368,47"
"05754052";"Werther (Westf.), Stadt";"Gemeinden";"22.894,49";"25.594,91";"27.523,32";"31.918,86"
"05758004";"Bünde, Stadt";"Gemeinden";"22.344,32";"24.765,45";"26.679,46";"30.916,96"
"05758008";"Enger, Widukindstadt";"Gemeinden";"22.262,67";"24.668,42";"26.949,55";"30.976,45"
"05758012";"Herford, Hansestadt";"Gemeinden";"23.178,10";"24.998,54";"26.182,04";"30.181,44"
"05758016";"Hiddenhausen";"Gemeinden";"22.592,30";"25.094,28";"26.660,59";"30.744,90"
"05758020";"Kirchlengern";"Gemeinden";"22.089,02";"23.912,71";"26.124,78";"29.629,44"
"05758024";"Löhne, Stadt";"Gemeinden";"21.668,58";"23.587,24";"25.572,58";"29.509,62"
"05758028";"Rödinghausen";"Gemeinden";"24.446,68";"26.139,97";"27.342,70";"31.603,45"
"05758032";"Spenge, Stadt";"Gemeinden";"22.215,28";"24.795,45";"26.603,86";"30.984,65"
"05758036";"Vlotho, Stadt";"Gemeinden";"22.222,71";"24.591,18";"26.471,63";"30.675,56"
"05762004";"Bad Driburg, Stadt";"Gemeinden";"24.532,16";"26.280,96";"27.349,20";"31.115,32"
"05762008";"Beverungen, Stadt";"Gemeinden";"20.104,70";"22.570,67";"24.519,06";"28.043,75"
"05762012";"Borgentreich, Orgelstadt";"Gemeinden";"20.306,40";"23.059,53";"25.377,29";"29.494,65"
"05762016";"Brakel, Stadt";"Gemeinden";"20.337,18";"22.832,46";"24.709,22";"28.492,97"
"05762020";"Höxter, Stadt";"Gemeinden";"21.153,53";"23.707,73";"25.935,81";"29.516,38"
"05762024";"Marienmünster, Stadt";"Gemeinden";"19.572,81";"22.263,39";"24.205,95";"27.798,07"
"05762028";"Nieheim, Stadt";"Gemeinden";"20.218,87";"22.866,92";"24.820,87";"28.291,75"
"05762032";"Steinheim, Stadt";"Gemeinden";"20.388,13";"22.858,81";"25.133,35";"28.654,59"
"05762036";"Warburg, Hansestadt";"Gemeinden";"20.892,69";"23.497,09";"25.660,60";"29.445,51"
"05762040";"Willebadessen, Stadt";"Gemeinden";"17.974,97";"20.546,03";"22.666,09";"26.146,27"
"05766004";"Augustdorf";"Gemeinden";"17.657,61";"20.054,95";"22.158,28";"25.906,54"
"05766008";"Bad Salzuflen, Stadt";"Gemeinden";"23.177,49";"25.262,85";"26.815,58";"31.071,52"
"05766012";"Barntrup, Stadt";"Gemeinden";"20.511,70";"23.045,94";"25.166,29";"30.094,72"
"05766016";"Blomberg, Stadt";"Gemeinden";"25.010,18";"26.938,25";"28.889,84";"33.289,80"
"05766020";"Detmold, Stadt";"Gemeinden";"23.188,91";"25.776,27";"27.375,10";"31.706,59"
"05766024";"Dörentrup";"Gemeinden";"20.269,90";"22.792,08";"25.055,91";"28.894,78"
"05766028";"Extertal";"Gemeinden";"20.901,59";"23.545,32";"25.822,20";"29.757,94"
"05766032";"Horn-Bad Meinberg, Stadt";"Gemeinden";"20.533,96";"23.017,22";"24.879,17";"29.031,55"
"05766036";"Kalletal";"Gemeinden";"20.315,26";"23.090,67";"25.198,73";"28.837,32"
"05766040";"Lage, Stadt";"Gemeinden";"20.777,52";"23.047,07";"25.164,96";"29.219,44"
"05766044";"Lemgo, Stadt";"Gemeinden";"21.887,90";"24.133,48";"26.050,19";"30.152,95"
"05766048";"Leopoldshöhe";"Gemeinden";"22.132,79";"24.752,74";"26.272,95";"30.626,41"
"05766052";"Lügde, Stadt der Osterräder";"Gemeinden";"19.593,22";"22.177,52";"24.364,30";"28.674,53"
"05766056";"Oerlinghausen, Stadt";"Gemeinden";"23.977,24";"26.354,71";"28.030,40";"32.370,15"
"05766060";"Schieder-Schwalenberg, Stadt";"Gemeinden";"20.294,63";"22.829,58";"25.033,60";"29.504,22"
"05766064";"Schlangen";"Gemeinden";"21.348,51";"23.834,67";"26.120,12";"30.156,01"
"05770004";"Bad Oeynhausen, Stadt";"Gemeinden";"22.665,86";"25.117,19";"26.348,72";"30.458,76"
"05770008";"Espelkamp, Stadt";"Gemeinden";"20.405,27";"22.933,77";"24.308,31";"27.862,54"
"05770012";"Hille";"Gemeinden";"22.664,33";"25.163,76";"27.339,41";"31.220,87"
"05770016";"Hüllhorst";"Gemeinden";"22.677,68";"25.231,21";"26.526,45";"30.543,15"
"05770020";"Lübbecke, Stadt";"Gemeinden";"22.714,36";"25.417,95";"26.792,94";"30.474,50"
"05770024";"Minden, Stadt";"Gemeinden";"21.365,21";"23.701,91";"24.759,14";"28.653,65"
"05770028";"Petershagen, Stadt";"Gemeinden";"21.117,56";"23.517,38";"25.618,12";"29.362,64"
"05770032";"Porta Westfalica, Stadt";"Gemeinden";"22.415,63";"24.678,97";"27.391,83";"31.461,17"
"05770036";"Preußisch Oldendorf, Stadt";"Gemeinden";"21.464,82";"23.685,20";"25.735,15";"29.335,88"
"05770040";"Rahden, Stadt";"Gemeinden";"21.011,48";"23.489,04";"25.815,99";"29.187,41"
"05770044";"Stemwede";"Gemeinden";"21.483,11";"23.929,32";"25.977,53";"29.845,95"
"05774004";"Altenbeken";"Gemeinden";"20.518,19";"22.956,54";"24.891,74";"28.905,68"
"05774008";"Bad Lippspringe, Stadt";"Gemeinden";"21.165,21";"23.786,00";"25.019,48";"28.956,62"
"05774012";"Borchen";"Gemeinden";"21.837,96";"24.434,07";"26.561,07";"30.998,92"
"05774016";"Büren, Stadt";"Gemeinden";"20.571,34";"23.049,00";"25.160,28";"29.211,35"
"05774020";"Delbrück, Stadt";"Gemeinden";"21.708,81";"24.293,47";"26.832,15";"30.800,22"
"05774024";"Hövelhof, Sennegemeinde";"Gemeinden";"21.540,64";"24.425,30";"26.824,95";"30.760,68"
"05774028";"Lichtenau, Stadt";"Gemeinden";"20.748,89";"23.516,26";"25.773,10";"29.183,71"
"05774032";"Paderborn, Stadt";"Gemeinden";"20.765,73";"23.253,82";"24.954,11";"28.709,76"
"05774036";"Salzkotten, Stadt";"Gemeinden";"21.847,63";"24.458,63";"26.197,34";"30.382,34"
"05774040";"Bad Wünnenberg, Stadt";"Gemeinden";"20.954,95";"23.837,70";"25.711,72";"29.067,18"
"05911000";"Bochum, Stadt";"Gemeinden";"20.990,92";"23.110,18";"24.640,31";"28.640,08"
"05913000";"Dortmund, Stadt";"Gemeinden";"20.653,90";"22.750,60";"24.222,23";"28.131,37"
"05914000";"Hagen, Stadt der FernUniversität";"Gemeinden";"21.082,89";"22.826,64";"24.106,89";"27.999,47"
"05915000";"Hamm, Stadt";"Gemeinden";"19.505,17";"21.848,46";"23.605,15";"27.426,33"
"05916000";"Herne, Stadt";"Gemeinden";"19.162,17";"21.575,82";"23.199,11";"26.899,51"
"05954004";"Breckerfeld, Hansestadt";"Gemeinden";"23.647,13";"26.348,94";"28.186,85";"32.062,33"
"05954008";"Ennepetal, Stadt der Kluterthöhle";"Gemeinden";"24.062,27";"26.045,77";"27.092,26";"31.266,38"
"05954012";"Gevelsberg, Stadt";"Gemeinden";"22.040,54";"24.044,16";"26.062,77";"30.010,95"
"05954016";"Hattingen, Stadt";"Gemeinden";"22.291,58";"24.739,14";"26.462,26";"30.576,60"
"05954020";"Herdecke, Stadt";"Gemeinden";"26.717,07";"29.510,64";"30.873,59";"36.040,88"
"05954024";"Schwelm, Stadt";"Gemeinden";"23.345,60";"25.641,61";"26.866,61";"30.858,88"
"05954028";"Sprockhövel, Stadt";"Gemeinden";"26.694,49";"29.060,29";"30.529,91";"35.470,00"
"05954032";"Wetter (Ruhr), Stadt";"Gemeinden";"24.151,11";"26.692,52";"27.876,48";"32.070,26"
"05954036";"Witten, Stadt";"Gemeinden";"21.592,27";"23.797,31";"25.408,31";"29.321,04"
"05958004";"Arnsberg, Stadt";"Gemeinden";"22.764,94";"24.833,14";"26.662,49";"30.849,64"
"05958008";"Bestwig";"Gemeinden";"20.782,15";"22.829,83";"24.840,60";"28.801,67"
"05958012";"Brilon, Stadt";"Gemeinden";"21.460,90";"24.026,08";"25.946,46";"29.529,90"
"05958016";"Eslohe (Sauerland)";"Gemeinden";"21.484,19";"23.801,62";"25.655,94";"29.328,98"
"05958020";"Hallenberg, Stadt";"Gemeinden";"20.265,84";"22.424,91";"24.107,84";"28.043,14"
"05958024";"Marsberg, Stadt";"Gemeinden";"20.420,31";"23.023,74";"25.278,85";"28.791,53"
"05958028";"Medebach, Hansestadt";"Gemeinden";"21.089,10";"23.295,41";"24.941,55";"28.626,49"
"05958032";"Meschede, Kreis- und  Hochschulstadt";"Gemeinden";"21.970,39";"24.436,59";"26.636,19";"30.938,28"
"05958036";"Olsberg, Stadt";"Gemeinden";"20.703,56";"23.188,68";"25.444,60";"29.351,33"
"05958040";"Schmallenberg, Stadt";"Gemeinden";"21.167,78";"23.693,85";"25.560,99";"29.515,87"
"05958044";"Sundern (Sauerland), Stadt";"Gemeinden";"24.025,53";"27.036,04";"28.372,30";"32.844,34"
"05958048";"Winterberg, Stadt";"Gemeinden";"20.867,07";"23.145,53";"24.937,07";"28.638,68"
"05962004";"Altena, Stadt";"Gemeinden";"21.469,24";"23.688,97";"25.456,67";"29.553,15"
"05962008";"Balve, Stadt";"Gemeinden";"23.438,53";"25.714,39";"27.261,93";"31.617,92"
"05962012";"Halver, Stadt";"Gemeinden";"23.567,65";"25.065,53";"26.863,88";"31.032,91"
"05962016";"Hemer, Stadt";"Gemeinden";"21.068,81";"23.508,84";"25.490,50";"29.288,29"
"05962020";"Herscheid";"Gemeinden";"26.091,45";"27.929,83";"28.913,96";"33.464,44"
"05962024";"Iserlohn, Stadt";"Gemeinden";"22.336,72";"24.274,44";"25.991,30";"29.895,28"
"05962028";"Kierspe, Stadt";"Gemeinden";"21.272,10";"23.491,39";"25.464,67";"29.588,01"
"05962032";"Lüdenscheid, Stadt";"Gemeinden";"22.491,62";"24.461,34";"25.938,55";"29.889,59"
"05962036";"Meinerzhagen, Stadt";"Gemeinden";"25.252,00";"27.094,96";"28.337,08";"33.014,89"
"05962040";"Menden (Sauerland), Stadt";"Gemeinden";"22.553,59";"25.047,52";"26.356,88";"30.484,88"
"05962044";"Nachrodt-Wiblingwerde";"Gemeinden";"24.225,14";"26.637,08";"27.947,40";"32.388,30"
"05962048";"Neuenrade, Stadt";"Gemeinden";"23.898,10";"25.868,81";"27.958,20";"31.698,77"
"05962052";"Plettenberg, Stadt";"Gemeinden";"23.786,42";"25.717,71";"26.731,06";"30.875,53"
"05962056";"Schalksmühle";"Gemeinden";"28.049,66";"30.751,17";"31.841,24";"36.569,01"
"05962060";"Werdohl, Stadt";"Gemeinden";"19.385,92";"21.389,51";"22.924,13";"26.470,76"
"05966004";"Attendorn, Hansestadt";"Gemeinden";"26.802,23";"29.951,45";"31.065,12";"35.679,36"
"05966008";"Drolshagen, Stadt";"Gemeinden";"22.678,17";"25.076,85";"26.891,98";"30.965,53"
"05966012";"Finnentrop";"Gemeinden";"21.568,73";"23.952,34";"25.731,98";"29.800,86"
"05966016";"Kirchhundem";"Gemeinden";"22.086,06";"24.667,35";"26.661,70";"30.628,44"
"05966020";"Lennestadt, Stadt";"Gemeinden";"21.135,31";"23.400,89";"25.397,13";"29.263,77"
"05966024";"Olpe, Stadt";"Gemeinden";"24.829,38";"27.691,59";"29.946,12";"34.484,85"
"05966028";"Wenden";"Gemeinden";"21.881,60";"24.221,28";"26.355,93";"30.114,05"
"05970004";"Bad Berleburg, Stadt";"Gemeinden";"22.466,29";"25.691,76";"26.721,77";"30.793,27"
"05970008";"Burbach";"Gemeinden";"22.147,26";"24.617,73";"26.422,27";"30.203,58"
"05970012";"Erndtebrück";"Gemeinden";"23.817,17";"26.396,99";"27.381,55";"31.453,06"
"05970016";"Freudenberg, Stadt";"Gemeinden";"23.246,73";"25.986,54";"28.059,56";"32.269,27"
"05970020";"Hilchenbach, Stadt";"Gemeinden";"22.916,85";"24.954,94";"26.332,23";"30.227,92"
"05970024";"Kreuztal, Stadt";"Gemeinden";"23.500,28";"26.352,50";"27.617,56";"31.610,76"
"05970028";"Bad Laasphe, Stadt";"Gemeinden";"22.038,19";"23.930,04";"25.444,64";"29.499,42"
"05970032";"Netphen, Stadt";"Gemeinden";"22.686,34";"24.569,46";"26.599,79";"30.428,38"
"05970036";"Neunkirchen";"Gemeinden";"22.883,87";"24.644,44";"26.014,88";"30.538,63"
"05970040";"Siegen, Universitätsstadt";"Gemeinden";"21.088,70";"23.218,93";"24.654,88";"28.441,49"
"05970044";"Wilnsdorf";"Gemeinden";"24.534,23";"26.904,83";"28.946,61";"33.185,05"
"05974004";"Anröchte";"Gemeinden";"21.861,25";"24.314,14";"26.627,24";"31.054,06"
"05974008";"Bad Sassendorf";"Gemeinden";"23.426,01";"25.617,16";"28.004,38";"32.310,13"
"05974012";"Ense";"Gemeinden";"21.865,40";"24.444,73";"26.719,58";"30.429,18"
"05974016";"Erwitte, Stadt";"Gemeinden";"23.304,81";"25.795,72";"27.600,90";"31.600,01"
"05974020";"Geseke, Stadt";"Gemeinden";"20.485,59";"22.942,93";"25.136,10";"29.468,86"
"05974024";"Lippetal";"Gemeinden";"21.262,90";"23.726,61";"26.072,71";"29.735,53"
"05974028";"Lippstadt, Stadt";"Gemeinden";"21.819,36";"24.424,03";"26.198,79";"30.321,64"
"05974032";"Möhnesee";"Gemeinden";"24.828,45";"27.805,13";"30.231,84";"35.277,44"
"05974036";"Rüthen, Stadt";"Gemeinden";"21.964,30";"24.728,02";"26.830,85";"30.371,27"
"05974040";"Soest, Stadt";"Gemeinden";"21.171,53";"23.708,70";"25.777,99";"29.507,26"
"05974044";"Warstein, Stadt";"Gemeinden";"21.737,18";"24.284,05";"26.357,57";"30.889,48"
"05974048";"Welver";"Gemeinden";"21.945,19";"24.262,25";"26.861,08";"30.893,51"
"05974052";"Werl, Stadt";"Gemeinden";"19.828,00";"22.302,55";"24.246,41";"28.281,70"
"05974056";"Wickede (Ruhr)";"Gemeinden";"21.142,59";"23.688,27";"25.675,43";"29.509,41"
"05978004";"Bergkamen, Stadt";"Gemeinden";"18.487,74";"20.826,86";"22.839,20";"26.472,77"
"05978008";"Bönen";"Gemeinden";"19.501,22";"21.843,32";"23.793,01";"28.092,12"
"05978012";"Fröndenberg/Ruhr, Stadt";"Gemeinden";"22.744,32";"25.466,77";"26.723,70";"31.457,46"
"05978016";"Holzwickede";"Gemeinden";"23.482,91";"26.294,91";"27.531,50";"31.403,67"
"05978020";"Kamen, Stadt";"Gemeinden";"21.124,98";"23.336,05";"25.015,82";"29.222,35"
"05978024";"Lünen, Stadt";"Gemeinden";"19.395,04";"21.598,45";"23.450,31";"27.186,86"
"05978028";"Schwerte, Hansestadt an der Ruhr";"Gemeinden";"22.697,45";"25.188,42";"26.786,15";"31.198,97"
"05978032";"Selm, Stadt";"Gemeinden";"21.085,03";"24.021,68";"26.090,86";"29.901,64"
"05978036";"Unna, Stadt";"Gemeinden";"21.653,65";"24.388,34";"26.438,07";"30.683,75"
"05978040";"Werne, Stadt";"Gemeinden";"22.686,44";"25.227,08";"27.422,91";"32.171,75"
"06411000";"Darmstadt, Wissenschaftsstadt";"Gemeinden";"24.191,29";"25.995,55";"27.104,86";"31.153,98"
"06412000";"Frankfurt am Main, Stadt";"Gemeinden";"25.045,91";"27.138,13";"28.435,30";"32.741,92"
"06413000";"Offenbach am Main, Stadt";"Gemeinden";"20.954,67";"22.515,99";"23.559,10";"27.182,12"
"06414000";"Wiesbaden, Landeshauptstadt";"Gemeinden";"24.782,29";"26.670,55";"27.941,24";"32.194,11"
"06431001";"Abtsteinach";"Gemeinden";"24.679,88";"26.481,59";"29.248,89";"33.365,76"
"06431002";"Bensheim, Stadt";"Gemeinden";"25.408,40";"28.303,73";"30.032,90";"34.816,24"
"06431003";"Biblis";"Gemeinden";"22.474,44";"24.817,82";"26.535,97";"30.776,21"
"06431004";"Birkenau";"Gemeinden";"23.534,38";"25.775,34";"27.552,51";"31.598,57"
"06431005";"Bürstadt, Stadt";"Gemeinden";"21.666,02";"23.659,80";"25.097,37";"28.863,31"
"06431006";"Einhausen";"Gemeinden";"24.691,45";"26.781,23";"28.842,37";"33.244,16"
"06431007";"Fürth";"Gemeinden";"21.577,88";"23.607,41";"25.618,89";"29.296,61"
"06431008";"Gorxheimertal";"Gemeinden";"23.273,06";"25.279,80";"26.273,73";"30.286,49"
"06431009";"Grasellenbach";"Gemeinden";"20.178,98";"21.944,73";"23.731,70";"27.248,48"
"06431010";"Groß-Rohrheim";"Gemeinden";"22.162,97";"25.037,29";"26.163,82";"30.326,66"
"06431011";"Heppenheim (Bergstraße), Kreisstadt";"Gemeinden";"23.840,15";"25.856,95";"27.968,17";"32.460,85"
"06431012";"Hirschhorn (Neckar), Stadt";"Gemeinden";"21.657,19";"23.589,34";"25.280,33";"28.806,23"
"06431013";"Lampertheim, Stadt";"Gemeinden";"22.210,39";"24.263,60";"25.609,99";"29.495,00"
"06431014";"Lautertal (Odenwald)";"Gemeinden";"23.127,69";"24.891,98";"26.888,04";"30.769,85"
"06431015";"Lindenfels, Stadt";"Gemeinden";"21.907,53";"23.784,96";"25.525,52";"29.600,17"
"06431016";"Lorsch, Karolingerstadt";"Gemeinden";"23.626,68";"26.130,04";"27.551,34";"31.805,05"
"06431017";"Mörlenbach";"Gemeinden";"22.586,32";"24.581,07";"26.924,21";"30.964,05"
"06431018";"Neckarsteinach, Stadt";"Gemeinden";"23.563,68";"25.291,44";"26.483,72";"30.605,42"
"06431019";"Rimbach";"Gemeinden";"23.112,75";"25.412,24";"26.578,40";"30.422,45"
"06431020";"Viernheim, Stadt";"Gemeinden";"22.586,90";"24.371,15";"25.862,39";"29.767,24"
"06431021";"Wald-Michelbach";"Gemeinden";"20.784,22";"22.898,59";"24.639,19";"28.526,23"
"06431022";"Zwingenberg, Stadt";"Gemeinden";"25.838,13";"27.858,38";"30.515,64";"35.314,22"
"06431200";"Michelbuch, gemfr. Gebiet";"Gemeinden";;;;
"06432001";"Alsbach-Hähnlein";"Gemeinden";"25.999,97";"27.848,32";"30.177,76";"34.589,49"
"06432002";"Babenhausen, Stadt";"Gemeinden";"21.994,07";"24.114,70";"25.782,88";"29.642,71"
"06432003";"Bickenbach";"Gemeinden";"25.394,77";"28.354,43";"29.572,93";"33.925,85"
"06432004";"Dieburg, Stadt";"Gemeinden";"23.478,02";"26.244,41";"28.017,41";"32.274,78"
"06432005";"Eppertshausen";"Gemeinden";"23.380,83";"25.695,61";"27.736,96";"32.024,42"
"06432006";"Erzhausen";"Gemeinden";"25.140,43";"27.403,28";"29.341,61";"33.616,41"
"06432007";"Fischbachtal";"Gemeinden";"22.209,03";"25.208,98";"27.483,15";"31.862,20"
"06432008";"Griesheim, Stadt";"Gemeinden";"22.914,80";"24.678,55";"26.111,76";"29.970,51"
"06432009";"Groß-Bieberau, Stadt";"Gemeinden";"23.455,70";"25.565,38";"27.354,91";"31.616,71"
"06432010";"Groß-Umstadt, Stadt";"Gemeinden";"22.560,40";"24.667,13";"26.802,81";"30.888,11"
"06432011";"Groß-Zimmern";"Gemeinden";"21.669,05";"24.381,27";"25.583,51";"29.609,15"
"06432012";"Messel";"Gemeinden";"24.409,32";"26.364,92";"27.738,01";"32.263,42"
"06432013";"Modautal";"Gemeinden";"23.084,83";"25.369,83";"27.567,47";"32.001,25"
"06432014";"Mühltal";"Gemeinden";"26.523,74";"28.809,77";"30.473,86";"35.020,54"
"06432015";"Münster (Hessen)";"Gemeinden";"22.167,99";"23.989,31";"25.663,08";"29.511,67"
"06432016";"Ober-Ramstadt, Stadt";"Gemeinden";"22.100,73";"24.317,40";"26.304,11";"30.373,21"
"06432017";"Otzberg";"Gemeinden";"22.086,45";"24.303,37";"26.360,94";"30.390,00"
"06432018";"Pfungstadt, Stadt";"Gemeinden";"21.698,60";"23.352,63";"25.082,09";"28.877,82"
"06432019";"Reinheim, Stadt";"Gemeinden";"22.671,69";"25.179,82";"26.545,00";"30.728,53"
"06432020";"Roßdorf";"Gemeinden";"24.636,12";"26.680,30";"28.812,02";"33.530,99"
"06432021";"Schaafheim";"Gemeinden";"21.308,58";"23.070,63";"24.937,45";"28.466,03"
"06432022";"Seeheim-Jugenheim";"Gemeinden";"29.976,03";"32.690,98";"34.493,46";"39.579,85"
"06432023";"Weiterstadt, Stadt";"Gemeinden";"22.698,07";"24.349,94";"25.621,22";"29.484,90"
"06433001";"Biebesheim am Rhein";"Gemeinden";"21.735,92";"23.604,10";"25.506,62";"29.043,32"
"06433002";"Bischofsheim";"Gemeinden";"22.235,41";"24.058,45";"25.101,58";"28.927,95"
"06433003";"Büttelborn";"Gemeinden";"23.348,28";"25.220,81";"26.160,80";"30.098,09"
"06433004";"Gernsheim, Schöfferstadt";"Gemeinden";"22.632,31";"24.396,95";"26.059,18";"29.949,06"
"06433005";"Ginsheim-Gustavsburg, Stadt";"Gemeinden";"21.165,79";"23.244,79";"24.972,83";"28.763,84"
"06433006";"Groß-Gerau, Stadt";"Gemeinden";"22.804,20";"24.788,15";"26.015,07";"29.961,66"
"06433007";"Kelsterbach, Stadt";"Gemeinden";"21.332,10";"22.916,60";"23.919,71";"27.519,02"
"06433008";"Mörfelden-Walldorf, Stadt";"Gemeinden";"23.464,51";"25.337,08";"26.460,19";"30.368,99"
"06433009";"Nauheim";"Gemeinden";"24.500,43";"26.449,33";"27.472,74";"31.536,24"
"06433010";"Raunheim, Stadt";"Gemeinden";"19.249,69";"20.845,52";"21.714,71";"24.804,43"
"06433011";"Riedstadt, Büchnerstadt";"Gemeinden";"22.854,11";"24.970,01";"26.110,96";"30.031,72"
"06433012";"Rüsselsheim am Main, Stadt";"Gemeinden";"20.977,67";"22.713,83";"23.662,99";"27.169,09"
"06433013";"Stockstadt am Rhein";"Gemeinden";"21.260,86";"23.052,91";"25.001,79";"28.625,14"
"06433014";"Trebur";"Gemeinden";"24.056,98";"26.105,05";"27.225,96";"31.447,30"
"06434001";"Bad Homburg v. d. Höhe, Stadt";"Gemeinden";"33.807,28";"38.222,51";"38.733,39";"44.939,38"
"06434002";"Friedrichsdorf, Stadt";"Gemeinden";"28.301,95";"30.631,53";"31.722,41";"36.731,21"
"06434003";"Glashütten";"Gemeinden";"34.471,88";"36.873,13";"37.827,27";"43.387,74"
"06434004";"Grävenwiesbach";"Gemeinden";"22.448,16";"25.148,67";"27.161,08";"31.217,17"
"06434005";"Königstein im Taunus, Stadt";"Gemeinden";"45.849,21";"48.469,88";"49.586,17";"57.159,46"
"06434006";"Kronberg im Taunus, Stadt";"Gemeinden";"37.973,60";"40.514,85";"41.181,26";"47.297,65"
"06434007";"Neu-Anspach, Stadt";"Gemeinden";"25.986,18";"28.451,16";"29.642,77";"34.260,08"
"06434008";"Oberursel (Taunus), Stadt";"Gemeinden";"30.343,65";"32.759,12";"33.863,67";"39.260,91"
"06434009";"Schmitten im Taunus";"Gemeinden";"28.539,61";"30.752,24";"32.110,83";"37.062,87"
"06434010";"Steinbach (Taunus), Stadt";"Gemeinden";"24.206,56";"26.321,34";"26.968,73";"31.318,83"
"06434011";"Usingen, Stadt";"Gemeinden";"25.246,60";"27.224,79";"28.776,17";"33.308,14"
"06434012";"Wehrheim";"Gemeinden";"28.774,08";"31.393,68";"32.663,88";"37.677,53"
"06434013";"Weilrod";"Gemeinden";"23.528,03";"25.826,34";"27.249,08";"31.495,15"
"06435001";"Bad Orb, Stadt";"Gemeinden";"21.521,14";"24.524,93";"27.380,09";"31.450,18"
"06435002";"Bad Soden-Salmünster, Stadt";"Gemeinden";"20.982,53";"23.190,41";"25.274,27";"28.752,71"
"06435003";"Biebergemünd";"Gemeinden";"24.137,97";"27.568,11";"30.479,61";"35.118,11"
"06435004";"Birstein";"Gemeinden";"20.852,77";"23.175,96";"25.343,67";"29.219,88"
"06435005";"Brachttal";"Gemeinden";"21.171,34";"23.029,34";"24.340,42";"27.805,15"
"06435006";"Bruchköbel, Stadt";"Gemeinden";"24.668,30";"26.694,03";"27.764,59";"31.956,55"
"06435007";"Erlensee, Stadt";"Gemeinden";"21.089,87";"23.205,99";"24.241,40";"27.912,96"
"06435008";"Flörsbachtal";"Gemeinden";"21.856,38";"24.267,93";"25.754,15";"29.812,04"
"06435009";"Freigericht";"Gemeinden";"22.643,67";"24.952,65";"26.287,21";"30.331,64"
"06435010";"Gelnhausen, Barbarossastadt, Kreisstadt";"Gemeinden";"23.614,03";"25.711,10";"27.448,15";"31.645,47"
"06435011";"Großkrotzenburg";"Gemeinden";"22.696,67";"24.670,82";"26.488,39";"30.452,34"
"06435012";"Gründau";"Gemeinden";"22.013,75";"24.471,00";"26.099,57";"30.031,75"
"06435013";"Hammersbach";"Gemeinden";"23.947,52";"25.824,80";"27.874,68";"32.251,69"
"06435014";"Hanau, Brüder-Grimm-Stadt";"Gemeinden";"21.003,00";"22.801,93";"24.055,26";"27.865,19"
"06435015";"Hasselroth";"Gemeinden";"22.528,73";"25.074,29";"26.175,79";"30.278,62"
"06435016";"Jossgrund";"Gemeinden";"21.840,17";"24.392,28";"26.469,83";"30.671,51"
"06435017";"Langenselbold, Stadt";"Gemeinden";"23.319,56";"25.517,64";"26.586,54";"30.628,45"
"06435018";"Linsengericht";"Gemeinden";"23.530,76";"25.608,92";"27.274,70";"31.353,05"
"06435019";"Maintal, Stadt";"Gemeinden";"22.336,45";"24.203,67";"25.469,97";"29.554,91"
"06435020";"Neuberg";"Gemeinden";"25.649,71";"27.589,40";"28.566,56";"33.075,57"
"06435021";"Nidderau, Stadt";"Gemeinden";"24.327,15";"26.383,43";"28.319,53";"32.582,78"
"06435022";"Niederdorfelden";"Gemeinden";"25.120,82";"26.535,38";"27.492,97";"32.127,53"
"06435023";"Rodenbach";"Gemeinden";"23.921,89";"25.649,44";"26.815,00";"30.683,10"
"06435024";"Ronneburg";"Gemeinden";"23.653,13";"26.040,43";"27.236,64";"31.370,58"
"06435025";"Schlüchtern, Stadt";"Gemeinden";"21.510,67";"23.982,51";"25.490,39";"29.374,20"
"06435026";"Schöneck";"Gemeinden";"25.166,03";"27.245,80";"28.438,00";"33.042,71"
"06435027";"Sinntal";"Gemeinden";"20.321,74";"22.574,90";"24.512,08";"28.280,91"
"06435028";"Steinau an der Straße, Brüder-Grimm-Stadt";"Gemeinden";"20.716,77";"23.046,13";"25.115,75";"28.939,53"
"06435029";"Wächtersbach, Stadt";"Gemeinden";"20.915,46";"23.101,48";"24.576,89";"28.183,21"
"06435200";"Gutsbezirk Spessart, gemfr. Gebiet";"Gemeinden";;;;
"06436001";"Bad Soden am Taunus, Stadt";"Gemeinden";"35.772,03";"38.365,93";"39.506,88";"45.332,56"
"06436002";"Eppstein, Stadt";"Gemeinden";"28.321,28";"30.728,68";"31.786,60";"36.300,65"
"06436003";"Eschborn, Stadt";"Gemeinden";"27.658,64";"29.729,41";"30.700,11";"35.253,35"
"06436004";"Flörsheim am Main, Stadt";"Gemeinden";"24.017,95";"25.627,39";"26.651,96";"30.654,03"
"06436005";"Hattersheim am Main, Stadt";"Gemeinden";"23.369,38";"25.369,07";"26.738,22";"30.968,90"
"06436006";"Hochheim am Main, Stadt";"Gemeinden";"24.905,78";"27.166,89";"29.179,63";"33.588,38"
"06436007";"Hofheim am Taunus, Kreisstadt";"Gemeinden";"29.483,73";"31.866,05";"32.880,69";"37.859,67"
"06436008";"Kelkheim (Taunus), Stadt";"Gemeinden";"29.998,43";"32.515,58";"33.522,54";"38.426,89"
"06436009";"Kriftel";"Gemeinden";"26.491,38";"28.704,00";"29.603,06";"33.868,23"
"06436010";"Liederbach am Taunus";"Gemeinden";"27.755,53";"30.069,54";"31.044,36";"35.599,69"
"06436011";"Schwalbach am Taunus, Stadt";"Gemeinden";"27.395,16";"29.493,97";"30.235,73";"34.794,36"
"06436012";"Sulzbach (Taunus)";"Gemeinden";"27.773,69";"30.271,22";"31.382,44";"36.185,83"
"06437001";"Bad König, Stadt";"Gemeinden";"21.405,36";"24.056,87";"25.723,88";"29.547,80"
"06437003";"Brensbach";"Gemeinden";"22.352,32";"24.170,08";"26.218,44";"30.054,34"
"06437004";"Breuberg, Stadt";"Gemeinden";"19.669,20";"21.025,87";"22.554,19";"26.078,50"
"06437005";"Brombachtal";"Gemeinden";"21.287,26";"24.031,24";"26.121,44";"30.482,17"
"06437006";"Erbach, Kreisstadt";"Gemeinden";"20.386,19";"23.418,19";"24.652,37";"28.281,59"
"06437007";"Fränkisch-Crumbach";"Gemeinden";"22.619,35";"24.832,61";"27.101,18";"31.395,18"
"06437009";"Höchst i. Odw.";"Gemeinden";"20.517,08";"22.482,06";"24.145,58";"27.960,88"
"06437010";"Lützelbach";"Gemeinden";"19.422,03";"21.623,19";"23.696,31";"27.029,47"
"06437011";"Michelstadt, Stadt";"Gemeinden";"20.787,65";"23.280,37";"24.843,48";"28.571,18"
"06437012";"Mossautal";"Gemeinden";"21.209,09";"24.177,28";"26.137,89";"29.981,90"
"06437013";"Reichelsheim (Odenwald)";"Gemeinden";"20.887,54";"23.371,33";"25.012,13";"28.895,17"
"06437016";"Oberzent, Stadt";"Gemeinden";"20.495,55";;"25.127,88";"28.803,47"
"06438001";"Dietzenbach, Kreisstadt";"Gemeinden";"21.921,45";"23.769,02";"24.615,94";"28.620,94"
"06438002";"Dreieich, Stadt";"Gemeinden";"28.188,48";"30.389,58";"31.823,97";"36.868,53"
"06438003";"Egelsbach";"Gemeinden";"25.320,54";"27.745,40";"29.139,42";"33.638,04"
"06438004";"Hainburg";"Gemeinden";"22.366,61";"24.393,37";"25.835,28";"29.911,89"
"06438005";"Heusenstamm, Stadt";"Gemeinden";"26.702,26";"28.984,87";"30.595,09";"35.508,48"
"06438006";"Langen (Hessen), Stadt";"Gemeinden";"24.571,59";"26.456,81";"27.671,52";"32.111,32"
"06438007";"Mainhausen";"Gemeinden";"23.593,34";"26.381,53";"27.572,24";"31.817,11"
"06438008";"Mühlheim am Main, Stadt";"Gemeinden";"23.361,16";"25.268,80";"26.193,74";"30.446,03"
"06438009";"Neu-Isenburg, Stadt";"Gemeinden";"24.919,62";"26.773,19";"27.855,49";"32.197,91"
"06438010";"Obertshausen, Stadt";"Gemeinden";"23.739,85";"25.627,27";"26.654,55";"30.854,59"
"06438011";"Rodgau, Stadt";"Gemeinden";"23.670,83";"25.530,23";"26.865,18";"31.176,02"
"06438012";"Rödermark, Stadt";"Gemeinden";"25.529,91";"27.485,55";"28.681,90";"33.492,40"
"06438013";"Seligenstadt, Einhardstadt";"Gemeinden";"24.455,02";"26.604,39";"28.397,82";"33.084,37"
"06439001";"Aarbergen";"Gemeinden";"21.485,22";"23.284,39";"25.136,62";"28.872,08"
"06439002";"Bad Schwalbach, Kreisstadt";"Gemeinden";"23.133,50";"24.977,08";"26.472,77";"30.509,12"
"06439003";"Eltville am Rhein, Stadt";"Gemeinden";"26.122,50";"29.021,56";"30.264,06";"34.807,88"
"06439004";"Geisenheim, Hochschulstadt";"Gemeinden";"22.544,30";"25.107,95";"26.997,32";"31.191,08"
"06439005";"Heidenrod";"Gemeinden";"22.443,57";"24.401,13";"26.546,15";"30.364,46"
"06439006";"Hohenstein";"Gemeinden";"23.751,70";"25.526,73";"27.401,91";"31.392,13"
"06439007";"Hünstetten";"Gemeinden";"25.465,26";"28.356,68";"30.493,24";"35.355,48"
"06439008";"Idstein, Hochschulstadt";"Gemeinden";"26.474,92";"28.621,57";"30.826,43";"35.533,60"
"06439009";"Kiedrich";"Gemeinden";"24.718,98";"27.525,86";"29.920,32";"34.021,64"
"06439010";"Lorch, Stadt";"Gemeinden";"20.679,60";"23.061,06";"24.436,12";"28.161,30"
"06439011";"Niedernhausen";"Gemeinden";"28.137,04";"29.975,84";"31.624,46";"36.407,04"
"06439012";"Oestrich-Winkel, Stadt";"Gemeinden";"23.157,30";"25.223,65";"27.197,90";"31.347,42"
"06439013";"Rüdesheim am Rhein, Stadt";"Gemeinden";"20.099,97";"22.207,61";"24.056,47";"27.733,61"
"06439014";"Schlangenbad";"Gemeinden";"28.515,32";"30.114,10";"31.614,11";"35.932,68"
"06439015";"Taunusstein, Stadt";"Gemeinden";"24.909,17";"26.873,91";"28.589,11";"32.801,30"
"06439016";"Waldems";"Gemeinden";"23.908,70";"26.390,50";"28.493,88";"32.950,27"
"06439017";"Walluf";"Gemeinden";"27.026,82";"29.077,69";"31.281,86";"35.671,35"
"06440001";"Altenstadt";"Gemeinden";"22.377,26";"25.011,81";"26.426,02";"30.857,48"
"06440002";"Bad Nauheim, Stadt";"Gemeinden";"24.728,28";"27.531,63";"29.338,33";"33.839,86"
"06440003";"Bad Vilbel, Stadt";"Gemeinden";"27.636,88";"30.240,30";"31.587,29";"36.567,26"
"06440004";"Büdingen, Stadt";"Gemeinden";"21.112,37";"23.708,54";"25.747,84";"29.491,51"
"06440005";"Butzbach, Friedrich-Ludwig-Weidig-Stadt";"Gemeinden";"21.797,10";"24.697,36";"26.333,66";"30.197,45"
"06440006";"Echzell";"Gemeinden";"20.684,77";"23.121,40";"24.728,75";"28.606,37"
"06440007";"Florstadt, Stadt";"Gemeinden";"22.087,74";"24.378,14";"25.917,01";"30.049,21"
"06440008";"Friedberg (Hessen), Kreisstadt";"Gemeinden";"22.271,98";"24.550,49";"25.839,29";"29.812,46"
"06440009";"Gedern, Stadt";"Gemeinden";"20.230,15";"22.662,48";"24.491,77";"28.151,19"
"06440010";"Glauburg";"Gemeinden";"20.992,14";"23.429,02";"25.594,83";"29.517,29"
"06440011";"Hirzenhain";"Gemeinden";"19.545,54";"21.535,50";"23.255,71";"26.650,30"
"06440012";"Karben, Stadt";"Gemeinden";"24.875,38";"27.164,40";"28.336,10";"32.734,08"
"06440013";"Kefenrod";"Gemeinden";"19.641,62";"22.124,05";"24.013,59";"27.779,05"
"06440014";"Limeshain";"Gemeinden";"22.701,47";"24.813,21";"26.380,84";"30.203,98"
"06440015";"Münzenberg, Stadt";"Gemeinden";"22.873,50";"25.375,63";"27.276,42";"31.628,32"
"06440016";"Nidda, Stadt";"Gemeinden";"20.345,52";"22.912,08";"24.830,32";"28.602,86"
"06440017";"Niddatal, Stadt";"Gemeinden";"24.521,40";"26.568,84";"27.931,92";"32.206,92"
"06440018";"Ober-Mörlen";"Gemeinden";"24.144,11";"27.106,13";"28.249,05";"32.922,30"
"06440019";"Ortenberg, Stadt";"Gemeinden";"20.568,12";"22.924,22";"24.781,69";"28.559,35"
"06440020";"Ranstadt";"Gemeinden";"21.242,78";"24.094,03";"25.955,91";"30.126,64"
"06440021";"Reichelsheim (Wetterau), Stadt";"Gemeinden";"22.280,84";"24.348,66";"26.582,89";"30.636,30"
"06440022";"Rockenberg";"Gemeinden";"23.514,50";"25.658,47";"27.543,31";"31.489,86"
"06440023";"Rosbach v. d. Höhe, Stadt";"Gemeinden";"25.643,08";"28.360,83";"29.844,88";"34.313,23"
"06440024";"Wölfersheim";"Gemeinden";"21.279,03";"23.791,93";"25.611,42";"29.477,29"
"06440025";"Wöllstadt";"Gemeinden";"23.354,60";"25.280,93";"26.612,41";"30.987,13"
"06531001";"Allendorf (Lumda), Stadt";"Gemeinden";"21.989,58";"24.490,89";"26.486,71";"30.327,10"
"06531002";"Biebertal";"Gemeinden";"22.845,39";"25.477,45";"26.797,31";"30.970,63"
"06531003";"Buseck";"Gemeinden";"22.648,53";"25.220,13";"26.667,62";"30.634,89"
"06531004";"Fernwald";"Gemeinden";"22.782,38";"25.089,15";"26.758,28";"31.120,40"
"06531005";"Gießen, Universitätsstadt";"Gemeinden";"18.411,87";"20.070,08";"21.068,12";"24.333,15"
"06531006";"Grünberg, Stadt";"Gemeinden";"21.409,91";"23.975,75";"26.016,69";"30.181,80"
"06531007";"Heuchelheim a. d. Lahn";"Gemeinden";"21.727,45";"24.138,47";"25.552,08";"29.488,17"
"06531008";"Hungen, Stadt";"Gemeinden";"21.409,45";"24.005,29";"25.940,56";"29.980,51"
"06531009";"Langgöns";"Gemeinden";"22.753,39";"25.158,52";"27.082,87";"31.070,49"
"06531010";"Laubach, Stadt";"Gemeinden";"20.691,62";"23.424,28";"25.208,54";"28.939,45"
"06531011";"Lich, Stadt";"Gemeinden";"22.736,48";"25.488,74";"27.174,78";"31.417,49"
"06531012";"Linden, Stadt";"Gemeinden";"22.325,84";"24.900,35";"26.007,55";"29.828,92"
"06531013";"Lollar, Stadt";"Gemeinden";"19.970,18";"22.186,25";"23.801,93";"27.567,53"
"06531014";"Pohlheim, Stadt";"Gemeinden";"20.798,58";"23.032,37";"24.963,39";"28.988,51"
"06531015";"Rabenau";"Gemeinden";"20.926,10";"23.330,49";"25.176,62";"28.985,41"
"06531016";"Reiskirchen";"Gemeinden";"21.258,41";"23.725,28";"25.512,58";"29.614,90"
"06531017";"Staufenberg, Stadt";"Gemeinden";"21.709,25";"24.397,54";"26.282,72";"30.189,25"
"06531018";"Wettenberg";"Gemeinden";"24.256,15";"26.937,99";"28.563,22";"32.746,90"
"06532001";"Aßlar, Stadt";"Gemeinden";"20.714,25";"23.090,37";"25.010,64";"28.876,45"
"06532002";"Bischoffen";"Gemeinden";"21.573,18";"23.892,62";"25.701,01";"29.943,51"
"06532003";"Braunfels, Stadt";"Gemeinden";"22.492,26";"25.307,98";"27.124,37";"31.136,65"
"06532004";"Breitscheid";"Gemeinden";"20.515,94";"22.949,70";"24.940,16";"28.675,61"
"06532005";"Dietzhölztal";"Gemeinden";"26.434,93";"30.699,95";"31.393,33";"35.873,53"
"06532006";"Dillenburg, Oranienstadt";"Gemeinden";"21.229,91";"22.960,28";"24.491,67";"28.046,82"
"06532007";"Driedorf";"Gemeinden";"21.097,46";"23.501,67";"25.361,15";"29.080,97"
"06532008";"Ehringshausen";"Gemeinden";"20.845,51";"23.210,08";"24.814,99";"28.399,39"
"06532009";"Eschenburg";"Gemeinden";"20.732,73";"22.770,41";"24.513,04";"28.043,49"
"06532010";"Greifenstein";"Gemeinden";"19.804,19";"22.382,92";"24.374,69";"28.258,02"
"06532011";"Haiger, Stadt";"Gemeinden";"21.115,61";"23.099,71";"24.784,52";"28.408,97"
"06532012";"Herborn, Stadt";"Gemeinden";"21.473,50";"23.571,72";"25.592,75";"29.256,26"
"06532013";"Hohenahr";"Gemeinden";"21.646,81";"24.220,78";"26.340,09";"30.249,12"
"06532014";"Hüttenberg";"Gemeinden";"23.213,06";"25.569,70";"27.068,97";"31.026,70"
"06532015";"Lahnau";"Gemeinden";"22.730,68";"25.091,60";"27.536,18";"31.651,76"
"06532016";"Leun, Stadt";"Gemeinden";"19.947,28";"22.346,44";"24.307,91";"27.918,67"
"06532017";"Mittenaar";"Gemeinden";"21.298,04";"23.724,15";"25.790,69";"29.487,35"
"06532018";"Schöffengrund";"Gemeinden";"22.226,47";"24.570,61";"26.524,67";"30.531,58"
"06532019";"Siegbach";"Gemeinden";"20.188,46";"22.387,15";"24.125,22";"27.383,84"
"06532020";"Sinn";"Gemeinden";"21.201,79";"23.210,77";"24.854,50";"28.662,82"
"06532021";"Solms, Stadt";"Gemeinden";"21.080,39";"23.205,46";"25.317,97";"28.987,41"
"06532022";"Waldsolms";"Gemeinden";"21.781,74";"24.597,07";"26.635,18";"30.535,73"
"06532023";"Wetzlar, Stadt";"Gemeinden";"21.176,16";"23.107,05";"25.232,83";"29.125,79"
"06533001";"Beselich";"Gemeinden";"20.264,70";"22.762,50";"24.685,46";"28.534,88"
"06533002";"Brechen";"Gemeinden";"21.858,62";"24.583,80";"26.405,81";"30.496,43"
"06533003";"Bad Camberg, Stadt";"Gemeinden";"23.950,84";"26.943,73";"28.649,12";"33.334,94"
"06533004";"Dornburg";"Gemeinden";"20.366,44";"23.090,50";"25.105,38";"29.136,23"
"06533005";"Elbtal";"Gemeinden";"18.964,82";"22.007,63";"24.289,08";"27.849,86"
"06533006";"Elz";"Gemeinden";"22.346,53";"25.144,50";"27.217,12";"31.206,32"
"06533007";"Hadamar, Stadt";"Gemeinden";"19.595,49";"22.323,71";"24.452,69";"28.180,56"
"06533008";"Hünfelden";"Gemeinden";"22.364,41";"25.294,48";"27.187,74";"31.352,83"
"06533009";"Limburg a. d. Lahn, Kreisstadt";"Gemeinden";"21.869,71";"24.010,34";"25.957,58";"29.959,12"
"06533010";"Löhnberg";"Gemeinden";"20.451,48";"23.127,73";"24.996,83";"29.279,62"
"06533011";"Mengerskirchen, Marktflecken";"Gemeinden";"19.913,77";"22.497,78";"24.456,29";"28.441,26"
"06533012";"Merenberg, Marktflecken";"Gemeinden";"20.122,56";"22.686,37";"24.665,94";"28.936,38"
"06533013";"Runkel, Stadt";"Gemeinden";"21.247,79";"23.933,69";"25.661,10";"29.465,31"
"06533014";"Selters (Taunus)";"Gemeinden";"20.778,33";"23.587,85";"25.485,12";"29.713,45"
"06533015";"Villmar, Marktflecken";"Gemeinden";"21.699,88";"24.400,96";"26.546,03";"30.598,08"
"06533016";"Waldbrunn (Westerwald)";"Gemeinden";"19.388,33";"22.068,08";"23.940,57";"27.953,70"
"06533017";"Weilburg, Stadt";"Gemeinden";"21.274,44";"23.807,82";"25.578,07";"29.805,02"
"06533018";"Weilmünster, Marktflecken";"Gemeinden";"21.974,79";"24.567,53";"26.430,06";"30.469,10"
"06533019";"Weinbach";"Gemeinden";"20.902,64";"23.410,83";"25.355,33";"29.321,94"
"06534001";"Amöneburg, Stadt";"Gemeinden";"21.130,06";"23.990,69";"26.097,46";"30.873,27"
"06534002";"Angelburg";"Gemeinden";"18.574,31";"20.595,02";"22.191,11";"26.024,97"
"06534003";"Bad Endbach";"Gemeinden";"19.834,41";"22.457,66";"24.309,66";"28.117,28"
"06534004";"Biedenkopf, Stadt";"Gemeinden";"21.719,35";"24.059,34";"25.439,86";"29.573,09"
"06534005";"Breidenbach";"Gemeinden";"21.111,30";"22.806,37";"24.167,59";"28.600,93"
"06534006";"Cölbe";"Gemeinden";"21.260,32";"23.974,78";"25.260,21";"29.458,39"
"06534007";"Dautphetal";"Gemeinden";"21.064,76";"23.429,40";"25.165,27";"29.464,91"
"06534008";"Ebsdorfergrund";"Gemeinden";"20.109,64";"21.762,67";"22.480,31";"26.088,13"
"06534009";"Fronhausen";"Gemeinden";"21.589,80";"24.261,45";"26.314,00";"30.769,39"
"06534010";"Gladenbach, Stadt";"Gemeinden";"20.766,68";"23.209,00";"25.134,94";"29.013,47"
"06534011";"Kirchhain, Stadt";"Gemeinden";"21.809,59";"24.316,73";"26.209,00";"30.524,52"
"06534012";"Lahntal";"Gemeinden";"22.664,96";"24.675,64";"26.675,89";"31.023,40"
"06534013";"Lohra";"Gemeinden";"20.650,21";"23.151,97";"25.044,98";"29.407,52"
"06534014";"Marburg, Universitätsstadt";"Gemeinden";"19.640,44";"21.569,19";"22.556,27";"26.094,15"
"06534015";"Münchhausen";"Gemeinden";"20.260,40";"23.127,73";"25.007,60";"28.900,82"
"06534016";"Neustadt (Hessen), Stadt";"Gemeinden";"18.758,05";"21.219,11";"22.363,63";"25.927,47"
"06534017";"Rauschenberg, Stadt";"Gemeinden";"19.642,20";"22.380,61";"24.599,16";"28.624,77"
"06534018";"Stadtallendorf, Stadt";"Gemeinden";"19.344,11";"21.629,59";"23.080,61";"26.618,86"
"06534019";"Steffenberg";"Gemeinden";"20.091,33";"22.498,18";"23.882,54";"27.848,37"
"06534020";"Weimar (Lahn)";"Gemeinden";"23.031,06";"25.312,18";"27.657,50";"32.090,12"
"06534021";"Wetter (Hessen), Stadt";"Gemeinden";"20.400,34";"22.938,35";"24.684,55";"28.928,31"
"06534022";"Wohratal";"Gemeinden";"21.058,07";"22.953,14";"24.068,40";"27.358,90"
"06535001";"Alsfeld, Stadt";"Gemeinden";"20.270,77";"22.663,24";"24.174,16";"27.945,81"
"06535002";"Antrifttal";"Gemeinden";"19.997,38";"22.484,33";"24.217,47";"28.301,05"
"06535003";"Feldatal";"Gemeinden";"19.884,64";"22.237,23";"24.007,23";"28.145,52"
"06535004";"Freiensteinau";"Gemeinden";"20.252,69";"22.818,18";"24.850,58";"29.108,66"
"06535005";"Gemünden (Felda)";"Gemeinden";"19.727,11";"22.251,84";"23.937,54";"27.721,51"
"06535006";"Grebenau, Stadt";"Gemeinden";"20.350,42";"22.772,57";"24.421,42";"28.780,85"
"06535007";"Grebenhain";"Gemeinden";"21.060,17";"23.676,51";"25.275,99";"29.761,63"
"06535008";"Herbstein, Stadt";"Gemeinden";"19.373,31";"21.481,97";"23.115,71";"26.821,24"
"06535009";"Homberg (Ohm), Stadt";"Gemeinden";"22.421,79";"24.589,31";"25.989,85";"29.916,31"
"06535010";"Kirtorf, Stadt";"Gemeinden";"19.872,68";"22.699,83";"24.386,95";"28.509,94"
"06535011";"Lauterbach (Hessen), Kreisstadt";"Gemeinden";"21.042,91";"23.717,95";"25.294,26";"29.208,78"
"06535012";"Lautertal (Vogelsberg)";"Gemeinden";"20.092,42";"22.834,75";"24.897,85";"28.822,99"
"06535013";"Mücke";"Gemeinden";"20.810,93";"23.236,02";"25.101,16";"29.253,58"
"06535014";"Romrod, Stadt";"Gemeinden";"20.029,43";"22.465,62";"24.524,43";"28.524,94"
"06535015";"Schlitz, Stadt";"Gemeinden";"19.168,53";"21.437,28";"23.354,81";"27.227,69"
"06535016";"Schotten, Stadt";"Gemeinden";"19.765,73";"22.225,75";"24.267,09";"27.957,62"
"06535017";"Schwalmtal";"Gemeinden";"20.578,59";"22.999,47";"24.645,65";"29.373,78"
"06535018";"Ulrichstein, Stadt";"Gemeinden";"20.287,45";"22.494,07";"24.365,79";"28.068,09"
"06535019";"Wartenberg";"Gemeinden";"22.123,32";"24.656,85";"27.174,07";"31.161,99"
"06611000";"Kassel, documenta-Stadt";"Gemeinden";"19.900,30";"22.159,22";"23.634,83";"27.212,63"
"06631001";"Bad Salzschlirf";"Gemeinden";"20.519,14";"22.409,64";"23.830,81";"27.612,85"
"06631002";"Burghaun, Marktgemeinde";"Gemeinden";"20.854,13";"22.912,42";"25.139,59";"28.648,02"
"06631003";"Dipperz";"Gemeinden";"22.082,87";"23.674,32";"25.911,60";"30.352,29"
"06631004";"Ebersburg";"Gemeinden";"21.696,60";"23.958,12";"25.666,35";"29.752,11"
"06631005";"Ehrenberg (Rhön)";"Gemeinden";"18.804,95";"21.175,86";"23.318,48";"26.791,07"
"06631006";"Eichenzell";"Gemeinden";"21.150,27";"23.967,37";"25.109,08";"29.044,81"
"06631007";"Eiterfeld, Marktgemeinde";"Gemeinden";"20.157,88";"22.769,40";"24.972,17";"28.740,79"
"06631008";"Flieden";"Gemeinden";"20.763,41";"23.165,69";"25.030,61";"28.658,90"
"06631009";"Fulda, Stadt";"Gemeinden";"20.857,79";"22.933,32";"24.268,22";"27.916,49"
"06631010";"Gersfeld (Rhön), Stadt";"Gemeinden";"18.900,73";"21.266,34";"23.119,56";"26.590,87"
"06631011";"Großenlüder";"Gemeinden";"21.240,63";"23.911,30";"25.918,16";"29.787,13"
"06631012";"Hilders, Marktgemeinde";"Gemeinden";"19.677,84";"21.882,04";"23.786,88";"27.663,72"
"06631013";"Hofbieber";"Gemeinden";"20.249,75";"22.697,85";"24.492,11";"28.529,48"
"06631014";"Hosenfeld";"Gemeinden";"20.893,04";"23.453,37";"24.962,95";"28.686,81"
"06631015";"Hünfeld, Konrad-Zuse-Stadt";"Gemeinden";"20.968,30";"23.508,79";"25.582,90";"29.165,08"
"06631016";"Kalbach";"Gemeinden";"19.721,32";"22.258,21";"24.274,12";"27.740,66"
"06631017";"Künzell";"Gemeinden";"22.441,89";"25.322,72";"26.873,24";"31.187,09"
"06631018";"Neuhof";"Gemeinden";"20.077,15";"22.467,66";"24.278,45";"28.007,10"
"06631019";"Nüsttal";"Gemeinden";"19.135,99";"21.846,66";"24.015,70";"27.472,06"
"06631020";"Petersberg";"Gemeinden";"23.080,43";"25.294,75";"27.740,04";"31.808,60"
"06631021";"Poppenhausen (Wasserkuppe)";"Gemeinden";"21.813,97";"24.221,71";"26.630,40";"30.890,93"
"06631022";"Rasdorf, Point-Alpha-Gemeinde";"Gemeinden";"20.558,50";"22.635,67";"25.001,60";"28.965,62"
"06631023";"Tann (Rhön), Stadt";"Gemeinden";"18.893,97";"21.162,61";"22.486,15";"26.084,06"
"06632001";"Alheim";"Gemeinden";"19.302,56";"21.991,86";"24.044,35";"27.839,37"
"06632002";"Bad Hersfeld, Kreisstadt";"Gemeinden";"20.748,09";"22.826,77";"24.637,57";"28.530,11"
"06632003";"Bebra, Stadt";"Gemeinden";"18.988,92";"21.259,40";"23.225,61";"26.844,88"
"06632004";"Breitenbach a. Herzberg";"Gemeinden";"17.892,05";"20.376,32";"22.312,54";"25.791,88"
"06632005";"Cornberg";"Gemeinden";"17.647,05";"20.081,48";"21.473,92";"24.733,56"
"06632006";"Friedewald";"Gemeinden";"22.367,91";"24.374,40";"25.666,65";"29.682,65"
"06632007";"Hauneck";"Gemeinden";"20.029,77";"22.479,98";"24.233,90";"27.848,90"
"06632008";"Haunetal";"Gemeinden";"20.107,50";"22.768,87";"24.455,04";"28.662,90"
"06632009";"Heringen (Werra), Stadt";"Gemeinden";"19.631,15";"21.444,43";"22.796,57";"26.319,10"
"06632010";"Hohenroda";"Gemeinden";"20.099,48";"21.984,18";"23.560,61";"27.295,24"
"06632011";"Kirchheim";"Gemeinden";"20.170,40";"22.205,06";"23.902,61";"27.841,33"
"06632012";"Ludwigsau";"Gemeinden";"20.218,34";"22.760,57";"24.435,49";"28.186,27"
"06632013";"Nentershausen";"Gemeinden";"19.235,17";"21.643,45";"23.634,46";"27.666,25"
"06632014";"Neuenstein";"Gemeinden";"19.568,50";"21.617,31";"23.242,29";"26.886,99"
"06632015";"Niederaula, Marktgemeinde";"Gemeinden";"20.109,01";"23.073,48";"24.589,44";"28.508,24"
"06632016";"Philippsthal (Werra), Marktgemeinde";"Gemeinden";"20.542,86";"22.365,34";"23.497,31";"26.874,95"
"06632017";"Ronshausen";"Gemeinden";"20.875,07";"23.416,40";"25.073,54";"29.676,94"
"06632018";"Rotenburg a. d. Fulda, Stadt";"Gemeinden";"20.681,02";"23.047,05";"25.190,85";"29.126,21"
"06632019";"Schenklengsfeld";"Gemeinden";"20.194,94";"22.681,84";"25.032,10";"28.855,74"
"06632020";"Wildeck";"Gemeinden";"20.483,04";"22.763,37";"24.355,44";"28.128,62"
"06633001";"Ahnatal";"Gemeinden";"24.456,59";"26.936,88";"28.297,86";"33.040,35"
"06633002";"Bad Karlshafen, Stadt";"Gemeinden";"19.948,49";"22.106,73";"24.103,11";"27.599,42"
"06633003";"Baunatal, Stadt";"Gemeinden";"21.407,01";"24.281,07";"26.385,07";"30.455,81"
"06633004";"Breuna";"Gemeinden";"19.973,47";"22.294,38";"24.131,87";"28.087,29"
"06633005";"Calden";"Gemeinden";"20.915,95";"23.807,26";"25.730,45";"29.577,90"
"06633006";"Bad Emstal";"Gemeinden";"20.410,70";"23.035,29";"25.103,40";"29.031,29"
"06633007";"Espenau";"Gemeinden";"21.709,91";"23.946,91";"25.593,56";"29.362,90"
"06633008";"Fuldabrück";"Gemeinden";"23.443,98";"25.341,99";"27.486,30";"31.552,30"
"06633009";"Fuldatal";"Gemeinden";"21.163,29";"23.830,14";"25.888,67";"29.780,70"
"06633010";"Grebenstein, Stadt";"Gemeinden";"20.404,06";"23.077,09";"25.099,55";"29.192,00"
"06633011";"Habichtswald";"Gemeinden";"22.805,93";"25.492,37";"27.708,34";"31.976,37"
"06633012";"Helsa";"Gemeinden";"20.277,52";"22.816,93";"24.533,62";"28.366,40"
"06633013";"Hofgeismar, Stadt";"Gemeinden";"19.812,65";"22.378,44";"24.496,44";"28.480,12"
"06633014";"Immenhausen, Stadt";"Gemeinden";"20.846,22";"23.459,79";"25.162,97";"29.170,83"
"06633015";"Kaufungen";"Gemeinden";"22.442,91";"25.463,06";"26.721,76";"30.846,06"
"06633016";"Liebenau, Stadt";"Gemeinden";"18.610,42";"21.099,96";"23.253,35";"26.903,08"
"06633017";"Lohfelden";"Gemeinden";"20.582,69";"23.382,69";"24.559,13";"28.405,45"
"06633018";"Naumburg, Stadt";"Gemeinden";"19.820,24";"22.369,56";"24.562,88";"28.535,92"
"06633019";"Nieste";"Gemeinden";"23.015,78";"25.894,23";"27.119,27";"31.764,12"
"06633020";"Niestetal";"Gemeinden";"23.185,20";"25.260,60";"26.493,31";"30.839,10"
"06633022";"Reinhardshagen";"Gemeinden";"19.982,29";"22.625,84";"24.707,77";"28.580,00"
"06633023";"Schauenburg";"Gemeinden";"21.693,99";"24.365,66";"26.359,24";"30.410,40"
"06633024";"Söhrewald";"Gemeinden";"21.422,30";"24.247,84";"25.949,44";"30.192,63"
"06633025";"Trendelburg, Stadt";"Gemeinden";"19.506,86";"22.246,00";"24.420,55";"28.629,96"
"06633026";"Vellmar, Stadt";"Gemeinden";"22.312,82";"25.020,14";"26.574,69";"30.911,64"
"06633028";"Wolfhagen, Hans-Staden-Stadt";"Gemeinden";"19.937,47";"22.554,95";"24.428,18";"28.264,10"
"06633029";"Zierenberg, Stadt";"Gemeinden";"21.903,63";"24.522,20";"26.091,85";"30.265,73"
"06633030";"Wesertal";"Gemeinden";"19.481,10";"21.939,88";"24.101,74";"27.739,92"
"06633200";"Gutsbezirk Reinhardswald, gemfr. Gebiet";"Gemeinden";;;;
"06634001";"Borken (Hessen), Stadt";"Gemeinden";"19.426,34";"21.894,86";"23.699,78";"27.388,51"
"06634002";"Edermünde";"Gemeinden";"21.916,48";"24.753,38";"26.475,71";"30.869,58"
"06634003";"Felsberg, Stadt";"Gemeinden";"21.092,54";"23.631,25";"24.806,62";"28.558,20"
"06634004";"Frielendorf, Marktflecken";"Gemeinden";"18.581,83";"21.216,55";"23.269,24";"26.993,98"
"06634005";"Fritzlar, Dom- und Kaiserstadt";"Gemeinden";"20.714,54";"23.424,92";"24.948,22";"28.951,19"
"06634006";"Gilserberg";"Gemeinden";"18.899,63";"21.540,02";"23.701,45";"27.438,82"
"06634007";"Gudensberg, Stadt";"Gemeinden";"20.957,85";"23.729,98";"25.213,29";"29.198,55"
"06634008";"Guxhagen";"Gemeinden";"22.014,88";"24.953,02";"26.078,74";"30.250,28"
"06634009";"Homberg (Efze), Reformationsstadt, Kreisstadt";"Gemeinden";"19.627,93";"22.105,46";"24.098,28";"27.781,92"
"06634010";"Jesberg";"Gemeinden";"18.296,62";"20.689,85";"22.629,80";"26.205,80"
"06634011";"Knüllwald";"Gemeinden";"19.997,17";"22.765,18";"24.968,40";"28.750,55"
"06634012";"Körle";"Gemeinden";"22.349,57";"25.143,63";"27.224,94";"31.364,59"
"06634013";"Malsfeld";"Gemeinden";"21.101,47";"23.578,93";"24.739,05";"28.682,18"
"06634014";"Melsungen, Stadt";"Gemeinden";"23.369,13";"25.564,16";"27.480,80";"31.549,32"
"06634015";"Morschen";"Gemeinden";"19.825,95";"22.461,68";"24.409,41";"28.427,32"
"06634016";"Neuental";"Gemeinden";"19.024,51";"21.462,63";"23.504,62";"27.096,02"
"06634017";"Neukirchen, Stadt";"Gemeinden";"18.848,06";"21.413,19";"23.360,88";"26.952,30"
"06634018";"Niedenstein, Stadt";"Gemeinden";"21.555,48";"24.018,18";"26.148,73";"30.285,63"
"06634019";"Oberaula";"Gemeinden";"18.995,15";"21.691,87";"23.666,29";"27.487,64"
"06634020";"Ottrau";"Gemeinden";"18.191,29";"20.686,70";"22.669,06";"25.883,98"
"06634021";"Schrecksbach";"Gemeinden";"18.313,70";"20.935,18";"23.079,10";"26.338,00"
"06634022";"Schwalmstadt, Konfirmationsstadt";"Gemeinden";"19.059,01";"21.515,89";"23.363,72";"26.980,75"
"06634023";"Schwarzenborn, Stadt";"Gemeinden";"17.173,35";"19.379,47";"21.129,75";"24.233,43"
"06634024";"Spangenberg, Liebenbachstadt";"Gemeinden";"22.363,21";"24.273,29";"25.190,86";"29.272,38"
"06634025";"Wabern";"Gemeinden";"19.414,10";"22.004,73";"23.930,73";"27.729,40"
"06634026";"Willingshausen";"Gemeinden";"19.721,22";"22.305,63";"24.427,52";"28.176,35"
"06634027";"Bad Zwesten";"Gemeinden";"19.334,96";"21.928,07";"23.763,77";"27.587,77"
"06635001";"Allendorf (Eder)";"Gemeinden";"19.742,33";"22.051,28";"24.137,37";"28.380,33"
"06635002";"Bad Arolsen, Stadt";"Gemeinden";"20.361,01";"22.867,01";"24.288,10";"28.157,28"
"06635003";"Bad Wildungen, Stadt";"Gemeinden";"19.887,88";"22.529,89";"24.422,38";"28.251,82"
"06635004";"Battenberg (Eder), Stadt";"Gemeinden";"25.446,97";"27.027,30";"28.157,54";"32.539,81"
"06635006";"Burgwald";"Gemeinden";"20.637,95";"23.493,92";"25.559,75";"29.740,96"
"06635007";"Diemelsee";"Gemeinden";"19.480,25";"21.877,49";"24.185,26";"27.918,90"
"06635008";"Diemelstadt, Stadt";"Gemeinden";"19.986,60";"22.661,82";"24.383,98";"28.027,77"
"06635009";"Edertal, Nationalparkgemeinde";"Gemeinden";"19.629,73";"22.370,00";"24.324,39";"27.819,82"
"06635010";"Frankenau, Nationalparkstadt";"Gemeinden";"19.153,65";"21.485,53";"23.567,41";"27.321,88"
"06635011";"Frankenberg (Eder), Philipp-Soldan-Stadt";"Gemeinden";"20.259,91";"22.769,54";"24.794,19";"28.608,36"
"06635012";"Gemünden (Wohra), Stadt";"Gemeinden";"19.557,10";"22.107,18";"23.983,38";"27.639,57"
"06635013";"Haina (Kloster)";"Gemeinden";"19.528,19";"22.329,41";"24.325,18";"27.818,24"
"06635014";"Hatzfeld (Eder), Stadt";"Gemeinden";"19.813,45";"22.483,73";"24.203,91";"27.675,23"
"06635015";"Korbach, Hansestadt, Kreisstadt";"Gemeinden";"20.478,25";"23.046,66";"24.936,22";"28.561,91"
"06635016";"Lichtenfels, Stadt";"Gemeinden";"19.970,61";"22.341,49";"23.999,39";"27.566,48"
"06635017";"Rosenthal, Stadt";"Gemeinden";"20.594,26";"23.342,37";"25.443,09";"29.268,40"
"06635018";"Twistetal";"Gemeinden";"19.627,29";"21.994,00";"24.040,93";"27.897,89"
"06635019";"Vöhl, Nationalparkgemeinde";"Gemeinden";"18.593,61";"21.205,73";"23.292,48";"26.803,28"
"06635020";"Volkmarsen, Stadt";"Gemeinden";"20.099,01";"22.381,75";"24.146,75";"27.681,81"
"06635021";"Waldeck, Nationalparkstadt";"Gemeinden";"19.896,89";"22.384,15";"24.329,71";"28.318,68"
"06635022";"Willingen (Upland)";"Gemeinden";"20.580,45";"22.964,40";"24.878,27";"28.831,60"
"06636001";"Bad Sooden-Allendorf, Stadt";"Gemeinden";"19.593,20";"22.188,05";"24.017,67";"27.498,79"
"06636002";"Berkatal";"Gemeinden";"20.393,81";"23.067,74";"24.725,45";"28.843,09"
"06636003";"Eschwege, Kreisstadt";"Gemeinden";"19.581,62";"22.046,74";"23.803,98";"27.506,36"
"06636004";"Großalmerode, Stadt";"Gemeinden";"20.040,61";"22.460,69";"24.112,81";"28.233,18"
"06636005";"Herleshausen";"Gemeinden";"19.885,28";"22.258,97";"24.235,42";"28.082,53"
"06636006";"Hessisch Lichtenau, Stadt";"Gemeinden";"19.660,28";"22.103,20";"23.872,29";"27.580,10"
"06636007";"Meinhard";"Gemeinden";"20.122,16";"22.827,30";"24.841,95";"28.453,07"
"06636008";"Meißner";"Gemeinden";"20.322,26";"22.752,13";"24.708,01";"28.411,22"
"06636009";"Neu-Eichenberg";"Gemeinden";"21.048,71";"23.779,72";"25.514,95";"29.043,17"
"06636010";"Ringgau";"Gemeinden";"19.622,57";"22.149,06";"23.732,73";"27.378,52"
"06636011";"Sontra, Stadt";"Gemeinden";"18.749,48";"21.071,13";"22.851,24";"26.421,66"
"06636012";"Waldkappel, Stadt";"Gemeinden";"20.110,70";"22.812,52";"24.569,51";"28.615,76"
"06636013";"Wanfried, Stadt";"Gemeinden";"19.202,22";"21.619,33";"23.352,15";"26.939,59"
"06636014";"Wehretal";"Gemeinden";"20.128,59";"22.748,09";"24.820,96";"29.315,71"
"06636015";"Weißenborn";"Gemeinden";"17.672,83";"19.986,73";"21.189,34";"24.317,63"
"06636016";"Witzenhausen, Stadt";"Gemeinden";"20.502,47";"22.920,02";"24.332,99";"28.200,18"
"06636200";"Gutsbezirk Kaufunger Wald, gemfr. Gebiet";"Gemeinden";;;;
"07111000";"Koblenz, Stadt";"Gemeinden";"22.435,86";"24.302,61";"25.707,30";"29.594,65"
"07131001";"Adenau, Stadt";"Gemeinden";"20.320,77";"22.482,92";"24.399,36";"28.321,84"
"07131002";"Ahrbrück";"Gemeinden";"19.879,73";"22.697,35";"25.075,79";"28.473,82"
"07131003";"Altenahr";"Gemeinden";"21.424,67";"22.928,31";"24.389,56";"27.987,88"
"07131004";"Antweiler";"Gemeinden";"19.885,56";"22.408,41";"24.365,56";"28.637,66"
"07131005";"Aremberg";"Gemeinden";"20.913,96";"22.840,53";"25.413,62";"29.766,96"
"07131006";"Bad Breisig, Stadt";"Gemeinden";"22.018,20";"23.829,34";"25.510,40";"29.468,55"
"07131007";"Bad Neuenahr-Ahrweiler, Stadt";"Gemeinden";"22.953,87";"25.026,00";"26.532,69";"30.793,47"
"07131008";"Barweiler";"Gemeinden";"18.913,66";"21.674,61";"23.490,67";"26.868,63"
"07131009";"Bauler";"Gemeinden";"17.078,30";"18.105,81";"20.206,72";"23.042,83"
"07131011";"Berg";"Gemeinden";"21.499,85";"24.344,01";"26.705,74";"31.406,35"
"07131014";"Brohl-Lützing";"Gemeinden";"20.309,68";"22.646,13";"24.413,56";"28.336,13"
"07131015";"Dankerath";"Gemeinden";"18.422,99";"19.813,37";"21.681,51";"24.812,23"
"07131016";"Dedenbach";"Gemeinden";"20.541,42";"23.285,24";"25.215,36";"29.720,60"
"07131017";"Dernau";"Gemeinden";"21.152,50";"23.610,43";"25.569,54";"30.426,49"
"07131018";"Dorsel";"Gemeinden";"21.633,22";"22.787,99";"24.206,09";"28.201,01"
"07131021";"Eichenbach";"Gemeinden";"20.387,06";"22.660,39";"25.678,29";"29.920,44"
"07131022";"Fuchshofen";"Gemeinden";"19.705,36";"21.860,22";"23.753,82";"27.405,20"
"07131025";"Gönnersdorf";"Gemeinden";"19.236,67";"21.667,32";"23.908,78";"27.568,18"
"07131026";"Harscheid";"Gemeinden";"24.291,78";"27.527,77";"30.242,49";"35.349,67"
"07131027";"Heckenbach";"Gemeinden";"19.013,36";"21.295,49";"23.731,59";"27.750,95"
"07131028";"Herschbroich";"Gemeinden";"18.713,58";"20.802,82";"22.747,32";"25.942,07"
"07131029";"Hönningen";"Gemeinden";"22.018,05";"24.475,84";"26.766,79";"31.211,80"
"07131030";"Hoffeld";"Gemeinden";"19.353,31";"21.339,98";"24.028,97";"27.847,82"
"07131032";"Honerath";"Gemeinden";"18.607,56";"20.267,84";"22.444,89";"25.996,63"
"07131033";"Hümmel";"Gemeinden";"21.228,89";"24.092,30";"26.589,09";"31.355,76"
"07131034";"Insul";"Gemeinden";"19.120,81";"21.048,46";"23.126,09";"27.456,51"
"07131036";"Kalenborn";"Gemeinden";"24.544,24";"26.651,01";"29.364,49";"34.324,48"
"07131037";"Kaltenborn";"Gemeinden";"19.069,98";"21.242,15";"23.038,52";"26.214,04"
"07131039";"Kesseling";"Gemeinden";"20.446,84";"22.331,70";"23.811,62";"27.670,53"
"07131040";"Kirchsahr";"Gemeinden";"21.494,69";"23.633,01";"25.655,26";"30.099,15"
"07131041";"Königsfeld";"Gemeinden";"20.868,20";"22.997,89";"25.314,23";"29.569,39"
"07131042";"Kottenborn";"Gemeinden";"18.271,10";"20.041,19";"21.164,95";"24.660,61"
"07131044";"Leimbach";"Gemeinden";"19.148,46";"21.709,15";"23.840,50";"28.198,54"
"07131047";"Lind";"Gemeinden";"19.285,71";"21.848,13";"24.004,66";"28.209,03"
"07131049";"Mayschoß";"Gemeinden";"19.373,44";"21.282,24";"23.120,58";"26.338,67"
"07131050";"Meuspath";"Gemeinden";"19.069,94";"22.100,09";"23.749,01";"27.919,19"
"07131051";"Müllenbach";"Gemeinden";"20.995,18";"22.904,60";"24.704,37";"28.584,32"
"07131052";"Müsch";"Gemeinden";"21.116,17";"22.569,59";"24.553,51";"28.200,31"
"07131054";"Niederdürenbach";"Gemeinden";"19.528,00";"21.627,35";"23.551,10";"27.147,00"
"07131055";"Niederzissen";"Gemeinden";"22.077,77";"24.136,82";"26.566,40";"30.719,79"
"07131058";"Nürburg";"Gemeinden";"23.988,39";"25.596,97";"26.302,36";"30.765,85"
"07131059";"Oberdürenbach";"Gemeinden";"21.149,04";"23.137,62";"25.491,95";"29.067,88"
"07131060";"Oberzissen";"Gemeinden";"20.861,20";"22.558,58";"24.158,51";"28.415,03"
"07131062";"Ohlenhard";"Gemeinden";"18.577,81";"20.988,74";"22.470,39";"25.636,31"
"07131065";"Pomster";"Gemeinden";"18.687,24";"20.755,02";"22.612,51";"26.595,76"
"07131066";"Quiddelbach";"Gemeinden";"18.535,51";"20.823,18";"23.536,45";"27.639,87"
"07131068";"Rech";"Gemeinden";"20.718,11";"22.488,36";"24.414,74";"29.100,37"
"07131069";"Reifferscheid";"Gemeinden";"18.522,13";"20.910,01";"23.111,25";"26.910,76"
"07131070";"Remagen, Stadt";"Gemeinden";"22.513,46";"24.437,27";"26.020,19";"30.191,72"
"07131072";"Rodder";"Gemeinden";"16.582,93";"18.402,40";"20.491,56";"23.846,64"
"07131073";"Schalkenbach";"Gemeinden";"22.383,44";"24.509,00";"27.018,63";"30.987,53"
"07131074";"Schuld";"Gemeinden";"19.522,74";"21.748,87";"23.799,32";"27.461,32"
"07131075";"Senscheid";"Gemeinden";"18.450,00";"19.503,80";"21.274,83";"24.133,54"
"07131076";"Sierscheid";"Gemeinden";"26.973,26";"28.597,32";"29.618,03";"34.070,51"
"07131077";"Sinzig, Stadt";"Gemeinden";"21.552,99";"23.620,02";"25.535,96";"29.541,30"
"07131079";"Trierscheid";"Gemeinden";"19.160,06";"21.357,87";"23.627,22";"27.241,81"
"07131081";"Waldorf";"Gemeinden";"21.057,82";"23.158,80";"25.589,77";"30.401,37"
"07131082";"Wershofen";"Gemeinden";"23.375,00";"25.647,42";"26.951,24";"31.385,19"
"07131083";"Wiesemscheid";"Gemeinden";"18.331,97";"21.311,64";"23.399,03";"28.272,18"
"07131084";"Wimbach";"Gemeinden";"18.824,32";"21.198,74";"23.697,58";"27.876,84"
"07131085";"Winnerath";"Gemeinden";"20.349,90";"21.977,20";"23.799,19";"27.472,51"
"07131086";"Wirft";"Gemeinden";"18.140,14";"19.288,24";"21.036,79";"24.642,02"
"07131090";"Grafschaft";"Gemeinden";"23.153,44";"24.984,41";"26.728,66";"31.051,47"
"07131201";"Brenk";"Gemeinden";"18.809,75";"20.929,80";"22.893,96";"26.891,44"
"07131202";"Burgbrohl";"Gemeinden";"22.551,59";"24.766,35";"26.600,00";"31.160,43"
"07131204";"Galenberg";"Gemeinden";"19.040,45";"21.151,47";"23.207,01";"27.392,09"
"07131205";"Glees";"Gemeinden";"20.909,02";"22.781,39";"24.958,42";"29.128,34"
"07131206";"Hohenleimbach";"Gemeinden";"18.810,13";"20.199,11";"22.655,35";"26.429,18"
"07131208";"Spessart";"Gemeinden";"19.417,59";"21.728,24";"23.639,72";"28.314,60"
"07131209";"Wassenach";"Gemeinden";"22.960,08";"25.097,84";"26.512,42";"31.098,56"
"07131210";"Wehr";"Gemeinden";"22.210,15";"24.379,44";"26.364,13";"30.885,93"
"07131211";"Weibern";"Gemeinden";"20.287,46";"22.669,99";"25.075,33";"29.306,49"
"07131501";"Dümpelfeld";"Gemeinden";"18.207,76";"20.537,04";"22.463,33";"26.154,19"
"07131502";"Kempenich";"Gemeinden";"21.629,95";"23.864,45";"25.931,98";"30.003,06"
"07132001";"Almersbach";"Gemeinden";"20.103,74";"21.855,41";"23.357,44";"27.349,11"
"07132002";"Alsdorf";"Gemeinden";"19.784,85";"21.928,72";"23.870,23";"27.870,56"
"07132004";"Bachenberg";"Gemeinden";"16.086,18";"17.565,64";"19.536,27";"22.806,90"
"07132005";"Berzhausen";"Gemeinden";"17.837,07";"20.356,08";"22.532,48";"26.160,17"
"07132006";"Betzdorf, Stadt";"Gemeinden";"20.400,13";"21.796,21";"23.635,60";"27.402,36"
"07132007";"Birkenbeul";"Gemeinden";"19.381,53";"21.969,81";"23.251,21";"27.242,49"
"07132008";"Birken-Honigsessen";"Gemeinden";"20.471,85";"22.972,29";"25.143,52";"28.907,08"
"07132009";"Birnbach";"Gemeinden";"20.202,94";"23.080,74";"25.478,53";"29.981,92"
"07132010";"Bitzen";"Gemeinden";"17.935,68";"20.540,81";"22.989,76";"26.975,15"
"07132011";"Mittelhof";"Gemeinden";"18.238,75";"21.077,39";"23.417,38";"27.211,02"
"07132012";"Brachbach";"Gemeinden";"21.803,91";"23.483,28";"25.677,06";"29.947,77"
"07132013";"Breitscheidt";"Gemeinden";"17.730,44";"20.306,02";"22.486,66";"26.652,68"
"07132014";"Bruchertseifen";"Gemeinden";"17.763,59";"20.114,26";"22.281,15";"26.322,74"
"07132015";"Bürdenbach";"Gemeinden";"19.067,12";"21.557,04";"23.765,05";"27.777,10"
"07132016";"Burglahr";"Gemeinden";"19.296,94";"20.436,24";"22.002,27";"25.265,02"
"07132017";"Busenhausen";"Gemeinden";"20.398,89";"22.248,08";"24.247,25";"28.154,10"
"07132018";"Daaden, Stadt";"Gemeinden";"21.231,87";"22.911,73";"24.602,31";"28.683,93"
"07132019";"Derschen";"Gemeinden";"18.420,61";"20.396,23";"22.587,98";"26.508,03"
"07132020";"Dickendorf";"Gemeinden";"18.842,68";"20.508,02";"22.427,75";"26.258,45"
"07132022";"Eichelhardt";"Gemeinden";"22.629,09";"25.136,68";"26.321,36";"31.247,12"
"07132023";"Eichen";"Gemeinden";"17.302,62";"19.394,43";"21.297,50";"24.828,93"
"07132024";"Elben";"Gemeinden";"22.023,89";"23.899,84";"26.428,59";"30.731,40"
"07132025";"Elkenroth";"Gemeinden";"20.914,59";"23.387,72";"25.528,68";"29.810,87"
"07132026";"Emmerzhausen";"Gemeinden";"19.252,63";"21.402,05";"23.371,22";"26.990,81"
"07132027";"Ersfeld";"Gemeinden";"18.449,95";"20.478,37";"22.588,97";"26.069,32"
"07132028";"Etzbach";"Gemeinden";"17.489,88";"19.763,38";"21.401,92";"25.097,52"
"07132029";"Eulenberg";"Gemeinden";"16.947,46";"17.739,19";"19.399,86";"22.219,52"
"07132030";"Fensdorf";"Gemeinden";"19.789,47";"21.838,48";"24.243,02";"28.864,17"
"07132031";"Fiersbach";"Gemeinden";"22.407,58";"25.377,14";"28.062,70";"32.784,25"
"07132032";"Flammersfeld";"Gemeinden";"22.089,87";"24.116,31";"25.147,45";"29.458,43"
"07132033";"Fluterschen";"Gemeinden";"19.762,47";"22.094,92";"24.010,49";"27.823,71"
"07132034";"Forst";"Gemeinden";"19.609,56";"22.344,18";"24.772,65";"28.901,88"
"07132035";"Forstmehren";"Gemeinden";"18.587,29";"20.563,31";"22.395,08";"26.559,95"
"07132036";"Friedewald";"Gemeinden";"22.441,79";"24.918,21";"27.651,30";"32.231,57"
"07132037";"Friesenhagen";"Gemeinden";"21.145,45";"23.768,99";"25.786,18";"29.792,91"
"07132038";"Fürthen";"Gemeinden";"19.521,49";"21.577,52";"23.179,17";"27.175,86"
"07132039";"Gebhardshain";"Gemeinden";"21.820,87";"24.072,27";"26.645,58";"30.624,69"
"07132040";"Gieleroth";"Gemeinden";"18.602,50";"20.678,86";"22.677,17";"26.514,86"
"07132041";"Giershausen";"Gemeinden";"19.192,97";"21.787,77";"23.951,94";"27.142,88"
"07132042";"Grünebach";"Gemeinden";"21.167,69";"22.683,82";"24.326,45";"28.097,40"
"07132043";"Güllesheim";"Gemeinden";"22.206,81";"24.688,56";"26.965,09";"31.995,75"
"07132044";"Hamm (Sieg), Raiffeisengemeinde";"Gemeinden";"19.220,22";"21.488,89";"23.468,33";"27.705,51"
"07132045";"Harbach";"Gemeinden";"20.066,80";"22.488,66";"23.999,78";"28.330,24"
"07132046";"Hasselbach";"Gemeinden";"18.463,19";"21.257,59";"23.264,75";"27.271,84"
"07132047";"Helmenzen";"Gemeinden";"21.361,12";"24.050,89";"26.061,09";"30.648,07"
"07132048";"Helmeroth";"Gemeinden";"18.334,71";"20.125,85";"22.168,74";"26.522,84"
"07132049";"Hemmelzen";"Gemeinden";"15.404,46";"17.605,44";"20.010,12";"23.281,64"
"07132050";"Herdorf, Stadt";"Gemeinden";"19.721,19";"21.669,41";"23.665,34";"27.328,16"
"07132051";"Heupelzen";"Gemeinden";"17.390,63";"19.233,29";"21.828,26";"25.970,90"
"07132052";"Hilgenroth";"Gemeinden";"18.173,51";"20.454,77";"22.217,70";"26.496,43"
"07132053";"Hirz-Maulsbach";"Gemeinden";"20.056,99";"22.179,80";"24.859,73";"29.101,78"
"07132054";"Hövels";"Gemeinden";"17.100,64";"19.353,19";"21.388,56";"25.057,39"
"07132055";"Horhausen (Westerwald)";"Gemeinden";"23.122,83";"25.948,96";"27.312,24";"31.595,34"
"07132056";"Idelberg";"Gemeinden";"18.143,87";"19.951,33";"22.240,21";"25.900,89"
"07132057";"Ingelbach";"Gemeinden";"18.442,55";"20.835,36";"23.204,75";"26.592,68"
"07132058";"Isert";"Gemeinden";"16.921,24";"18.623,08";"20.067,38";"23.360,31"
"07132059";"Kausen";"Gemeinden";"18.783,10";"21.242,23";"23.447,82";"28.005,31"
"07132060";"Kescheid";"Gemeinden";"18.797,53";"19.964,10";"21.342,17";"24.765,31"
"07132061";"Kettenhausen";"Gemeinden";"17.060,07";"19.331,11";"21.574,63";"24.942,19"
"07132062";"Kircheib";"Gemeinden";"19.461,12";"21.344,66";"23.541,83";"27.076,09"
"07132063";"Kirchen (Sieg), Stadt";"Gemeinden";"21.274,20";"23.711,87";"25.752,31";"29.721,66"
"07132064";"Kraam";"Gemeinden";"18.886,95";"21.513,30";"24.227,48";"27.548,52"
"07132065";"Krunkel";"Gemeinden";"22.179,15";"23.687,53";"25.136,57";"29.389,10"
"07132066";"Malberg";"Gemeinden";"18.780,62";"21.067,98";"23.549,45";"27.504,22"
"07132067";"Mammelzen";"Gemeinden";"18.249,39";"20.697,74";"22.747,76";"26.705,82"
"07132068";"Mauden";"Gemeinden";"21.391,72";"23.615,18";"24.232,43";"28.222,18"
"07132069";"Mehren";"Gemeinden";"17.971,28";"20.204,93";"22.167,43";"26.040,24"
"07132070";"Michelbach (Westerwald)";"Gemeinden";"20.218,63";"21.882,92";"24.183,17";"28.043,96"
"07132071";"Molzhain";"Gemeinden";"21.155,51";"23.312,41";"25.573,21";"29.787,43"
"07132072";"Mudersbach";"Gemeinden";"20.306,09";"22.367,14";"24.408,66";"28.265,07"
"07132073";"Nauroth";"Gemeinden";"19.472,28";"21.387,40";"23.595,68";"27.903,96"
"07132075";"Niederdreisbach";"Gemeinden";"21.236,66";"22.875,98";"24.743,48";"28.744,82"
"07132076";"Niederfischbach";"Gemeinden";"20.720,40";"23.061,01";"25.271,22";"29.156,39"
"07132077";"Niederirsen";"Gemeinden";"16.444,48";"17.706,71";"19.224,19";"23.326,83"
"07132078";"Niedersteinebach";"Gemeinden";"21.817,42";"23.046,45";"23.868,22";"27.284,82"
"07132079";"Nisterberg";"Gemeinden";"18.427,33";"20.603,51";"22.405,89";"26.112,95"
"07132080";"Katzwinkel (Sieg)";"Gemeinden";"19.709,34";"22.039,20";"24.223,36";"28.236,76"
"07132081";"Obererbach (Westerwald)";"Gemeinden";"19.027,65";"21.597,52";"23.582,12";"27.630,86"
"07132082";"Oberirsen";"Gemeinden";"17.615,57";"19.896,91";"22.356,85";"26.151,94"
"07132083";"Oberlahr";"Gemeinden";"21.533,75";"23.326,85";"24.542,49";"28.627,21"
"07132085";"Obersteinebach";"Gemeinden";"26.351,65";"29.189,57";"31.705,12";"36.614,47"
"07132086";"Oberwambach";"Gemeinden";"18.192,68";"20.768,24";"22.035,03";"25.949,45"
"07132087";"Ölsen";"Gemeinden";"15.315,63";"17.297,64";"19.121,18";"22.814,17"
"07132088";"Orfgen";"Gemeinden";"18.745,62";"21.345,86";"23.647,78";"27.136,69"
"07132089";"Peterslahr";"Gemeinden";"22.267,33";"25.028,80";"27.620,75";"32.147,08"
"07132090";"Pleckhausen";"Gemeinden";"21.410,13";"24.350,01";"26.680,92";"31.869,02"
"07132091";"Pracht";"Gemeinden";"19.001,73";"20.926,53";"22.893,10";"27.126,63"
"07132092";"Racksen";"Gemeinden";"19.816,95";"22.003,10";"24.208,85";"28.580,31"
"07132093";"Reiferscheid";"Gemeinden";"17.631,75";"19.865,51";"21.434,58";"25.069,50"
"07132094";"Rettersen";"Gemeinden";"18.555,08";"20.539,97";"22.682,97";"27.237,78"
"07132095";"Rosenheim (Landkreis Altenkirchen)";"Gemeinden";"19.708,45";"22.061,36";"24.142,45";"27.932,17"
"07132096";"Roth";"Gemeinden";"18.009,51";"20.218,94";"22.119,39";"26.080,20"
"07132097";"Rott";"Gemeinden";"19.066,68";"21.317,66";"23.719,41";"28.472,90"
"07132098";"Scheuerfeld";"Gemeinden";"21.078,22";"23.598,80";"25.077,63";"29.035,14"
"07132099";"Schöneberg";"Gemeinden";"18.623,15";"20.054,76";"20.945,49";"24.406,55"
"07132100";"Schürdt";"Gemeinden";"16.763,39";"18.618,30";"20.815,71";"24.526,61"
"07132101";"Schutzbach";"Gemeinden";"19.641,12";"20.913,12";"22.265,58";"26.271,89"
"07132102";"Seelbach bei Hamm (Sieg)";"Gemeinden";"15.347,61";"17.597,35";"19.343,41";"22.695,44"
"07132103";"Seelbach (Westerwald)";"Gemeinden";"17.719,35";"20.256,33";"22.579,22";"26.502,49"
"07132104";"Seifen";"Gemeinden";"18.140,59";"20.757,31";"22.416,54";"26.937,56"
"07132105";"Selbach (Sieg)";"Gemeinden";"18.794,71";"21.165,90";"23.290,31";"26.817,94"
"07132106";"Sörth";"Gemeinden";"17.994,30";"20.135,87";"21.769,39";"25.602,41"
"07132107";"Steinebach/ Sieg";"Gemeinden";"19.666,52";"21.859,37";"23.889,86";"27.773,82"
"07132108";"Steineroth";"Gemeinden";"19.662,68";"22.149,86";"24.435,44";"28.087,36"
"07132109";"Stürzelbach";"Gemeinden";"22.646,95";"24.645,39";"25.768,45";"29.406,16"
"07132110";"Volkerzen";"Gemeinden";"13.770,92";"16.217,01";"17.825,12";"20.943,85"
"07132111";"Wallmenroth";"Gemeinden";"19.885,67";"22.364,82";"24.245,71";"28.506,95"
"07132112";"Walterschen";"Gemeinden";"20.240,59";"23.004,17";"26.055,58";"30.743,70"
"07132113";"Weitefeld";"Gemeinden";"20.530,56";"23.007,27";"25.113,87";"28.980,40"
"07132114";"Werkhausen";"Gemeinden";"18.797,99";"20.143,04";"21.986,92";"25.804,30"
"07132115";"Weyerbusch";"Gemeinden";"20.089,94";"22.537,01";"24.124,30";"28.081,22"
"07132116";"Willroth";"Gemeinden";"19.863,63";"22.129,09";"23.176,88";"27.297,16"
"07132117";"Wissen, Stadt";"Gemeinden";"20.774,27";"23.079,79";"24.125,35";"28.128,78"
"07132118";"Wölmersen";"Gemeinden";"16.713,42";"18.683,74";"20.612,14";"24.524,22"
"07132119";"Ziegenhain";"Gemeinden";"20.943,53";"23.086,03";"27.027,87";"32.105,76"
"07132201";"Berod bei Hachenburg";"Gemeinden";"19.905,10";"22.498,78";"24.964,48";"29.344,94"
"07132501";"Altenkirchen (Westerwald), Stadt";"Gemeinden";"20.616,12";"22.488,29";"23.754,68";"27.416,13"
"07132502";"Neitersen";"Gemeinden";"22.010,14";"24.599,35";"26.756,51";"30.882,55"
"07133001";"Abtweiler";"Gemeinden";"20.001,73";"22.697,75";"25.395,35";"29.500,12"
"07133002";"Allenfeld";"Gemeinden";"18.004,21";"19.834,68";"21.648,50";"25.348,99"
"07133003";"Altenbamberg";"Gemeinden";"22.262,20";"23.923,46";"25.866,31";"30.096,41"
"07133004";"Argenschwang";"Gemeinden";"22.077,23";"24.167,04";"25.199,12";"28.838,34"
"07133005";"Auen";"Gemeinden";"19.346,08";"21.482,21";"23.313,24";"26.775,41"
"07133006";"Bad Kreuznach, Stadt";"Gemeinden";"21.218,33";"23.209,41";"25.378,84";"29.435,04"
"07133008";"Bärenbach";"Gemeinden";"20.753,66";"22.631,59";"25.083,45";"28.652,13"
"07133009";"Bärweiler";"Gemeinden";"17.787,76";"19.860,58";"21.880,51";"26.135,33"
"07133010";"Becherbach bei Kirn";"Gemeinden";"19.918,80";"22.315,45";"24.896,40";"29.492,78"
"07133011";"Becherbach";"Gemeinden";"19.914,25";"22.054,31";"24.406,42";"27.949,16"
"07133012";"Biebelsheim";"Gemeinden";"22.901,43";"25.501,59";"28.151,38";"33.056,35"
"07133013";"Bockenau";"Gemeinden";"21.276,51";"23.618,57";"25.220,52";"29.608,85"
"07133014";"Boos";"Gemeinden";"20.246,54";"22.530,44";"24.489,05";"29.177,82"
"07133015";"Braunweiler";"Gemeinden";"21.877,29";"24.248,31";"26.393,74";"30.343,95"
"07133016";"Brauweiler";"Gemeinden";"22.689,70";"23.964,87";"26.243,15";"30.458,23"
"07133017";"Breitenheim";"Gemeinden";"20.994,36";"22.451,39";"24.684,57";"28.183,56"
"07133018";"Bretzenheim";"Gemeinden";"22.561,52";"25.234,39";"27.543,54";"32.114,13"
"07133019";"Burgsponheim";"Gemeinden";"21.266,22";"23.690,64";"26.528,59";"30.850,52"
"07133020";"Callbach";"Gemeinden";"18.650,95";"20.215,77";"21.996,51";"25.540,06"
"07133021";"Dalberg";"Gemeinden";"20.977,16";"23.259,75";"25.372,59";"29.538,29"
"07133022";"Daubach";"Gemeinden";"19.593,75";"21.682,63";"24.344,39";"28.087,41"
"07133023";"Daxweiler";"Gemeinden";"21.672,20";"24.311,03";"26.337,63";"31.496,17"
"07133024";"Desloch";"Gemeinden";"19.722,48";"22.134,60";"23.841,67";"27.879,70"
"07133025";"Dörrebach";"Gemeinden";"22.404,07";"24.123,11";"25.406,21";"29.539,25"
"07133026";"Dorsheim";"Gemeinden";"24.067,78";"26.759,63";"29.012,08";"33.828,02"
"07133027";"Duchroth";"Gemeinden";"19.496,58";"21.519,16";"23.728,64";"27.827,09"
"07133028";"Eckenroth";"Gemeinden";"23.462,07";"26.223,75";"28.343,39";"33.082,33"
"07133030";"Feilbingert";"Gemeinden";"20.781,52";"23.083,30";"24.975,67";"28.807,10"
"07133031";"Frei-Laubersheim";"Gemeinden";"21.695,62";"24.355,21";"26.316,04";"30.557,21"
"07133032";"Fürfeld";"Gemeinden";"21.851,93";"24.386,58";"25.774,99";"30.021,98"
"07133033";"Gebroth";"Gemeinden";"21.363,57";"23.408,13";"25.494,38";"29.320,22"
"07133035";"Guldental";"Gemeinden";"22.005,02";"24.506,68";"26.559,40";"31.115,34"
"07133036";"Gutenberg";"Gemeinden";"24.809,66";"26.650,24";"28.275,45";"32.288,98"
"07133037";"Hackenheim";"Gemeinden";"24.766,78";"26.922,50";"29.123,75";"33.823,97"
"07133038";"Hahnenbach";"Gemeinden";"17.816,41";"19.827,94";"22.034,86";"25.935,57"
"07133039";"Hallgarten";"Gemeinden";"20.392,82";"23.133,08";"25.200,11";"29.796,90"
"07133040";"Hargesheim";"Gemeinden";"23.535,55";"26.276,28";"28.099,08";"32.523,40"
"07133041";"Heimweiler";"Gemeinden";"21.080,89";"22.554,40";"24.438,81";"28.543,17"
"07133042";"Heinzenberg";"Gemeinden";"19.034,17";"21.632,90";"23.709,80";"27.410,87"
"07133043";"Hennweiler";"Gemeinden";"18.810,18";"21.087,64";"23.424,17";"26.923,27"
"07133044";"Hergenfeld";"Gemeinden";"20.637,68";"23.443,59";"25.740,78";"29.331,98"
"07133045";"Hochstätten";"Gemeinden";"21.433,71";"22.616,30";"23.365,31";"27.491,37"
"07133046";"Hochstetten-Dhaun";"Gemeinden";"19.392,70";"21.687,54";"23.808,26";"27.736,00"
"07133047";"Horbach";"Gemeinden";"18.051,36";"20.322,81";"21.901,27";"24.938,80"
"07133048";"Hüffelsheim";"Gemeinden";"22.106,65";"23.547,20";"26.063,57";"30.162,21"
"07133049";"Hundsbach";"Gemeinden";"18.925,67";"21.493,12";"23.244,40";"26.596,00"
"07133050";"Ippenschied";"Gemeinden";"18.701,80";"20.438,07";"22.603,97";"26.159,77"
"07133051";"Jeckenbach";"Gemeinden";"19.289,81";"21.153,87";"23.149,79";"26.916,13"
"07133052";"Kirn, Stadt";"Gemeinden";"19.150,90";"21.292,67";"23.295,13";"27.070,40"
"07133053";"Kirschroth";"Gemeinden";"22.365,06";"25.431,95";"26.692,68";"31.414,82"
"07133054";"Langenlonsheim";"Gemeinden";"22.573,44";"24.207,11";"26.032,84";"30.399,31"
"07133055";"Langenthal";"Gemeinden";"21.669,54";"22.628,05";"24.034,09";"28.698,25"
"07133056";"Laubenheim";"Gemeinden";"27.062,53";"28.627,74";"29.994,55";"34.640,23"
"07133057";"Lauschied";"Gemeinden";"19.687,81";"22.227,13";"24.112,51";"28.482,43"
"07133058";"Lettweiler";"Gemeinden";"21.686,61";"24.146,50";"26.823,95";"31.342,72"
"07133059";"Limbach";"Gemeinden";"18.972,60";"21.535,21";"23.175,16";"26.940,03"
"07133060";"Löllbach";"Gemeinden";"18.582,57";"20.586,43";"22.575,67";"26.075,53"
"07133061";"Mandel";"Gemeinden";"23.685,89";"25.794,71";"27.912,15";"32.675,18"
"07133062";"Martinstein";"Gemeinden";"17.900,57";"20.467,41";"22.430,68";"25.590,46"
"07133063";"Meckenbach";"Gemeinden";"20.301,06";"22.610,39";"24.157,98";"28.188,56"
"07133064";"Meddersheim";"Gemeinden";"23.935,76";"25.963,89";"28.173,20";"32.854,40"
"07133065";"Meisenheim, Stadt";"Gemeinden";"24.583,37";"26.578,35";"27.262,54";"31.536,81"
"07133066";"Merxheim";"Gemeinden";"21.454,68";"22.705,20";"24.837,23";"29.145,59"
"07133067";"Monzingen";"Gemeinden";"19.816,19";"22.281,85";"24.633,94";"28.694,73"
"07133068";"Münchwald";"Gemeinden";"23.889,19";"26.240,77";"28.827,03";"33.683,72"
"07133069";"Neu-Bamberg";"Gemeinden";"24.319,75";"26.781,93";"28.031,72";"32.853,14"
"07133070";"Niederhausen";"Gemeinden";"20.760,36";"23.277,12";"25.722,90";"29.669,49"
"07133071";"Norheim";"Gemeinden";"23.732,20";"25.353,59";"26.853,73";"31.287,26"
"07133072";"Nußbaum";"Gemeinden";"22.467,06";"24.252,77";"27.032,62";"30.818,28"
"07133073";"Oberhausen bei Kirn";"Gemeinden";"19.584,56";"22.056,43";"24.269,65";"28.225,09"
"07133074";"Oberhausen an der Nahe";"Gemeinden";"20.825,33";"23.718,97";"25.773,26";"29.594,69"
"07133075";"Oberstreit";"Gemeinden";"22.485,87";"24.826,47";"26.487,23";"30.293,30"
"07133076";"Odernheim am Glan";"Gemeinden";"20.014,47";"22.635,31";"24.846,43";"28.978,89"
"07133077";"Otzweiler";"Gemeinden";"18.231,25";"20.131,62";"21.961,50";"25.427,09"
"07133078";"Pfaffen-Schwabenheim";"Gemeinden";"20.945,60";"23.017,00";"25.125,42";"29.203,67"
"07133080";"Pleitersheim";"Gemeinden";"23.639,68";"27.558,80";"29.631,43";"34.550,83"
"07133081";"Raumbach";"Gemeinden";"19.452,17";"21.298,49";"23.783,50";"27.594,61"
"07133082";"Rehbach";"Gemeinden";"18.634,92";"20.646,28";"22.517,40";"26.005,86"
"07133083";"Rehborn";"Gemeinden";"20.789,22";"23.652,73";"26.280,51";"30.417,92"
"07133084";"Reiffelbach";"Gemeinden";"17.844,78";"20.075,83";"22.130,12";"26.191,14"
"07133085";"Roth";"Gemeinden";"24.156,39";"25.955,65";"27.275,63";"31.630,82"
"07133086";"Roxheim";"Gemeinden";"22.248,38";"24.674,90";"26.366,04";"30.731,31"
"07133087";"Rümmelsheim";"Gemeinden";"22.957,37";"24.954,99";"27.001,07";"31.514,00"
"07133088";"Sankt Katharinen";"Gemeinden";"20.941,72";"23.260,69";"25.892,42";"30.615,35"
"07133089";"Schloßböckelheim";"Gemeinden";"22.011,76";"23.774,16";"24.767,27";"28.639,31"
"07133090";"Schmittweiler";"Gemeinden";"18.442,50";"20.464,60";"22.348,08";"26.342,87"
"07133091";"Schöneberg";"Gemeinden";"21.684,41";"24.100,42";"26.751,17";"31.741,07"
"07133092";"Schweinschied";"Gemeinden";"20.462,24";"22.900,82";"24.639,76";"28.146,81"
"07133093";"Schweppenhausen";"Gemeinden";"22.071,03";"24.273,87";"25.979,50";"30.016,61"
"07133094";"Seesbach";"Gemeinden";"18.277,53";"20.783,60";"22.799,98";"26.893,37"
"07133095";"Seibersbach";"Gemeinden";"21.562,60";"23.334,76";"25.461,60";"29.463,55"
"07133096";"Simmertal";"Gemeinden";"19.330,32";"21.701,01";"24.094,99";"27.773,67"
"07133098";"Sommerloch";"Gemeinden";"20.583,46";"22.938,05";"25.036,98";"28.882,41"
"07133099";"Spabrücken";"Gemeinden";"23.384,82";"25.523,77";"26.488,74";"30.862,44"
"07133100";"Spall";"Gemeinden";"19.022,29";"20.664,38";"22.863,97";"26.306,40"
"07133101";"Sponheim";"Gemeinden";"19.386,50";"21.874,96";"24.567,07";"28.642,99"
"07133102";"Staudernheim";"Gemeinden";"19.471,76";"21.869,39";"23.849,64";"27.676,91"
"07133103";"Stromberg, Stadt";"Gemeinden";"23.908,73";"26.754,21";"28.619,10";"32.972,37"
"07133104";"Tiefenthal";"Gemeinden";"20.807,75";"23.473,69";"24.330,85";"28.469,81"
"07133105";"Traisen";"Gemeinden";"23.092,62";"25.835,05";"26.637,07";"30.549,51"
"07133106";"Volxheim";"Gemeinden";"23.352,80";"26.522,83";"27.986,79";"31.919,73"
"07133107";"Waldböckelheim";"Gemeinden";"20.417,09";"22.789,30";"24.628,97";"28.635,39"
"07133108";"Waldlaubersheim";"Gemeinden";"23.015,55";"24.965,27";"26.154,78";"29.969,82"
"07133109";"Wallhausen";"Gemeinden";"23.617,25";"25.251,85";"28.179,96";"32.896,43"
"07133110";"Warmsroth";"Gemeinden";"23.532,90";"25.412,05";"26.939,71";"31.188,65"
"07133111";"Weiler bei Monzingen";"Gemeinden";"19.211,05";"21.859,65";"23.922,39";"27.732,24"
"07133112";"Weinsheim";"Gemeinden";"21.470,14";"23.567,94";"26.125,60";"29.893,44"
"07133113";"Weitersborn";"Gemeinden";"17.171,75";"19.237,09";"21.305,36";"24.900,74"
"07133114";"Windesheim";"Gemeinden";"22.173,97";"24.761,03";"26.816,71";"31.166,36"
"07133115";"Winterbach";"Gemeinden";"21.236,42";"23.124,24";"24.963,99";"28.917,64"
"07133116";"Winterburg";"Gemeinden";"21.049,17";"23.437,23";"23.926,09";"28.097,61"
"07133117";"Rüdesheim";"Gemeinden";"23.094,16";"25.123,22";"26.576,30";"30.907,50"
"07133201";"Bruschied";"Gemeinden";"18.896,99";"21.285,87";"22.838,94";"26.169,44"
"07133202";"Kellenbach";"Gemeinden";"19.279,68";"21.372,82";"22.627,79";"25.595,23"
"07133203";"Königsau";"Gemeinden";"21.734,32";"22.923,89";"24.885,51";"28.815,41"
"07133204";"Schneppenbach";"Gemeinden";"21.198,66";"23.004,64";"24.801,38";"28.939,57"
"07133205";"Schwarzerden";"Gemeinden";"19.805,45";"22.276,03";"24.898,14";"28.439,65"
"07133501";"Bad Sobernheim, Stadt";"Gemeinden";"21.052,63";"23.436,55";"25.517,54";"29.603,44"
"07134001";"Abentheuer";"Gemeinden";"18.294,27";"20.826,70";"22.569,62";"26.152,73"
"07134002";"Achtelsbach";"Gemeinden";"17.608,59";"19.869,36";"21.965,49";"25.295,34"
"07134003";"Allenbach";"Gemeinden";"20.525,04";"23.136,60";"25.402,97";"29.446,08"
"07134004";"Asbach";"Gemeinden";"17.071,25";"18.971,36";"21.049,01";"24.544,71"
"07134005";"Baumholder, Stadt";"Gemeinden";"18.487,74";"20.670,40";"22.439,82";"25.826,31"
"07134006";"Bergen";"Gemeinden";"20.292,00";"22.610,52";"24.965,30";"29.031,23"
"07134007";"Berglangenbach";"Gemeinden";"17.871,57";"19.833,22";"22.081,42";"25.263,83"
"07134008";"Berschweiler bei Baumholder";"Gemeinden";"19.340,08";"21.039,24";"23.162,42";"27.583,74"
"07134009";"Berschweiler bei Kirn";"Gemeinden";"17.145,80";"19.604,83";"21.724,84";"24.684,76"
"07134010";"Birkenfeld, Stadt";"Gemeinden";"18.358,75";"20.557,27";"22.463,92";"25.934,38"
"07134011";"Börfink";"Gemeinden";"18.297,96";"19.941,06";"22.214,65";"25.904,82"
"07134012";"Bollenbach";"Gemeinden";"20.618,23";"22.170,89";"24.310,14";"27.849,84"
"07134013";"Breitenthal";"Gemeinden";"20.026,07";"22.898,99";"24.988,87";"28.541,50"
"07134014";"Bruchweiler";"Gemeinden";"22.296,09";"24.886,47";"27.424,88";"31.978,52"
"07134015";"Brücken";"Gemeinden";"18.732,61";"21.327,62";"23.925,39";"27.699,50"
"07134016";"Buhlenberg";"Gemeinden";"19.370,05";"21.954,46";"24.030,34";"28.129,49"
"07134017";"Bundenbach";"Gemeinden";"20.178,42";"22.595,80";"24.242,35";"28.867,15"
"07134018";"Dambach";"Gemeinden";"21.370,40";"23.710,34";"25.093,19";"29.027,14"
"07134019";"Dickesbach";"Gemeinden";"20.344,14";"22.891,30";"25.139,87";"29.191,43"
"07134020";"Dienstweiler";"Gemeinden";"19.676,62";"21.836,62";"24.315,42";"27.773,24"
"07134021";"Eckersweiler";"Gemeinden";"19.413,14";"21.356,78";"23.371,14";"28.037,55"
"07134022";"Elchweiler";"Gemeinden";"18.937,72";"21.686,28";"22.736,34";"25.827,06"
"07134023";"Ellenberg";"Gemeinden";"17.476,47";"19.404,39";"21.246,06";"24.500,21"
"07134024";"Ellweiler";"Gemeinden";"20.303,03";"22.316,34";"24.402,44";"28.487,99"
"07134025";"Fischbach";"Gemeinden";"19.692,83";"21.370,98";"22.979,36";"26.944,61"
"07134026";"Fohren-Linden";"Gemeinden";"20.312,07";"22.173,51";"24.045,14";"28.016,92"
"07134027";"Frauenberg";"Gemeinden";"19.894,68";"22.446,06";"24.322,16";"27.727,55"
"07134028";"Gerach";"Gemeinden";"22.552,93";"24.573,04";"26.900,33";"31.023,09"
"07134029";"Gimbweiler";"Gemeinden";"20.014,83";"22.242,48";"24.253,64";"29.045,73"
"07134030";"Gösenroth";"Gemeinden";"21.453,68";"23.217,95";"25.104,48";"29.299,21"
"07134031";"Gollenberg";"Gemeinden";"19.108,08";"21.100,83";"23.041,26";"26.668,24"
"07134032";"Griebelschied";"Gemeinden";"16.331,58";"18.616,72";"21.008,11";"24.408,11"
"07134033";"Hahnweiler";"Gemeinden";"19.649,90";"21.090,81";"23.302,12";"26.901,11"
"07134034";"Hattgenstein";"Gemeinden";"23.508,07";"24.885,41";"27.898,01";"32.931,53"
"07134035";"Hausen";"Gemeinden";"18.976,21";"20.215,56";"22.694,08";"26.324,44"
"07134036";"Heimbach";"Gemeinden";"18.829,12";"20.862,95";"22.953,35";"26.613,00"
"07134037";"Hellertshausen";"Gemeinden";"19.007,47";"21.543,17";"23.504,47";"27.251,68"
"07134038";"Herborn";"Gemeinden";"24.539,56";"27.123,46";"29.972,06";"35.039,85"
"07134039";"Herrstein";"Gemeinden";"21.127,95";"22.881,21";"25.283,87";"28.627,71"
"07134040";"Hettenrodt";"Gemeinden";"21.979,05";"24.437,36";"27.070,57";"31.578,72"
"07134041";"Hintertiefenbach";"Gemeinden";"19.861,55";"21.831,36";"24.358,01";"27.802,69"
"07134042";"Hoppstädten-Weiersbach";"Gemeinden";"18.606,81";"20.108,02";"21.306,11";"24.419,21"
"07134043";"Horbruch";"Gemeinden";"20.503,45";"22.674,90";"24.712,20";"28.790,73"
"07134044";"Hottenbach";"Gemeinden";"18.829,00";"21.326,41";"23.350,91";"27.091,15"
"07134045";"Idar-Oberstein, Stadt";"Gemeinden";"21.163,77";"23.299,32";"25.144,22";"28.997,81"
"07134046";"Kempfeld";"Gemeinden";"21.689,87";"23.703,46";"24.830,04";"29.279,80"
"07134047";"Kirschweiler";"Gemeinden";"34.343,54";"35.877,64";"37.170,26";"43.233,52"
"07134048";"Kronweiler";"Gemeinden";"19.685,29";"21.861,15";"23.515,44";"27.007,41"
"07134049";"Krummenau";"Gemeinden";"17.562,70";"20.037,82";"21.378,05";"25.412,85"
"07134050";"Leisel";"Gemeinden";"20.333,43";"22.927,96";"25.092,12";"28.671,52"
"07134051";"Leitzweiler";"Gemeinden";"16.417,25";"18.514,98";"19.731,39";"22.929,27"
"07134052";"Mackenrodt";"Gemeinden";"21.030,93";"23.935,24";"25.679,23";"29.412,35"
"07134053";"Meckenbach";"Gemeinden";"18.897,09";"20.869,41";"23.109,77";"26.614,64"
"07134054";"Mettweiler";"Gemeinden";"18.807,82";"20.900,20";"22.246,11";"26.020,02"
"07134055";"Mittelreidenbach";"Gemeinden";"20.313,55";"22.990,80";"25.065,95";"29.243,95"
"07134056";"Mörschied";"Gemeinden";"19.522,94";"22.473,81";"24.202,46";"28.274,12"
"07134057";"Niederbrombach";"Gemeinden";"20.555,16";"22.567,38";"25.036,66";"29.030,36"
"07134058";"Niederhambach";"Gemeinden";"20.816,72";"22.424,18";"24.570,48";"28.664,73"
"07134059";"Niederhosenbach";"Gemeinden";"19.090,01";"21.166,20";"23.405,88";"27.770,49"
"07134060";"Niederwörresbach";"Gemeinden";"22.945,22";"26.170,99";"28.786,26";"32.881,82"
"07134061";"Nohen";"Gemeinden";"18.639,79";"20.755,36";"22.755,09";"26.757,30"
"07134062";"Oberbrombach";"Gemeinden";"20.747,90";"22.500,89";"24.508,14";"28.241,41"
"07134063";"Oberhambach";"Gemeinden";"20.047,85";"22.130,31";"24.376,54";"28.228,26"
"07134064";"Oberhosenbach";"Gemeinden";"20.413,19";"22.540,41";"24.334,00";"28.531,65"
"07134065";"Oberkirn";"Gemeinden";"18.257,66";"20.293,49";"22.532,51";"26.589,86"
"07134066";"Oberreidenbach";"Gemeinden";"20.665,20";"23.312,05";"25.467,38";"29.088,14"
"07134067";"Oberwörresbach";"Gemeinden";"21.516,25";"22.558,80";"24.714,03";"29.024,89"
"07134068";"Reichenbach";"Gemeinden";"18.889,79";"21.334,24";"23.508,57";"27.384,95"
"07134069";"Rhaunen";"Gemeinden";"18.672,02";"20.843,87";"22.942,06";"26.938,98"
"07134070";"Rimsberg";"Gemeinden";"20.645,08";"22.604,29";"24.824,63";"28.782,37"
"07134071";"Rinzenberg";"Gemeinden";"20.923,66";"23.545,42";"25.203,83";"28.949,15"
"07134072";"Rötsweiler-Nockenthal";"Gemeinden";"23.805,67";"26.291,33";"27.658,82";"31.859,25"
"07134073";"Rohrbach";"Gemeinden";"19.212,28";"21.376,49";"22.950,36";"26.550,11"
"07134074";"Rückweiler";"Gemeinden";"18.717,82";"21.650,88";"23.660,61";"27.516,03"
"07134075";"Ruschberg";"Gemeinden";"19.437,64";"21.427,25";"23.015,49";"26.922,75"
"07134076";"Schauren";"Gemeinden";"20.506,07";"22.832,05";"25.238,57";"29.320,71"
"07134077";"Schmidthachenbach";"Gemeinden";"20.163,07";"22.696,16";"24.255,26";"28.706,58"
"07134078";"Schmißberg";"Gemeinden";"21.218,57";"23.798,50";"26.022,77";"30.530,92"
"07134079";"Schwerbach";"Gemeinden";"15.642,31";"17.906,66";"20.005,43";"23.373,81"
"07134080";"Schwollen";"Gemeinden";"23.811,98";"26.123,53";"28.647,30";"34.004,40"
"07134081";"Sensweiler";"Gemeinden";"18.042,67";"20.802,67";"22.828,42";"26.509,01"
"07134082";"Sien";"Gemeinden";"21.584,49";"24.047,59";"25.422,61";"29.528,67"
"07134083";"Sienhachenbach";"Gemeinden";"20.763,52";"23.399,94";"25.577,15";"29.049,35"
"07134084";"Siesbach";"Gemeinden";"21.229,40";"23.235,06";"25.402,67";"29.402,68"
"07134085";"Sonnenberg-Winnenberg";"Gemeinden";"18.660,33";"20.374,28";"22.291,37";"25.974,44"
"07134086";"Sonnschied";"Gemeinden";"18.587,25";"20.409,14";"22.459,27";"25.888,14"
"07134087";"Stipshausen";"Gemeinden";"18.119,55";"20.782,92";"23.205,67";"26.995,46"
"07134088";"Sulzbach";"Gemeinden";"17.272,10";"19.403,07";"21.584,26";"25.717,42"
"07134089";"Veitsrodt";"Gemeinden";"24.730,59";"27.119,41";"28.295,42";"33.090,81"
"07134090";"Vollmersbach";"Gemeinden";"24.244,32";"26.876,56";"29.443,79";"33.582,30"
"07134091";"Weiden";"Gemeinden";"17.002,50";"19.237,81";"21.078,82";"25.115,41"
"07134092";"Weitersbach";"Gemeinden";"17.837,15";"20.233,42";"22.666,50";"25.839,15"
"07134093";"Wickenrodt";"Gemeinden";"20.472,29";"23.084,52";"25.931,41";"30.312,37"
"07134094";"Wilzenberg-Hußweiler";"Gemeinden";"19.647,04";"21.606,41";"23.249,36";"27.257,20"
"07134095";"Wirschweiler";"Gemeinden";"19.570,13";"21.633,67";"23.614,77";"28.004,87"
"07134502";"Langweiler";"Gemeinden";"18.376,68";"20.184,11";"22.226,44";"26.086,50"
"07135001";"Alf";"Gemeinden";"20.214,89";"22.328,14";"24.503,28";"28.479,15"
"07135002";"Alflen";"Gemeinden";"20.946,53";"23.051,65";"24.682,85";"28.738,52"
"07135003";"Altlay";"Gemeinden";"18.028,51";"20.358,26";"22.395,30";"26.148,71"
"07135004";"Altstrimmig";"Gemeinden";"18.721,07";"21.068,36";"23.131,26";"26.407,33"
"07135005";"Auderath";"Gemeinden";"19.042,76";"21.040,55";"22.914,98";"26.983,19"
"07135007";"Beilstein";"Gemeinden";"20.146,95";"22.274,54";"23.822,75";"27.717,77"
"07135008";"Beuren";"Gemeinden";"18.933,13";"20.959,25";"22.932,16";"26.837,15"
"07135009";"Binningen";"Gemeinden";"20.867,90";"22.881,09";"24.874,03";"28.535,64"
"07135010";"Blankenrath";"Gemeinden";"19.862,68";"22.155,97";"23.679,76";"27.616,20"
"07135011";"Brachtendorf";"Gemeinden";"21.444,37";"23.138,46";"25.221,69";"29.139,02"
"07135012";"Bremm";"Gemeinden";"19.212,26";"21.966,25";"23.810,78";"27.981,96"
"07135013";"Briedel";"Gemeinden";"19.827,36";"21.829,99";"23.494,48";"27.459,26"
"07135014";"Brieden";"Gemeinden";"16.979,82";"19.693,01";"21.805,20";"25.897,44"
"07135015";"Briedern";"Gemeinden";"20.909,39";"22.577,10";"24.326,16";"29.008,93"
"07135016";"Brohl";"Gemeinden";"24.509,97";"26.039,15";"27.119,14";"31.530,36"
"07135017";"Bruttig-Fankel";"Gemeinden";"20.304,10";"22.485,10";"24.748,74";"29.402,41"
"07135018";"Büchel";"Gemeinden";"19.754,63";"22.686,34";"24.839,08";"29.490,38"
"07135019";"Bullay";"Gemeinden";"24.615,98";"26.798,62";"29.035,30";"33.774,40"
"07135020";"Cochem, Stadt";"Gemeinden";"24.276,02";"25.889,24";"26.952,84";"31.326,54"
"07135021";"Dohr";"Gemeinden";"22.859,70";"25.208,74";"27.178,29";"31.831,01"
"07135022";"Dünfus";"Gemeinden";"21.758,22";"23.702,14";"26.184,09";"30.346,47"
"07135023";"Düngenheim";"Gemeinden";"18.653,78";"20.999,31";"22.865,62";"26.247,61"
"07135024";"Ediger-Eller";"Gemeinden";"20.014,68";"22.115,27";"24.336,10";"28.573,10"
"07135025";"Ellenz-Poltersdorf";"Gemeinden";"21.716,21";"23.598,02";"25.869,28";"30.299,75"
"07135026";"Eppenberg";"Gemeinden";"21.246,95";"22.647,07";"24.211,48";"28.193,59"
"07135027";"Ernst";"Gemeinden";"21.097,32";"23.434,35";"26.356,46";"31.519,64"
"07135028";"Eulgem";"Gemeinden";"15.444,33";"17.670,27";"19.673,49";"22.663,17"
"07135029";"Faid";"Gemeinden";"18.830,60";"21.192,70";"23.447,14";"27.361,43"
"07135030";"Filz";"Gemeinden";"20.298,28";"21.662,92";"23.671,94";"27.148,61"
"07135031";"Forst (Eifel)";"Gemeinden";"21.146,97";"22.976,78";"24.119,37";"28.807,35"
"07135032";"Forst (Hunsrück)";"Gemeinden";"20.256,38";"21.597,66";"24.435,13";"28.142,27"
"07135033";"Gamlen";"Gemeinden";"21.081,95";"22.885,43";"25.030,43";"28.782,37"
"07135034";"Gevenich";"Gemeinden";"19.370,82";"21.255,25";"23.058,85";"26.921,25"
"07135035";"Gillenbeuren";"Gemeinden";"20.119,48";"22.748,99";"24.771,41";"28.773,18"
"07135036";"Greimersburg";"Gemeinden";"20.540,69";"22.972,39";"25.106,29";"29.378,54"
"07135037";"Grenderich";"Gemeinden";"21.517,91";"23.724,66";"25.758,77";"29.835,18"
"07135038";"Hambuch";"Gemeinden";"21.117,20";"22.988,17";"25.042,25";"29.776,62"
"07135039";"Haserich";"Gemeinden";"15.780,13";"17.280,31";"19.368,86";"22.600,52"
"07135040";"Hauroth";"Gemeinden";"18.893,62";"20.798,32";"22.779,94";"26.636,45"
"07135041";"Hesweiler";"Gemeinden";"18.895,13";"21.120,46";"23.115,08";"27.321,60"
"07135042";"Illerich";"Gemeinden";"21.449,78";"23.360,46";"25.261,14";"29.652,34"
"07135043";"Kaifenheim";"Gemeinden";"20.695,89";"22.031,86";"23.961,20";"27.562,41"
"07135044";"Kail";"Gemeinden";"19.010,54";"20.906,64";"23.605,92";"27.371,14"
"07135045";"Kaisersesch, Stadt";"Gemeinden";"20.966,63";"22.779,67";"24.631,79";"28.980,42"
"07135046";"Kalenborn";"Gemeinden";"19.352,24";"21.576,67";"22.844,19";"27.246,83"
"07135048";"Kliding";"Gemeinden";"19.724,42";"21.997,76";"23.547,26";"27.426,07"
"07135049";"Klotten";"Gemeinden";"19.417,49";"21.617,62";"23.280,52";"26.940,32"
"07135051";"Landkern";"Gemeinden";"21.325,57";"23.210,87";"25.431,51";"30.053,94"
"07135052";"Laubach";"Gemeinden";"24.886,21";"28.534,97";"30.780,19";"35.797,01"
"07135053";"Lieg";"Gemeinden";"20.169,94";"22.890,75";"25.008,96";"29.231,69"
"07135054";"Liesenich";"Gemeinden";"18.924,97";"21.078,15";"22.830,99";"26.458,19"
"07135056";"Lütz";"Gemeinden";"16.262,06";"18.175,46";"20.843,15";"24.313,79"
"07135057";"Lutzerath";"Gemeinden";"19.912,48";"21.578,47";"24.150,44";"28.411,77"
"07135058";"Masburg";"Gemeinden";"18.702,05";"20.483,94";"22.547,99";"26.179,56"
"07135060";"Mesenich";"Gemeinden";"20.800,58";"23.497,94";"25.920,63";"29.949,17"
"07135061";"Mittelstrimmig";"Gemeinden";"19.455,07";"21.420,89";"23.406,66";"27.223,90"
"07135062";"Möntenich";"Gemeinden";"17.545,59";"20.217,76";"21.887,07";"25.330,62"
"07135064";"Moritzheim";"Gemeinden";"15.728,24";"17.241,51";"19.208,96";"22.293,90"
"07135065";"Moselkern";"Gemeinden";"19.051,89";"21.119,39";"22.881,71";"27.200,66"
"07135066";"Müden (Mosel)";"Gemeinden";"22.331,55";"24.151,06";"25.903,41";"29.665,00"
"07135067";"Müllenbach";"Gemeinden";"20.872,32";"23.130,19";"24.839,72";"29.194,54"
"07135068";"Neef";"Gemeinden";"20.996,05";"22.935,93";"25.204,77";"29.460,84"
"07135069";"Nehren";"Gemeinden";"18.637,30";"20.408,76";"22.514,36";"26.780,47"
"07135070";"Panzweiler";"Gemeinden";"19.881,17";"23.235,20";"25.578,62";"29.514,54"
"07135071";"Peterswald-Löffelscheid";"Gemeinden";"16.037,00";"18.457,72";"20.690,60";"24.111,10"
"07135072";"Pommern";"Gemeinden";"18.998,72";"20.946,55";"23.397,58";"27.781,47"
"07135073";"Pünderich";"Gemeinden";"19.742,79";"22.195,12";"24.511,60";"28.346,66"
"07135074";"Reidenhausen";"Gemeinden";"15.690,95";"17.755,24";"20.021,40";"23.518,33"
"07135075";"Roes";"Gemeinden";"19.957,30";"22.536,20";"24.976,36";"29.365,19"
"07135076";"Sankt Aldegund";"Gemeinden";"20.451,02";"22.504,24";"23.951,72";"27.816,58"
"07135077";"Schauren";"Gemeinden";"17.934,27";"20.595,04";"23.056,25";"26.961,63"
"07135078";"Schmitt";"Gemeinden";"16.957,30";"18.913,18";"21.015,26";"24.273,75"
"07135079";"Senheim";"Gemeinden";"18.881,07";"21.082,34";"23.474,27";"27.414,58"
"07135080";"Sosberg";"Gemeinden";"17.104,16";"19.451,10";"21.217,07";"24.446,93"
"07135081";"Tellig";"Gemeinden";"20.018,19";"22.698,33";"23.659,30";"27.702,14"
"07135082";"Treis-Karden";"Gemeinden";"23.071,86";"25.242,31";"27.893,90";"32.757,52"
"07135083";"Ulmen, Stadt";"Gemeinden";"19.803,07";"21.748,29";"23.791,82";"27.668,18"
"07135084";"Urmersbach";"Gemeinden";"18.673,04";"20.365,15";"22.235,08";"26.012,98"
"07135085";"Urschmitt";"Gemeinden";"16.469,78";"18.768,77";"20.979,81";"24.666,62"
"07135086";"Valwig";"Gemeinden";"23.975,73";"26.845,89";"29.404,47";"34.244,37"
"07135087";"Wagenhausen";"Gemeinden";"20.159,80";"22.524,99";"23.339,09";"27.447,56"
"07135088";"Walhausen";"Gemeinden";"19.438,31";"21.582,02";"23.724,69";"27.713,27"
"07135089";"Weiler";"Gemeinden";"20.821,85";"22.397,78";"24.164,56";"27.971,13"
"07135090";"Wirfus";"Gemeinden";"19.832,54";"22.507,82";"24.336,11";"28.308,71"
"07135091";"Wollmerath";"Gemeinden";"19.278,06";"21.303,77";"22.819,74";"26.486,11"
"07135092";"Zell (Mosel), Stadt";"Gemeinden";"21.648,27";"23.774,63";"26.020,53";"30.002,31"
"07135093";"Zettingen";"Gemeinden";"21.341,01";"22.500,25";"24.126,70";"28.749,14"
"07135501";"Bad Bertrich";"Gemeinden";"21.928,13";"23.142,30";"24.476,04";"28.351,37"
"07135502";"Leienkaul";"Gemeinden";"21.430,51";"23.258,89";"26.115,18";"30.206,32"
"07137001";"Acht";"Gemeinden";"21.592,66";"23.026,31";"24.782,52";"28.382,08"
"07137003";"Andernach, Stadt";"Gemeinden";"22.646,93";"24.779,01";"26.830,58";"30.801,92"
"07137004";"Anschau";"Gemeinden";"20.826,65";"23.433,08";"26.065,91";"30.257,21"
"07137006";"Arft";"Gemeinden";"18.551,43";"21.021,01";"22.975,64";"26.705,82"
"07137007";"Baar";"Gemeinden";"19.416,60";"21.836,10";"23.666,07";"27.284,90"
"07137008";"Bell";"Gemeinden";"22.690,79";"24.626,38";"26.583,51";"31.565,21"
"07137011";"Bermel";"Gemeinden";"17.729,29";"19.887,13";"22.264,05";"25.935,92"
"07137014";"Boos";"Gemeinden";"18.660,26";"20.985,14";"23.072,21";"26.880,71"
"07137019";"Ditscheid";"Gemeinden";"18.007,01";"19.712,59";"21.784,46";"25.336,74"
"07137023";"Einig";"Gemeinden";"20.479,40";"23.318,44";"25.631,04";"29.447,13"
"07137025";"Ettringen";"Gemeinden";"20.421,56";"22.997,84";"25.146,39";"28.994,63"
"07137027";"Gappenach";"Gemeinden";"21.134,18";"23.045,94";"25.126,63";"29.110,95"
"07137029";"Gering";"Gemeinden";"20.888,06";"22.644,93";"24.197,66";"27.719,80"
"07137030";"Gierschnach";"Gemeinden";"19.351,79";"21.342,60";"23.872,31";"27.683,13"
"07137034";"Hausten";"Gemeinden";"23.895,65";"26.104,48";"27.083,75";"31.599,00"
"07137035";"Herresbach";"Gemeinden";"19.784,60";"22.410,98";"24.820,53";"28.887,25"
"07137036";"Hirten";"Gemeinden";"18.531,40";"20.477,57";"23.027,20";"26.733,04"
"07137041";"Kalt";"Gemeinden";"19.180,17";"21.781,67";"24.047,22";"28.093,34"
"07137043";"Kehrig";"Gemeinden";"22.306,47";"24.709,92";"26.652,74";"30.717,67"
"07137048";"Kerben";"Gemeinden";"20.673,82";"23.290,94";"25.260,86";"29.297,55"
"07137049";"Kirchwald";"Gemeinden";"20.799,38";"22.911,62";"24.353,67";"27.969,90"
"07137053";"Kollig";"Gemeinden";"22.485,16";"25.089,09";"27.832,63";"33.329,20"
"07137055";"Kottenheim";"Gemeinden";"23.474,87";"25.682,87";"27.557,84";"31.570,85"
"07137056";"Kretz";"Gemeinden";"20.068,19";"21.781,50";"22.931,00";"26.947,27"
"07137057";"Kruft";"Gemeinden";"21.799,48";"23.370,06";"25.307,46";"29.166,56"
"07137060";"Langenfeld";"Gemeinden";"22.726,36";"25.584,31";"28.286,52";"33.455,48"
"07137061";"Langscheid";"Gemeinden";"26.458,80";"27.251,67";"29.084,20";"33.549,40"
"07137063";"Lind";"Gemeinden";"20.751,21";"22.945,24";"25.550,30";"30.158,27"
"07137065";"Lonnig";"Gemeinden";"23.022,52";"25.706,06";"28.107,02";"33.126,99"
"07137066";"Luxem";"Gemeinden";"19.827,05";"21.769,61";"23.818,52";"27.495,30"
"07137068";"Mayen, Stadt";"Gemeinden";"21.736,75";"23.807,63";"25.352,20";"29.270,47"
"07137069";"Mendig, Stadt";"Gemeinden";"21.988,23";"23.761,39";"26.110,40";"30.199,11"
"07137070";"Mertloch";"Gemeinden";"20.452,13";"22.884,40";"25.217,96";"29.411,38"
"07137074";"Monreal";"Gemeinden";"21.628,92";"24.200,91";"25.787,45";"30.564,70"
"07137077";"Münk";"Gemeinden";"21.075,49";"22.969,50";"24.467,81";"28.324,80"
"07137079";"Nachtsheim";"Gemeinden";"20.368,58";"22.928,95";"25.646,06";"29.887,69"
"07137080";"Naunheim";"Gemeinden";"21.891,47";"24.749,49";"27.009,01";"31.488,47"
"07137081";"Nickenich";"Gemeinden";"22.634,32";"24.853,11";"26.292,11";"30.788,64"
"07137086";"Ochtendung";"Gemeinden";"20.845,29";"23.451,23";"25.755,22";"30.142,31"
"07137087";"Pillig";"Gemeinden";"19.678,28";"21.678,17";"23.897,37";"27.484,53"
"07137088";"Plaidt";"Gemeinden";"20.954,14";"22.732,72";"24.333,26";"28.066,89"
"07137089";"Polch, Stadt";"Gemeinden";"20.393,90";"22.926,64";"25.063,65";"29.057,14"
"07137092";"Reudelsterz";"Gemeinden";"17.868,92";"20.076,77";"22.085,29";"25.773,75"
"07137093";"Rieden";"Gemeinden";"21.296,35";"24.036,23";"26.381,19";"30.834,16"
"07137095";"Rüber";"Gemeinden";"22.511,80";"24.687,80";"26.494,79";"30.733,31"
"07137096";"Saffig";"Gemeinden";"21.087,91";"23.915,10";"26.103,10";"30.298,10"
"07137097";"Sankt Johann";"Gemeinden";"24.044,50";"26.821,44";"29.126,04";"33.914,05"
"07137099";"Siebenbach";"Gemeinden";"21.114,33";"24.484,07";"26.036,73";"30.066,80"
"07137101";"Thür";"Gemeinden";"21.221,91";"23.722,51";"26.298,38";"30.840,60"
"07137102";"Trimbs";"Gemeinden";"20.916,50";"23.856,19";"25.877,68";"30.105,55"
"07137105";"Virneburg";"Gemeinden";"20.060,02";"22.527,25";"24.113,86";"28.047,76"
"07137106";"Volkesfeld";"Gemeinden";"21.704,01";"24.202,74";"25.322,70";"30.236,83"
"07137110";"Weiler";"Gemeinden";"20.081,71";"22.566,05";"24.613,28";"28.895,54"
"07137112";"Welling";"Gemeinden";"21.728,11";"24.469,68";"26.782,05";"31.563,28"
"07137113";"Welschenbach";"Gemeinden";"17.854,27";"20.206,73";"23.640,09";"27.169,78"
"07137114";"Wierschem";"Gemeinden";"21.467,61";"23.331,38";"25.480,98";"29.477,61"
"07137201";"Alken";"Gemeinden";"21.249,54";"23.855,35";"26.573,46";"31.026,76"
"07137202";"Bassenheim";"Gemeinden";"23.394,82";"25.685,71";"27.826,86";"31.975,54"
"07137203";"Bendorf, Stadt";"Gemeinden";"20.466,75";"22.425,41";"23.943,38";"27.515,09"
"07137204";"Brey";"Gemeinden";"23.408,62";"27.061,91";"28.790,65";"33.355,90"
"07137205";"Brodenbach";"Gemeinden";"23.231,04";"24.678,29";"27.040,96";"31.465,52"
"07137206";"Burgen";"Gemeinden";"19.873,98";"22.143,34";"24.709,17";"28.564,03"
"07137207";"Dieblich";"Gemeinden";"23.367,97";"26.574,95";"28.242,21";"32.440,26"
"07137208";"Hatzenport";"Gemeinden";"19.074,91";"21.524,84";"23.676,13";"27.469,03"
"07137209";"Kaltenengers";"Gemeinden";"21.448,86";"22.944,35";"24.698,61";"28.836,98"
"07137211";"Kettig";"Gemeinden";"21.367,57";"23.080,95";"24.494,37";"28.727,84"
"07137212";"Kobern-Gondorf";"Gemeinden";"26.835,01";"28.561,70";"29.543,69";"33.942,01"
"07137214";"Löf";"Gemeinden";"21.972,64";"23.854,73";"25.554,70";"30.170,37"
"07137215";"Macken";"Gemeinden";"20.382,27";"23.349,00";"26.057,26";"29.934,85"
"07137216";"Mülheim-Kärlich, Stadt";"Gemeinden";"21.925,44";"23.989,71";"25.541,93";"29.395,45"
"07137217";"Niederfell";"Gemeinden";"16.728,34";"18.382,52";"20.620,27";"23.960,06"
"07137218";"Niederwerth";"Gemeinden";"21.343,73";"23.831,93";"25.417,62";"29.585,31"
"07137219";"Nörtershausen";"Gemeinden";"24.817,25";"27.566,50";"29.152,88";"33.714,59"
"07137220";"Oberfell";"Gemeinden";"23.095,63";"25.213,77";"26.093,19";"30.257,97"
"07137221";"Rhens, Stadt";"Gemeinden";"23.768,61";"25.946,47";"27.463,33";"31.875,81"
"07137222";"Sankt Sebastian";"Gemeinden";"20.555,29";"22.451,29";"24.678,54";"28.425,04"
"07137223";"Spay";"Gemeinden";"22.324,10";"24.575,02";"26.659,52";"30.949,29"
"07137224";"Urbar";"Gemeinden";"24.945,94";"26.904,50";"28.569,45";"33.191,72"
"07137225";"Urmitz";"Gemeinden";"22.877,26";"25.168,17";"26.658,79";"30.833,60"
"07137226";"Vallendar, Stadt";"Gemeinden";"26.297,09";"28.703,61";"29.972,50";"34.620,28"
"07137227";"Waldesch";"Gemeinden";"26.522,45";"28.432,42";"30.683,94";"35.524,22"
"07137228";"Weißenthurm, Stadt";"Gemeinden";"18.297,41";"20.344,67";"22.539,22";"25.660,46"
"07137229";"Weitersburg";"Gemeinden";"24.125,27";"27.331,04";"28.932,63";"33.513,01"
"07137230";"Winningen";"Gemeinden";"24.309,68";"26.916,05";"28.665,16";"33.322,81"
"07137231";"Wolken";"Gemeinden";"24.864,92";"28.090,44";"29.745,85";"34.590,95"
"07137501";"Münstermaifeld, Stadt";"Gemeinden";"21.522,37";"24.017,65";"26.163,08";"30.480,29"
"07137504";"Lehmen";"Gemeinden";"21.400,58";"24.163,77";"25.982,82";"29.978,72"
"07138002";"Anhausen";"Gemeinden";"21.844,14";"24.159,90";"26.303,78";"30.262,79"
"07138003";"Asbach";"Gemeinden";"21.341,89";"23.848,04";"25.876,66";"30.234,89"
"07138004";"Bad Hönningen, Stadt";"Gemeinden";"20.610,47";"22.367,44";"23.706,31";"27.702,91"
"07138005";"Bonefeld";"Gemeinden";"19.819,45";"21.661,53";"23.939,31";"27.541,56"
"07138006";"Breitscheid";"Gemeinden";"21.739,96";"24.137,65";"26.106,91";"30.736,42"
"07138007";"Hausen (Wied)";"Gemeinden";"19.332,94";"21.761,27";"23.369,79";"27.865,28"
"07138008";"Bruchhausen";"Gemeinden";"23.390,42";"25.961,09";"28.498,29";"34.035,24"
"07138009";"Dattenberg";"Gemeinden";"21.042,40";"23.810,23";"25.885,10";"30.437,71"
"07138010";"Datzeroth";"Gemeinden";"20.267,45";"22.556,91";"24.537,84";"28.924,95"
"07138011";"Dernbach";"Gemeinden";"20.588,61";"22.784,42";"24.879,81";"29.622,49"
"07138012";"Dierdorf, Stadt";"Gemeinden";"18.931,65";"21.235,69";"23.180,84";"26.909,07"
"07138013";"Döttesfeld";"Gemeinden";"19.530,53";"21.828,58";"22.933,24";"27.279,93"
"07138014";"Dürrholz";"Gemeinden";"18.761,34";"21.361,38";"23.635,99";"28.152,43"
"07138015";"Ehlscheid";"Gemeinden";"23.305,78";"25.746,65";"28.497,65";"33.120,61"
"07138019";"Erpel";"Gemeinden";"22.615,02";"25.193,84";"26.922,11";"31.333,81"
"07138023";"Großmaischeid";"Gemeinden";"22.584,11";"25.699,45";"28.147,31";"33.096,66"
"07138024";"Hammerstein";"Gemeinden";"20.849,28";"22.755,28";"24.215,18";"28.900,05"
"07138025";"Hanroth";"Gemeinden";"18.146,62";"20.521,91";"22.727,35";"26.633,77"
"07138026";"Hardert";"Gemeinden";"21.185,69";"23.553,17";"25.900,49";"30.136,43"
"07138027";"Harschbach";"Gemeinden";"20.379,44";"23.293,90";"25.508,58";"29.669,43"
"07138030";"Hümmerich";"Gemeinden";"22.596,75";"24.150,04";"25.763,95";"30.448,92"
"07138031";"Isenburg";"Gemeinden";"19.759,23";"22.060,92";"23.603,38";"27.555,83"
"07138034";"Kleinmaischeid";"Gemeinden";"21.183,64";"23.077,28";"25.905,30";"29.542,73"
"07138036";"Kurtscheid";"Gemeinden";"24.283,86";"26.883,38";"29.031,46";"34.081,20"
"07138037";"Leubsdorf";"Gemeinden";"26.142,26";"29.028,22";"30.583,15";"35.590,46"
"07138038";"Leutesdorf";"Gemeinden";"20.770,30";"22.650,42";"23.707,34";"27.328,56"
"07138040";"Linkenbach";"Gemeinden";"20.915,59";"23.408,04";"25.037,83";"29.776,64"
"07138041";"Linz am Rhein, Stadt";"Gemeinden";"23.135,63";"24.647,33";"27.348,06";"31.914,79"
"07138042";"Meinborn";"Gemeinden";"27.641,36";"30.703,06";"32.018,70";"37.083,02"
"07138043";"Melsbach";"Gemeinden";"25.908,65";"27.415,54";"30.829,15";"35.301,63"
"07138044";"Neustadt (Wied)";"Gemeinden";"23.674,54";"26.446,61";"28.780,20";"33.611,00"
"07138045";"Neuwied, Stadt";"Gemeinden";"20.479,03";"22.145,60";"24.071,88";"27.941,08"
"07138047";"Niederbreitbach";"Gemeinden";"20.190,74";"22.383,88";"24.530,30";"28.570,96"
"07138048";"Niederhofen";"Gemeinden";"17.522,37";"20.008,42";"21.867,05";"25.116,30"
"07138050";"Niederwambach";"Gemeinden";"19.726,67";"22.261,52";"24.169,17";"27.945,83"
"07138052";"Oberdreis";"Gemeinden";"18.500,25";"20.928,63";"23.293,35";"27.344,80"
"07138053";"Oberhonnefeld-Gierend";"Gemeinden";"20.307,93";"21.972,53";"24.351,35";"27.928,40"
"07138054";"Oberraden";"Gemeinden";"20.121,20";"22.597,51";"25.326,36";"29.697,53"
"07138055";"Ockenfels";"Gemeinden";"26.472,55";"28.562,17";"30.706,26";"36.388,00"
"07138057";"Puderbach";"Gemeinden";"20.805,35";"22.722,05";"24.817,97";"28.835,99"
"07138058";"Ratzert";"Gemeinden";"19.079,05";"21.219,76";"23.504,80";"27.604,17"
"07138059";"Raubach";"Gemeinden";"20.135,02";"22.441,41";"24.098,19";"28.462,90"
"07138061";"Rengsdorf";"Gemeinden";"25.511,97";"27.661,51";"29.223,10";"33.734,06"
"07138062";"Rheinbreitbach";"Gemeinden";"30.543,18";"32.333,65";"33.359,09";"38.626,89"
"07138063";"Rheinbrohl";"Gemeinden";"20.760,81";"23.179,34";"25.297,55";"29.285,97"
"07138064";"Rodenbach bei Puderbach";"Gemeinden";"19.187,36";"20.449,30";"22.478,46";"26.159,24"
"07138065";"Roßbach";"Gemeinden";"23.316,64";"25.881,16";"28.256,05";"32.772,51"
"07138066";"Rüscheid";"Gemeinden";"23.129,89";"25.331,40";"26.510,53";"31.085,73"
"07138068";"Sankt Katharinen (Landkreis Neuwied)";"Gemeinden";"21.476,17";"23.257,02";"25.073,67";"29.426,74"
"07138069";"Stebach";"Gemeinden";"19.166,27";"21.360,42";"23.407,80";"26.997,58"
"07138070";"Steimel";"Gemeinden";"19.361,32";"22.051,23";"24.143,18";"28.017,30"
"07138071";"Straßenhaus";"Gemeinden";"22.363,93";"25.090,07";"27.231,19";"31.875,22"
"07138072";"Thalhausen";"Gemeinden";"20.077,21";"22.406,71";"24.795,90";"29.173,89"
"07138073";"Unkel, Stadt";"Gemeinden";"23.968,14";"25.870,64";"27.339,81";"31.694,00"
"07138074";"Urbach";"Gemeinden";"19.080,24";"21.527,67";"23.587,18";"27.790,17"
"07138075";"Vettelschoß";"Gemeinden";"24.555,61";"27.723,07";"28.825,58";"34.014,63"
"07138076";"Waldbreitbach";"Gemeinden";"22.103,54";"24.426,74";"26.579,82";"31.128,14"
"07138077";"Windhagen";"Gemeinden";"24.481,86";"26.594,43";"28.319,83";"33.159,99"
"07138078";"Woldert";"Gemeinden";"18.586,05";"20.423,74";"22.700,48";"26.761,25"
"07138080";"Buchholz (Westerwald)";"Gemeinden";"21.344,80";"23.573,10";"25.610,10";"29.798,97"
"07138201";"Marienhausen";"Gemeinden";"21.793,05";"23.515,78";"25.383,34";"29.566,56"
"07138501";"Kasbach-Ohlenberg";"Gemeinden";"22.787,20";"24.865,95";"26.363,85";"30.501,27"
"07140001";"Alterkülz";"Gemeinden";"19.547,91";"22.178,45";"24.166,88";"27.845,58"
"07140002";"Altweidelbach";"Gemeinden";"20.750,10";"23.553,46";"24.925,76";"28.564,94"
"07140003";"Argenthal";"Gemeinden";"21.323,25";"23.832,15";"25.928,55";"29.813,07"
"07140005";"Badenhard";"Gemeinden";"18.131,03";"20.584,51";"23.349,74";"27.317,68"
"07140006";"Bärenbach";"Gemeinden";"17.915,77";"19.962,20";"22.423,24";"25.888,55"
"07140007";"Belg";"Gemeinden";"17.324,18";"20.017,87";"22.062,51";"25.263,58"
"07140008";"Belgweiler";"Gemeinden";"20.516,13";"22.197,68";"24.689,11";"27.936,09"
"07140009";"Bell (Hunsrück)";"Gemeinden";"19.242,31";"21.734,54";"24.197,38";"27.679,95"
"07140010";"Beltheim";"Gemeinden";"21.076,58";"23.519,79";"25.548,77";"29.235,65"
"07140011";"Benzweiler";"Gemeinden";"19.552,07";"21.962,20";"23.884,24";"27.523,52"
"07140012";"Bergenhausen";"Gemeinden";"20.947,99";"22.760,84";"25.414,17";"29.277,33"
"07140014";"Bickenbach";"Gemeinden";"19.549,16";"21.598,30";"24.327,66";"28.284,87"
"07140015";"Biebern";"Gemeinden";"22.162,55";"24.436,35";"25.541,45";"29.727,44"
"07140016";"Birkheim";"Gemeinden";"22.437,24";"23.600,64";"25.185,45";"29.434,05"
"07140018";"Braunshorn";"Gemeinden";"20.034,10";"22.480,59";"24.606,66";"29.226,90"
"07140020";"Bubach";"Gemeinden";"22.482,83";"23.911,96";"26.653,87";"31.252,12"
"07140021";"Buch";"Gemeinden";"20.188,29";"22.667,49";"24.824,53";"29.256,23"
"07140023";"Budenbach";"Gemeinden";"19.797,00";"22.072,09";"24.351,25";"28.140,69"
"07140024";"Büchenbeuren";"Gemeinden";"18.898,44";"21.403,76";"23.129,46";"27.001,36"
"07140025";"Damscheid";"Gemeinden";"21.105,29";"23.909,14";"26.260,01";"30.787,87"
"07140027";"Dichtelbach";"Gemeinden";"20.506,96";"22.591,73";"24.536,37";"28.225,30"
"07140028";"Dickenschied";"Gemeinden";"21.036,24";"23.564,77";"25.061,39";"29.276,77"
"07140029";"Dill";"Gemeinden";"18.938,73";"21.048,53";"22.832,77";"26.273,63"
"07140030";"Dillendorf";"Gemeinden";"19.528,37";"22.285,70";"23.580,87";"28.057,57"
"07140031";"Dörth";"Gemeinden";"21.522,96";"24.156,00";"26.838,62";"31.889,22"
"07140035";"Ellern (Hunsrück)";"Gemeinden";"24.089,66";"27.292,73";"28.928,16";"33.110,39"
"07140036";"Emmelshausen, Stadt";"Gemeinden";"22.455,41";"24.668,86";"27.219,85";"31.335,39"
"07140037";"Erbach";"Gemeinden";"21.479,94";"23.563,03";"24.418,76";"28.499,31"
"07140039";"Fronhofen";"Gemeinden";"20.230,17";"22.578,09";"24.729,16";"28.995,08"
"07140040";"Gehlweiler";"Gemeinden";"18.576,97";"20.902,05";"23.421,23";"27.051,17"
"07140041";"Gemünden";"Gemeinden";"21.019,56";"23.313,70";"25.598,58";"29.680,90"
"07140042";"Gödenroth";"Gemeinden";"21.078,08";"23.856,07";"25.060,32";"29.247,75"
"07140043";"Gondershausen";"Gemeinden";"20.776,17";"22.921,43";"24.794,12";"29.373,38"
"07140044";"Hahn";"Gemeinden";"21.298,81";"23.334,45";"24.619,34";"28.368,23"
"07140045";"Halsenbach";"Gemeinden";"23.392,52";"24.961,63";"27.112,35";"31.404,66"
"07140046";"Hasselbach";"Gemeinden";"18.524,42";"20.926,62";"23.299,30";"27.436,39"
"07140047";"Hausbay";"Gemeinden";"19.543,94";"21.643,76";"23.779,77";"27.753,61"
"07140048";"Hecken";"Gemeinden";"17.555,63";"19.863,55";"22.598,89";"26.102,33"
"07140049";"Heinzenbach";"Gemeinden";"20.890,42";"23.243,20";"25.188,62";"28.945,79"
"07140050";"Henau";"Gemeinden";"19.329,86";"21.448,48";"22.545,04";"26.555,70"
"07140053";"Hirschfeld (Hunsrück)";"Gemeinden";"18.724,43";"21.061,82";"23.232,98";"26.844,20"
"07140055";"Hollnich";"Gemeinden";"22.170,29";"24.127,80";"26.060,01";"29.792,67"
"07140056";"Holzbach";"Gemeinden";"19.990,68";"22.079,53";"23.380,89";"27.681,30"
"07140058";"Horn";"Gemeinden";"18.488,01";"20.450,85";"22.293,85";"26.838,97"
"07140060";"Hungenroth";"Gemeinden";"21.831,13";"24.015,52";"25.633,53";"29.798,44"
"07140062";"Kappel";"Gemeinden";"19.526,53";"21.139,90";"23.080,85";"26.767,63"
"07140063";"Karbach";"Gemeinden";"20.634,87";"23.489,38";"25.355,30";"29.368,38"
"07140064";"Kastellaun, Stadt";"Gemeinden";"20.724,13";"23.363,54";"25.636,70";"29.551,18"
"07140065";"Keidelheim";"Gemeinden";"23.975,69";"26.550,64";"29.167,36";"33.756,55"
"07140067";"Kirchberg (Hunsrück), Stadt";"Gemeinden";"21.402,86";"23.117,10";"25.591,76";"29.605,58"
"07140068";"Kisselbach";"Gemeinden";"22.539,86";"23.675,44";"26.357,98";"30.126,17"
"07140070";"Klosterkumbd";"Gemeinden";"22.940,47";"25.162,82";"27.546,86";"32.594,60"
"07140071";"Kludenbach";"Gemeinden";"19.316,99";"21.742,93";"24.125,70";"28.497,61"
"07140073";"Korweiler";"Gemeinden";"20.089,81";"22.595,10";"23.708,21";"27.365,05"
"07140075";"Kratzenburg";"Gemeinden";"22.771,80";"24.978,08";"28.055,20";"32.849,11"
"07140076";"Külz (Hunsrück)";"Gemeinden";"20.483,01";"22.713,42";"24.601,85";"28.919,08"
"07140077";"Kümbdchen";"Gemeinden";"21.046,19";"24.004,99";"26.012,70";"30.332,66"
"07140079";"Laubach";"Gemeinden";"19.491,91";"22.045,00";"23.958,46";"27.269,81"
"07140080";"Laudert";"Gemeinden";"22.520,76";"27.257,05";"27.831,32";"32.631,76"
"07140081";"Laufersweiler";"Gemeinden";"18.975,41";"21.512,31";"23.936,24";"27.798,91"
"07140082";"Lautzenhausen";"Gemeinden";"16.909,85";"19.582,10";"21.236,74";"25.099,51"
"07140084";"Leiningen";"Gemeinden";"21.302,32";"23.822,29";"26.184,65";"30.613,27"
"07140085";"Liebshausen";"Gemeinden";"23.377,93";"25.730,85";"28.061,91";"32.766,66"
"07140086";"Lindenschied";"Gemeinden";"19.382,77";"22.159,95";"25.068,17";"29.094,72"
"07140087";"Lingerhahn";"Gemeinden";"20.338,59";"22.540,17";"25.066,82";"29.347,80"
"07140089";"Maisborn";"Gemeinden";"17.325,95";"20.061,19";"21.846,87";"26.001,79"
"07140090";"Maitzborn";"Gemeinden";"17.388,51";"19.325,11";"21.668,76";"25.885,26"
"07140092";"Mengerschied";"Gemeinden";"20.762,90";"22.789,04";"24.915,41";"28.631,29"
"07140093";"Mermuth";"Gemeinden";"20.036,52";"21.955,73";"23.939,31";"27.524,83"
"07140094";"Metzenhausen";"Gemeinden";"18.997,54";"21.208,74";"23.277,19";"27.031,84"
"07140095";"Michelbach";"Gemeinden";"19.689,69";"21.137,54";"23.176,56";"27.841,19"
"07140096";"Mörschbach";"Gemeinden";"23.329,26";"27.659,84";"30.072,65";"35.717,74"
"07140098";"Mühlpfad";"Gemeinden";"17.094,47";"19.441,12";"21.527,54";"24.949,44"
"07140099";"Mutterschied";"Gemeinden";"18.602,86";"19.810,89";"21.846,72";"25.457,49"
"07140100";"Nannhausen";"Gemeinden";"21.452,31";"24.319,86";"27.204,66";"31.052,36"
"07140101";"Neuerkirch";"Gemeinden";"21.697,84";"24.380,82";"26.761,37";"30.592,81"
"07140102";"Ney";"Gemeinden";"23.784,65";"26.264,92";"28.755,73";"32.935,84"
"07140104";"Niederburg";"Gemeinden";"21.166,51";"23.932,66";"26.454,93";"31.129,80"
"07140105";"Nieder Kostenz";"Gemeinden";"19.309,74";"21.971,97";"24.219,70";"29.256,85"
"07140106";"Niederkumbd";"Gemeinden";"22.133,87";"24.908,45";"26.607,36";"31.727,37"
"07140107";"Niedersohren";"Gemeinden";"20.012,49";"22.763,74";"24.755,25";"28.532,90"
"07140108";"Niedert";"Gemeinden";"21.890,93";"24.894,45";"27.492,68";"31.542,70"
"07140109";"Niederweiler";"Gemeinden";"20.677,76";"23.250,94";"25.904,11";"30.581,76"
"07140110";"Norath";"Gemeinden";"20.658,96";"23.300,97";"25.392,39";"29.694,25"
"07140111";"Ober Kostenz";"Gemeinden";"18.424,00";"20.411,45";"22.215,21";"26.481,37"
"07140112";"Oberwesel, Stadt";"Gemeinden";"22.431,48";"24.469,53";"26.506,42";"30.974,69"
"07140113";"Ohlweiler";"Gemeinden";"23.017,00";"24.546,75";"26.468,69";"30.819,92"
"07140115";"Oppertshausen";"Gemeinden";"21.314,25";"22.398,58";"24.511,24";"28.660,42"
"07140116";"Perscheid";"Gemeinden";"20.685,37";"22.693,20";"24.948,69";"29.773,56"
"07140117";"Pfalzfeld";"Gemeinden";"21.347,25";"22.847,66";"24.423,35";"28.085,43"
"07140118";"Pleizenhausen";"Gemeinden";"20.315,35";"22.895,40";"25.085,43";"29.232,76"
"07140119";"Ravengiersburg";"Gemeinden";"16.161,52";"18.365,87";"20.450,45";"23.501,78"
"07140120";"Raversbeuren";"Gemeinden";"16.254,89";"18.757,45";"20.820,70";"24.191,91"
"07140121";"Rayerschied";"Gemeinden";"19.684,35";"21.342,08";"23.588,93";"27.751,24"
"07140122";"Reckershausen";"Gemeinden";"18.934,79";"21.213,52";"23.717,08";"27.837,99"
"07140123";"Reich";"Gemeinden";"20.791,17";"23.306,26";"25.614,13";"30.674,48"
"07140125";"Rheinböllen, Stadt";"Gemeinden";"21.436,35";"23.893,57";"25.661,91";"29.794,86"
"07140126";"Riegenroth";"Gemeinden";"22.223,63";"24.052,88";"25.308,72";"29.831,57"
"07140127";"Riesweiler";"Gemeinden";"23.847,48";"26.768,16";"29.636,90";"34.650,71"
"07140128";"Rödelhausen";"Gemeinden";"16.367,28";"18.596,37";"20.728,00";"24.339,55"
"07140129";"Rödern";"Gemeinden";"22.247,47";"25.534,25";"27.175,10";"31.630,96"
"07140130";"Rohrbach";"Gemeinden";"19.015,60";"21.526,84";"23.389,45";"26.884,30"
"07140131";"Roth";"Gemeinden";"19.509,25";"22.068,68";"23.183,84";"27.297,86"
"07140133";"Sankt Goar, Stadt";"Gemeinden";"21.336,62";"23.831,85";"25.584,55";"30.337,31"
"07140134";"Sargenroth";"Gemeinden";"21.339,07";"23.064,11";"25.317,70";"29.457,41"
"07140135";"Schlierschied";"Gemeinden";"18.968,78";"21.089,93";"23.288,76";"26.878,14"
"07140138";"Schnorbach";"Gemeinden";"21.820,38";"23.806,39";"26.650,74";"31.184,06"
"07140139";"Schönborn";"Gemeinden";"21.016,14";"22.682,27";"24.703,65";"28.984,72"
"07140140";"Schwall";"Gemeinden";"22.799,99";"25.453,18";"28.176,49";"32.923,03"
"07140141";"Schwarzen";"Gemeinden";"15.865,28";"18.092,62";"19.970,92";"23.030,86"
"07140144";"Simmern/ Hunsrück, Stadt";"Gemeinden";"21.462,33";"24.187,11";"26.314,98";"30.476,99"
"07140145";"Sohren";"Gemeinden";"18.384,54";"20.721,73";"22.891,79";"26.475,67"
"07140146";"Sohrschied";"Gemeinden";"18.250,99";"20.712,14";"23.818,39";"27.959,05"
"07140147";"Spesenroth";"Gemeinden";"18.977,10";"21.493,23";"23.387,11";"27.292,65"
"07140148";"Steinbach";"Gemeinden";"22.196,64";"24.587,40";"27.272,72";"31.440,28"
"07140149";"Thörlingen";"Gemeinden";"19.718,37";"22.120,96";"24.615,09";"28.472,73"
"07140150";"Tiefenbach";"Gemeinden";"20.287,74";"23.122,50";"24.892,29";"28.782,84"
"07140151";"Todenroth";"Gemeinden";"15.438,00";"17.385,64";"19.633,57";"22.941,98"
"07140153";"Uhler";"Gemeinden";"20.789,24";"23.414,49";"25.389,84";"29.622,30"
"07140154";"Unzenberg";"Gemeinden";"20.861,20";"23.159,26";"25.207,95";"29.436,52"
"07140155";"Urbar";"Gemeinden";"21.821,14";"24.623,86";"26.664,47";"31.786,78"
"07140156";"Utzenhain";"Gemeinden";"18.870,04";"20.532,54";"22.789,83";"26.977,42"
"07140158";"Wahlbach";"Gemeinden";"20.587,23";"23.149,69";"25.746,64";"30.021,72"
"07140159";"Wahlenau";"Gemeinden";"16.876,25";"18.423,52";"20.722,54";"24.394,83"
"07140161";"Wiebelsheim";"Gemeinden";"19.796,40";"21.670,02";"21.939,35";"25.957,52"
"07140163";"Womrath";"Gemeinden";"20.885,95";"23.212,06";"25.404,57";"29.352,80"
"07140164";"Woppenroth";"Gemeinden";"18.848,54";"21.167,15";"24.062,60";"28.361,53"
"07140165";"Würrich";"Gemeinden";"21.298,54";"23.612,59";"25.650,82";"30.184,30"
"07140166";"Wüschheim";"Gemeinden";"18.280,65";"20.443,10";"23.374,72";"26.884,89"
"07140201";"Beulich";"Gemeinden";"21.402,25";"23.889,35";"25.840,22";"29.802,50"
"07140202";"Dommershausen";"Gemeinden";"25.144,49";"27.787,58";"30.351,62";"35.489,02"
"07140204";"Mastershausen";"Gemeinden";"18.424,95";"20.701,88";"23.084,93";"26.425,02"
"07140205";"Morshausen";"Gemeinden";"22.978,90";"26.074,62";"27.155,55";"32.029,74"
"07140501";"Boppard, Stadt";"Gemeinden";"22.976,35";"25.606,70";"27.218,15";"31.726,96"
"07140502";"Lahr";"Gemeinden";"19.988,26";"22.258,74";"24.456,67";"28.663,11"
"07140503";"Mörsdorf";"Gemeinden";"19.687,26";"22.308,37";"24.743,52";"28.874,75"
"07140504";"Zilshausen";"Gemeinden";"19.584,35";"22.773,49";"24.652,43";"28.447,40"
"07141001";"Allendorf";"Gemeinden";"21.486,21";"24.255,26";"25.582,75";"29.338,45"
"07141002";"Altendiez";"Gemeinden";"22.599,66";"25.161,71";"27.106,51";"31.045,63"
"07141003";"Attenhausen";"Gemeinden";"21.223,05";"23.606,79";"24.771,78";"28.957,50"
"07141004";"Auel";"Gemeinden";"19.335,73";"21.226,67";"23.395,79";"27.560,23"
"07141005";"Aull";"Gemeinden";"23.062,05";"26.168,19";"28.397,94";"33.735,87"
"07141006";"Bad Ems, Stadt";"Gemeinden";"20.387,05";"22.431,51";"23.930,06";"27.726,24"
"07141008";"Becheln";"Gemeinden";"22.178,87";"24.470,81";"26.947,54";"31.661,00"
"07141009";"Berg";"Gemeinden";"23.392,26";"26.262,07";"27.639,76";"31.927,64"
"07141010";"Berghausen";"Gemeinden";"19.951,66";"22.206,41";"24.101,00";"27.750,36"
"07141011";"Berndroth";"Gemeinden";"19.559,43";"21.477,78";"23.938,17";"28.415,30"
"07141012";"Bettendorf";"Gemeinden";"22.134,39";"23.720,05";"25.771,82";"29.531,45"
"07141013";"Biebrich";"Gemeinden";"20.717,83";"23.136,51";"25.207,43";"29.229,48"
"07141014";"Birlenbach";"Gemeinden";"21.515,61";"23.251,20";"25.374,79";"29.490,49"
"07141015";"Bogel";"Gemeinden";"21.176,31";"23.034,73";"24.480,84";"29.240,25"
"07141016";"Bornich";"Gemeinden";"21.417,29";"24.154,32";"27.255,37";"31.793,05"
"07141018";"Bremberg";"Gemeinden";"27.768,45";"28.878,29";"29.898,61";"34.880,80"
"07141019";"Buch";"Gemeinden";"21.464,74";"23.630,78";"26.491,94";"30.784,06"
"07141020";"Burgschwalbach";"Gemeinden";"21.772,54";"24.031,49";"25.765,15";"30.155,77"
"07141021";"Charlottenberg";"Gemeinden";"17.439,78";"19.273,14";"21.289,60";"24.723,63"
"07141022";"Cramberg";"Gemeinden";"22.404,99";"24.270,01";"25.739,53";"29.892,93"
"07141023";"Dachsenhausen";"Gemeinden";"21.758,39";"23.415,85";"25.577,61";"29.851,94"
"07141024";"Dahlheim";"Gemeinden";"22.700,50";"24.335,72";"26.215,81";"30.754,36"
"07141025";"Dausenau";"Gemeinden";"21.057,32";"22.834,25";"25.099,96";"29.206,73"
"07141026";"Dessighofen";"Gemeinden";"20.550,20";"23.045,01";"24.946,28";"28.852,86"
"07141027";"Dienethal";"Gemeinden";"20.252,08";"22.541,22";"24.420,65";"27.965,81"
"07141029";"Diez, Stadt";"Gemeinden";"21.510,39";"23.674,58";"25.400,00";"29.230,46"
"07141030";"Dörnberg";"Gemeinden";"16.756,30";"18.974,89";"21.429,39";"24.678,36"
"07141031";"Dörscheid";"Gemeinden";"21.504,59";"24.113,74";"26.494,09";"31.323,12"
"07141032";"Dörsdorf";"Gemeinden";"21.218,37";"23.898,49";"26.520,46";"31.789,59"
"07141033";"Dornholzhausen";"Gemeinden";"18.196,20";"20.581,54";"22.944,25";"27.105,38"
"07141034";"Ebertshausen";"Gemeinden";"20.401,17";"23.216,30";"25.772,02";"29.807,95"
"07141035";"Ehr";"Gemeinden";"18.218,23";"21.056,83";"23.284,02";"26.771,72"
"07141036";"Eisighofen";"Gemeinden";"21.914,14";"23.483,45";"25.867,80";"29.703,56"
"07141037";"Endlichhofen";"Gemeinden";"21.824,31";"24.797,40";"27.190,40";"31.697,93"
"07141038";"Eppenrod";"Gemeinden";"22.362,50";"24.816,35";"27.094,52";"31.746,94"
"07141039";"Ergeshausen";"Gemeinden";"17.509,45";"19.381,53";"21.911,16";"25.380,62"
"07141040";"Eschbach";"Gemeinden";"19.852,97";"21.649,79";"24.022,77";"27.580,10"
"07141041";"Fachbach";"Gemeinden";"22.878,61";"23.920,12";"25.378,71";"29.921,26"
"07141042";"Filsen";"Gemeinden";"21.101,15";"23.730,08";"25.873,40";"30.695,60"
"07141043";"Flacht";"Gemeinden";"20.395,01";"23.198,05";"25.508,06";"29.144,47"
"07141044";"Frücht";"Gemeinden";"20.900,10";"22.770,90";"25.483,32";"29.638,97"
"07141045";"Geilnau";"Gemeinden";"22.995,29";"25.489,38";"27.133,34";"32.309,03"
"07141046";"Geisig";"Gemeinden";"20.406,28";"22.356,77";"25.081,44";"29.058,03"
"07141047";"Gemmerich";"Gemeinden";"21.755,32";"23.896,46";"26.256,26";"30.730,32"
"07141049";"Gückingen";"Gemeinden";"25.465,99";"27.749,63";"30.493,51";"35.469,33"
"07141050";"Gutenacker";"Gemeinden";"20.607,90";"22.838,33";"25.088,49";"29.257,83"
"07141051";"Hahnstätten";"Gemeinden";"23.053,59";"25.592,44";"27.288,31";"31.411,65"
"07141052";"Hambach";"Gemeinden";"25.300,74";"27.084,65";"29.367,71";"34.298,00"
"07141053";"Heistenbach";"Gemeinden";"22.995,90";"24.749,19";"26.902,48";"31.085,34"
"07141054";"Herold";"Gemeinden";"18.366,32";"21.065,77";"23.373,52";"27.346,50"
"07141055";"Himmighofen";"Gemeinden";"21.625,87";"23.577,95";"25.569,37";"29.147,14"
"07141057";"Hirschberg";"Gemeinden";"21.952,96";"23.349,44";"25.059,77";"29.501,91"
"07141058";"Hömberg";"Gemeinden";"21.255,82";"22.095,79";"24.092,66";"27.814,65"
"07141059";"Holzappel";"Gemeinden";"21.699,79";"23.943,34";"26.042,65";"30.495,01"
"07141060";"Holzhausen an der Haide";"Gemeinden";"21.027,30";"22.955,53";"24.779,19";"28.990,02"
"07141061";"Holzheim";"Gemeinden";"23.647,32";"25.600,44";"27.900,04";"32.356,47"
"07141062";"Horhausen";"Gemeinden";"22.261,58";"24.250,42";"25.921,69";"30.358,13"
"07141063";"Hunzel";"Gemeinden";"21.432,66";"23.633,85";"25.801,31";"30.635,95"
"07141064";"Isselbach";"Gemeinden";"22.717,25";"25.748,45";"26.682,42";"31.343,30"
"07141065";"Kaltenholzhausen";"Gemeinden";"20.604,40";"22.866,93";"25.176,73";"29.882,85"
"07141066";"Kamp-Bornhofen";"Gemeinden";"19.665,73";"22.061,50";"24.369,93";"28.607,91"
"07141067";"Kasdorf";"Gemeinden";"19.185,26";"21.520,72";"23.320,92";"27.195,38"
"07141068";"Katzenelnbogen, Stadt";"Gemeinden";"21.399,51";"23.790,89";"25.220,35";"29.286,85"
"07141069";"Kaub, Stadt";"Gemeinden";"19.605,63";"21.627,16";"23.100,57";"26.421,14"
"07141070";"Kehlbach";"Gemeinden";"25.852,08";"27.134,00";"28.128,50";"32.738,07"
"07141071";"Kemmenau";"Gemeinden";"23.766,77";"26.431,48";"28.845,15";"33.468,01"
"07141072";"Kestert";"Gemeinden";"19.343,28";"21.268,18";"23.083,75";"27.559,57"
"07141073";"Klingelbach";"Gemeinden";"20.087,60";"22.579,53";"24.168,71";"28.498,37"
"07141074";"Kördorf";"Gemeinden";"20.211,39";"22.677,61";"24.208,32";"27.823,34"
"07141075";"Lahnstein, Stadt";"Gemeinden";"22.275,99";"24.030,95";"25.385,03";"29.096,58"
"07141076";"Langenscheid";"Gemeinden";"20.989,50";"24.332,70";"26.880,03";"31.474,70"
"07141077";"Laurenburg";"Gemeinden";"21.661,14";"23.929,88";"25.024,15";"28.479,25"
"07141078";"Lautert";"Gemeinden";"22.263,14";"24.972,91";"26.761,60";"30.950,80"
"07141079";"Lierschied";"Gemeinden";"20.948,63";"23.639,27";"25.998,56";"30.411,74"
"07141080";"Lipporn";"Gemeinden";"20.847,00";"22.462,38";"24.311,10";"28.453,09"
"07141081";"Lohrheim";"Gemeinden";"20.794,32";"23.143,94";"25.582,57";"30.147,60"
"07141082";"Lollschied";"Gemeinden";"22.439,23";"25.035,79";"26.992,42";"30.733,53"
"07141083";"Lykershausen";"Gemeinden";"20.730,56";"22.872,51";"25.485,57";"29.837,30"
"07141084";"Marienfels";"Gemeinden";"19.107,80";"21.728,83";"23.756,37";"27.483,24"
"07141085";"Miehlen";"Gemeinden";"21.260,50";"23.348,75";"25.229,67";"29.593,23"
"07141086";"Miellen";"Gemeinden";"19.956,02";"22.424,67";"24.248,51";"27.572,31"
"07141087";"Misselberg";"Gemeinden";"18.744,18";"20.134,31";"21.730,37";"25.325,79"
"07141088";"Mittelfischbach";"Gemeinden";"23.098,83";"26.418,34";"29.567,92";"34.550,40"
"07141089";"Mudershausen";"Gemeinden";"21.066,39";"23.583,16";"26.085,53";"30.890,56"
"07141091";"Nassau, Stadt";"Gemeinden";"19.124,52";"21.430,71";"23.290,68";"26.825,07"
"07141092";"Nastätten, Stadt";"Gemeinden";"21.298,04";"23.710,10";"25.476,14";"29.884,74"
"07141093";"Netzbach";"Gemeinden";"20.206,15";"22.735,75";"25.035,32";"29.617,08"
"07141094";"Niederbachheim";"Gemeinden";"21.699,79";"23.451,55";"25.321,63";"30.186,79"
"07141095";"Niederneisen";"Gemeinden";"21.594,11";"23.624,03";"25.558,53";"29.711,37"
"07141096";"Niedertiefenbach";"Gemeinden";"18.513,19";"20.386,64";"22.198,62";"26.098,13"
"07141097";"Niederwallmenach";"Gemeinden";"21.592,09";"23.179,80";"25.789,73";"29.874,66"
"07141098";"Nievern";"Gemeinden";"22.518,02";"25.199,99";"26.763,28";"31.615,73"
"07141099";"Nochern";"Gemeinden";"19.539,53";"21.828,78";"24.015,33";"28.061,40"
"07141100";"Oberbachheim";"Gemeinden";"19.865,27";"21.205,68";"23.187,89";"26.974,77"
"07141101";"Oberfischbach";"Gemeinden";"19.340,95";"21.794,28";"24.161,82";"28.453,96"
"07141102";"Oberneisen";"Gemeinden";"20.067,68";"22.054,99";"24.226,70";"28.259,50"
"07141103";"Obernhof";"Gemeinden";"21.257,47";"22.769,83";"23.273,67";"27.858,77"
"07141104";"Obertiefenbach";"Gemeinden";"20.430,64";"23.103,41";"24.558,56";"28.688,34"
"07141105";"Oberwallmenach";"Gemeinden";"18.052,12";"20.762,85";"23.123,60";"27.552,67"
"07141106";"Oberwies";"Gemeinden";"18.103,90";"19.714,96";"21.667,02";"26.003,18"
"07141107";"Oelsberg";"Gemeinden";"22.090,39";"24.531,72";"26.107,67";"30.750,14"
"07141108";"Osterspai";"Gemeinden";"21.792,38";"24.339,81";"26.410,03";"30.304,54"
"07141109";"Patersberg";"Gemeinden";"21.880,40";"23.460,38";"25.213,68";"29.797,80"
"07141110";"Hainau";"Gemeinden";"20.933,17";"23.387,68";"25.122,45";"29.047,92"
"07141111";"Pohl";"Gemeinden";"20.122,13";"23.032,32";"24.976,98";"29.507,17"
"07141112";"Prath";"Gemeinden";"22.619,02";"25.056,21";"27.597,79";"32.379,76"
"07141113";"Reckenroth";"Gemeinden";"21.894,71";"24.335,83";"25.938,96";"30.989,04"
"07141114";"Reichenberg";"Gemeinden";"18.347,23";"20.448,29";"22.525,97";"26.246,18"
"07141115";"Reitzenhain";"Gemeinden";"20.014,26";"21.732,73";"24.030,60";"28.183,56"
"07141116";"Rettershain";"Gemeinden";"21.139,48";"22.701,46";"24.954,24";"29.272,42"
"07141117";"Rettert";"Gemeinden";"22.025,45";"24.352,27";"26.977,49";"31.007,63"
"07141118";"Roth";"Gemeinden";"19.548,19";"21.397,42";"23.786,94";"27.586,97"
"07141120";"Ruppertshofen";"Gemeinden";"19.831,07";"21.946,23";"23.815,35";"27.759,85"
"07141121";"Sankt Goarshausen, Loreleystadt, Stadt";"Gemeinden";"19.247,92";"21.156,09";"22.431,34";"25.680,03"
"07141122";"Sauerthal";"Gemeinden";"17.936,63";"20.463,28";"22.259,36";"25.727,80"
"07141124";"Scheidt";"Gemeinden";"21.361,61";"23.626,17";"25.986,41";"29.721,58"
"07141125";"Schiesheim";"Gemeinden";"19.917,73";"22.659,56";"24.672,13";"29.086,14"
"07141126";"Schönborn";"Gemeinden";"20.016,26";"22.230,06";"24.729,00";"28.766,33"
"07141127";"Schweighausen";"Gemeinden";"21.171,46";"23.556,95";"24.202,20";"27.816,91"
"07141128";"Seelbach";"Gemeinden";"18.391,90";"20.400,39";"22.199,44";"25.816,98"
"07141129";"Singhofen";"Gemeinden";"21.981,05";"23.856,11";"25.863,97";"30.234,55"
"07141130";"Steinsberg";"Gemeinden";"20.041,25";"21.955,20";"24.321,28";"28.312,60"
"07141131";"Strüth";"Gemeinden";"20.098,60";"21.828,36";"23.912,36";"27.302,46"
"07141132";"Sulzbach";"Gemeinden";"19.038,28";"21.476,25";"23.089,63";"26.800,32"
"07141133";"Wasenbach";"Gemeinden";"20.067,67";"22.339,30";"24.189,06";"28.598,10"
"07141134";"Weidenbach";"Gemeinden";"18.897,53";"20.633,50";"22.685,57";"25.998,29"
"07141135";"Weinähr";"Gemeinden";"20.954,65";"23.528,48";"25.253,09";"29.572,16"
"07141136";"Weisel";"Gemeinden";"20.655,84";"23.267,98";"25.231,95";"29.891,76"
"07141137";"Welterod";"Gemeinden";"21.072,09";"23.519,39";"25.276,52";"29.746,49"
"07141138";"Weyer";"Gemeinden";"20.766,17";"22.302,64";"24.548,95";"28.096,46"
"07141139";"Winden";"Gemeinden";"22.489,20";"25.365,38";"27.559,35";"31.884,00"
"07141140";"Winterwerb";"Gemeinden";"22.296,29";"23.859,07";"25.579,39";"29.943,18"
"07141141";"Zimmerschied";"Gemeinden";"18.956,88";"21.747,62";"24.008,72";"28.260,69"
"07141201";"Arzbach";"Gemeinden";"21.652,71";"24.191,39";"26.972,13";"30.740,17"
"07141501";"Braubach, Stadt";"Gemeinden";"21.290,28";"22.818,06";"24.187,95";"27.834,22"
"07141502";"Diethardt";"Gemeinden";"19.282,27";"21.640,71";"24.530,88";"28.614,45"
"07141503";"Balduinstein";"Gemeinden";"19.906,39";"22.220,13";"24.580,67";"28.676,37"
"07143001";"Alsbach";"Gemeinden";"24.762,84";"26.327,31";"27.171,39";"32.028,21"
"07143003";"Bannberscheid";"Gemeinden";"22.683,71";"24.192,29";"26.217,86";"30.611,57"
"07143005";"Boden";"Gemeinden";"23.055,20";"24.846,64";"26.220,27";"30.387,88"
"07143006";"Breitenau";"Gemeinden";"20.671,93";"23.042,36";"24.310,46";"28.069,53"
"07143007";"Caan";"Gemeinden";"22.495,93";"24.246,08";"26.020,38";"30.722,01"
"07143008";"Daubach";"Gemeinden";"25.526,34";"27.502,13";"30.322,43";"34.567,32"
"07143009";"Deesen";"Gemeinden";"19.971,84";"22.089,69";"24.540,96";"28.275,33"
"07143010";"Dernbach (Westerwald)";"Gemeinden";"22.206,90";"24.926,39";"27.453,05";"31.903,84"
"07143011";"Dreikirchen";"Gemeinden";"23.436,52";"26.171,40";"27.976,19";"32.401,61"
"07143012";"Ebernhahn";"Gemeinden";"23.496,36";"25.021,57";"26.128,52";"29.835,82"
"07143013";"Eitelborn";"Gemeinden";"25.276,42";"27.124,28";"27.878,98";"31.871,61"
"07143015";"Ellenhausen";"Gemeinden";"19.622,64";"21.704,13";"23.928,83";"28.027,43"
"07143018";"Freilingen";"Gemeinden";"20.091,66";"21.933,22";"23.970,06";"28.370,35"
"07143019";"Freirachdorf";"Gemeinden";"19.043,48";"21.573,30";"23.827,23";"27.866,53"
"07143020";"Gackenbach";"Gemeinden";"22.192,94";"24.722,81";"26.648,35";"31.219,36"
"07143021";"Girod";"Gemeinden";"21.120,82";"23.200,43";"26.067,07";"29.664,24"
"07143022";"Goddert";"Gemeinden";"20.461,45";"21.944,03";"23.303,57";"26.939,60"
"07143023";"Görgeshausen";"Gemeinden";"22.268,60";"24.422,60";"26.718,30";"31.863,60"
"07143024";"Großholbach";"Gemeinden";"21.105,26";"23.709,09";"25.713,80";"29.706,71"
"07143025";"Hartenfels";"Gemeinden";"22.476,17";"23.812,34";"25.677,79";"29.541,17"
"07143026";"Heilberscheid";"Gemeinden";"22.496,97";"25.338,28";"27.909,45";"32.153,33"
"07143027";"Heiligenroth";"Gemeinden";"21.615,30";"24.490,76";"26.881,98";"31.653,62"
"07143028";"Helferskirchen";"Gemeinden";"20.927,06";"23.240,28";"25.378,56";"29.030,55"
"07143029";"Herschbach";"Gemeinden";"21.550,65";"23.892,11";"26.036,04";"29.941,18"
"07143030";"Hilgert";"Gemeinden";"24.935,17";"26.705,21";"29.359,22";"34.413,64"
"07143031";"Hillscheid";"Gemeinden";"23.029,53";"24.926,44";"26.985,36";"31.085,09"
"07143032";"Höhr-Grenzhausen, Stadt";"Gemeinden";"21.044,52";"22.665,07";"24.859,59";"28.492,63"
"07143033";"Holler";"Gemeinden";"23.530,81";"25.580,09";"28.249,07";"32.514,89"
"07143034";"Horbach";"Gemeinden";"21.188,93";"23.634,56";"25.594,21";"29.502,67"
"07143036";"Hübingen";"Gemeinden";"18.698,85";"21.377,54";"23.237,05";"26.507,73"
"07143037";"Hundsangen";"Gemeinden";"22.779,61";"25.521,25";"27.186,47";"31.232,50"
"07143038";"Hundsdorf";"Gemeinden";"22.371,23";"24.860,18";"26.567,79";"31.259,98"
"07143039";"Kadenbach";"Gemeinden";"23.395,26";"25.796,83";"27.703,84";"32.011,24"
"07143040";"Kammerforst";"Gemeinden";"20.463,36";"21.774,94";"24.136,96";"28.639,14"
"07143041";"Krümmel";"Gemeinden";"17.554,39";"19.651,95";"21.639,48";"25.203,81"
"07143042";"Leuterod";"Gemeinden";"21.503,20";"23.913,93";"25.727,53";"29.426,87"
"07143044";"Marienrachdorf";"Gemeinden";"20.270,75";"23.103,60";"25.762,66";"29.711,62"
"07143045";"Maroth";"Gemeinden";"18.757,93";"20.762,71";"23.213,59";"27.687,49"
"07143046";"Maxsain";"Gemeinden";"19.524,57";"22.028,73";"24.153,76";"27.818,60"
"07143047";"Mogendorf";"Gemeinden";"20.996,83";"23.242,32";"25.453,29";"29.625,17"
"07143048";"Montabaur, Stadt";"Gemeinden";"24.516,94";"26.498,47";"29.356,35";"33.832,15"
"07143049";"Moschheim";"Gemeinden";"21.248,33";"24.121,78";"25.577,32";"29.362,94"
"07143050";"Nauort";"Gemeinden";"22.580,46";"24.065,41";"26.164,52";"30.112,33"
"07143051";"Nentershausen";"Gemeinden";"23.406,40";"25.245,28";"26.331,62";"30.092,09"
"07143052";"Neuhäusel";"Gemeinden";"25.228,31";"27.575,66";"29.712,47";"34.440,13"
"07143053";"Niederelbert";"Gemeinden";"24.390,92";"26.902,39";"28.496,59";"32.699,45"
"07143054";"Niedererbach";"Gemeinden";"22.670,36";"25.446,38";"27.783,02";"32.504,88"
"07143055";"Nomborn";"Gemeinden";"21.418,58";"23.659,25";"26.043,12";"30.163,31"
"07143056";"Nordhofen";"Gemeinden";"20.873,09";"23.729,30";"25.968,68";"30.515,95"
"07143057";"Oberelbert";"Gemeinden";"22.580,19";"24.966,53";"27.534,36";"31.701,41"
"07143058";"Obererbach";"Gemeinden";"22.234,89";"24.523,48";"26.619,98";"30.931,56"
"07143059";"Oberhaid";"Gemeinden";"19.588,10";"21.154,51";"23.119,94";"26.478,42"
"07143060";"Ötzingen";"Gemeinden";"21.873,21";"23.518,36";"26.208,30";"30.617,37"
"07143061";"Quirnbach";"Gemeinden";"20.790,79";"23.533,92";"25.717,52";"29.777,93"
"07143062";"Ransbach-Baumbach, Stadt";"Gemeinden";"23.801,56";"25.454,88";"27.376,57";"31.494,03"
"07143064";"Rückeroth";"Gemeinden";"19.412,05";"21.691,14";"23.389,96";"27.421,92"
"07143065";"Ruppach-Goldhausen";"Gemeinden";"23.219,05";"25.726,02";"28.339,32";"32.952,33"
"07143066";"Schenkelberg";"Gemeinden";"19.891,55";"22.178,66";"24.791,15";"29.003,85"
"07143067";"Selters (Westerwald), Stadt";"Gemeinden";"24.664,55";"27.665,50";"28.742,40";"33.287,86"
"07143068";"Sessenbach";"Gemeinden";"21.812,20";"24.205,77";"26.828,47";"31.203,28"
"07143069";"Sessenhausen";"Gemeinden";"20.935,67";"23.303,79";"24.353,53";"27.678,86"
"07143070";"Siershahn";"Gemeinden";"21.680,44";"23.239,99";"24.605,82";"28.369,54"
"07143071";"Simmern";"Gemeinden";"24.461,58";"27.177,95";"28.394,77";"33.115,72"
"07143072";"Stahlhofen";"Gemeinden";"21.484,53";"23.921,98";"26.423,81";"30.275,59"
"07143073";"Staudt";"Gemeinden";"25.981,96";"28.069,50";"30.472,13";"35.676,05"
"07143074";"Steinefrenz";"Gemeinden";"21.504,86";"23.462,09";"26.055,48";"29.641,20"
"07143075";"Steinen";"Gemeinden";"20.578,99";"22.720,25";"24.834,78";"28.950,59"
"07143077";"Untershausen";"Gemeinden";"23.296,09";"25.579,69";"27.925,31";"32.236,18"
"07143078";"Vielbach";"Gemeinden";"20.868,91";"23.573,54";"25.284,46";"28.990,64"
"07143079";"Welschneudorf";"Gemeinden";"23.553,33";"26.402,20";"28.504,96";"33.989,86"
"07143080";"Weroth";"Gemeinden";"21.706,50";"24.264,71";"26.811,30";"31.223,36"
"07143081";"Wirges, Stadt";"Gemeinden";"21.546,78";"23.196,84";"24.548,06";"28.232,42"
"07143082";"Wirscheid";"Gemeinden";"23.938,03";"25.650,43";"28.519,44";"33.175,17"
"07143084";"Wittgert";"Gemeinden";"21.049,90";"23.946,75";"26.168,81";"30.616,75"
"07143085";"Wölferlingen";"Gemeinden";"18.798,95";"20.713,35";"22.654,05";"25.922,21"
"07143200";"Ailertchen";"Gemeinden";"18.064,56";"20.290,49";"22.617,96";"26.423,11"
"07143202";"Alpenrod";"Gemeinden";"20.031,42";"22.231,27";"24.236,72";"28.177,07"
"07143203";"Arnshöfen";"Gemeinden";"18.200,05";"19.923,38";"21.978,99";"25.368,49"
"07143204";"Astert";"Gemeinden";"19.586,29";"20.590,09";"22.154,41";"25.672,78"
"07143205";"Atzelgift";"Gemeinden";"21.461,75";"23.288,38";"25.711,63";"29.951,37"
"07143206";"Bad Marienberg (Westerwald), Stadt";"Gemeinden";"20.893,34";"23.512,58";"25.897,97";"29.696,65"
"07143207";"Bellingen";"Gemeinden";"20.157,75";"21.554,67";"24.293,95";"27.815,73"
"07143208";"Berod bei Wallmerod";"Gemeinden";"19.923,94";"21.324,65";"23.907,11";"27.276,73"
"07143209";"Berzhahn";"Gemeinden";"19.502,82";"22.499,91";"24.283,79";"28.619,19"
"07143210";"Bilkheim";"Gemeinden";"20.579,33";"22.525,92";"25.219,36";"29.304,78"
"07143211";"Bölsberg";"Gemeinden";"18.479,46";"21.094,78";"23.546,47";"27.043,15"
"07143212";"Borod";"Gemeinden";"18.903,75";"20.816,65";"22.989,15";"27.098,37"
"07143213";"Brandscheid";"Gemeinden";"18.226,73";"20.624,34";"23.086,69";"26.798,68"
"07143214";"Bretthausen";"Gemeinden";"18.500,15";"20.808,04";"23.134,19";"26.725,82"
"07143215";"Dreifelden";"Gemeinden";"19.320,16";"21.880,96";"23.815,07";"27.903,28"
"07143216";"Dreisbach";"Gemeinden";"19.186,26";"21.756,19";"23.814,24";"27.880,53"
"07143218";"Elsoff (Westerwald)";"Gemeinden";"21.203,45";"24.085,03";"26.577,33";"30.644,48"
"07143219";"Enspel";"Gemeinden";"21.053,42";"24.536,56";"26.986,67";"31.201,25"
"07143220";"Ettinghausen";"Gemeinden";"19.407,61";"21.763,18";"24.054,53";"27.829,21"
"07143221";"Ewighausen";"Gemeinden";"19.642,01";"22.646,94";"25.190,95";"29.654,99"
"07143222";"Fehl-Ritzhausen";"Gemeinden";"19.519,75";"22.077,80";"24.627,94";"28.211,50"
"07143223";"Gehlert";"Gemeinden";"21.152,50";"22.316,33";"24.539,22";"28.725,98"
"07143224";"Gemünden";"Gemeinden";"18.887,67";"21.821,13";"23.871,29";"27.314,39"
"07143225";"Giesenhausen";"Gemeinden";"19.463,55";"21.697,18";"22.855,01";"26.245,31"
"07143226";"Girkenroth";"Gemeinden";"18.034,60";"20.218,91";"22.507,79";"26.015,38"
"07143227";"Großseifen";"Gemeinden";"19.907,66";"22.619,84";"24.009,88";"28.234,89"
"07143228";"Guckheim";"Gemeinden";"21.621,58";"24.041,86";"26.654,58";"30.741,06"
"07143229";"Hachenburg, Stadt";"Gemeinden";"22.866,23";"25.396,90";"27.752,73";"32.078,58"
"07143230";"Härtlingen";"Gemeinden";"19.516,83";"22.390,78";"24.488,07";"29.160,86"
"07143231";"Hahn bei Marienberg";"Gemeinden";"17.270,36";"19.422,93";"21.148,21";"24.916,32"
"07143232";"Hahn am See";"Gemeinden";"20.210,53";"22.491,82";"24.458,33";"28.740,07"
"07143233";"Halbs";"Gemeinden";"18.150,57";"20.218,79";"21.818,17";"25.348,70"
"07143234";"Hardt";"Gemeinden";"19.336,79";"21.779,39";"24.266,82";"27.939,97"
"07143235";"Hattert";"Gemeinden";"19.526,48";"22.149,08";"24.521,70";"28.332,20"
"07143236";"Heimborn";"Gemeinden";"18.954,67";"20.994,73";"23.277,36";"27.059,58"
"07143237";"Hellenhahn-Schellenberg";"Gemeinden";"19.047,67";"21.572,46";"23.955,20";"27.839,68"
"07143238";"Hergenroth";"Gemeinden";"18.637,02";"20.992,39";"22.940,76";"26.784,49"
"07143239";"Herschbach (Oberwesterwald)";"Gemeinden";"20.712,07";"23.471,25";"26.069,37";"30.632,87"
"07143240";"Heuzert";"Gemeinden";"18.445,11";"20.687,05";"23.281,99";"26.722,70"
"07143241";"Höchstenbach";"Gemeinden";"20.625,39";"22.307,02";"24.491,24";"28.255,05"
"07143242";"Höhn";"Gemeinden";"19.353,92";"21.830,86";"23.708,45";"27.141,00"
"07143243";"Hof";"Gemeinden";"20.627,31";"22.838,40";"24.498,65";"28.408,34"
"07143244";"Homberg";"Gemeinden";"18.523,77";"20.804,97";"22.880,78";"26.968,48"
"07143245";"Hüblingen";"Gemeinden";"19.793,91";"22.052,66";"24.493,26";"28.515,02"
"07143246";"Irmtraut";"Gemeinden";"19.356,58";"21.799,85";"24.399,00";"27.975,75"
"07143247";"Kaden";"Gemeinden";"18.870,90";"20.183,57";"22.216,22";"25.352,75"
"07143248";"Kirburg";"Gemeinden";"19.340,11";"21.598,51";"24.117,52";"28.056,24"
"07143249";"Kölbingen";"Gemeinden";"20.466,00";"23.693,51";"26.020,95";"30.113,08"
"07143250";"Kroppach";"Gemeinden";"21.721,98";"24.275,30";"25.611,47";"29.606,06"
"07143251";"Kuhnhöfen";"Gemeinden";"18.662,46";"20.780,11";"23.308,89";"26.875,58"
"07143252";"Kundert";"Gemeinden";"20.866,19";"23.133,12";"25.073,35";"29.408,37"
"07143253";"Langenbach bei Kirburg";"Gemeinden";"22.170,75";"24.591,82";"26.831,31";"30.953,73"
"07143254";"Langenhahn";"Gemeinden";"19.809,07";"22.497,77";"25.054,45";"28.668,83"
"07143255";"Lautzenbrücken";"Gemeinden";"19.520,57";"22.729,95";"24.109,85";"27.674,08"
"07143256";"Liebenscheid";"Gemeinden";"18.428,18";"20.951,39";"22.690,88";"26.005,35"
"07143257";"Limbach";"Gemeinden";"20.962,78";"23.035,32";"25.295,70";"29.351,46"
"07143258";"Linden";"Gemeinden";"19.170,35";"20.930,44";"22.391,25";"26.642,29"
"07143259";"Lochum";"Gemeinden";"20.798,80";"22.775,58";"23.923,89";"27.870,34"
"07143260";"Luckenbach";"Gemeinden";"20.121,98";"22.424,20";"24.914,86";"29.220,99"
"07143261";"Marzhausen";"Gemeinden";"17.504,51";"19.717,28";"21.852,84";"25.305,67"
"07143262";"Merkelbach";"Gemeinden";"20.278,22";"22.795,70";"24.833,16";"28.991,01"
"07143263";"Meudt";"Gemeinden";"22.625,22";"25.351,66";"26.479,96";"30.332,96"
"07143264";"Mörlen";"Gemeinden";"18.334,46";"20.359,82";"22.680,96";"25.899,57"
"07143265";"Mörsbach";"Gemeinden";"19.568,59";"21.702,83";"23.897,43";"27.365,06"
"07143266";"Molsberg";"Gemeinden";"21.380,41";"23.089,05";"25.627,81";"29.475,20"
"07143267";"Mudenbach";"Gemeinden";"18.349,81";"20.588,51";"22.796,26";"26.842,29"
"07143268";"Mündersbach";"Gemeinden";"18.993,36";"21.688,64";"23.634,53";"28.134,58"
"07143269";"Müschenbach";"Gemeinden";"20.889,23";"23.308,08";"25.374,56";"29.112,26"
"07143270";"Neunkhausen";"Gemeinden";"20.557,96";"22.452,60";"25.028,84";"28.807,02"
"07143271";"Neunkirchen";"Gemeinden";"20.416,31";"22.787,48";"25.244,98";"29.298,81"
"07143272";"Neustadt/ Westerwald";"Gemeinden";"21.738,82";"24.234,91";"26.210,69";"30.606,03"
"07143273";"Niederahr";"Gemeinden";"23.230,88";"24.974,92";"26.698,49";"30.562,73"
"07143274";"Niederroßbach";"Gemeinden";"20.533,80";"23.535,85";"26.043,53";"30.064,56"
"07143275";"Niedersayn";"Gemeinden";"18.496,78";"20.402,00";"22.453,75";"25.528,97"
"07143276";"Nister";"Gemeinden";"19.691,00";"21.962,45";"23.639,19";"27.547,79"
"07143277";"Nisterau";"Gemeinden";"18.871,02";"21.491,89";"23.559,01";"27.641,33"
"07143278";"Nister-Möhrendorf";"Gemeinden";"21.850,91";"24.444,38";"26.262,06";"31.543,22"
"07143279";"Nistertal";"Gemeinden";"20.680,41";"23.339,55";"24.647,26";"28.409,67"
"07143280";"Norken";"Gemeinden";"21.292,57";"23.799,70";"25.904,83";"29.643,57"
"07143281";"Oberahr";"Gemeinden";"20.537,15";"22.797,01";"25.326,44";"29.613,13"
"07143282";"Oberrod";"Gemeinden";"17.889,72";"20.247,03";"22.402,50";"25.978,55"
"07143283";"Oberroßbach";"Gemeinden";"21.106,21";"23.359,64";"25.623,33";"29.172,69"
"07143284";"Pottum";"Gemeinden";"20.496,06";"22.487,51";"24.878,72";"28.581,05"
"07143285";"Rehe";"Gemeinden";"19.418,47";"20.933,87";"23.032,09";"26.588,54"
"07143286";"Rennerod, Stadt";"Gemeinden";"19.555,22";"21.795,40";"23.587,47";"26.853,21"
"07143287";"Roßbach";"Gemeinden";"19.499,73";"21.762,44";"23.504,62";"27.203,01"
"07143288";"Rotenhain";"Gemeinden";"19.251,33";"21.668,42";"23.865,67";"27.409,20"
"07143289";"Rothenbach";"Gemeinden";"21.140,09";"23.753,24";"26.064,92";"30.676,59"
"07143290";"Salz";"Gemeinden";"21.235,34";"23.429,06";"25.742,18";"29.784,57"
"07143291";"Salzburg";"Gemeinden";"18.128,59";"20.544,08";"22.427,49";"26.097,16"
"07143292";"Seck";"Gemeinden";"19.889,75";"22.111,16";"24.309,17";"27.730,03"
"07143293";"Stahlhofen am Wiesensee";"Gemeinden";"16.749,08";"19.416,88";"22.281,91";"25.366,47"
"07143294";"Steinebach an der Wied";"Gemeinden";"19.123,81";"21.229,27";"24.008,77";"27.821,00"
"07143295";"Stein-Neukirch";"Gemeinden";"19.580,39";"21.561,78";"23.207,94";"27.009,41"
"07143296";"Stein-Wingert";"Gemeinden";"19.583,03";"21.492,92";"24.249,32";"28.133,94"
"07143297";"Stockhausen-Illfurth";"Gemeinden";"17.221,25";"19.318,75";"21.034,41";"24.703,13"
"07143298";"Stockum-Püschen";"Gemeinden";"21.096,71";"22.642,96";"24.962,03";"28.535,58"
"07143299";"Streithausen";"Gemeinden";"19.001,74";"22.003,10";"23.845,17";"27.767,23"
"07143300";"Unnau";"Gemeinden";"21.897,30";"23.683,55";"26.033,47";"29.832,04"
"07143301";"Wahlrod";"Gemeinden";"18.875,08";"20.895,58";"22.624,78";"26.068,97"
"07143302";"Waigandshain";"Gemeinden";"19.040,13";"21.211,65";"23.046,34";"26.920,11"
"07143303";"Waldmühlen";"Gemeinden";"17.231,72";"18.951,69";"20.897,20";"24.391,04"
"07143304";"Wallmerod";"Gemeinden";"22.369,95";"24.528,01";"26.871,48";"30.852,38"
"07143305";"Weidenhahn";"Gemeinden";"19.626,56";"21.378,80";"23.261,57";"27.226,03"
"07143306";"Welkenbach";"Gemeinden";"17.971,25";"20.269,82";"22.177,27";"25.849,10"
"07143307";"Weltersburg";"Gemeinden";"19.102,81";"21.831,53";"23.663,55";"27.660,17"
"07143308";"Westerburg, Stadt";"Gemeinden";"20.800,10";"22.555,63";"24.431,42";"28.309,84"
"07143309";"Westernohe";"Gemeinden";"23.125,07";"26.477,62";"29.794,91";"34.047,31"
"07143310";"Wied";"Gemeinden";"18.667,67";"20.796,50";"22.692,40";"26.393,21"
"07143311";"Willingen";"Gemeinden";"20.185,50";"22.881,09";"24.971,48";"29.195,09"
"07143312";"Willmenrod";"Gemeinden";"19.209,29";"21.383,30";"23.412,31";"27.220,75"
"07143313";"Winkelbach";"Gemeinden";"16.407,89";"17.989,06";"20.021,13";"23.820,77"
"07143314";"Winnen";"Gemeinden";"24.492,11";"27.363,11";"28.447,23";"32.446,96"
"07143315";"Zehnhausen bei Rennerod";"Gemeinden";"19.224,24";"21.172,70";"22.662,55";"26.423,97"
"07143316";"Zehnhausen bei Wallmerod";"Gemeinden";"20.873,93";"22.637,58";"24.473,86";"28.364,42"
"07143501";"Elbingen";"Gemeinden";"21.046,50";"22.131,07";"23.418,52";"27.410,46"
"07143502";"Mähren";"Gemeinden";"17.628,17";"19.893,49";"21.758,52";"25.514,05"
"07211000";"Trier, Stadt";"Gemeinden";"19.144,84";"20.747,57";"22.043,83";"25.443,99"
"07231001";"Altrich";"Gemeinden";"21.105,96";"23.033,57";"25.367,23";"29.407,96"
"07231003";"Arenrath";"Gemeinden";"21.486,44";"23.438,02";"24.894,09";"29.511,23"
"07231004";"Bausendorf";"Gemeinden";"19.794,21";"22.046,89";"23.259,21";"26.989,43"
"07231005";"Bengel";"Gemeinden";"19.124,61";"21.189,21";"23.818,22";"27.577,53"
"07231006";"Berglicht";"Gemeinden";"16.055,03";"18.080,96";"20.107,48";"23.470,15"
"07231007";"Bergweiler";"Gemeinden";"21.926,91";"22.931,83";"24.258,81";"27.844,04"
"07231008";"Bernkastel-Kues, Stadt";"Gemeinden";"23.173,55";"26.017,60";"27.133,12";"31.398,36"
"07231009";"Bettenfeld";"Gemeinden";"20.035,71";"22.101,90";"24.113,37";"28.020,18"
"07231010";"Binsfeld";"Gemeinden";"20.167,57";"22.064,03";"23.157,07";"26.885,41"
"07231012";"Brauneberg";"Gemeinden";"20.562,89";"23.393,10";"25.077,03";"29.335,84"
"07231013";"Bruch";"Gemeinden";"20.181,55";"22.081,85";"23.761,76";"28.039,61"
"07231014";"Burg (Mosel)";"Gemeinden";"17.773,82";"19.864,92";"22.179,58";"26.138,58"
"07231016";"Burgen";"Gemeinden";"20.075,33";"22.297,57";"24.559,60";"28.258,60"
"07231017";"Burtscheid";"Gemeinden";"15.777,21";"18.168,75";"19.930,11";"23.319,98"
"07231018";"Deuselbach";"Gemeinden";"17.259,47";"19.833,58";"21.507,23";"25.105,74"
"07231019";"Dhronecken";"Gemeinden";"19.093,16";"21.245,46";"22.328,84";"26.037,07"
"07231020";"Diefenbach";"Gemeinden";"19.001,41";"21.880,11";"24.220,35";"28.009,77"
"07231021";"Dierfeld";"Gemeinden";"14.349,55";"15.080,00";"15.770,68";"18.873,20"
"07231022";"Dierscheid";"Gemeinden";"19.160,00";"20.390,92";"21.665,81";"25.475,93"
"07231023";"Dodenburg";"Gemeinden";"22.017,01";"25.483,93";"28.371,56";"33.967,32"
"07231024";"Dreis";"Gemeinden";"20.810,95";"23.066,61";"25.260,13";"28.833,35"
"07231025";"Eckfeld";"Gemeinden";"18.095,55";"20.241,55";"22.426,78";"26.637,64"
"07231026";"Eisenschmitt";"Gemeinden";"18.239,02";"20.501,21";"22.933,69";"27.087,84"
"07231029";"Enkirch";"Gemeinden";"21.303,81";"23.522,62";"25.585,34";"29.330,64"
"07231030";"Erden";"Gemeinden";"19.196,76";"21.287,32";"23.628,00";"28.401,01"
"07231031";"Esch";"Gemeinden";"22.789,97";"26.195,30";"27.749,03";"31.565,75"
"07231032";"Etgert";"Gemeinden";"17.345,37";"19.902,91";"21.909,61";"25.127,66"
"07231033";"Flußbach";"Gemeinden";"19.730,69";"21.329,06";"23.484,33";"27.404,27"
"07231035";"Gielert";"Gemeinden";"18.778,26";"19.969,11";"21.686,78";"25.086,53"
"07231036";"Gipperath";"Gemeinden";"19.395,93";"21.069,76";"23.282,29";"27.049,27"
"07231037";"Gladbach";"Gemeinden";"18.543,38";"19.762,24";"21.542,96";"25.023,52"
"07231040";"Gornhausen";"Gemeinden";"17.809,15";"20.064,08";"22.334,83";"25.518,25"
"07231041";"Graach an der Mosel";"Gemeinden";"23.320,53";"24.822,29";"25.801,59";"30.320,19"
"07231042";"Gräfendhron";"Gemeinden";"18.373,32";"20.145,66";"21.157,81";"24.528,26"
"07231044";"Greimerath";"Gemeinden";"23.430,46";"25.010,94";"26.614,45";"31.235,97"
"07231046";"Großlittgen";"Gemeinden";"18.942,30";"20.793,36";"22.401,46";"26.090,79"
"07231049";"Hasborn";"Gemeinden";"19.419,52";"20.856,28";"22.460,84";"25.987,23"
"07231050";"Heckenmünster";"Gemeinden";"17.515,65";"18.621,69";"20.810,92";"24.170,07"
"07231051";"Heidweiler";"Gemeinden";"18.267,99";"20.518,52";"22.694,02";"27.159,64"
"07231053";"Hetzerath";"Gemeinden";"20.545,14";"22.870,67";"24.835,14";"28.961,57"
"07231054";"Hilscheid";"Gemeinden";"17.668,17";"19.389,42";"21.162,15";"24.575,53"
"07231056";"Hochscheid";"Gemeinden";"17.549,55";"19.776,60";"22.290,06";"25.666,69"
"07231057";"Hontheim";"Gemeinden";"18.723,64";"21.272,09";"23.112,14";"27.030,80"
"07231058";"Horath";"Gemeinden";"19.835,62";"21.984,12";"23.889,84";"28.491,19"
"07231062";"Hupperath";"Gemeinden";"19.196,59";"21.598,85";"23.808,89";"27.945,45"
"07231064";"Immert";"Gemeinden";"17.686,26";"19.142,19";"19.941,31";"23.107,70"
"07231065";"Karl";"Gemeinden";"17.603,09";"19.375,18";"21.032,71";"24.517,61"
"07231066";"Kesten";"Gemeinden";"23.839,24";"24.783,25";"25.575,79";"29.930,91"
"07231067";"Kinderbeuern";"Gemeinden";"19.412,88";"21.895,45";"24.322,91";"27.913,74"
"07231068";"Kinheim";"Gemeinden";"20.108,94";"21.683,17";"23.737,10";"27.575,80"
"07231069";"Klausen";"Gemeinden";"19.451,71";"21.523,24";"23.624,40";"27.012,74"
"07231070";"Kleinich";"Gemeinden";"18.949,43";"21.270,54";"23.131,07";"26.881,08"
"07231071";"Kommen";"Gemeinden";"20.892,51";"22.245,85";"24.352,28";"28.047,87"
"07231072";"Kröv";"Gemeinden";"20.350,73";"22.195,63";"24.050,47";"27.793,54"
"07231074";"Laufeld";"Gemeinden";"20.375,98";"21.977,36";"24.179,28";"28.441,92"
"07231075";"Lieser";"Gemeinden";"21.838,74";"23.485,85";"25.346,99";"29.592,40"
"07231076";"Lösnich";"Gemeinden";"18.954,50";"21.676,06";"23.789,13";"27.263,48"
"07231077";"Longkamp";"Gemeinden";"20.820,67";"23.152,19";"25.089,83";"29.242,90"
"07231078";"Lückenburg";"Gemeinden";"15.864,78";"18.291,20";"19.230,33";"22.403,28"
"07231079";"Malborn";"Gemeinden";"18.868,89";"20.763,89";"22.487,05";"26.308,20"
"07231080";"Manderscheid, Stadt";"Gemeinden";"21.648,70";"23.775,63";"25.894,75";"29.980,12"
"07231081";"Maring-Noviand";"Gemeinden";"20.987,01";"23.193,19";"25.231,37";"29.115,36"
"07231082";"Meerfeld";"Gemeinden";"19.061,67";"20.663,70";"22.652,21";"26.122,81"
"07231083";"Merschbach";"Gemeinden";"19.355,04";"20.919,15";"21.597,05";"24.873,16"
"07231085";"Minderlittgen";"Gemeinden";"19.561,84";"21.761,38";"22.586,89";"26.820,39"
"07231086";"Minheim";"Gemeinden";"20.535,61";"22.394,69";"24.990,36";"28.597,99"
"07231087";"Monzelfeld";"Gemeinden";"19.904,97";"22.696,86";"24.666,67";"28.858,17"
"07231090";"Mülheim an der Mosel";"Gemeinden";"25.280,55";"27.081,75";"28.606,89";"33.446,82"
"07231091";"Musweiler";"Gemeinden";"18.631,98";"20.411,15";"22.806,42";"26.384,73"
"07231092";"Neumagen-Dhron";"Gemeinden";"20.126,41";"22.578,69";"24.648,83";"28.562,63"
"07231093";"Neunkirchen";"Gemeinden";"17.860,35";"19.429,51";"20.140,62";"23.372,77"
"07231095";"Niederöfflingen";"Gemeinden";"18.860,57";"20.772,59";"21.787,45";"25.423,89"
"07231096";"Niederscheidweiler";"Gemeinden";"19.027,37";"20.930,12";"22.577,64";"26.426,54"
"07231100";"Oberöfflingen";"Gemeinden";"20.298,52";"23.031,11";"24.689,22";"28.625,36"
"07231101";"Oberscheidweiler";"Gemeinden";"18.449,38";"20.813,73";"22.828,53";"26.588,61"
"07231103";"Osann-Monzel";"Gemeinden";"20.825,15";"23.399,92";"25.751,54";"30.093,89"
"07231104";"Pantenburg";"Gemeinden";"18.944,72";"20.628,83";"23.379,14";"26.727,87"
"07231105";"Piesport";"Gemeinden";"20.407,00";"22.630,72";"24.740,72";"28.787,80"
"07231107";"Platten";"Gemeinden";"19.520,13";"21.474,84";"23.270,63";"27.207,33"
"07231108";"Plein";"Gemeinden";"21.207,27";"23.689,63";"25.771,22";"29.946,91"
"07231110";"Reil";"Gemeinden";"20.941,91";"23.088,56";"25.763,89";"29.845,40"
"07231111";"Rivenich";"Gemeinden";"21.307,98";"22.694,66";"23.794,09";"27.898,91"
"07231112";"Rorodt";"Gemeinden";"14.631,68";"16.661,91";"18.236,05";"21.270,55"
"07231113";"Salmtal";"Gemeinden";"20.169,16";"22.102,30";"24.481,37";"28.504,71"
"07231114";"Schladt";"Gemeinden";"20.296,62";"23.193,54";"24.171,04";"28.329,88"
"07231115";"Schönberg";"Gemeinden";"17.540,95";"19.254,62";"21.014,97";"24.280,12"
"07231116";"Schwarzenborn";"Gemeinden";"18.216,17";"20.542,52";"23.101,05";"27.061,21"
"07231117";"Sehlem";"Gemeinden";"21.264,12";"23.904,19";"26.374,36";"30.751,72"
"07231120";"Starkenburg";"Gemeinden";"22.616,27";"25.134,14";"26.159,43";"29.681,15"
"07231122";"Talling";"Gemeinden";"19.765,89";"22.091,31";"24.087,67";"28.016,44"
"07231123";"Thalfang";"Gemeinden";"19.759,66";"22.042,65";"23.916,38";"27.962,72"
"07231124";"Traben-Trarbach, Stadt";"Gemeinden";"20.449,13";"22.973,32";"25.096,45";"29.006,37"
"07231125";"Ürzig";"Gemeinden";"20.904,34";"23.299,81";"25.291,78";"29.520,66"
"07231126";"Veldenz";"Gemeinden";"18.984,26";"21.139,74";"23.425,58";"26.835,59"
"07231127";"Wallscheid";"Gemeinden";"23.260,76";"24.354,57";"25.719,00";"29.894,74"
"07231132";"Willwerscheid";"Gemeinden";"18.795,54";"19.653,16";"21.239,80";"24.590,18"
"07231133";"Wintrich";"Gemeinden";"20.127,90";"22.306,66";"24.221,89";"28.762,09"
"07231134";"Wittlich, Stadt";"Gemeinden";"20.864,78";"23.255,59";"24.505,23";"28.338,20"
"07231136";"Zeltingen-Rachtig";"Gemeinden";"20.796,47";"23.038,48";"24.165,57";"28.172,00"
"07231202";"Breit";"Gemeinden";"18.124,21";"20.591,52";"23.065,00";"26.994,59"
"07231203";"Büdlich";"Gemeinden";"19.272,88";"20.904,25";"22.623,63";"26.336,58"
"07231204";"Heidenburg";"Gemeinden";"19.595,05";"21.812,24";"23.938,55";"28.315,23"
"07231206";"Lötzbeuren";"Gemeinden";"18.516,69";"20.745,25";"22.656,97";"26.593,53"
"07231501";"Irmenach";"Gemeinden";"18.597,34";"21.153,55";"23.154,33";"27.413,93"
"07231502";"Morbach";"Gemeinden";"22.383,34";"25.248,55";"26.683,96";"30.830,28"
"07231503";"Landscheid";"Gemeinden";"19.808,86";"21.555,18";"23.345,71";"26.904,46"
"07231504";"Niersbach";"Gemeinden";"16.955,52";"19.129,20";"20.942,69";"24.087,72"
"07232001";"Affler";"Gemeinden";"15.347,62";"16.802,40";"18.621,70";"21.791,69"
"07232002";"Alsdorf";"Gemeinden";"13.972,68";"16.065,06";"17.871,47";"20.888,48"
"07232003";"Altscheid";"Gemeinden";"16.283,32";"18.318,01";"19.667,35";"22.397,22"
"07232004";"Ammeldingen an der Our";"Gemeinden";"17.450,37";"18.625,47";"20.459,43";"23.964,53"
"07232005";"Ammeldingen bei Neuerburg";"Gemeinden";"12.634,62";"14.685,19";"16.331,82";"18.971,43"
"07232006";"Auw an der Kyll";"Gemeinden";"17.995,33";"20.104,03";"21.677,57";"24.917,25"
"07232007";"Badem";"Gemeinden";"19.159,24";"21.553,17";"23.629,22";"27.126,82"
"07232008";"Bauler";"Gemeinden";"16.099,13";"16.981,59";"18.354,77";"21.756,28"
"07232009";"Baustert";"Gemeinden";"18.460,63";"19.776,50";"21.169,04";"24.717,37"
"07232010";"Beilingen";"Gemeinden";"21.292,49";"23.978,85";"25.062,51";"29.075,78"
"07232011";"Berkoth";"Gemeinden";"16.176,99";"18.048,81";"19.658,46";"22.761,70"
"07232012";"Berscheid";"Gemeinden";"14.940,97";"16.873,83";"19.207,79";"22.287,16"
"07232013";"Bettingen";"Gemeinden";"16.597,37";"18.554,33";"20.397,57";"23.389,82"
"07232014";"Bickendorf";"Gemeinden";"19.567,18";"20.998,16";"22.949,38";"26.497,72"
"07232015";"Biersdorf am See";"Gemeinden";"18.672,48";"20.978,08";"21.869,40";"25.315,70"
"07232016";"Biesdorf";"Gemeinden";"14.649,91";"16.327,43";"16.951,98";"19.990,09"
"07232017";"Birtlingen";"Gemeinden";"17.622,06";"19.296,23";"19.438,84";"22.296,16"
"07232018";"Bitburg, Stadt";"Gemeinden";"21.335,05";"22.827,61";"24.091,58";"27.993,82"
"07232019";"Bollendorf";"Gemeinden";"16.465,63";"18.659,63";"20.615,09";"23.595,01"
"07232020";"Brecht";"Gemeinden";"17.486,77";"19.615,75";"21.014,05";"23.849,87"
"07232022";"Burg";"Gemeinden";"17.938,40";"20.693,57";"21.947,82";"25.306,76"
"07232024";"Dahlem";"Gemeinden";"20.909,53";"22.215,75";"22.813,54";"26.511,61"
"07232025";"Dauwelshausen";"Gemeinden";"13.346,71";"14.567,86";"15.930,29";"18.827,90"
"07232026";"Dockendorf";"Gemeinden";"19.074,64";"21.686,14";"22.790,04";"27.093,85"
"07232027";"Dudeldorf";"Gemeinden";"18.708,80";"20.879,19";"22.303,62";"26.119,55"
"07232028";"Echternacherbrück";"Gemeinden";"14.233,20";"16.535,91";"17.684,28";"20.295,86"
"07232029";"Echtershausen";"Gemeinden";"15.873,85";"17.175,57";"18.101,22";"21.009,12"
"07232030";"Ehlenz";"Gemeinden";"16.510,70";"18.336,26";"20.709,28";"24.067,55"
"07232031";"Emmelbaum";"Gemeinden";"15.563,90";"17.137,24";"19.769,18";"23.244,48"
"07232032";"Enzen";"Gemeinden";"12.770,17";"14.460,03";"16.068,02";"18.788,25"
"07232033";"Ernzen";"Gemeinden";"14.491,08";"16.122,51";"17.839,09";"20.665,66"
"07232034";"Eßlingen";"Gemeinden";"15.862,67";"17.917,73";"20.029,29";"23.014,37"
"07232035";"Etteldorf";"Gemeinden";"16.954,37";"19.016,45";"21.069,64";"24.332,41"
"07232036";"Feilsdorf";"Gemeinden";"20.456,99";"22.342,64";"25.472,52";"29.956,34"
"07232037";"Ferschweiler";"Gemeinden";"13.519,51";"14.919,60";"16.484,88";"19.442,06"
"07232038";"Fischbach-Oberraden";"Gemeinden";"16.814,43";"18.437,83";"19.804,54";"22.986,88"
"07232039";"Fließem";"Gemeinden";"17.720,41";"19.595,16";"21.992,86";"25.542,81"
"07232040";"Geichlingen";"Gemeinden";"16.505,29";"17.953,08";"19.949,39";"23.277,24"
"07232041";"Gemünd";"Gemeinden";"15.628,51";"16.645,01";"16.947,12";"19.929,51"
"07232042";"Gentingen";"Gemeinden";"15.725,41";"16.091,15";"17.778,29";"20.987,25"
"07232043";"Gindorf";"Gemeinden";"20.207,00";"22.278,46";"23.972,11";"28.335,11"
"07232044";"Gondorf";"Gemeinden";"18.329,54";"19.826,29";"21.531,27";"25.250,73"
"07232045";"Halsdorf";"Gemeinden";"14.670,84";"15.375,97";"16.906,75";"19.745,10"
"07232046";"Hamm";"Gemeinden";"23.941,49";"24.589,89";"24.320,25";"28.416,12"
"07232047";"Heilbach";"Gemeinden";"14.352,72";"15.613,75";"17.229,85";"19.992,59"
"07232048";"Heilenbach";"Gemeinden";"15.663,48";"17.829,07";"19.611,76";"22.774,92"
"07232049";"Herbstmühle";"Gemeinden";"11.112,71";"11.549,18";"11.842,34";"13.582,79"
"07232050";"Herforst";"Gemeinden";"20.250,92";"21.862,84";"23.420,38";"27.254,22"
"07232053";"Holsthum";"Gemeinden";"15.743,59";"17.664,63";"19.599,01";"22.920,53"
"07232054";"Hommerdingen";"Gemeinden";"12.174,33";"13.774,16";"15.443,89";"18.434,28"
"07232055";"Hosten";"Gemeinden";"18.159,31";"20.160,07";"21.928,43";"25.790,08"
"07232056";"Hütten";"Gemeinden";"14.835,98";"16.489,62";"18.204,82";"21.172,57"
"07232057";"Hütterscheid";"Gemeinden";"15.040,83";"16.905,03";"17.717,93";"20.430,36"
"07232058";"Hüttingen an der Kyll";"Gemeinden";"19.206,42";"21.423,71";"22.534,50";"26.151,76"
"07232059";"Hüttingen bei Lahr";"Gemeinden";"15.231,92";"17.302,18";"18.926,29";"22.092,52"
"07232060";"Idenheim";"Gemeinden";"18.143,02";"20.552,33";"22.894,51";"26.577,15"
"07232061";"Idesheim";"Gemeinden";"17.836,12";"19.882,06";"21.541,47";"25.750,08"
"07232062";"Ingendorf";"Gemeinden";"18.502,99";"20.369,39";"22.108,62";"25.577,40"
"07232063";"Irrel";"Gemeinden";"17.582,92";"19.614,92";"21.299,09";"24.290,02"
"07232064";"Karlshausen";"Gemeinden";"14.732,82";"16.150,08";"18.130,40";"21.104,97"
"07232065";"Kaschenbach";"Gemeinden";"14.587,06";"16.680,17";"18.994,12";"22.048,22"
"07232066";"Keppeshausen";"Gemeinden";"12.774,44";"12.611,73";"12.473,21";"14.467,11"
"07232067";"Körperich";"Gemeinden";"16.439,95";"18.508,56";"20.008,51";"23.115,33"
"07232068";"Koxhausen";"Gemeinden";"14.542,30";"15.704,41";"17.652,60";"20.542,81"
"07232069";"Kruchten";"Gemeinden";"12.955,72";"15.607,67";"16.598,09";"18.783,84"
"07232070";"Kyllburg, Stadt";"Gemeinden";"19.670,39";"21.929,30";"23.324,46";"26.952,15"
"07232071";"Kyllburgweiler";"Gemeinden";"14.397,30";"16.446,30";"18.150,03";"21.061,60"
"07232072";"Lahr";"Gemeinden";"16.289,54";"17.362,35";"18.233,51";"20.992,01"
"07232073";"Leimbach";"Gemeinden";"13.808,04";"15.527,71";"17.030,93";"19.347,61"
"07232074";"Ließem";"Gemeinden";"17.148,25";"17.459,47";"19.491,64";"22.560,50"
"07232075";"Malberg";"Gemeinden";"17.706,00";"19.881,00";"21.192,19";"24.721,15"
"07232076";"Malbergweich";"Gemeinden";"18.851,13";"21.046,53";"23.228,23";"27.158,98"
"07232077";"Meckel";"Gemeinden";"16.130,98";"18.361,79";"20.072,95";"23.281,97"
"07232078";"Menningen";"Gemeinden";"14.938,94";"17.046,37";"18.142,02";"21.615,76"
"07232079";"Messerich";"Gemeinden";"18.847,97";"21.464,13";"23.675,85";"26.998,32"
"07232080";"Mettendorf";"Gemeinden";"17.946,58";"20.566,41";"21.774,89";"24.928,32"
"07232081";"Metterich";"Gemeinden";"19.130,69";"21.547,58";"23.549,83";"27.050,10"
"07232082";"Minden";"Gemeinden";"17.161,52";"18.009,48";"19.349,32";"21.944,00"
"07232083";"Mülbach";"Gemeinden";"15.843,57";"16.863,27";"19.042,31";"21.839,33"
"07232084";"Muxerath";"Gemeinden";"13.675,74";"15.549,78";"16.287,33";"18.723,55"
"07232085";"Nasingen";"Gemeinden";"14.868,59";"16.779,53";"18.615,20";"21.507,39"
"07232086";"Nattenheim";"Gemeinden";"17.700,53";"19.842,65";"21.430,18";"24.966,59"
"07232087";"Neidenbach";"Gemeinden";"19.816,24";"21.579,48";"23.027,39";"26.320,21"
"07232088";"Neuerburg, Stadt";"Gemeinden";"17.666,10";"19.876,78";"21.471,78";"24.847,99"
"07232089";"Niedergeckler";"Gemeinden";"16.172,27";"17.687,25";"19.358,96";"22.752,22"
"07232090";"Niederraden";"Gemeinden";"19.758,26";"20.897,22";"20.821,65";"24.014,34"
"07232091";"Niederstedem";"Gemeinden";"16.747,38";"18.771,37";"20.134,97";"23.209,08"
"07232092";"Niederweiler";"Gemeinden";"19.573,85";"21.863,74";"24.064,27";"27.751,01"
"07232093";"Niederweis";"Gemeinden";"16.591,95";"18.447,77";"19.300,38";"23.068,15"
"07232094";"Niehl";"Gemeinden";"16.216,10";"17.999,34";"19.498,82";"22.811,88"
"07232095";"Nusbaum";"Gemeinden";"14.105,48";"15.929,42";"17.675,63";"20.585,35"
"07232096";"Obergeckler";"Gemeinden";"13.294,00";"14.947,03";"16.421,11";"19.289,94"
"07232097";"Oberstedem";"Gemeinden";"18.970,64";"20.984,56";"22.916,21";"26.627,90"
"07232098";"Oberweiler";"Gemeinden";"18.510,90";"21.234,98";"23.401,19";"27.753,78"
"07232099";"Oberweis";"Gemeinden";"16.383,06";"18.314,72";"19.769,46";"22.737,82"
"07232100";"Olsdorf";"Gemeinden";"16.165,31";"17.952,91";"18.879,76";"21.918,98"
"07232101";"Orsfeld";"Gemeinden";"17.800,23";"19.107,35";"20.507,79";"23.808,53"
"07232102";"Utscheid";"Gemeinden";"14.425,98";"15.790,94";"16.989,96";"19.795,27"
"07232103";"Peffingen";"Gemeinden";"14.388,86";"15.745,95";"17.279,46";"20.242,95"
"07232104";"Philippsheim";"Gemeinden";"17.910,52";"20.386,32";"22.362,37";"25.899,63"
"07232105";"Pickließem";"Gemeinden";"21.415,34";"23.820,66";"26.174,14";"30.240,37"
"07232106";"Plascheid";"Gemeinden";"16.325,47";"17.633,70";"19.541,92";"22.466,36"
"07232107";"Preist";"Gemeinden";"18.035,81";"19.705,94";"22.102,33";"25.229,48"
"07232108";"Prümzurlay";"Gemeinden";"15.775,38";"17.680,75";"19.530,11";"22.905,76"
"07232109";"Rittersdorf";"Gemeinden";"19.649,86";"21.094,31";"22.783,96";"25.867,96"
"07232110";"Rodershausen";"Gemeinden";"13.814,69";"15.625,99";"18.115,16";"20.748,12"
"07232111";"Röhl";"Gemeinden";"18.651,87";"21.097,47";"22.722,48";"25.905,20"
"07232112";"Roth an der Our";"Gemeinden";"13.551,91";"14.974,94";"16.726,32";"19.390,65"
"07232113";"Sankt Thomas";"Gemeinden";"17.959,83";"19.925,95";"21.763,06";"25.204,68"
"07232114";"Schankweiler";"Gemeinden";"14.510,24";"15.849,57";"16.676,25";"18.930,77"
"07232115";"Scharfbillig";"Gemeinden";"20.187,15";"22.319,47";"25.123,60";"29.778,49"
"07232116";"Scheitenkorb";"Gemeinden";"16.816,32";"18.797,66";"20.808,44";"24.024,92"
"07232117";"Scheuern";"Gemeinden";"13.562,38";"14.616,18";"16.406,30";"18.887,14"
"07232118";"Schleid";"Gemeinden";"16.728,69";"19.022,91";"21.094,38";"24.593,44"
"07232119";"Seffern";"Gemeinden";"16.462,96";"18.590,38";"19.819,11";"23.025,32"
"07232120";"Sefferweich";"Gemeinden";"17.403,00";"19.679,34";"21.005,58";"24.385,81"
"07232121";"Sevenig bei Neuerburg";"Gemeinden";"11.714,73";"12.766,59";"14.058,14";"15.890,57"
"07232122";"Sinspelt";"Gemeinden";"16.187,76";"18.428,90";"20.017,46";"22.870,95"
"07232123";"Speicher, Stadt";"Gemeinden";"19.239,35";"21.456,45";"22.524,16";"25.851,66"
"07232124";"Stockem";"Gemeinden";"16.741,41";"17.641,68";"19.256,23";"22.047,43"
"07232125";"Sülm";"Gemeinden";"18.098,81";"20.089,40";"21.658,35";"25.274,26"
"07232126";"Trimport";"Gemeinden";"18.335,01";"20.706,61";"22.237,91";"25.470,12"
"07232127";"Übereisenbach";"Gemeinden";"15.439,52";"16.953,78";"18.667,48";"21.514,93"
"07232128";"Uppershausen";"Gemeinden";"16.868,19";"17.626,22";"19.075,90";"21.955,91"
"07232129";"Usch";"Gemeinden";"16.168,23";"18.104,64";"20.238,08";"23.295,59"
"07232130";"Waldhof-Falkenstein";"Gemeinden";"12.138,42";"13.464,65";"14.803,61";"17.251,99"
"07232131";"Wallendorf";"Gemeinden";"12.771,84";"14.585,19";"16.097,51";"18.834,89"
"07232132";"Weidingen";"Gemeinden";"15.308,82";"17.723,89";"19.442,77";"22.456,66"
"07232133";"Wettlingen";"Gemeinden";"15.597,06";"17.374,33";"18.538,24";"21.849,16"
"07232134";"Wiersdorf";"Gemeinden";"18.514,12";"20.687,21";"22.199,62";"25.195,17"
"07232135";"Wilsecker";"Gemeinden";"17.444,60";"19.660,27";"21.247,28";"25.287,65"
"07232137";"Wolsfeld";"Gemeinden";"16.611,56";"18.653,01";"20.233,58";"23.610,42"
"07232138";"Zweifelscheid";"Gemeinden";"17.490,74";"19.522,91";"21.111,57";"24.494,79"
"07232201";"Arzfeld";"Gemeinden";"17.646,61";"19.452,18";"21.083,35";"24.499,68"
"07232202";"Auw bei Prüm";"Gemeinden";"21.810,24";"24.576,96";"26.974,12";"31.465,31"
"07232203";"Balesfeld";"Gemeinden";"19.072,90";"20.550,83";"21.224,22";"24.459,03"
"07232206";"Bleialf";"Gemeinden";"19.134,76";"21.252,53";"23.362,12";"27.108,14"
"07232207";"Brandscheid";"Gemeinden";"18.565,17";"20.549,56";"22.381,48";"26.330,91"
"07232208";"Buchet";"Gemeinden";"17.959,51";"20.223,99";"22.000,38";"25.578,16"
"07232209";"Büdesheim";"Gemeinden";"18.995,70";"21.520,38";"23.869,96";"27.930,37"
"07232210";"Burbach";"Gemeinden";"20.356,75";"22.007,84";"23.638,92";"26.920,51"
"07232211";"Dackscheid";"Gemeinden";"18.065,47";"19.269,78";"21.057,99";"24.324,18"
"07232212";"Dahnen";"Gemeinden";"15.190,72";"16.777,41";"17.028,44";"19.623,18"
"07232213";"Daleiden";"Gemeinden";"14.496,41";"16.404,98";"18.432,89";"21.092,48"
"07232214";"Dasburg";"Gemeinden";"13.865,28";"15.739,82";"17.654,38";"20.262,25"
"07232216";"Dingdorf";"Gemeinden";"17.907,61";"18.684,92";"20.621,56";"23.680,55"
"07232217";"Eilscheid";"Gemeinden";"13.729,89";"15.514,95";"17.106,86";"19.933,24"
"07232218";"Eisenach";"Gemeinden";"16.794,12";"18.808,22";"19.902,01";"23.074,44"
"07232220";"Eschfeld";"Gemeinden";"18.498,29";"19.489,24";"20.359,41";"23.682,22"
"07232221";"Euscheid";"Gemeinden";"15.439,94";"17.590,93";"19.558,46";"22.553,67"
"07232222";"Feuerscheid";"Gemeinden";"17.559,72";"19.517,01";"21.737,49";"24.684,25"
"07232223";"Fleringen";"Gemeinden";"17.565,07";"19.352,40";"22.394,15";"26.363,21"
"07232224";"Giesdorf";"Gemeinden";"21.040,79";"22.807,66";"24.023,76";"27.747,92"
"07232225";"Gilzem";"Gemeinden";"17.797,98";"19.573,39";"21.209,70";"24.575,95"
"07232226";"Weinsheim";"Gemeinden";"20.594,07";"22.975,31";"25.222,63";"29.172,09"
"07232227";"Gondenbrett";"Gemeinden";"17.556,05";"19.999,41";"22.070,56";"25.495,27"
"07232228";"Gransdorf";"Gemeinden";"19.945,94";"21.527,04";"23.783,67";"27.514,15"
"07232229";"Großkampenberg";"Gemeinden";"18.061,43";"19.750,89";"21.822,24";"25.389,01"
"07232230";"Großlangenfeld";"Gemeinden";"15.708,83";"17.904,34";"19.605,00";"22.794,54"
"07232231";"Habscheid";"Gemeinden";"20.292,69";"21.724,67";"23.193,57";"26.567,39"
"07232233";"Hargarten";"Gemeinden";"15.094,15";"16.792,82";"18.453,27";"21.780,92"
"07232234";"Harspelt";"Gemeinden";"15.837,15";"18.381,49";"20.844,44";"24.145,92"
"07232236";"Heckhuscheid";"Gemeinden";"17.772,10";"20.027,15";"22.207,66";"25.726,50"
"07232238";"Heisdorf";"Gemeinden";"17.853,66";"20.108,91";"22.329,51";"25.701,11"
"07232240";"Herzfeld";"Gemeinden";"15.949,36";"17.602,16";"19.637,55";"22.593,95"
"07232245";"Irrhausen";"Gemeinden";"16.835,42";"18.691,67";"20.665,68";"24.444,25"
"07232246";"Jucken";"Gemeinden";"15.258,48";"17.085,44";"18.811,73";"21.825,78"
"07232247";"Kesfeld";"Gemeinden";"15.863,05";"17.669,58";"19.608,54";"22.785,76"
"07232248";"Kickeshausen";"Gemeinden";"15.015,47";"16.783,75";"17.661,87";"20.164,30"
"07232249";"Kinzenburg";"Gemeinden";"20.736,92";"21.480,71";"21.938,22";"25.545,44"
"07232250";"Kleinlangenfeld";"Gemeinden";"17.648,71";"19.596,45";"21.687,90";"24.708,23"
"07232253";"Krautscheid";"Gemeinden";"15.160,03";"17.248,51";"18.950,47";"22.146,50"
"07232254";"Lambertsberg";"Gemeinden";"18.847,83";"20.294,64";"21.991,05";"25.476,26"
"07232255";"Lascheid";"Gemeinden";"18.306,69";"19.139,02";"20.688,15";"24.362,35"
"07232256";"Lasel";"Gemeinden";"18.995,84";"21.343,61";"22.158,72";"26.333,20"
"07232258";"Lauperath";"Gemeinden";"16.738,47";"19.320,76";"21.415,88";"24.715,44"
"07232259";"Leidenborn";"Gemeinden";"16.607,60";"19.063,36";"21.029,84";"24.152,84"
"07232260";"Lichtenborn";"Gemeinden";"15.277,78";"16.998,40";"19.066,90";"22.013,73"
"07232261";"Lierfeld";"Gemeinden";"20.064,66";"22.351,02";"24.290,92";"27.896,98"
"07232262";"Lünebach";"Gemeinden";"21.023,18";"22.064,43";"23.064,69";"26.369,83"
"07232263";"Lützkampen";"Gemeinden";"16.974,81";"19.303,25";"21.272,36";"24.649,06"
"07232264";"Manderscheid";"Gemeinden";"16.990,82";"18.604,74";"19.990,92";"23.433,31"
"07232265";"Masthorn";"Gemeinden";"16.402,56";"18.876,15";"20.467,78";"24.365,22"
"07232266";"Matzerath";"Gemeinden";"18.325,58";"20.187,83";"22.425,85";"26.538,98"
"07232267";"Mauel";"Gemeinden";"19.247,41";"24.036,86";"27.333,20";"31.475,13"
"07232270";"Merlscheid";"Gemeinden";"19.035,12";"21.572,89";"22.874,07";"26.453,65"
"07232271";"Mützenich";"Gemeinden";"18.340,11";"18.975,88";"20.850,68";"24.338,88"
"07232272";"Neuendorf";"Gemeinden";"21.225,25";"24.128,40";"26.472,36";"29.949,11"
"07232273";"Neuheilenbach";"Gemeinden";"18.102,19";"19.106,90";"21.379,97";"25.134,79"
"07232276";"Niederlauch";"Gemeinden";"15.584,95";"16.805,74";"18.461,54";"21.316,22"
"07232277";"Niederpierscheid";"Gemeinden";"11.606,37";"12.670,53";"14.509,53";"16.868,02"
"07232279";"Nimshuscheid";"Gemeinden";"19.799,87";"21.284,77";"22.744,27";"26.856,02"
"07232280";"Nimsreuland";"Gemeinden";"18.758,57";"20.864,48";"22.840,53";"26.567,08"
"07232282";"Oberkail";"Gemeinden";"18.924,18";"21.181,79";"22.569,01";"25.931,51"
"07232283";"Oberlascheid";"Gemeinden";"17.131,46";"19.436,99";"21.152,16";"24.269,95"
"07232284";"Oberlauch";"Gemeinden";"16.666,64";"19.152,69";"22.017,45";"25.658,45"
"07232285";"Oberpierscheid";"Gemeinden";"16.436,90";"18.842,14";"20.784,58";"24.771,73"
"07232287";"Olmscheid";"Gemeinden";"15.088,47";"16.735,61";"18.556,43";"21.789,09"
"07232288";"Olzheim";"Gemeinden";"20.372,37";"22.101,47";"24.311,41";"28.502,45"
"07232289";"Orenhofen";"Gemeinden";"18.207,81";"20.074,23";"22.329,45";"25.990,69"
"07232290";"Orlenbach";"Gemeinden";"22.627,66";"23.832,48";"25.484,56";"30.063,89"
"07232291";"Pintesfeld";"Gemeinden";"16.351,89";"18.437,03";"20.305,42";"23.182,48"
"07232292";"Pittenbach";"Gemeinden";"20.347,55";"22.869,03";"25.030,19";"29.032,71"
"07232293";"Plütscheid";"Gemeinden";"19.547,56";"21.850,80";"23.630,99";"28.204,00"
"07232294";"Preischeid";"Gemeinden";"12.390,29";"13.767,68";"15.107,80";"17.168,56"
"07232295";"Pronsfeld";"Gemeinden";"20.770,57";"22.123,52";"24.185,52";"27.795,82"
"07232296";"Prüm, Stadt";"Gemeinden";"21.682,32";"23.520,43";"25.524,33";"29.409,25"
"07232297";"Reiff";"Gemeinden";"19.628,19";"20.921,45";"22.124,93";"25.920,40"
"07232298";"Reipeldingen";"Gemeinden";"14.859,54";"17.686,97";"20.118,85";"23.131,71"
"07232300";"Rommersheim";"Gemeinden";"20.506,81";"22.708,71";"24.664,83";"28.383,17"
"07232301";"Roscheid";"Gemeinden";"17.822,06";"21.081,40";"22.429,91";"25.612,74"
"07232302";"Roth bei Prüm";"Gemeinden";"18.307,87";"20.412,53";"22.429,10";"25.647,74"
"07232304";"Schönecken";"Gemeinden";"19.822,68";"21.969,07";"24.224,72";"27.942,66"
"07232305";"Schwirzheim";"Gemeinden";"20.338,58";"21.715,73";"23.503,29";"27.333,21"
"07232306";"Seinsfeld";"Gemeinden";"18.979,90";"21.306,62";"23.515,84";"27.453,61"
"07232307";"Seiwerath";"Gemeinden";"17.441,38";"18.999,29";"21.317,14";"24.671,70"
"07232308";"Sellerich";"Gemeinden";"16.716,74";"16.931,62";"17.330,31";"20.032,57"
"07232309";"Sengerich";"Gemeinden";"16.612,62";"16.651,12";"16.806,00";"19.729,40"
"07232310";"Sevenig (Our)";"Gemeinden";"16.474,24";"18.774,83";"21.516,11";"24.657,48"
"07232311";"Spangdahlem";"Gemeinden";"19.367,88";"20.857,68";"21.709,31";"25.246,74"
"07232313";"Steinborn";"Gemeinden";"17.921,48";"19.558,10";"21.076,30";"24.337,84"
"07232315";"Strickscheid";"Gemeinden";"15.455,49";"18.149,32";"20.754,80";"24.339,57"
"07232318";"Wallersheim";"Gemeinden";"19.182,04";"21.481,71";"23.505,41";"26.763,44"
"07232320";"Watzerath";"Gemeinden";"17.641,28";"20.221,48";"22.196,31";"25.832,14"
"07232321";"Wawern";"Gemeinden";"18.748,55";"20.543,48";"22.243,51";"25.596,97"
"07232322";"Waxweiler";"Gemeinden";"19.800,56";"22.329,21";"24.236,20";"27.552,69"
"07232327";"Winringen";"Gemeinden";"16.225,94";"18.209,23";"20.395,34";"23.436,25"
"07232328";"Winterscheid";"Gemeinden";"17.005,65";"18.936,63";"20.915,29";"24.411,01"
"07232329";"Winterspelt";"Gemeinden";"17.927,13";"20.090,53";"21.878,59";"25.597,35"
"07232331";"Zendscheid";"Gemeinden";"18.197,81";"20.770,89";"22.535,24";"25.956,84"
"07232332";"Hersdorf";"Gemeinden";"21.106,76";"22.667,32";"23.971,54";"27.739,67"
"07232333";"Üttfeld";"Gemeinden";"15.871,29";"17.740,89";"19.712,79";"23.029,10"
"07232501";"Wißmannsdorf";"Gemeinden";"18.018,01";"20.612,42";"22.582,79";"26.265,98"
"07232502";"Brimingen";"Gemeinden";"17.730,88";;"20.896,77";"24.709,54"
"07233002";"Basberg";"Gemeinden";"19.360,32";"22.412,90";"25.229,39";"28.922,53"
"07233003";"Beinhausen";"Gemeinden";"16.347,84";"18.353,26";"20.683,64";"24.222,89"
"07233004";"Berlingen";"Gemeinden";"20.424,00";"22.496,64";"24.065,70";"28.110,67"
"07233005";"Berndorf";"Gemeinden";"18.954,35";"20.962,66";"23.131,86";"26.436,74"
"07233006";"Betteldorf";"Gemeinden";"17.710,75";"19.779,23";"21.672,25";"25.137,82"
"07233007";"Birgel";"Gemeinden";"19.839,61";"22.074,19";"24.790,76";"28.355,96"
"07233008";"Bleckhausen";"Gemeinden";"20.324,22";"22.365,27";"24.799,50";"28.799,26"
"07233010";"Boxberg";"Gemeinden";"20.049,86";"21.015,48";"22.949,36";"26.069,61"
"07233011";"Brockscheid";"Gemeinden";"19.332,61";"21.252,09";"23.589,50";"27.171,24"
"07233014";"Darscheid";"Gemeinden";"20.691,72";"23.670,34";"25.972,81";"30.352,99"
"07233016";"Demerath";"Gemeinden";"17.037,99";"19.186,29";"20.835,15";"24.263,07"
"07233017";"Deudesfeld";"Gemeinden";"20.141,97";"22.156,28";"22.880,32";"26.838,26"
"07233018";"Dockweiler";"Gemeinden";"20.299,96";"22.982,71";"24.760,50";"28.432,36"
"07233019";"Dohm-Lammersdorf";"Gemeinden";"19.775,46";"21.079,52";"23.251,57";"27.921,72"
"07233020";"Dreis-Brück";"Gemeinden";"20.986,25";"22.850,51";"24.845,25";"28.780,26"
"07233021";"Ellscheid";"Gemeinden";"18.802,25";"21.334,75";"23.519,43";"27.870,56"
"07233022";"Esch";"Gemeinden";"17.695,50";"20.614,27";"22.908,70";"26.719,28"
"07233023";"Feusdorf";"Gemeinden";"21.318,13";"24.298,49";"26.177,51";"30.008,90"
"07233025";"Gefell";"Gemeinden";"18.382,96";"21.057,02";"23.316,00";"27.033,13"
"07233026";"Gerolstein, Stadt";"Gemeinden";"20.388,35";"22.505,43";"24.601,90";"28.276,96"
"07233027";"Gillenfeld";"Gemeinden";"19.657,46";"22.022,49";"24.264,15";"27.936,75"
"07233028";"Gönnersdorf";"Gemeinden";"18.998,85";"21.324,39";"23.961,54";"28.013,44"
"07233029";"Hillesheim, Stadt";"Gemeinden";"21.203,77";"23.357,70";"25.460,36";"29.134,67"
"07233030";"Hinterweiler";"Gemeinden";"16.484,40";"18.536,20";"20.362,48";"23.709,36"
"07233031";"Hörscheid";"Gemeinden";"20.852,79";"23.272,20";"25.765,52";"29.574,82"
"07233032";"Hörschhausen";"Gemeinden";"22.299,29";"25.185,96";"27.611,95";"31.546,42"
"07233033";"Hohenfels-Essingen";"Gemeinden";"17.378,84";"19.565,78";"21.510,32";"24.727,01"
"07233034";"Immerath";"Gemeinden";"18.229,61";"19.733,74";"21.039,56";"24.542,89"
"07233035";"Jünkerath";"Gemeinden";"19.889,95";"21.505,07";"22.685,60";"26.147,64"
"07233036";"Kalenborn-Scheuern";"Gemeinden";"20.323,26";"22.445,75";"24.633,62";"28.358,68"
"07233037";"Katzwinkel";"Gemeinden";"20.241,00";"21.438,17";"22.785,39";"26.461,16"
"07233038";"Kerpen (Eifel)";"Gemeinden";"21.257,14";"23.082,88";"25.056,23";"29.595,59"
"07233039";"Kirchweiler";"Gemeinden";"20.953,65";"22.604,02";"24.552,83";"28.871,66"
"07233040";"Kradenbach";"Gemeinden";"17.724,37";"19.557,14";"21.794,39";"25.557,42"
"07233041";"Lissendorf";"Gemeinden";"20.482,74";"22.171,94";"24.380,17";"28.077,19"
"07233042";"Mehren";"Gemeinden";"20.477,67";"22.782,82";"24.517,39";"27.955,33"
"07233043";"Meisburg";"Gemeinden";"18.913,76";"21.149,63";"23.502,96";"27.080,63"
"07233046";"Mückeln";"Gemeinden";"20.396,89";"21.664,64";"22.715,04";"26.395,18"
"07233048";"Neichen";"Gemeinden";"18.809,16";"20.951,96";"23.438,73";"27.112,86"
"07233049";"Nerdlen";"Gemeinden";"18.574,24";"20.657,21";"22.439,57";"26.267,80"
"07233050";"Neroth";"Gemeinden";"19.486,98";"21.952,47";"24.071,54";"27.890,06"
"07233052";"Niederstadtfeld";"Gemeinden";"21.574,39";"22.980,34";"24.216,65";"28.222,55"
"07233053";"Oberbettingen";"Gemeinden";"20.973,70";"22.520,33";"24.765,91";"28.401,14"
"07233054";"Oberehe-Stroheich";"Gemeinden";"18.890,12";"20.910,27";"23.263,13";"27.362,75"
"07233055";"Oberstadtfeld";"Gemeinden";"20.220,13";"22.828,85";"25.099,19";"29.065,93"
"07233056";"Pelm";"Gemeinden";"20.593,70";"22.578,73";"24.855,02";"28.950,18"
"07233058";"Rockeskyll";"Gemeinden";"18.654,37";"20.744,98";"22.519,35";"26.346,09"
"07233060";"Salm";"Gemeinden";"20.407,15";"21.405,75";"23.440,75";"26.918,80"
"07233061";"Sarmersbach";"Gemeinden";"18.614,46";"21.033,61";"23.100,34";"26.838,44"
"07233062";"Saxler";"Gemeinden";"18.648,65";"19.824,77";"22.298,03";"25.057,73"
"07233063";"Schalkenmehren";"Gemeinden";"21.448,00";"24.125,47";"26.283,58";"31.080,72"
"07233064";"Schönbach";"Gemeinden";"16.727,85";"19.123,56";"21.314,61";"24.682,67"
"07233065";"Schutz";"Gemeinden";"18.972,27";"20.543,28";"22.937,03";"26.895,63"
"07233067";"Steineberg";"Gemeinden";"16.673,90";"18.716,76";"20.791,84";"24.036,60"
"07233068";"Steiningen";"Gemeinden";"19.547,20";"21.780,45";"23.426,76";"27.127,93"
"07233070";"Strohn";"Gemeinden";"18.498,39";"20.194,86";"22.950,28";"26.160,01"
"07233071";"Strotzbüsch";"Gemeinden";"17.665,40";"20.012,08";"22.015,36";"25.769,04"
"07233074";"Udler";"Gemeinden";"18.948,44";"21.088,49";"23.319,81";"26.514,92"
"07233075";"Üdersdorf";"Gemeinden";"19.685,46";"22.076,33";"24.287,71";"27.709,11"
"07233076";"Üxheim";"Gemeinden";"21.956,11";"24.006,49";"26.677,80";"30.532,09"
"07233077";"Utzerath";"Gemeinden";"18.156,74";"20.264,51";"22.214,85";"25.750,94"
"07233079";"Wallenborn";"Gemeinden";"23.447,72";"26.412,97";"29.299,97";"33.701,33"
"07233080";"Walsdorf";"Gemeinden";"18.190,29";"20.361,20";"22.607,59";"26.436,69"
"07233081";"Weidenbach";"Gemeinden";"21.694,82";"23.275,20";"25.567,32";"29.314,21"
"07233083";"Wiesbaum";"Gemeinden";"20.967,56";"23.503,81";"25.724,49";"29.911,84"
"07233084";"Winkel (Eifel)";"Gemeinden";"16.497,21";"18.613,66";"20.885,78";"23.783,45"
"07233201";"Arbach";"Gemeinden";"19.335,16";"21.128,13";"23.422,60";"27.221,39"
"07233202";"Bereborn";"Gemeinden";"20.742,03";"22.971,97";"23.877,28";"27.289,73"
"07233203";"Berenbach";"Gemeinden";"20.883,35";"22.964,00";"24.573,91";"28.521,02"
"07233204";"Birresborn";"Gemeinden";"18.740,15";"20.809,30";"23.209,46";"26.667,20"
"07233205";"Bodenbach";"Gemeinden";"17.929,34";"20.306,59";"22.225,00";"26.241,52"
"07233206";"Bongard";"Gemeinden";"21.844,78";"24.281,37";"26.302,92";"30.465,74"
"07233207";"Borler";"Gemeinden";"19.851,91";"23.169,00";"26.334,40";"30.103,34"
"07233208";"Brücktal";"Gemeinden";"18.977,73";"20.875,12";"22.198,89";"25.844,15"
"07233209";"Densborn";"Gemeinden";"19.580,30";"21.335,97";"23.547,03";"27.686,43"
"07233210";"Drees";"Gemeinden";"18.591,89";"21.198,67";"22.915,12";"26.538,20"
"07233211";"Duppach";"Gemeinden";"18.491,56";"20.852,97";"22.793,38";"26.603,68"
"07233212";"Gelenberg";"Gemeinden";"18.039,82";"20.961,26";"23.562,91";"27.306,91"
"07233213";"Gunderath";"Gemeinden";"15.662,76";"17.844,96";"19.777,46";"22.646,41"
"07233214";"Hallschlag";"Gemeinden";"17.558,93";"19.898,54";"21.741,83";"25.294,74"
"07233215";"Höchstberg";"Gemeinden";"18.624,23";"21.002,77";"23.176,49";"26.779,47"
"07233216";"Horperath";"Gemeinden";"16.371,61";"18.189,36";"20.565,98";"24.047,57"
"07233217";"Kaperich";"Gemeinden";"19.472,04";"21.163,72";"23.213,12";"27.066,08"
"07233218";"Kelberg";"Gemeinden";"20.634,72";"23.149,84";"25.501,77";"29.575,17"
"07233219";"Kerschenbach";"Gemeinden";"17.353,04";"20.025,17";"21.962,35";"25.577,33"
"07233220";"Kirsbach";"Gemeinden";"20.843,86";"22.818,31";"24.840,23";"29.186,62"
"07233221";"Kötterichen";"Gemeinden";"19.264,05";"20.897,90";"23.360,03";"27.152,25"
"07233222";"Kolverath";"Gemeinden";"16.892,27";"19.445,53";"21.436,77";"25.180,09"
"07233223";"Kopp";"Gemeinden";"17.928,25";"20.230,33";"22.558,87";"25.786,96"
"07233224";"Lirstal";"Gemeinden";"19.094,52";"20.782,79";"22.547,16";"25.954,18"
"07233225";"Mannebach";"Gemeinden";"19.304,97";"21.817,51";"24.175,43";"27.935,55"
"07233226";"Mosbruch";"Gemeinden";"18.164,59";"20.310,07";"22.349,47";"25.872,08"
"07233227";"Mürlenbach";"Gemeinden";"22.896,87";"25.687,18";"26.795,62";"30.995,44"
"07233228";"Nitz";"Gemeinden";"19.709,44";"21.412,64";"24.067,64";"27.579,13"
"07233229";"Nohn";"Gemeinden";"18.704,43";"21.378,08";"23.229,98";"26.955,81"
"07233230";"Oberelz";"Gemeinden";"18.736,39";"20.801,48";"22.883,68";"26.459,73"
"07233232";"Ormont";"Gemeinden";"21.532,53";"23.914,68";"26.085,25";"29.868,31"
"07233233";"Reimerath";"Gemeinden";"17.433,93";"18.764,77";"20.730,34";"24.340,06"
"07233234";"Retterath";"Gemeinden";"18.755,71";"20.009,52";"22.118,22";"25.905,26"
"07233235";"Reuth";"Gemeinden";"18.874,08";"20.880,12";"22.623,78";"26.384,93"
"07233236";"Sassen";"Gemeinden";"19.721,60";"21.690,30";"24.265,98";"28.033,58"
"07233237";"Scheid";"Gemeinden";"22.837,17";"25.464,71";"28.167,17";"32.814,16"
"07233239";"Schüller";"Gemeinden";"18.391,77";"20.906,49";"23.115,18";"26.672,37"
"07233240";"Stadtkyll";"Gemeinden";"20.544,75";"23.058,10";"24.903,69";"28.433,05"
"07233241";"Steffeln";"Gemeinden";"19.639,51";"21.948,06";"24.460,62";"28.426,81"
"07233242";"Uersfeld";"Gemeinden";"19.628,01";"21.386,32";"23.573,29";"27.433,14"
"07233243";"Ueß";"Gemeinden";"17.273,92";"19.281,75";"22.023,49";"26.002,83"
"07233244";"Welcherath";"Gemeinden";"19.660,11";"22.600,64";"24.647,01";"28.438,32"
"07233501";"Daun, Stadt";"Gemeinden";"21.668,31";"24.117,13";"26.217,92";"29.999,01"
"07235001";"Aach";"Gemeinden";"19.593,31";"21.973,33";"23.373,89";"26.450,01"
"07235002";"Ayl";"Gemeinden";"17.817,92";"19.891,98";"21.906,37";"25.748,67"
"07235003";"Baldringen";"Gemeinden";"19.734,45";"21.879,11";"23.109,56";"26.853,91"
"07235004";"Bekond";"Gemeinden";"18.875,33";"21.162,98";"23.612,85";"27.073,20"
"07235005";"Bescheid";"Gemeinden";"17.618,67";"19.407,02";"21.437,94";"24.974,86"
"07235008";"Beuren (Hochwald)";"Gemeinden";"18.583,28";"20.768,99";"22.327,00";"25.740,00"
"07235010";"Bonerath";"Gemeinden";"18.597,71";"20.381,97";"21.958,53";"25.436,46"
"07235014";"Damflos";"Gemeinden";"22.221,20";"24.848,17";"26.698,33";"31.082,49"
"07235015";"Detzem";"Gemeinden";"22.343,93";"24.092,97";"25.974,87";"30.790,77"
"07235019";"Ensch";"Gemeinden";"18.123,43";"20.380,57";"22.309,04";"25.652,17"
"07235021";"Farschweiler";"Gemeinden";"17.436,16";"19.352,40";"20.478,09";"23.628,49"
"07235022";"Fell";"Gemeinden";"19.675,79";"21.207,35";"23.084,83";"26.550,86"
"07235025";"Fisch";"Gemeinden";"15.610,36";"16.822,43";"18.419,92";"21.341,24"
"07235026";"Föhren";"Gemeinden";"21.205,66";"23.103,70";"24.580,23";"28.350,92"
"07235027";"Franzenheim";"Gemeinden";"18.025,88";"19.537,91";"21.523,02";"25.394,25"
"07235028";"Freudenburg";"Gemeinden";"18.084,27";"19.570,00";"21.321,42";"24.597,78"
"07235030";"Geisfeld";"Gemeinden";"18.174,20";"20.473,23";"22.695,56";"26.479,87"
"07235033";"Greimerath";"Gemeinden";"18.444,56";"20.340,04";"22.856,82";"26.783,30"
"07235035";"Grimburg";"Gemeinden";"19.231,67";"21.341,73";"23.231,81";"27.274,39"
"07235036";"Gusenburg";"Gemeinden";"20.210,16";"22.463,86";"24.447,30";"28.255,07"
"07235037";"Gusterath";"Gemeinden";"23.251,90";"25.848,64";"27.300,02";"31.719,52"
"07235038";"Gutweiler";"Gemeinden";"21.077,03";"22.936,22";"24.721,12";"29.108,32"
"07235040";"Heddert";"Gemeinden";"20.184,06";"23.080,87";"24.021,58";"28.108,43"
"07235043";"Hentern";"Gemeinden";"19.348,35";"21.262,99";"23.603,36";"28.260,31"
"07235044";"Herl";"Gemeinden";"19.860,20";"21.777,66";"23.973,87";"28.042,46"
"07235045";"Hermeskeil, Stadt";"Gemeinden";"20.110,34";"21.698,78";"23.611,76";"27.494,23"
"07235046";"Hinzenburg";"Gemeinden";"20.552,75";"22.282,02";"24.275,28";"27.809,14"
"07235047";"Hinzert-Pölert";"Gemeinden";"20.843,01";"21.671,65";"23.560,46";"27.797,66"
"07235048";"Hockweiler";"Gemeinden";"20.983,51";"23.396,88";"25.504,56";"30.360,90"
"07235050";"Holzerath";"Gemeinden";"18.693,09";"20.710,86";"22.386,89";"25.885,35"
"07235051";"Igel";"Gemeinden";"19.540,33";"21.722,38";"23.650,42";"27.069,25"
"07235052";"Irsch";"Gemeinden";"19.016,65";"21.306,09";"23.167,90";"26.817,55"
"07235055";"Kanzem";"Gemeinden";"22.714,01";"24.156,78";"25.165,79";"29.233,11"
"07235056";"Kasel";"Gemeinden";"21.487,72";"23.801,94";"25.501,80";"29.698,68"
"07235057";"Kastel-Staadt";"Gemeinden";"19.046,23";"20.634,62";"21.774,64";"25.349,76"
"07235058";"Kell am See";"Gemeinden";"20.989,87";"22.974,44";"25.086,77";"29.303,83"
"07235060";"Kenn";"Gemeinden";"22.088,81";"23.682,94";"25.110,55";"29.334,50"
"07235062";"Kirf";"Gemeinden";"16.265,31";"17.972,54";"18.926,96";"21.653,82"
"07235063";"Klüsserath";"Gemeinden";"19.554,20";"21.435,69";"23.745,41";"27.354,19"
"07235067";"Köwerich";"Gemeinden";"21.166,14";"22.865,01";"24.356,56";"27.998,50"
"07235068";"Konz, Stadt";"Gemeinden";"19.806,27";"21.969,61";"23.171,99";"26.585,14"
"07235069";"Kordel";"Gemeinden";"19.955,36";"21.624,84";"23.247,95";"26.876,76"
"07235070";"Korlingen";"Gemeinden";"23.429,67";"24.543,69";"25.804,42";"30.338,63"
"07235072";"Lampaden";"Gemeinden";"19.025,75";"21.196,58";"23.604,18";"27.516,95"
"07235073";"Langsur";"Gemeinden";"16.180,01";"17.965,75";"18.879,64";"21.917,60"
"07235074";"Leiwen";"Gemeinden";"22.945,33";"24.360,65";"25.479,04";"29.796,44"
"07235077";"Longen";"Gemeinden";"18.621,10";"20.159,11";"21.428,32";"24.974,33"
"07235078";"Longuich";"Gemeinden";"23.754,09";"25.412,50";"27.605,16";"31.961,06"
"07235080";"Lorscheid";"Gemeinden";"18.742,63";"21.215,64";"23.318,83";"27.854,55"
"07235081";"Mandern";"Gemeinden";"19.498,66";"21.632,89";"22.887,71";"26.517,51"
"07235082";"Mannebach";"Gemeinden";"15.428,36";"16.826,77";"18.232,79";"20.960,37"
"07235083";"Mehring";"Gemeinden";"20.515,12";"23.019,52";"24.961,93";"29.360,31"
"07235085";"Mertesdorf";"Gemeinden";"23.683,48";"25.405,50";"27.352,88";"32.121,54"
"07235090";"Morscheid";"Gemeinden";"20.438,83";"22.494,39";"24.422,44";"28.775,04"
"07235091";"Naurath (Eifel)";"Gemeinden";"16.291,95";"18.101,54";"20.226,94";"22.846,07"
"07235092";"Naurath (Wald)";"Gemeinden";"17.422,43";"19.196,35";"21.239,73";"25.120,69"
"07235093";"Neuhütten";"Gemeinden";"19.907,56";"22.237,75";"24.399,82";"27.871,97"
"07235094";"Newel";"Gemeinden";"17.989,20";"20.229,18";"22.023,25";"25.646,32"
"07235095";"Nittel";"Gemeinden";"15.472,24";"17.050,19";"18.527,00";"21.349,28"
"07235096";"Oberbillig";"Gemeinden";"19.100,13";"20.446,41";"21.474,01";"24.437,57"
"07235098";"Ockfen";"Gemeinden";"19.450,49";"21.028,54";"22.628,70";"25.990,89"
"07235100";"Ollmuth";"Gemeinden";"18.531,96";"20.379,20";"21.980,80";"25.407,07"
"07235101";"Onsdorf";"Gemeinden";"19.621,36";"22.405,68";"23.011,68";"26.914,73"
"07235103";"Osburg";"Gemeinden";"18.481,65";"20.775,56";"22.890,26";"26.417,45"
"07235104";"Palzem";"Gemeinden";"15.061,29";"16.665,03";"18.298,70";"20.928,44"
"07235105";"Paschel";"Gemeinden";"18.861,18";"21.446,50";"23.671,30";"27.519,75"
"07235106";"Pellingen";"Gemeinden";"20.474,98";"22.430,23";"24.540,98";"28.530,47"
"07235107";"Pluwig";"Gemeinden";"20.764,34";"22.941,79";"24.152,28";"28.226,55"
"07235108";"Pölich";"Gemeinden";"20.930,24";"22.796,90";"25.018,15";"29.525,32"
"07235111";"Ralingen";"Gemeinden";"17.235,72";"19.420,60";"21.295,86";"24.211,68"
"07235112";"Rascheid";"Gemeinden";"18.953,25";"21.096,99";"22.898,70";"26.669,39"
"07235114";"Reinsfeld";"Gemeinden";"19.935,81";"22.249,03";"24.602,21";"28.717,97"
"07235115";"Riol";"Gemeinden";"22.616,08";"24.696,63";"25.789,16";"29.827,18"
"07235116";"Riveris";"Gemeinden";"19.968,91";"21.118,67";"21.953,34";"25.961,35"
"07235118";"Saarburg, Stadt";"Gemeinden";"19.551,55";"21.715,09";"23.720,43";"27.639,21"
"07235119";"Schillingen";"Gemeinden";"19.458,89";"21.847,90";"23.970,26";"27.457,19"
"07235120";"Schleich";"Gemeinden";"18.433,26";"21.229,30";"23.076,03";"27.394,59"
"07235122";"Schoden";"Gemeinden";"17.594,89";"19.353,75";"20.997,10";"24.799,77"
"07235123";"Schömerich";"Gemeinden";"17.838,54";"20.534,83";"22.269,71";"26.366,22"
"07235124";"Schöndorf";"Gemeinden";"18.892,90";"20.948,46";"23.010,32";"26.483,55"
"07235125";"Schweich, Stadt";"Gemeinden";"22.298,80";"24.676,96";"26.131,59";"29.803,72"
"07235126";"Serrig";"Gemeinden";"18.297,38";"20.345,95";"22.035,82";"25.556,76"
"07235129";"Sommerau";"Gemeinden";"19.139,41";"20.604,21";"21.844,39";"25.327,39"
"07235131";"Taben-Rodt";"Gemeinden";"17.049,77";"19.107,49";"21.075,26";"24.467,14"
"07235132";"Tawern";"Gemeinden";"18.658,54";"20.800,76";"22.082,35";"25.736,50"
"07235133";"Temmels";"Gemeinden";"16.556,28";"18.719,57";"19.526,64";"22.138,59"
"07235134";"Thörnich";"Gemeinden";"19.963,29";"21.580,36";"23.004,20";"26.807,64"
"07235135";"Thomm";"Gemeinden";"19.034,38";"20.498,06";"22.460,64";"25.631,58"
"07235136";"Trassem";"Gemeinden";"18.480,66";"20.637,78";"22.184,29";"25.921,94"
"07235137";"Trierweiler";"Gemeinden";"20.590,88";"22.520,61";"24.576,24";"28.381,21"
"07235140";"Vierherrenborn";"Gemeinden";"23.092,92";"24.509,62";"27.307,45";"31.223,83"
"07235141";"Waldrach";"Gemeinden";"19.319,01";"21.655,48";"23.456,22";"26.931,39"
"07235142";"Waldweiler";"Gemeinden";"18.576,24";"20.851,55";"22.711,64";"26.003,43"
"07235143";"Wasserliesch";"Gemeinden";"18.569,41";"20.449,46";"21.876,41";"25.255,44"
"07235144";"Wawern";"Gemeinden";"19.072,66";"21.280,04";"22.565,40";"26.363,23"
"07235146";"Wellen";"Gemeinden";"15.788,32";"17.876,09";"18.674,33";"21.359,42"
"07235148";"Wiltingen";"Gemeinden";"23.896,78";"27.175,83";"29.869,01";"34.571,51"
"07235149";"Wincheringen";"Gemeinden";"13.877,74";"15.753,64";"17.665,43";"20.417,46"
"07235151";"Zemmer";"Gemeinden";"18.969,82";"21.133,54";"22.963,08";"26.605,70"
"07235152";"Zerf";"Gemeinden";"17.753,87";"19.795,53";"21.857,57";"25.521,48"
"07235153";"Züsch";"Gemeinden";"19.766,93";"22.132,23";"23.905,08";"28.037,38"
"07235154";"Merzkirchen";"Gemeinden";"15.680,87";"17.367,92";"18.657,34";"21.883,31"
"07235207";"Trittenheim";"Gemeinden";"22.070,72";"24.506,30";"25.627,25";"29.212,42"
"07235501";"Welschbillig";"Gemeinden";"17.182,33";"19.134,67";"21.017,64";"24.610,69"
"07311000";"Frankenthal (Pfalz), Stadt";"Gemeinden";"21.440,61";"22.890,54";"24.439,92";"28.406,54"
"07312000";"Kaiserslautern, Stadt";"Gemeinden";"20.525,80";"22.215,21";"23.539,36";"27.410,19"
"07313000";"Landau in der Pfalz, Stadt";"Gemeinden";"22.500,83";"23.985,72";"25.238,59";"29.314,40"
"07314000";"Ludwigshafen am Rhein, Stadt";"Gemeinden";"21.490,61";"22.828,22";"24.121,43";"27.915,49"
"07315000";"Mainz, Stadt";"Gemeinden";"23.741,57";"25.438,70";"26.860,56";"31.059,55"
"07316000";"Neustadt an der Weinstraße, Stadt";"Gemeinden";"23.199,17";"24.956,48";"26.245,57";"30.341,27"
"07317000";"Pirmasens, Stadt";"Gemeinden";"20.230,40";"21.762,58";"23.041,29";"26.678,43"
"07318000";"Speyer, Stadt";"Gemeinden";"23.742,20";"25.535,46";"27.351,71";"31.712,26"
"07319000";"Worms, Stadt";"Gemeinden";"20.758,74";"22.645,74";"24.176,26";"28.141,04"
"07320000";"Zweibrücken, Stadt";"Gemeinden";"20.996,05";"23.061,15";"24.028,43";"27.806,37"
"07331001";"Albig";"Gemeinden";"22.313,89";"24.616,66";"27.051,93";"31.510,36"
"07331002";"Alsheim";"Gemeinden";"21.972,23";"23.937,21";"26.249,44";"30.657,09"
"07331003";"Alzey, Stadt";"Gemeinden";"21.741,64";"23.532,54";"24.976,57";"28.962,02"
"07331004";"Armsheim";"Gemeinden";"22.325,53";"24.855,19";"26.044,56";"30.247,47"
"07331005";"Bechenheim";"Gemeinden";"21.921,56";"24.017,53";"26.579,59";"30.826,57"
"07331006";"Bechtheim";"Gemeinden";"21.900,21";"24.716,65";"26.267,67";"30.974,16"
"07331007";"Bechtolsheim";"Gemeinden";"23.280,92";"25.112,37";"27.543,19";"32.686,23"
"07331008";"Bermersheim vor der Höhe";"Gemeinden";"21.670,97";"24.033,05";"26.660,82";"31.342,04"
"07331009";"Bermersheim";"Gemeinden";"24.459,97";"27.609,47";"29.514,69";"34.554,96"
"07331010";"Biebelnheim";"Gemeinden";"22.407,64";"25.417,79";"27.879,14";"32.386,48"
"07331011";"Hochborn";"Gemeinden";"21.918,78";"23.366,43";"25.716,32";"29.277,11"
"07331012";"Bornheim";"Gemeinden";"19.403,58";"21.154,67";"23.580,13";"27.654,40"
"07331014";"Dintesheim";"Gemeinden";"24.026,56";"25.524,06";"28.413,10";"34.008,44"
"07331015";"Dittelsheim-Heßloch";"Gemeinden";"19.983,28";"22.620,90";"25.110,42";"29.284,02"
"07331017";"Eckelsheim";"Gemeinden";"19.885,94";"22.222,07";"24.159,85";"28.176,22"
"07331018";"Eich";"Gemeinden";"22.508,82";"24.811,54";"26.599,09";"30.578,78"
"07331019";"Ensheim";"Gemeinden";"24.532,03";"27.624,04";"30.119,86";"35.315,46"
"07331020";"Eppelsheim";"Gemeinden";"22.697,29";"24.874,03";"26.659,02";"31.191,20"
"07331021";"Erbes-Büdesheim";"Gemeinden";"23.560,20";"25.368,10";"27.888,72";"32.055,78"
"07331022";"Esselborn";"Gemeinden";"22.059,18";"24.046,73";"26.604,14";"31.039,99"
"07331023";"Flörsheim-Dalsheim";"Gemeinden";"21.885,72";"24.685,70";"27.391,45";"31.869,11"
"07331024";"Flomborn";"Gemeinden";"21.134,79";"23.769,75";"26.270,81";"30.235,39"
"07331025";"Flonheim";"Gemeinden";"22.637,33";"24.513,46";"26.637,97";"31.113,29"
"07331026";"Framersheim";"Gemeinden";"21.987,68";"23.828,04";"25.933,34";"30.293,36"
"07331027";"Freimersheim";"Gemeinden";"21.997,04";"23.507,28";"25.098,99";"29.349,12"
"07331028";"Frettenheim";"Gemeinden";"20.361,65";"22.923,28";"25.264,38";"29.661,54"
"07331029";"Gabsheim";"Gemeinden";"21.825,47";"23.676,32";"24.562,72";"28.974,02"
"07331030";"Gau-Bickelheim";"Gemeinden";"22.237,16";"24.634,25";"26.505,77";"30.555,23"
"07331031";"Gau-Heppenheim";"Gemeinden";"19.663,48";"22.515,35";"24.565,76";"29.236,38"
"07331032";"Gau-Odernheim";"Gemeinden";"23.095,00";"25.452,58";"27.839,02";"32.315,58"
"07331033";"Gau-Weinheim";"Gemeinden";"22.318,70";"24.108,67";"26.712,33";"30.860,70"
"07331034";"Gimbsheim";"Gemeinden";"21.538,40";"23.536,08";"25.644,05";"29.696,00"
"07331035";"Gumbsheim";"Gemeinden";"22.392,84";"23.735,91";"25.998,76";"29.923,11"
"07331036";"Gundersheim";"Gemeinden";"22.709,60";"24.764,46";"26.609,37";"30.881,85"
"07331037";"Gundheim";"Gemeinden";"24.294,38";"25.779,22";"28.183,13";"33.173,80"
"07331038";"Hamm am Rhein";"Gemeinden";"21.151,66";"23.537,20";"25.605,00";"29.853,69"
"07331039";"Hangen-Weisheim";"Gemeinden";"20.750,47";"23.173,27";"25.142,62";"29.203,31"
"07331041";"Hohen-Sülzen";"Gemeinden";"28.132,14";"30.298,47";"32.107,68";"37.392,25"
"07331042";"Kettenheim";"Gemeinden";"23.300,74";"25.242,00";"26.896,10";"30.785,30"
"07331043";"Lonsheim";"Gemeinden";"21.725,07";"23.974,27";"25.906,16";"30.997,69"
"07331044";"Mauchenheim";"Gemeinden";"21.893,26";"24.078,10";"25.800,49";"30.002,44"
"07331045";"Mettenheim";"Gemeinden";"21.540,85";"24.482,81";"26.810,61";"31.035,03"
"07331046";"Mölsheim";"Gemeinden";"24.388,30";"26.128,92";"26.924,04";"30.965,34"
"07331047";"Mörstadt";"Gemeinden";"24.541,07";"26.670,92";"29.494,64";"34.240,75"
"07331048";"Monsheim";"Gemeinden";"23.204,19";"25.015,32";"27.098,33";"31.294,82"
"07331049";"Monzernheim";"Gemeinden";"20.601,95";"23.321,33";"25.437,39";"29.034,50"
"07331050";"Nack";"Gemeinden";"22.094,03";"24.404,59";"26.711,09";"31.568,78"
"07331051";"Nieder-Wiesen";"Gemeinden";"19.344,89";"21.771,52";"24.078,50";"28.184,93"
"07331052";"Ober-Flörsheim";"Gemeinden";"23.274,39";"25.253,32";"27.343,52";"32.061,91"
"07331053";"Offenheim";"Gemeinden";"22.197,10";"24.897,67";"26.947,58";"31.366,07"
"07331054";"Offstein";"Gemeinden";"22.926,56";"25.845,71";"27.237,63";"32.121,13"
"07331055";"Osthofen, Stadt";"Gemeinden";"20.993,58";"23.292,61";"25.060,21";"28.801,00"
"07331056";"Partenheim";"Gemeinden";"23.127,71";"25.707,72";"26.858,08";"31.066,05"
"07331058";"Saulheim";"Gemeinden";"24.102,12";"26.407,89";"27.726,92";"32.235,89"
"07331059";"Schornsheim";"Gemeinden";"23.433,29";"25.342,88";"27.111,69";"31.552,05"
"07331060";"Siefersheim";"Gemeinden";"21.472,44";"24.287,86";"25.901,36";"30.119,24"
"07331061";"Spiesheim";"Gemeinden";"23.208,31";"26.255,10";"27.217,32";"31.901,54"
"07331062";"Stein-Bockenheim";"Gemeinden";"22.144,88";"24.581,84";"26.414,48";"30.455,38"
"07331063";"Sulzheim";"Gemeinden";"23.354,04";"24.879,90";"26.423,19";"30.225,69"
"07331064";"Udenheim";"Gemeinden";"24.723,58";"27.040,72";"29.090,86";"34.326,40"
"07331065";"Vendersheim";"Gemeinden";"25.127,17";"27.162,44";"28.805,30";"33.496,46"
"07331066";"Wachenheim";"Gemeinden";"24.449,56";"26.142,77";"28.263,99";"33.836,08"
"07331067";"Wahlheim";"Gemeinden";"22.194,75";"24.603,11";"26.948,33";"32.286,15"
"07331068";"Wallertheim";"Gemeinden";"23.233,34";"25.456,48";"27.537,41";"32.606,27"
"07331070";"Wendelsheim";"Gemeinden";"23.078,25";"25.698,94";"26.997,39";"31.930,89"
"07331071";"Westhofen";"Gemeinden";"24.649,48";"26.678,26";"28.634,08";"33.091,46"
"07331072";"Wöllstein";"Gemeinden";"21.622,45";"23.969,94";"25.734,91";"29.856,90"
"07331073";"Wörrstadt, Stadt";"Gemeinden";"22.911,68";"24.754,78";"26.149,98";"30.386,61"
"07331075";"Wonsheim";"Gemeinden";"21.804,66";"24.262,67";"26.572,61";"31.077,29"
"07332001";"Altleiningen";"Gemeinden";"23.057,20";"24.911,41";"26.287,52";"30.412,49"
"07332002";"Bad Dürkheim, Stadt";"Gemeinden";"24.967,74";"26.815,59";"28.440,15";"32.977,57"
"07332003";"Battenberg (Pfalz)";"Gemeinden";"39.240,27";"43.573,37";"44.632,72";"52.610,54"
"07332004";"Bissersheim";"Gemeinden";"26.157,64";"28.761,79";"30.739,44";"36.118,16"
"07332005";"Bobenheim am Berg";"Gemeinden";"28.289,77";"31.491,04";"33.661,82";"39.351,56"
"07332006";"Bockenheim an der Weinstraße";"Gemeinden";"22.814,06";"25.113,00";"26.797,53";"31.275,69"
"07332007";"Carlsberg";"Gemeinden";"23.291,47";"25.974,45";"28.251,03";"32.790,83"
"07332008";"Dackenheim";"Gemeinden";"29.586,05";"32.414,57";"34.306,55";"40.184,87"
"07332009";"Deidesheim, Stadt";"Gemeinden";"25.136,88";"27.203,35";"29.436,01";"33.982,93"
"07332010";"Dirmstein";"Gemeinden";"24.180,63";"26.096,42";"28.944,02";"33.253,09"
"07332012";"Ebertsheim";"Gemeinden";"21.354,53";"23.796,02";"26.208,74";"30.373,33"
"07332013";"Ellerstadt";"Gemeinden";"26.547,51";"29.259,02";"32.322,46";"37.385,30"
"07332014";"Elmstein";"Gemeinden";"19.171,70";"21.617,65";"23.758,54";"27.646,32"
"07332015";"Erpolzheim";"Gemeinden";"25.530,85";"28.582,37";"30.271,27";"35.003,97"
"07332016";"Esthal";"Gemeinden";"20.246,11";"22.254,27";"24.116,42";"27.895,51"
"07332017";"Forst an der Weinstraße";"Gemeinden";"27.623,75";"29.293,51";"32.549,85";"37.605,30"
"07332018";"Frankeneck";"Gemeinden";"20.021,61";"21.057,82";"22.835,69";"26.277,60"
"07332019";"Freinsheim, Stadt";"Gemeinden";"25.219,93";"27.651,20";"30.331,25";"35.011,67"
"07332020";"Friedelsheim";"Gemeinden";"26.087,22";"28.991,65";"30.229,80";"34.991,94"
"07332021";"Gerolsheim";"Gemeinden";"23.346,29";"25.316,40";"27.304,32";"31.806,57"
"07332022";"Gönnheim";"Gemeinden";"27.220,17";"29.320,30";"31.226,79";"36.622,96"
"07332023";"Großkarlbach";"Gemeinden";"26.011,55";"28.076,16";"30.383,36";"35.205,76"
"07332024";"Grünstadt, Stadt";"Gemeinden";"23.512,89";"25.333,70";"27.492,01";"31.799,30"
"07332025";"Haßloch";"Gemeinden";"21.405,67";"23.630,50";"25.622,28";"29.688,66"
"07332026";"Herxheim am Berg";"Gemeinden";"24.114,13";"26.811,83";"28.618,69";"32.782,27"
"07332027";"Hettenleidelheim";"Gemeinden";"20.996,97";"22.587,26";"24.524,67";"28.266,94"
"07332028";"Kallstadt";"Gemeinden";"24.997,66";"27.902,96";"29.614,42";"34.915,66"
"07332029";"Kindenheim";"Gemeinden";"24.385,98";"26.445,60";"27.868,80";"32.133,67"
"07332030";"Kirchheim an der Weinstraße";"Gemeinden";"25.405,44";"28.013,85";"29.929,14";"34.723,49"
"07332031";"Kleinkarlbach";"Gemeinden";"24.854,57";"27.658,54";"30.131,70";"34.883,65"
"07332032";"Lambrecht (Pfalz), Stadt";"Gemeinden";"19.510,99";"21.499,44";"23.321,39";"26.851,00"
"07332033";"Laumersheim";"Gemeinden";"24.828,36";"26.598,29";"29.106,51";"33.367,29"
"07332034";"Lindenberg";"Gemeinden";"21.142,74";"23.392,08";"25.231,27";"29.178,52"
"07332035";"Meckenheim";"Gemeinden";"24.154,45";"26.115,06";"27.884,98";"32.265,40"
"07332036";"Mertesheim";"Gemeinden";"21.571,37";"24.287,16";"26.392,98";"31.000,80"
"07332037";"Neidenfels";"Gemeinden";"20.504,63";"22.126,14";"23.829,01";"28.054,69"
"07332038";"Neuleiningen";"Gemeinden";"28.017,60";"31.406,47";"33.322,40";"38.989,65"
"07332039";"Niederkirchen bei Deidesheim";"Gemeinden";"22.959,08";"25.467,38";"27.410,47";"31.817,34"
"07332040";"Obersülzen";"Gemeinden";"25.021,73";"26.329,84";"29.222,50";"33.319,79"
"07332041";"Obrigheim (Pfalz)";"Gemeinden";"22.224,71";"24.025,33";"25.748,20";"29.542,03"
"07332042";"Quirnheim";"Gemeinden";"22.697,03";"25.673,34";"26.851,85";"30.733,73"
"07332043";"Ruppertsberg";"Gemeinden";"23.693,22";"26.869,40";"29.586,70";"34.478,89"
"07332044";"Tiefenthal";"Gemeinden";"21.450,27";"22.934,17";"25.718,46";"30.489,62"
"07332046";"Wachenheim an der Weinstraße, Stadt";"Gemeinden";"28.946,67";"32.187,00";"33.711,36";"38.885,46"
"07332047";"Wattenheim";"Gemeinden";"22.456,89";"24.606,58";"26.309,31";"31.382,95"
"07332048";"Weidenthal";"Gemeinden";"20.058,52";"22.147,83";"24.342,24";"28.151,68"
"07332049";"Weisenheim am Berg";"Gemeinden";"29.541,72";"31.584,72";"33.414,37";"38.522,11"
"07332050";"Weisenheim am Sand";"Gemeinden";"22.501,79";"25.064,02";"27.489,98";"31.866,68"
"07333001";"Albisheim (Pfrimm)";"Gemeinden";"20.880,95";"22.833,08";"24.638,55";"28.528,52"
"07333003";"Alsenz";"Gemeinden";"20.048,55";"21.644,40";"23.628,10";"27.266,79"
"07333004";"Bayerfeld-Steckweiler";"Gemeinden";"19.897,59";"22.170,93";"23.798,10";"27.923,62"
"07333005";"Bennhausen";"Gemeinden";"26.857,11";"28.398,48";"29.661,47";"33.700,51"
"07333006";"Biedesheim";"Gemeinden";"21.551,57";"23.418,37";"25.359,33";"29.587,28"
"07333007";"Bischheim";"Gemeinden";"22.407,29";"25.112,48";"26.675,54";"30.762,20"
"07333008";"Bisterschied";"Gemeinden";"17.612,30";"19.824,54";"21.583,96";"24.773,29"
"07333009";"Börrstadt";"Gemeinden";"21.440,83";"23.627,95";"25.387,91";"29.021,72"
"07333010";"Bolanden";"Gemeinden";"22.379,44";"25.059,85";"26.378,11";"30.663,37"
"07333011";"Breunigweiler";"Gemeinden";"22.649,44";"25.310,91";"27.187,02";"31.177,73"
"07333012";"Bubenheim";"Gemeinden";"22.251,52";"24.209,42";"26.562,06";"31.228,97"
"07333013";"Dannenfels";"Gemeinden";"22.294,87";"24.709,79";"26.689,53";"31.313,27"
"07333014";"Dielkirchen";"Gemeinden";"18.379,29";"20.514,66";"22.182,73";"25.990,23"
"07333016";"Dörrmoschel";"Gemeinden";"20.327,88";"22.374,17";"24.040,56";"28.204,24"
"07333017";"Dreisen";"Gemeinden";"20.880,46";"23.209,85";"25.220,40";"29.333,65"
"07333018";"Einselthum";"Gemeinden";"21.669,44";"23.044,17";"25.737,16";"29.846,67"
"07333019";"Eisenberg (Pfalz), Stadt";"Gemeinden";"19.814,74";"21.904,47";"23.781,98";"27.532,70"
"07333020";"Falkenstein";"Gemeinden";"18.537,86";"19.493,83";"21.169,97";"24.430,28"
"07333021";"Finkenbach-Gersweiler";"Gemeinden";"20.471,24";"23.382,26";"24.665,72";"28.846,27"
"07333022";"Gauersheim";"Gemeinden";"20.765,17";"22.537,55";"25.009,96";"29.084,11"
"07333023";"Gaugrehweiler";"Gemeinden";"20.212,54";"22.743,66";"24.614,03";"28.707,37"
"07333024";"Gehrweiler";"Gemeinden";"21.178,66";"23.352,77";"25.545,04";"29.892,59"
"07333025";"Gerbach";"Gemeinden";"21.090,59";"22.968,79";"25.296,80";"29.364,20"
"07333026";"Göllheim";"Gemeinden";"20.238,70";"22.675,09";"24.642,39";"28.535,64"
"07333027";"Gonbach";"Gemeinden";"24.556,51";"26.807,87";"27.484,37";"31.927,27"
"07333028";"Gundersweiler";"Gemeinden";"19.588,54";"21.419,71";"23.852,52";"27.786,29"
"07333030";"Höringen";"Gemeinden";"19.860,33";"22.431,58";"24.549,59";"28.384,25"
"07333031";"Ilbesheim";"Gemeinden";"20.674,05";"23.305,62";"25.474,12";"29.517,85"
"07333032";"Immesheim";"Gemeinden";"22.155,63";"24.982,04";"26.534,88";"30.959,82"
"07333033";"Imsbach";"Gemeinden";"19.714,77";"22.577,88";"24.901,26";"28.824,63"
"07333034";"Imsweiler";"Gemeinden";"19.434,00";"21.522,30";"23.416,95";"27.356,83"
"07333035";"Jakobsweiler";"Gemeinden";"22.365,43";"24.116,41";"25.952,63";"30.591,75"
"07333036";"Kalkofen";"Gemeinden";"19.768,43";"21.926,79";"23.452,14";"27.504,26"
"07333037";"Katzenbach";"Gemeinden";"21.799,44";"23.349,80";"25.464,22";"29.895,37"
"07333038";"Kerzenheim";"Gemeinden";"21.130,37";"23.393,88";"25.244,22";"28.996,21"
"07333039";"Kirchheimbolanden, Stadt";"Gemeinden";"21.681,21";"24.276,89";"26.228,94";"30.101,75"
"07333040";"Kriegsfeld";"Gemeinden";"20.339,73";"23.320,44";"25.038,15";"29.248,94"
"07333041";"Lautersheim";"Gemeinden";"21.709,05";"23.768,45";"25.376,66";"30.110,00"
"07333042";"Lohnsfeld";"Gemeinden";"20.458,33";"22.475,93";"23.969,33";"27.415,15"
"07333043";"Mannweiler-Cölln";"Gemeinden";"23.506,50";"24.721,10";"25.944,02";"29.513,63"
"07333045";"Marnheim";"Gemeinden";"20.379,01";"22.662,45";"24.405,45";"28.394,38"
"07333046";"Mörsfeld";"Gemeinden";"20.829,18";"22.899,22";"24.264,70";"27.772,99"
"07333047";"Morschheim";"Gemeinden";"20.892,18";"22.850,95";"24.737,61";"28.789,28"
"07333048";"Münchweiler an der Alsenz";"Gemeinden";"20.349,71";"23.079,53";"25.211,67";"28.957,99"
"07333049";"Münsterappel";"Gemeinden";"19.300,39";"21.817,44";"23.569,22";"27.984,25"
"07333050";"Niederhausen an der Appel";"Gemeinden";"19.907,40";"21.973,66";"24.508,05";"28.648,93"
"07333051";"Niedermoschel";"Gemeinden";"18.094,91";"20.187,09";"21.922,82";"25.487,11"
"07333053";"Oberhausen an der Appel";"Gemeinden";"22.549,86";"24.443,18";"26.323,29";"29.842,03"
"07333054";"Obermoschel, Stadt";"Gemeinden";"19.632,88";"21.789,11";"23.786,48";"27.481,12"
"07333055";"Oberndorf";"Gemeinden";"20.689,27";"22.850,39";"24.836,80";"29.083,44"
"07333056";"Oberwiesen";"Gemeinden";"21.981,74";"23.920,57";"25.000,11";"29.598,67"
"07333057";"Orbis";"Gemeinden";"21.801,44";"24.336,50";"26.444,01";"30.523,95"
"07333058";"Ottersheim";"Gemeinden";"23.137,50";"24.972,35";"26.853,63";"31.521,64"
"07333060";"Ramsen";"Gemeinden";"21.385,04";"23.724,53";"25.931,93";"29.953,58"
"07333061";"Ransweiler";"Gemeinden";"18.160,46";"20.888,08";"22.947,22";"26.799,66"
"07333062";"Rittersheim";"Gemeinden";"21.945,88";"24.218,36";"25.225,55";"29.411,44"
"07333064";"Rüssingen";"Gemeinden";"21.478,88";"23.658,60";"26.189,85";"30.683,72"
"07333065";"Ruppertsecken";"Gemeinden";"19.222,14";"21.399,63";"24.003,99";"27.882,03"
"07333066";"Sankt Alban";"Gemeinden";"18.612,27";"20.859,84";"23.311,56";"27.137,69"
"07333067";"Schiersfeld";"Gemeinden";"19.578,86";"21.779,82";"23.956,82";"27.815,13"
"07333068";"Schönborn";"Gemeinden";"20.972,72";"23.455,91";"25.979,24";"30.243,28"
"07333069";"Schweisweiler";"Gemeinden";"19.038,22";"20.766,97";"23.106,94";"26.788,12"
"07333071";"Sippersfeld";"Gemeinden";"22.341,86";"24.972,67";"27.104,44";"31.407,02"
"07333072";"Sitters";"Gemeinden";"17.157,03";"19.216,55";"21.180,66";"24.621,87"
"07333073";"Stahlberg";"Gemeinden";"18.616,44";"20.637,06";"22.655,92";"26.221,37"
"07333074";"Standenbühl";"Gemeinden";"20.340,93";"22.146,35";"24.244,24";"27.800,32"
"07333075";"Steinbach am Donnersberg";"Gemeinden";"22.465,36";"24.576,88";"25.869,31";"29.501,53"
"07333076";"Stetten";"Gemeinden";"22.310,75";"25.082,98";"26.766,29";"31.346,24"
"07333077";"Teschenmoschel";"Gemeinden";"22.090,02";"24.236,55";"25.297,56";"29.492,41"
"07333078";"Unkenbach";"Gemeinden";"19.148,95";"21.520,08";"23.576,48";"28.035,57"
"07333079";"Waldgrehweiler";"Gemeinden";"19.549,32";"21.524,65";"23.519,86";"27.380,70"
"07333080";"Wartenberg-Rohrbach";"Gemeinden";"20.032,31";"22.285,77";"24.386,61";"28.078,95"
"07333081";"Weitersweiler";"Gemeinden";"22.014,87";"24.602,78";"26.143,47";"30.921,10"
"07333083";"Winterborn";"Gemeinden";"19.659,76";"22.100,10";"24.124,47";"28.058,81"
"07333084";"Würzweiler";"Gemeinden";"19.403,08";"21.885,24";"24.187,53";"28.435,60"
"07333201";"Rathskirchen";"Gemeinden";"18.671,72";"21.508,26";"23.990,23";"27.968,54"
"07333202";"Reichsthal";"Gemeinden";"18.010,56";"18.726,38";"20.559,99";"23.592,92"
"07333203";"Seelen";"Gemeinden";"17.998,24";"20.095,35";"22.151,17";"25.888,32"
"07333501";"Zellertal";"Gemeinden";"22.128,44";"24.451,83";"26.687,76";"30.613,79"
"07333502";"Rockenhausen, Stadt";"Gemeinden";"21.397,55";"23.034,72";"24.962,75";"28.753,75"
"07333503";"Winnweiler";"Gemeinden";"21.542,76";"23.838,20";"25.736,86";"29.828,42"
"07334001";"Bellheim";"Gemeinden";"21.656,88";"23.948,65";"26.023,43";"30.032,13"
"07334002";"Berg (Pfalz)";"Gemeinden";"22.771,92";"24.637,81";"27.306,34";"32.010,11"
"07334004";"Erlenbach bei Kandel";"Gemeinden";"23.288,73";"24.232,48";"25.405,96";"30.217,39"
"07334005";"Freckenfeld";"Gemeinden";"22.190,24";"23.855,41";"25.800,31";"29.636,37"
"07334006";"Freisbach";"Gemeinden";"24.164,47";"25.886,57";"27.338,86";"32.091,10"
"07334007";"Germersheim, Stadt";"Gemeinden";"18.085,67";"20.133,76";"21.907,76";"25.200,87"
"07334008";"Hagenbach, Stadt";"Gemeinden";"22.316,14";"24.415,77";"26.375,21";"30.220,96"
"07334009";"Hatzenbühl";"Gemeinden";"21.579,67";"23.197,30";"24.680,39";"28.615,22"
"07334011";"Hördt";"Gemeinden";"23.407,06";"25.222,01";"27.221,81";"31.858,83"
"07334012";"Jockgrim";"Gemeinden";"23.663,64";"25.619,44";"27.768,97";"32.094,19"
"07334013";"Kandel, Stadt";"Gemeinden";"22.981,63";"24.871,87";"26.648,07";"31.216,52"
"07334014";"Knittelsheim";"Gemeinden";"22.918,51";"23.782,19";"25.668,46";"30.034,38"
"07334015";"Kuhardt";"Gemeinden";"22.986,46";"25.729,39";"27.003,03";"31.369,56"
"07334016";"Leimersheim";"Gemeinden";"22.881,97";"25.473,63";"27.792,94";"32.568,22"
"07334017";"Lingenfeld";"Gemeinden";"21.524,91";"24.083,95";"26.198,77";"30.120,70"
"07334018";"Lustadt";"Gemeinden";"20.296,79";"22.382,73";"24.586,46";"28.325,99"
"07334020";"Minfeld";"Gemeinden";"23.183,09";"26.034,21";"27.990,55";"32.792,39"
"07334021";"Neuburg am Rhein";"Gemeinden";"23.527,89";"25.284,45";"26.656,19";"31.024,31"
"07334022";"Neupotz";"Gemeinden";"22.495,56";"25.189,33";"27.217,82";"31.668,10"
"07334023";"Ottersheim bei Landau";"Gemeinden";"22.247,45";"24.546,69";"26.580,15";"31.261,20"
"07334024";"Rheinzabern";"Gemeinden";"24.220,11";"25.864,33";"27.823,18";"32.157,38"
"07334025";"Rülzheim";"Gemeinden";"22.045,58";"24.324,44";"26.728,32";"30.862,99"
"07334027";"Scheibenhardt";"Gemeinden";"22.075,20";"24.912,89";"27.516,18";"32.311,74"
"07334028";"Schwegenheim";"Gemeinden";"22.728,21";"25.503,06";"28.571,72";"33.224,70"
"07334030";"Steinweiler";"Gemeinden";"23.337,58";"25.584,48";"27.871,81";"32.780,30"
"07334031";"Vollmersweiler";"Gemeinden";"23.002,33";"25.066,39";"27.204,62";"31.164,84"
"07334032";"Weingarten (Pfalz)";"Gemeinden";"22.945,45";"24.771,86";"26.395,65";"30.448,70"
"07334033";"Westheim (Pfalz)";"Gemeinden";"21.682,50";"24.290,28";"26.020,87";"30.457,95"
"07334034";"Winden";"Gemeinden";"22.743,85";"24.877,56";"26.944,99";"31.427,00"
"07334036";"Zeiskam";"Gemeinden";"18.236,06";"19.325,39";"21.633,83";"24.987,59"
"07334501";"Wörth am Rhein, Stadt";"Gemeinden";"22.492,50";"24.084,07";"26.180,71";"30.343,11"
"07335002";"Bann";"Gemeinden";"20.840,75";"23.051,80";"25.254,33";"29.558,73"
"07335003";"Bruchmühlbach-Miesau";"Gemeinden";"19.356,38";"21.440,98";"23.361,96";"27.213,05"
"07335004";"Enkenbach-Alsenborn";"Gemeinden";"21.895,29";"24.441,82";"26.399,39";"30.800,12"
"07335005";"Erzenhausen";"Gemeinden";"22.434,98";"24.642,80";"26.702,27";"31.415,49"
"07335006";"Eulenbis";"Gemeinden";"20.450,89";"22.350,24";"24.912,12";"29.066,53"
"07335007";"Fischbach";"Gemeinden";"21.751,98";"24.425,11";"26.152,29";"30.718,53"
"07335009";"Frankelbach";"Gemeinden";"19.962,22";"22.071,99";"24.003,76";"28.114,98"
"07335010";"Frankenstein";"Gemeinden";"21.344,84";"23.229,39";"25.276,85";"29.615,27"
"07335011";"Gerhardsbrunn";"Gemeinden";"20.567,15";"23.157,73";"25.561,19";"29.523,28"
"07335012";"Hauptstuhl";"Gemeinden";"21.195,06";"22.895,58";"24.402,28";"28.952,62"
"07335013";"Heiligenmoschel";"Gemeinden";"20.537,33";"22.739,26";"25.172,69";"29.239,94"
"07335014";"Hirschhorn/ Pfalz";"Gemeinden";"19.053,02";"21.228,21";"22.826,43";"26.665,47"
"07335015";"Hochspeyer";"Gemeinden";"21.383,69";"23.706,79";"25.530,51";"29.582,05"
"07335016";"Hütschenhausen";"Gemeinden";"19.885,90";"22.182,11";"23.959,16";"27.913,57"
"07335017";"Katzweiler";"Gemeinden";"20.903,07";"22.564,07";"24.543,33";"28.982,86"
"07335018";"Kindsbach";"Gemeinden";"22.000,15";"23.326,32";"25.608,37";"29.640,32"
"07335019";"Kollweiler";"Gemeinden";"20.576,15";"22.813,35";"25.522,25";"30.200,98"
"07335020";"Kottweiler-Schwanden";"Gemeinden";"21.087,16";"23.134,25";"25.430,50";"29.823,01"
"07335021";"Krickenbach";"Gemeinden";"21.704,14";"24.300,79";"26.535,25";"31.227,97"
"07335022";"Landstuhl, Sickingenstadt, Stadt";"Gemeinden";"20.140,29";"21.816,76";"23.192,44";"26.920,27"
"07335023";"Linden";"Gemeinden";"20.245,37";"21.666,13";"23.779,16";"27.341,76"
"07335024";"Mackenbach";"Gemeinden";"21.834,96";"23.625,02";"25.730,13";"30.159,41"
"07335025";"Mehlbach";"Gemeinden";"20.231,26";"22.148,99";"24.694,67";"28.740,95"
"07335026";"Mehlingen";"Gemeinden";"21.000,26";"23.685,88";"26.016,21";"30.280,53"
"07335027";"Mittelbrunn";"Gemeinden";"19.037,55";"21.567,03";"23.832,03";"28.043,81"
"07335028";"Neuhemsbach";"Gemeinden";"22.442,33";"24.714,11";"26.210,02";"30.809,64"
"07335029";"Niederkirchen";"Gemeinden";"19.337,66";"21.548,27";"23.623,25";"27.633,58"
"07335030";"Niedermohr";"Gemeinden";"21.342,04";"22.589,42";"24.273,60";"28.170,24"
"07335031";"Oberarnbach";"Gemeinden";"21.639,73";"23.715,22";"25.523,04";"29.426,17"
"07335033";"Olsbrücken";"Gemeinden";"20.884,01";"23.274,12";"25.121,54";"29.345,89"
"07335034";"Otterbach";"Gemeinden";"21.036,88";"23.590,46";"25.723,31";"29.677,39"
"07335035";"Otterberg, Stadt";"Gemeinden";"22.195,01";"24.248,39";"26.342,92";"30.908,94"
"07335037";"Queidersbach";"Gemeinden";"20.944,92";"23.458,23";"25.544,25";"29.775,79"
"07335038";"Ramstein-Miesenbach, Stadt";"Gemeinden";"19.449,26";"21.302,72";"23.155,67";"27.002,45"
"07335040";"Rodenbach";"Gemeinden";"21.519,43";"23.862,92";"25.739,47";"29.963,51"
"07335041";"Schallodenbach";"Gemeinden";"19.634,87";"21.369,56";"23.432,07";"27.355,75"
"07335042";"Schneckenhausen";"Gemeinden";"20.094,88";"22.603,15";"24.854,11";"29.551,71"
"07335043";"Schwedelbach";"Gemeinden";"20.548,57";"22.620,70";"24.500,62";"28.644,69"
"07335044";"Steinwenden";"Gemeinden";"21.367,22";"23.231,63";"25.073,87";"29.325,78"
"07335045";"Stelzenberg";"Gemeinden";"24.210,93";"26.411,70";"27.910,18";"32.875,58"
"07335046";"Sulzbachtal";"Gemeinden";"18.312,37";"20.605,51";"23.377,65";"27.471,85"
"07335047";"Trippstadt";"Gemeinden";"24.605,86";"26.501,84";"28.116,87";"32.740,84"
"07335048";"Waldleiningen";"Gemeinden";"19.626,71";"22.264,38";"24.296,42";"28.571,97"
"07335049";"Weilerbach";"Gemeinden";"20.588,57";"23.072,70";"24.965,58";"29.179,20"
"07335201";"Lambsborn";"Gemeinden";"20.868,69";"23.782,42";"26.085,98";"30.039,98"
"07335202";"Langwieden";"Gemeinden";"19.171,50";"21.408,60";"22.987,25";"27.020,44"
"07335203";"Martinshöhe";"Gemeinden";"20.225,61";"22.519,65";"24.393,25";"28.364,95"
"07335204";"Schopp";"Gemeinden";"22.617,04";"24.576,95";"26.525,67";"31.303,27"
"07335205";"Sembach";"Gemeinden";"20.191,94";"22.797,72";"24.583,88";"28.531,44"
"07335501";"Reichenbach-Steegen";"Gemeinden";"19.418,15";"21.613,21";"23.662,79";"27.675,90"
"07336001";"Adenbach";"Gemeinden";"17.120,66";"19.472,67";"21.727,88";"25.822,28"
"07336002";"Albessen";"Gemeinden";"19.866,51";"21.900,60";"24.008,25";"28.699,52"
"07336003";"Altenglan";"Gemeinden";"20.429,04";"22.799,37";"24.948,87";"28.603,72"
"07336004";"Altenkirchen";"Gemeinden";"20.930,70";"23.072,26";"25.017,86";"29.537,84"
"07336005";"Aschbach";"Gemeinden";"20.480,46";"22.237,33";"24.064,19";"27.973,20"
"07336006";"Blaubach";"Gemeinden";"24.968,00";"26.311,87";"27.662,16";"32.586,82"
"07336008";"Börsborn";"Gemeinden";"21.152,82";"22.471,75";"24.262,48";"28.582,85"
"07336009";"Bosenbach";"Gemeinden";"18.336,88";"21.018,73";"23.062,28";"26.743,91"
"07336010";"Breitenbach";"Gemeinden";"20.889,05";"22.907,42";"24.686,72";"28.759,22"
"07336011";"Brücken (Pfalz)";"Gemeinden";"20.018,09";"22.296,32";"24.873,63";"29.021,50"
"07336012";"Buborn";"Gemeinden";"16.707,56";"18.831,68";"20.789,25";"23.867,96"
"07336013";"Cronenberg";"Gemeinden";"17.745,77";"19.682,44";"21.333,56";"25.061,55"
"07336014";"Deimberg";"Gemeinden";"19.421,32";"20.642,12";"22.389,86";"25.964,77"
"07336015";"Dennweiler-Frohnbach";"Gemeinden";"19.289,78";"21.392,76";"24.231,73";"28.775,29"
"07336016";"Dittweiler";"Gemeinden";"20.743,66";"22.784,43";"25.245,74";"29.099,50"
"07336017";"Dunzweiler";"Gemeinden";"20.905,76";"22.537,60";"24.334,16";"28.136,39"
"07336018";"Ehweiler";"Gemeinden";"18.246,22";"19.845,57";"22.098,66";"25.914,37"
"07336019";"Einöllen";"Gemeinden";"18.579,09";"20.856,15";"22.846,51";"26.480,36"
"07336021";"Elzweiler";"Gemeinden";"16.473,91";"18.024,30";"20.374,94";"23.426,62"
"07336022";"Erdesbach";"Gemeinden";"19.190,00";"21.025,94";"22.802,37";"25.962,29"
"07336023";"Eßweiler";"Gemeinden";"18.816,58";"19.723,27";"21.412,73";"24.841,20"
"07336024";"Etschberg";"Gemeinden";"20.726,03";"23.250,64";"25.812,09";"29.963,93"
"07336025";"Föckelberg";"Gemeinden";"18.135,99";"19.859,20";"21.998,80";"25.255,01"
"07336027";"Frohnhofen";"Gemeinden";"19.859,10";"21.567,75";"24.281,76";"27.449,42"
"07336029";"Ginsweiler";"Gemeinden";"20.259,43";"21.923,27";"23.398,07";"27.462,15"
"07336030";"Glanbrücken";"Gemeinden";"18.579,07";"20.757,95";"22.615,14";"26.423,10"
"07336031";"Glan-Münchweiler";"Gemeinden";"22.460,38";"24.887,44";"26.935,97";"31.264,26"
"07336032";"Gries";"Gemeinden";"20.810,15";"22.540,01";"25.102,35";"29.185,90"
"07336033";"Grumbach";"Gemeinden";"18.996,37";"20.853,02";"23.071,76";"26.875,20"
"07336034";"Haschbach am Remigiusberg";"Gemeinden";"20.528,86";"22.946,50";"24.787,99";"28.657,70"
"07336035";"Hausweiler";"Gemeinden";"24.325,08";"24.668,86";"24.822,22";"28.482,01"
"07336036";"Hefersweiler";"Gemeinden";"19.854,73";"22.289,38";"24.209,30";"28.194,48"
"07336037";"Henschtal";"Gemeinden";"19.981,50";"22.628,74";"24.386,47";"28.389,00"
"07336038";"Heinzenhausen";"Gemeinden";"19.061,70";"20.838,93";"22.341,84";"26.453,87"
"07336039";"Herchweiler";"Gemeinden";"17.712,13";"19.798,02";"21.617,12";"24.908,01"
"07336040";"Herren-Sulzbach";"Gemeinden";"18.575,63";"20.171,72";"22.201,87";"25.485,49"
"07336041";"Herschweiler-Pettersheim";"Gemeinden";"20.577,46";"22.972,93";"25.275,81";"29.440,13"
"07336042";"Hinzweiler";"Gemeinden";"19.887,01";"21.044,14";"23.191,60";"26.710,95"
"07336043";"Hohenöllen";"Gemeinden";"20.786,66";"23.216,14";"25.216,26";"29.251,65"
"07336044";"Homberg";"Gemeinden";"19.428,83";"21.944,70";"24.627,53";"28.860,83"
"07336045";"Hoppstädten";"Gemeinden";"18.770,06";"20.977,03";"22.490,37";"26.253,99"
"07336046";"Horschbach";"Gemeinden";"19.567,33";"21.964,90";"23.679,83";"28.290,94"
"07336047";"Hüffler";"Gemeinden";"20.906,07";"23.239,99";"24.987,72";"28.940,61"
"07336048";"Jettenbach";"Gemeinden";"20.627,93";"22.854,00";"24.791,47";"29.023,98"
"07336049";"Kappeln";"Gemeinden";"20.888,21";"22.654,51";"24.167,29";"28.922,38"
"07336050";"Kirrweiler";"Gemeinden";"18.608,30";"20.549,09";"22.950,82";"27.545,23"
"07336051";"Körborn";"Gemeinden";"21.776,61";"24.291,38";"26.494,29";"30.812,89"
"07336052";"Konken";"Gemeinden";"21.015,90";"22.443,20";"25.262,03";"29.423,75"
"07336053";"Kreimbach-Kaulbach";"Gemeinden";"19.885,35";"22.083,60";"24.073,80";"27.695,48"
"07336054";"Krottelbach";"Gemeinden";"20.897,47";"22.992,47";"24.994,94";"28.942,16"
"07336055";"Kusel, Stadt";"Gemeinden";"20.136,20";"22.264,04";"24.390,71";"28.434,03"
"07336056";"Langenbach";"Gemeinden";"20.582,76";"22.360,68";"23.345,96";"27.681,68"
"07336057";"Langweiler";"Gemeinden";"22.479,59";"24.933,68";"26.805,67";"31.000,11"
"07336058";"Lauterecken, Stadt";"Gemeinden";"20.674,74";"22.405,02";"24.487,80";"28.706,65"
"07336060";"Lohnweiler";"Gemeinden";"19.588,90";"21.728,40";"23.791,55";"27.525,22"
"07336061";"Medard";"Gemeinden";"19.136,62";"21.430,02";"23.867,53";"28.044,40"
"07336062";"Merzweiler";"Gemeinden";"20.096,01";"23.165,52";"24.668,28";"28.355,63"
"07336064";"Nanzdietschweiler";"Gemeinden";"20.350,94";"22.876,46";"25.054,27";"29.695,66"
"07336065";"Nerzweiler";"Gemeinden";"18.648,53";"20.598,97";"22.319,26";"25.898,73"
"07336066";"Neunkirchen am Potzberg";"Gemeinden";"18.375,07";"20.538,36";"21.828,53";"25.619,49"
"07336067";"Niederalben";"Gemeinden";"18.245,94";"20.188,14";"22.797,19";"26.520,13"
"07336068";"Niederstaufenbach";"Gemeinden";"19.736,06";"21.493,11";"23.442,39";"27.159,88"
"07336069";"Nußbach";"Gemeinden";"21.123,07";"23.349,37";"25.218,03";"29.926,27"
"07336070";"Oberalben";"Gemeinden";"19.736,53";"21.816,90";"24.118,11";"27.416,86"
"07336071";"Oberstaufenbach";"Gemeinden";"18.816,32";"20.455,52";"22.780,84";"26.276,08"
"07336072";"Oberweiler im Tal";"Gemeinden";"20.240,97";"21.671,46";"23.189,62";"27.110,34"
"07336073";"Oberweiler-Tiefenbach";"Gemeinden";"18.082,67";"20.258,67";"22.423,26";"26.451,56"
"07336074";"Odenbach";"Gemeinden";"18.769,02";"20.939,13";"23.095,88";"26.403,58"
"07336075";"Offenbach-Hundheim";"Gemeinden";"19.403,16";"21.618,62";"23.565,07";"27.505,28"
"07336076";"Ohmbach";"Gemeinden";"21.047,51";"22.843,53";"24.456,65";"28.085,34"
"07336077";"Pfeffelbach";"Gemeinden";"20.152,69";"22.087,40";"24.017,22";"27.316,69"
"07336079";"Rammelsbach";"Gemeinden";"19.237,37";"21.147,45";"23.017,57";"26.915,12"
"07336081";"Rathsweiler";"Gemeinden";"19.091,84";"21.192,80";"23.122,90";"26.652,61"
"07336082";"Rehweiler";"Gemeinden";"19.991,09";"22.813,29";"25.146,00";"29.179,52"
"07336084";"Reichweiler";"Gemeinden";"19.989,31";"21.298,80";"22.924,59";"26.549,54"
"07336085";"Reipoltskirchen";"Gemeinden";"20.371,31";"22.522,48";"24.459,54";"28.548,99"
"07336086";"Relsberg";"Gemeinden";"18.766,10";"21.545,26";"23.944,52";"27.325,01"
"07336087";"Rothselberg";"Gemeinden";"20.720,51";"22.843,87";"25.098,93";"29.235,60"
"07336088";"Ruthweiler";"Gemeinden";"20.338,44";"22.929,22";"25.300,29";"29.805,00"
"07336089";"Rutsweiler am Glan";"Gemeinden";"19.391,45";"21.670,24";"23.700,24";"28.195,94"
"07336090";"Rutsweiler an der Lauter";"Gemeinden";"18.266,50";"20.723,26";"22.969,04";"27.159,95"
"07336091";"Schellweiler";"Gemeinden";"19.560,54";"22.147,03";"23.509,44";"27.482,60"
"07336092";"Schönenberg-Kübelberg";"Gemeinden";"20.506,22";"22.899,59";"25.081,06";"28.852,00"
"07336094";"Selchenbach";"Gemeinden";"19.950,45";"21.848,77";"24.140,65";"28.372,09"
"07336095";"Sankt Julian";"Gemeinden";"19.022,33";"21.502,48";"23.226,24";"27.161,76"
"07336096";"Steinbach am Glan";"Gemeinden";"19.447,31";"20.757,32";"22.614,00";"26.212,11"
"07336097";"Thallichtenberg";"Gemeinden";"20.414,01";"22.892,18";"24.977,29";"29.312,87"
"07336098";"Theisbergstegen";"Gemeinden";"20.876,71";"23.436,56";"25.397,81";"29.161,96"
"07336099";"Ulmet";"Gemeinden";"21.492,89";"23.766,29";"25.806,57";"30.110,02"
"07336100";"Unterjeckenbach";"Gemeinden";"17.343,56";"18.640,22";"20.598,28";"23.784,40"
"07336101";"Wahnwegen";"Gemeinden";"20.386,56";"22.812,80";"25.231,16";"29.273,91"
"07336102";"Waldmohr, Stadt";"Gemeinden";"21.396,09";"23.833,63";"25.926,22";"30.031,99"
"07336103";"Welchweiler";"Gemeinden";"16.274,05";"17.822,52";"18.933,19";"22.176,28"
"07336104";"Wiesweiler";"Gemeinden";"20.185,00";"22.109,72";"24.471,84";"28.384,28"
"07336105";"Wolfstein, Stadt";"Gemeinden";"21.236,31";"22.477,52";"24.407,17";"28.300,40"
"07336106";"Bedesbach";"Gemeinden";"21.075,53";"22.786,27";"25.035,40";"29.159,60"
"07336107";"Matzenbach";"Gemeinden";"18.904,87";"21.350,50";"23.027,83";"27.031,11"
"07336501";"Quirnbach/ Pfalz";"Gemeinden";"20.353,89";"22.842,77";"24.777,12";"29.328,89"
"07337001";"Albersweiler";"Gemeinden";"21.635,85";"23.144,07";"24.811,11";"28.328,20"
"07337002";"Altdorf";"Gemeinden";"22.517,54";"24.953,17";"26.593,83";"31.403,02"
"07337005";"Bad Bergzabern, Stadt";"Gemeinden";"20.567,73";"22.631,08";"24.728,26";"28.776,62"
"07337006";"Barbelroth";"Gemeinden";"22.197,18";"24.655,33";"27.835,30";"32.960,46"
"07337007";"Billigheim-Ingenheim";"Gemeinden";"22.142,73";"24.255,20";"26.174,48";"30.646,05"
"07337008";"Birkenhördt";"Gemeinden";"20.347,07";"22.554,44";"24.959,54";"28.930,14"
"07337009";"Birkweiler";"Gemeinden";"24.448,05";"27.304,10";"29.453,70";"34.465,01"
"07337011";"Böbingen";"Gemeinden";"26.045,86";"28.111,56";"28.692,07";"34.044,14"
"07337012";"Böchingen";"Gemeinden";"22.520,98";"24.741,72";"27.018,43";"30.928,05"
"07337013";"Böllenborn";"Gemeinden";"21.465,00";"23.344,55";"26.366,59";"30.745,85"
"07337014";"Bornheim";"Gemeinden";"25.300,63";"27.503,03";"29.022,97";"33.532,66"
"07337015";"Burrweiler";"Gemeinden";"26.163,83";"27.918,38";"30.375,97";"34.600,61"
"07337017";"Dernbach";"Gemeinden";"20.205,62";"21.741,62";"23.646,16";"27.297,78"
"07337018";"Dierbach";"Gemeinden";"22.893,17";"25.463,07";"28.368,02";"33.086,84"
"07337019";"Dörrenbach";"Gemeinden";"21.145,32";"23.633,76";"26.062,45";"30.248,89"
"07337020";"Edenkoben, Stadt";"Gemeinden";"21.419,78";"23.510,76";"25.162,41";"29.122,65"
"07337021";"Edesheim";"Gemeinden";"24.786,34";"26.515,17";"28.200,78";"32.876,27"
"07337022";"Eschbach";"Gemeinden";"22.723,82";"23.751,65";"26.117,24";"30.356,26"
"07337023";"Essingen";"Gemeinden";"22.459,18";"25.004,71";"27.475,33";"32.185,18"
"07337024";"Eußerthal";"Gemeinden";"20.366,12";"21.653,11";"24.278,04";"28.819,22"
"07337025";"Flemlingen";"Gemeinden";"22.282,00";"24.865,08";"26.948,27";"31.160,35"
"07337026";"Frankweiler";"Gemeinden";"24.607,29";"27.157,29";"28.571,94";"33.637,25"
"07337027";"Freimersheim (Pfalz)";"Gemeinden";"21.596,33";"24.036,93";"26.557,62";"31.257,48"
"07337028";"Gleisweiler";"Gemeinden";"25.468,49";"27.914,73";"29.476,69";"34.692,97"
"07337029";"Gleiszellen-Gleishorbach";"Gemeinden";"23.657,47";"26.820,14";"29.164,58";"33.976,18"
"07337031";"Göcklingen";"Gemeinden";"22.030,50";"24.273,72";"26.362,96";"30.042,54"
"07337032";"Gommersheim";"Gemeinden";"22.566,58";"25.097,62";"27.231,59";"31.649,68"
"07337033";"Gossersweiler-Stein";"Gemeinden";"20.191,49";"22.484,56";"24.518,94";"28.264,80"
"07337035";"Großfischlingen";"Gemeinden";"21.631,27";"24.452,07";"27.347,74";"32.110,23"
"07337036";"Hainfeld";"Gemeinden";"26.170,35";"28.078,40";"29.834,03";"34.567,45"
"07337037";"Hergersweiler";"Gemeinden";"23.958,20";"26.278,86";"28.203,95";"32.333,39"
"07337038";"Herxheim bei Landau/ Pfalz";"Gemeinden";"22.499,50";"24.694,52";"26.939,56";"31.396,03"
"07337039";"Herxheimweyher";"Gemeinden";"22.506,83";"25.046,66";"27.494,72";"32.363,22"
"07337040";"Heuchelheim-Klingen";"Gemeinden";"21.962,65";"24.022,30";"26.080,63";"30.617,15"
"07337041";"Hochstadt (Pfalz)";"Gemeinden";"22.545,51";"25.035,91";"26.136,83";"30.129,19"
"07337042";"Ilbesheim bei Landau in der Pfalz";"Gemeinden";"23.709,86";"25.460,89";"27.570,23";"31.942,06"
"07337043";"Impflingen";"Gemeinden";"23.930,22";"26.441,97";"27.784,41";"31.846,99"
"07337044";"Insheim";"Gemeinden";"21.990,40";"24.434,29";"26.793,92";"31.708,81"
"07337045";"Kapellen-Drusweiler";"Gemeinden";"20.894,44";"23.406,62";"25.390,60";"29.491,19"
"07337046";"Kapsweyer";"Gemeinden";"21.963,21";"24.412,73";"26.792,93";"31.301,50"
"07337047";"Kirrweiler (Pfalz)";"Gemeinden";"23.238,94";"25.563,79";"28.345,61";"33.114,87"
"07337048";"Kleinfischlingen";"Gemeinden";"23.865,08";"27.830,40";"30.443,07";"35.582,63"
"07337049";"Klingenmünster";"Gemeinden";"22.377,97";"24.768,67";"27.053,72";"31.432,52"
"07337050";"Knöringen";"Gemeinden";"23.843,89";"25.468,28";"27.838,76";"32.544,37"
"07337051";"Leinsweiler";"Gemeinden";"26.225,03";"28.589,91";"31.149,85";"37.195,68"
"07337052";"Maikammer";"Gemeinden";"24.017,61";"26.078,41";"28.347,00";"33.368,54"
"07337054";"Münchweiler am Klingbach";"Gemeinden";"19.758,92";"21.432,03";"22.674,15";"26.038,12"
"07337055";"Niederhorbach";"Gemeinden";"23.381,68";"24.736,43";"27.035,32";"31.870,80"
"07337056";"Niederotterbach";"Gemeinden";"20.319,65";"22.413,15";"25.674,28";"30.832,55"
"07337058";"Oberhausen";"Gemeinden";"23.900,37";"25.378,60";"27.494,28";"32.152,85"
"07337059";"Oberotterbach";"Gemeinden";"22.454,38";"24.988,57";"27.454,20";"31.817,04"
"07337060";"Oberschlettenbach";"Gemeinden";"21.271,28";"23.130,87";"24.732,11";"28.869,47"
"07337061";"Offenbach an der Queich";"Gemeinden";"22.087,60";"24.263,57";"26.202,21";"30.525,19"
"07337062";"Pleisweiler-Oberhofen";"Gemeinden";"22.640,31";"24.188,17";"26.178,85";"30.169,97"
"07337064";"Ramberg";"Gemeinden";"20.148,46";"22.365,12";"24.361,84";"28.548,58"
"07337065";"Ranschbach";"Gemeinden";"21.025,11";"22.894,88";"25.440,02";"29.929,21"
"07337066";"Rhodt unter Rietburg";"Gemeinden";"25.581,77";"27.045,03";"28.744,55";"32.963,05"
"07337067";"Rinnthal";"Gemeinden";"20.053,25";"21.787,93";"24.082,97";"28.091,39"
"07337068";"Rohrbach";"Gemeinden";"23.037,62";"25.397,25";"27.441,28";"31.703,66"
"07337069";"Roschbach";"Gemeinden";"24.096,31";"27.578,60";"29.325,55";"34.058,71"
"07337070";"Sankt Martin";"Gemeinden";"22.822,96";"25.568,43";"27.631,04";"32.779,94"
"07337071";"Schweigen-Rechtenbach";"Gemeinden";"21.546,75";"23.750,87";"26.149,65";"30.364,73"
"07337072";"Schweighofen";"Gemeinden";"21.910,86";"23.859,57";"26.660,22";"31.188,76"
"07337073";"Siebeldingen";"Gemeinden";"22.930,94";"25.190,50";"27.619,74";"31.627,74"
"07337074";"Silz";"Gemeinden";"21.455,48";"23.968,75";"26.166,57";"30.306,30"
"07337076";"Steinfeld";"Gemeinden";"22.694,70";"25.012,83";"27.587,83";"32.198,10"
"07337077";"Venningen";"Gemeinden";"22.318,88";"24.814,89";"27.361,47";"31.425,61"
"07337078";"Völkersweiler";"Gemeinden";"18.081,15";"20.039,57";"21.908,53";"25.689,76"
"07337079";"Vorderweidenthal";"Gemeinden";"20.481,28";"22.717,74";"24.611,90";"28.837,95"
"07337080";"Waldhambach";"Gemeinden";"22.015,78";"25.184,63";"27.130,43";"32.212,39"
"07337081";"Waldrohrbach";"Gemeinden";"20.032,44";"22.085,37";"23.734,62";"28.525,05"
"07337082";"Walsheim";"Gemeinden";"26.352,48";"28.644,94";"32.852,99";"38.134,37"
"07337083";"Wernersberg";"Gemeinden";"21.955,01";"23.626,29";"25.599,42";"29.650,95"
"07337084";"Weyher in der Pfalz";"Gemeinden";"27.860,91";"30.025,63";"31.939,25";"38.081,69"
"07337501";"Annweiler am Trifels, Stadt";"Gemeinden";"22.001,43";"23.852,93";"25.766,27";"30.164,91"
"07338001";"Altrip";"Gemeinden";"24.296,34";"26.160,88";"28.422,09";"33.090,48"
"07338002";"Beindersheim";"Gemeinden";"23.842,17";"25.574,33";"27.188,14";"31.549,12"
"07338003";"Birkenheide";"Gemeinden";"24.116,58";"26.040,04";"28.059,21";"32.379,07"
"07338004";"Bobenheim-Roxheim";"Gemeinden";"22.190,57";"24.089,55";"25.918,74";"30.055,80"
"07338005";"Böhl-Iggelheim";"Gemeinden";"22.945,21";"25.155,52";"27.122,43";"31.652,04"
"07338006";"Dannstadt-Schauernheim";"Gemeinden";"23.836,64";"24.642,30";"25.673,17";"29.751,58"
"07338007";"Dudenhofen";"Gemeinden";"26.048,64";"28.160,49";"29.908,85";"34.777,43"
"07338008";"Fußgönheim";"Gemeinden";"23.477,43";"24.704,19";"25.699,67";"29.908,68"
"07338009";"Großniedesheim";"Gemeinden";"23.472,16";"25.660,41";"27.534,22";"32.161,87"
"07338010";"Hanhofen";"Gemeinden";"21.685,35";"23.673,05";"25.856,81";"30.103,10"
"07338011";"Harthausen";"Gemeinden";"23.080,04";"25.146,38";"27.114,80";"31.451,18"
"07338012";"Heßheim";"Gemeinden";"23.023,21";"24.858,76";"26.956,26";"31.641,38"
"07338013";"Heuchelheim bei Frankenthal";"Gemeinden";"23.439,56";"26.188,80";"28.464,27";"33.216,65"
"07338014";"Hochdorf-Assenheim";"Gemeinden";"23.539,95";"25.065,62";"27.273,86";"31.813,67"
"07338015";"Kleinniedesheim";"Gemeinden";"23.356,57";"26.208,62";"27.944,29";"32.336,61"
"07338016";"Lambsheim";"Gemeinden";"23.907,10";"25.887,01";"27.119,25";"31.446,62"
"07338017";"Limburgerhof";"Gemeinden";"27.463,47";"29.363,61";"30.890,37";"35.587,48"
"07338018";"Maxdorf";"Gemeinden";"23.544,36";"25.711,00";"27.808,02";"32.204,08"
"07338019";"Mutterstadt";"Gemeinden";"24.452,30";"26.066,32";"27.206,52";"31.480,84"
"07338020";"Neuhofen";"Gemeinden";"25.023,50";"26.728,05";"28.184,46";"32.618,43"
"07338021";"Otterstadt";"Gemeinden";"24.480,08";"26.936,21";"28.622,62";"33.175,92"
"07338022";"Rödersheim-Gronau";"Gemeinden";"22.768,37";"24.775,57";"26.723,18";"31.177,95"
"07338023";"Römerberg";"Gemeinden";"24.045,03";"26.433,99";"28.476,63";"32.988,09"
"07338025";"Schifferstadt, Stadt";"Gemeinden";"22.029,56";"23.380,42";"25.072,95";"29.105,04"
"07338026";"Waldsee";"Gemeinden";"23.285,67";"24.982,12";"26.706,76";"31.019,31"
"07339001";"Appenheim";"Gemeinden";"25.024,90";"28.261,44";"29.687,63";"34.490,22"
"07339002";"Aspisheim";"Gemeinden";"24.061,87";"26.376,33";"28.490,88";"32.655,67"
"07339003";"Bacharach, Stadt";"Gemeinden";"20.351,33";"22.531,42";"24.444,80";"28.206,08"
"07339004";"Badenheim";"Gemeinden";"22.286,54";"25.222,77";"27.529,66";"31.596,91"
"07339005";"Bingen am Rhein, Stadt";"Gemeinden";"22.830,34";"24.548,25";"26.482,87";"30.295,53"
"07339006";"Bodenheim";"Gemeinden";"26.899,78";"29.374,09";"31.675,77";"36.316,46"
"07339007";"Breitscheid";"Gemeinden";"20.244,59";"22.160,00";"23.307,13";"27.158,41"
"07339008";"Bubenheim";"Gemeinden";"23.933,58";"26.979,20";"29.606,61";"34.363,38"
"07339009";"Budenheim";"Gemeinden";"23.947,96";"25.579,88";"27.536,82";"31.474,44"
"07339010";"Dalheim";"Gemeinden";"24.205,49";"25.884,55";"28.273,06";"32.557,02"
"07339011";"Dexheim";"Gemeinden";"24.538,22";"27.579,06";"28.743,25";"33.334,26"
"07339012";"Dienheim";"Gemeinden";"23.486,54";"26.119,93";"28.495,85";"32.697,37"
"07339013";"Dolgesheim";"Gemeinden";"21.410,38";"24.061,03";"26.280,54";"30.386,71"
"07339015";"Eimsheim";"Gemeinden";"22.666,69";"24.549,30";"26.635,74";"31.105,28"
"07339016";"Engelstadt";"Gemeinden";"24.113,32";"26.098,43";"27.530,66";"31.682,97"
"07339017";"Essenheim";"Gemeinden";"26.692,58";"28.739,19";"31.234,59";"35.659,91"
"07339018";"Friesenheim";"Gemeinden";"24.073,55";"25.698,88";"28.368,61";"33.021,80"
"07339019";"Gau-Algesheim, Stadt";"Gemeinden";"26.014,04";"28.258,89";"30.207,65";"34.382,98"
"07339020";"Gau-Bischofsheim";"Gemeinden";"28.772,18";"31.013,88";"32.835,94";"37.688,61"
"07339021";"Gensingen";"Gemeinden";"22.965,21";"25.439,79";"26.796,07";"30.672,51"
"07339022";"Grolsheim";"Gemeinden";"23.457,61";"25.073,01";"26.187,02";"30.064,61"
"07339024";"Guntersblum";"Gemeinden";"22.153,40";"24.522,34";"26.526,71";"30.424,17"
"07339025";"Hahnheim";"Gemeinden";"25.164,07";"26.877,43";"29.344,77";"33.709,84"
"07339026";"Harxheim";"Gemeinden";"28.140,36";"30.495,34";"32.206,80";"37.027,46"
"07339028";"Hillesheim";"Gemeinden";"21.210,80";"23.443,31";"25.122,99";"28.554,53"
"07339029";"Horrweiler";"Gemeinden";"22.424,48";"24.954,87";"25.907,68";"30.253,30"
"07339030";"Ingelheim am Rhein, Stadt";"Gemeinden";"32.843,16";"34.911,13";"36.038,03";"41.160,00"
"07339031";"Jugenheim in Rheinhessen";"Gemeinden";"25.960,59";"27.895,96";"30.559,15";"35.051,28"
"07339032";"Klein-Winternheim";"Gemeinden";"29.319,19";"30.606,43";"32.308,94";"37.188,39"
"07339033";"Köngernheim";"Gemeinden";"26.013,06";"27.549,88";"29.204,61";"33.785,94"
"07339034";"Lörzweiler";"Gemeinden";"26.931,30";"29.164,32";"30.736,91";"35.367,32"
"07339035";"Ludwigshöhe";"Gemeinden";"23.229,30";"24.655,00";"26.599,98";"31.096,40"
"07339036";"Manubach";"Gemeinden";"21.463,72";"23.495,91";"25.151,33";"29.394,01"
"07339037";"Mommenheim";"Gemeinden";"24.793,34";"27.433,06";"28.971,90";"33.502,61"
"07339038";"Münster-Sarmsheim";"Gemeinden";"22.762,87";"25.034,48";"27.366,12";"31.699,85"
"07339039";"Nackenheim";"Gemeinden";"26.368,14";"28.364,17";"29.700,35";"34.178,51"
"07339040";"Niederheimbach";"Gemeinden";"19.956,60";"22.449,24";"24.382,39";"28.403,69"
"07339041";"Nieder-Hilbersheim";"Gemeinden";"23.844,48";"25.800,17";"27.435,41";"31.519,05"
"07339042";"Nieder-Olm, Stadt";"Gemeinden";"27.654,80";"30.089,79";"31.419,76";"35.968,95"
"07339043";"Nierstein, Stadt";"Gemeinden";"24.426,12";"26.940,47";"28.837,83";"33.106,99"
"07339044";"Oberdiebach";"Gemeinden";"22.232,84";"25.205,64";"27.001,58";"30.838,32"
"07339045";"Oberheimbach";"Gemeinden";"21.313,81";"24.080,15";"26.472,82";"30.620,94"
"07339046";"Ober-Hilbersheim";"Gemeinden";"25.968,56";"27.963,23";"29.571,13";"33.864,21"
"07339047";"Ober-Olm";"Gemeinden";"24.724,67";"26.982,64";"28.262,22";"32.422,49"
"07339048";"Ockenheim";"Gemeinden";"23.922,92";"27.026,73";"29.275,86";"33.558,92"
"07339049";"Oppenheim, Stadt";"Gemeinden";"23.693,91";"25.901,50";"27.247,82";"31.042,35"
"07339050";"Sankt Johann";"Gemeinden";"18.122,68";"20.427,84";"22.495,89";"26.206,17"
"07339051";"Schwabenheim an der Selz";"Gemeinden";"24.894,94";"28.322,84";"31.351,52";"36.286,69"
"07339053";"Selzen";"Gemeinden";"23.855,99";"26.596,66";"28.709,27";"33.593,67"
"07339054";"Sörgenloch";"Gemeinden";"25.985,46";"28.412,24";"29.856,95";"34.031,45"
"07339056";"Sprendlingen";"Gemeinden";"22.177,65";"24.441,02";"25.874,00";"29.575,97"
"07339057";"Stadecken-Elsheim";"Gemeinden";"25.462,79";"28.111,05";"30.475,76";"35.071,80"
"07339058";"Trechtingshausen";"Gemeinden";"23.217,48";"25.107,14";"26.258,90";"29.977,36"
"07339059";"Uelversheim";"Gemeinden";"22.762,25";"25.646,04";"28.567,60";"32.545,72"
"07339060";"Undenheim";"Gemeinden";"24.800,10";"26.989,36";"28.909,81";"33.360,97"
"07339062";"Waldalgesheim";"Gemeinden";"23.485,77";"26.055,17";"28.485,78";"32.909,40"
"07339063";"Weiler bei Bingen";"Gemeinden";"25.205,52";"28.321,61";"29.960,93";"34.629,93"
"07339064";"Weinolsheim";"Gemeinden";"23.467,25";"26.219,92";"28.473,35";"33.525,17"
"07339065";"Welgesheim";"Gemeinden";"22.407,15";"24.746,08";"27.429,90";"31.328,03"
"07339066";"Wintersheim";"Gemeinden";"21.560,33";"24.182,17";"25.620,56";"29.762,15"
"07339067";"Zornheim";"Gemeinden";"27.993,80";"29.674,26";"30.841,90";"35.222,87"
"07339068";"Zotzenheim";"Gemeinden";"20.997,28";"24.051,69";"26.363,32";"30.486,17"
"07339201";"Dorn-Dürkheim";"Gemeinden";"21.270,49";"23.872,41";"26.469,13";"30.171,84"
"07339202";"Wolfsheim";"Gemeinden";"24.989,54";"27.526,45";"29.007,58";"33.986,88"
"07340001";"Bobenthal";"Gemeinden";"20.418,46";"22.913,42";"24.664,45";"28.533,65"
"07340002";"Busenberg";"Gemeinden";"21.026,37";"23.739,25";"25.853,90";"30.051,47"
"07340003";"Clausen";"Gemeinden";"20.640,89";"23.534,01";"26.176,07";"30.105,86"
"07340004";"Dahn, Stadt";"Gemeinden";"23.162,98";"24.887,23";"27.062,41";"31.154,59"
"07340005";"Darstein";"Gemeinden";"18.528,93";"20.458,49";"22.687,91";"26.390,35"
"07340006";"Dimbach";"Gemeinden";"20.434,99";"21.899,46";"23.550,46";"27.492,49"
"07340007";"Donsieders";"Gemeinden";"20.674,64";"22.892,09";"25.278,68";"28.976,36"
"07340008";"Eppenbrunn";"Gemeinden";"20.597,97";"23.059,21";"24.975,96";"28.483,10"
"07340009";"Erfweiler";"Gemeinden";"21.305,67";"23.796,55";"25.779,77";"30.134,76"
"07340010";"Erlenbach bei Dahn";"Gemeinden";"21.020,36";"23.332,98";"26.067,91";"30.236,33"
"07340011";"Fischbach bei Dahn";"Gemeinden";"19.180,03";"21.252,59";"23.227,50";"26.995,56"
"07340012";"Geiselberg";"Gemeinden";"21.392,91";"23.115,31";"25.323,63";"29.548,19"
"07340014";"Hauenstein";"Gemeinden";"21.055,32";"23.087,31";"25.490,36";"29.581,58"
"07340015";"Heltersberg";"Gemeinden";"21.831,85";"24.294,12";"26.695,93";"30.713,93"
"07340016";"Hermersberg";"Gemeinden";"21.290,25";"23.670,24";"26.041,28";"29.959,54"
"07340017";"Herschberg";"Gemeinden";"19.265,73";"21.595,36";"23.672,54";"27.771,51"
"07340018";"Hettenhausen";"Gemeinden";"17.798,75";"19.618,20";"21.757,61";"24.779,59"
"07340019";"Hilst";"Gemeinden";"21.661,26";"24.528,15";"26.951,60";"31.265,26"
"07340020";"Hinterweidenthal";"Gemeinden";"20.468,62";"22.773,93";"25.164,90";"28.963,02"
"07340021";"Hirschthal";"Gemeinden";"18.542,19";"20.656,22";"22.352,57";"25.496,57"
"07340022";"Höheinöd";"Gemeinden";"20.857,18";"22.385,86";"24.442,11";"28.993,88"
"07340023";"Höheischweiler";"Gemeinden";"20.073,97";"21.312,29";"22.972,82";"26.472,03"
"07340024";"Höhfröschen";"Gemeinden";"20.368,35";"22.934,51";"25.227,84";"29.501,78"
"07340025";"Horbach";"Gemeinden";"21.474,52";"23.939,03";"25.888,52";"30.515,10"
"07340026";"Kröppen";"Gemeinden";"20.562,78";"22.705,01";"24.609,86";"28.512,94"
"07340027";"Leimen";"Gemeinden";"21.816,29";"23.039,35";"25.221,12";"29.268,30"
"07340028";"Lemberg";"Gemeinden";"20.505,79";"22.720,08";"24.841,96";"28.733,20"
"07340029";"Ludwigswinkel";"Gemeinden";"19.643,20";"21.911,40";"24.152,09";"28.066,87"
"07340030";"Lug";"Gemeinden";"20.779,79";"23.551,77";"26.196,86";"30.638,85"
"07340031";"Merzalben";"Gemeinden";"22.431,49";"25.352,47";"27.015,05";"31.015,21"
"07340032";"Münchweiler an der Rodalb";"Gemeinden";"21.546,38";"24.398,22";"26.803,69";"30.980,24"
"07340033";"Niederschlettenbach";"Gemeinden";"19.782,89";"22.104,01";"24.493,26";"28.494,11"
"07340034";"Nothweiler";"Gemeinden";"19.092,50";"20.958,36";"23.309,37";"27.167,69"
"07340035";"Nünschweiler";"Gemeinden";"20.575,42";"23.127,89";"24.432,33";"28.589,90"
"07340036";"Obersimten";"Gemeinden";"25.473,49";"27.293,09";"28.601,73";"33.414,92"
"07340037";"Petersberg";"Gemeinden";"22.420,83";"24.553,54";"26.311,96";"30.130,54"
"07340038";"Rodalben, Stadt";"Gemeinden";"21.200,14";"23.528,18";"25.601,77";"29.678,34"
"07340039";"Rumbach";"Gemeinden";"19.281,81";"21.709,83";"24.081,86";"27.795,77"
"07340040";"Ruppertsweiler";"Gemeinden";"24.377,29";"26.752,89";"27.811,42";"31.777,64"
"07340041";"Saalstadt";"Gemeinden";"22.076,79";"24.403,75";"26.959,22";"31.402,42"
"07340042";"Schauerberg";"Gemeinden";"17.895,90";"19.771,00";"21.542,23";"24.665,19"
"07340043";"Schindhard";"Gemeinden";"21.604,24";"23.735,08";"26.332,62";"30.691,02"
"07340044";"Schmalenberg";"Gemeinden";"22.076,99";"24.801,12";"27.263,32";"32.137,30"
"07340045";"Schönau (Pfalz)";"Gemeinden";"19.006,09";"21.535,26";"24.536,04";"28.349,25"
"07340047";"Schwanheim";"Gemeinden";"20.311,58";"21.434,39";"23.440,32";"26.883,67"
"07340048";"Schweix";"Gemeinden";"21.508,46";"23.711,58";"26.416,01";"31.583,19"
"07340049";"Spirkelbach";"Gemeinden";"19.224,93";"21.906,14";"23.871,70";"27.685,59"
"07340050";"Steinalben";"Gemeinden";"20.863,99";"23.197,95";"25.338,79";"29.541,83"
"07340051";"Thaleischweiler-Fröschen";"Gemeinden";"21.248,83";"22.919,86";"24.786,22";"28.363,89"
"07340052";"Trulben";"Gemeinden";"20.875,77";"23.352,42";"25.642,78";"29.771,10"
"07340053";"Vinningen";"Gemeinden";"21.678,86";"24.241,83";"26.490,49";"30.665,38"
"07340054";"Waldfischbach-Burgalben";"Gemeinden";"21.030,19";"23.128,18";"25.211,55";"28.729,80"
"07340055";"Weselberg";"Gemeinden";"20.581,83";"22.912,50";"25.092,57";"29.118,43"
"07340057";"Wilgartswiesen";"Gemeinden";"18.677,26";"20.799,47";"23.189,33";"26.381,19"
"07340201";"Althornbach";"Gemeinden";"20.553,73";"22.131,70";"24.352,33";"28.225,56"
"07340202";"Battweiler";"Gemeinden";"21.909,21";"23.909,11";"25.770,22";"30.748,95"
"07340203";"Bechhofen";"Gemeinden";"22.999,26";"25.494,01";"27.447,65";"31.384,48"
"07340204";"Biedershausen";"Gemeinden";"17.070,86";"19.570,64";"21.980,69";"25.496,81"
"07340205";"Bottenbach";"Gemeinden";"22.288,17";"24.426,28";"27.019,93";"31.102,01"
"07340206";"Contwig";"Gemeinden";"21.257,00";"23.392,42";"24.983,78";"28.568,20"
"07340207";"Dellfeld";"Gemeinden";"20.776,04";"23.098,47";"25.190,23";"29.048,37"
"07340208";"Dietrichingen";"Gemeinden";"20.541,90";"22.564,55";"24.991,30";"29.261,36"
"07340209";"Großbundenbach";"Gemeinden";"20.705,14";"22.683,41";"23.968,95";"27.336,58"
"07340210";"Großsteinhausen";"Gemeinden";"21.560,43";"23.929,17";"26.131,64";"30.485,51"
"07340211";"Hornbach, Stadt";"Gemeinden";"19.937,67";"22.041,85";"24.064,70";"28.086,14"
"07340212";"Käshofen";"Gemeinden";"21.505,07";"23.136,44";"25.291,35";"29.343,33"
"07340213";"Kleinbundenbach";"Gemeinden";"20.129,83";"22.470,75";"25.115,97";"29.315,64"
"07340214";"Kleinsteinhausen";"Gemeinden";"18.968,47";"21.704,84";"23.708,28";"27.202,09"
"07340215";"Knopp-Labach";"Gemeinden";"19.699,22";"22.287,73";"24.878,16";"29.068,30"
"07340216";"Krähenberg";"Gemeinden";"19.431,20";"21.800,42";"23.797,77";"27.207,98"
"07340217";"Maßweiler";"Gemeinden";"20.599,68";"23.127,85";"26.038,90";"29.618,66"
"07340218";"Mauschbach";"Gemeinden";"21.476,90";"23.690,00";"25.884,00";"30.234,49"
"07340219";"Obernheim-Kirchenarnbach";"Gemeinden";"17.041,12";"18.976,51";"20.950,59";"24.505,89"
"07340220";"Reifenberg";"Gemeinden";"20.426,58";"22.876,84";"25.137,20";"28.913,04"
"07340221";"Riedelberg";"Gemeinden";"19.254,70";"21.588,79";"23.504,91";"26.979,05"
"07340222";"Rieschweiler-Mühlbach";"Gemeinden";"20.641,46";"22.143,15";"24.260,82";"27.982,32"
"07340223";"Rosenkopf";"Gemeinden";"23.767,19";"26.137,18";"27.933,31";"32.485,26"
"07340224";"Schmitshausen";"Gemeinden";"20.064,10";"22.209,27";"24.316,37";"27.924,41"
"07340225";"Wallhalben";"Gemeinden";"21.571,81";"23.518,05";"25.923,56";"30.162,09"
"07340226";"Walshausen";"Gemeinden";"19.246,78";"21.414,68";"23.489,93";"27.367,27"
"07340227";"Wiesbach";"Gemeinden";"19.676,73";"21.694,96";"23.486,78";"27.336,66"
"07340228";"Winterbach (Pfalz)";"Gemeinden";"20.050,48";"22.349,59";"24.488,56";"28.001,92"
"07340501";"Bruchweiler-Bärenbach";"Gemeinden";"20.832,10";"22.866,55";"25.386,30";"28.975,47"
"07340502";"Bundenthal";"Gemeinden";"21.089,27";"23.257,38";"25.235,06";"29.214,20"
"08111000";"Stuttgart, Landeshauptstadt";"Gemeinden";"25.249,88";"27.314,34";"28.672,82";"32.874,30"
"08115001";"Aidlingen";"Gemeinden";"25.734,99";"27.874,57";"29.476,87";"34.210,18"
"08115002";"Altdorf";"Gemeinden";"25.877,66";"28.450,91";"30.205,91";"35.360,07"
"08115003";"Böblingen, Stadt";"Gemeinden";"25.414,78";"27.147,09";"28.210,45";"32.671,35"
"08115004";"Bondorf";"Gemeinden";"22.925,37";"25.662,79";"27.904,04";"32.682,64"
"08115010";"Deckenpfronn";"Gemeinden";"24.166,44";"26.197,64";"28.336,79";"32.977,98"
"08115013";"Ehningen";"Gemeinden";"26.644,17";"28.740,85";"30.162,13";"35.087,49"
"08115015";"Gärtringen";"Gemeinden";"24.659,74";"26.715,64";"28.626,14";"33.222,61"
"08115016";"Gäufelden";"Gemeinden";"22.698,53";"25.033,93";"26.684,85";"31.038,92"
"08115021";"Herrenberg, Stadt";"Gemeinden";"24.328,23";"26.471,70";"28.562,76";"33.211,01"
"08115022";"Hildrizhausen";"Gemeinden";"25.489,03";"27.269,64";"28.519,48";"33.016,68"
"08115024";"Holzgerlingen, Stadt";"Gemeinden";"26.233,57";"28.475,13";"29.734,62";"35.034,60"
"08115028";"Leonberg, Stadt";"Gemeinden";"26.351,14";"28.501,89";"30.036,55";"34.660,70"
"08115029";"Magstadt";"Gemeinden";"23.994,51";"25.843,82";"26.993,60";"31.162,94"
"08115034";"Mötzingen";"Gemeinden";"21.539,25";"23.898,25";"25.596,72";"29.990,87"
"08115037";"Nufringen";"Gemeinden";"26.341,15";"28.342,08";"29.750,43";"34.706,34"
"08115041";"Renningen, Stadt";"Gemeinden";"25.316,26";"27.283,29";"28.918,80";"33.549,86"
"08115042";"Rutesheim, Stadt";"Gemeinden";"23.567,76";"26.537,38";"28.697,04";"33.313,21"
"08115044";"Schönaich";"Gemeinden";"25.382,05";"27.292,14";"28.415,31";"33.400,79"
"08115045";"Sindelfingen, Stadt";"Gemeinden";"23.908,24";"25.792,85";"26.804,51";"30.928,18"
"08115046";"Steinenbronn";"Gemeinden";"23.361,63";"25.063,06";"26.786,39";"31.239,39"
"08115048";"Waldenbuch, Stadt";"Gemeinden";"25.485,43";"27.597,38";"29.849,30";"34.694,72"
"08115050";"Weil der Stadt, Stadt";"Gemeinden";"24.565,91";"26.838,62";"28.540,60";"33.206,57"
"08115051";"Weil im Schönbuch";"Gemeinden";"24.810,57";"26.555,43";"28.099,32";"32.691,32"
"08115052";"Weissach";"Gemeinden";"25.546,29";"28.565,48";"29.840,65";"34.905,92"
"08115053";"Jettingen";"Gemeinden";"22.195,73";"24.806,37";"27.000,33";"31.341,97"
"08115054";"Grafenau";"Gemeinden";"26.135,56";"28.721,62";"29.615,67";"34.218,48"
"08116004";"Altbach";"Gemeinden";"25.857,79";"27.302,65";"27.991,61";"32.524,60"
"08116005";"Altdorf";"Gemeinden";"23.024,52";"25.777,03";"29.150,71";"33.779,29"
"08116006";"Altenriet";"Gemeinden";"24.616,14";"27.374,01";"30.218,64";"35.478,17"
"08116007";"Baltmannsweiler";"Gemeinden";"25.301,03";"27.121,27";"28.584,95";"32.853,83"
"08116008";"Bempflingen";"Gemeinden";"23.187,94";"25.728,76";"27.298,92";"31.736,37"
"08116011";"Beuren";"Gemeinden";"22.746,16";"24.681,84";"27.082,18";"31.115,57"
"08116012";"Bissingen an der Teck";"Gemeinden";"23.524,53";"26.324,50";"28.184,76";"32.829,32"
"08116014";"Deizisau";"Gemeinden";"26.156,15";"27.866,76";"28.901,00";"33.256,04"
"08116015";"Denkendorf";"Gemeinden";"24.763,50";"26.454,05";"27.593,70";"31.757,23"
"08116016";"Dettingen unter Teck";"Gemeinden";"25.305,68";"27.147,32";"29.022,35";"33.495,76"
"08116018";"Erkenbrechtsweiler";"Gemeinden";"22.582,13";"24.541,57";"26.699,06";"31.039,72"
"08116019";"Esslingen am Neckar, Stadt";"Gemeinden";"24.407,15";"26.316,81";"27.540,68";"31.967,16"
"08116020";"Frickenhausen";"Gemeinden";"22.720,78";"25.233,67";"27.282,92";"31.341,49"
"08116022";"Großbettlingen";"Gemeinden";"23.871,31";"25.833,34";"27.116,83";"31.630,08"
"08116027";"Hochdorf";"Gemeinden";"25.982,28";"28.223,69";"29.117,29";"33.710,93"
"08116029";"Holzmaden";"Gemeinden";"24.182,85";"25.972,62";"27.298,66";"31.328,68"
"08116033";"Kirchheim unter Teck, Stadt";"Gemeinden";"24.453,67";"26.928,94";"28.277,50";"32.820,69"
"08116035";"Köngen";"Gemeinden";"24.458,49";"26.533,35";"28.326,65";"32.784,98"
"08116036";"Kohlberg";"Gemeinden";"23.606,06";"26.341,23";"27.851,25";"32.421,49"
"08116037";"Lichtenwald";"Gemeinden";"27.057,33";"29.909,51";"31.753,22";"36.836,63"
"08116041";"Neckartailfingen";"Gemeinden";"24.487,77";"26.270,97";"27.644,52";"32.310,23"
"08116042";"Neckartenzlingen";"Gemeinden";"23.657,62";"25.380,11";"26.836,75";"31.061,24"
"08116043";"Neidlingen";"Gemeinden";"25.313,71";"26.528,59";"27.554,71";"32.203,76"
"08116046";"Neuffen, Stadt";"Gemeinden";"24.798,71";"26.416,56";"28.362,30";"32.807,09"
"08116047";"Neuhausen auf den Fildern";"Gemeinden";"26.615,06";"28.517,16";"29.617,31";"34.377,07"
"08116048";"Notzingen";"Gemeinden";"27.428,70";"29.590,73";"31.640,75";"36.737,53"
"08116049";"Nürtingen, Stadt";"Gemeinden";"23.373,25";"25.118,33";"27.052,09";"31.238,88"
"08116050";"Oberboihingen";"Gemeinden";"23.745,44";"26.135,93";"27.838,11";"32.478,93"
"08116053";"Ohmden";"Gemeinden";"25.177,19";"27.361,74";"28.771,12";"33.150,64"
"08116054";"Owen, Stadt";"Gemeinden";"24.547,93";"26.246,10";"28.351,21";"32.946,35"
"08116056";"Plochingen, Stadt";"Gemeinden";"23.282,38";"25.077,31";"26.195,84";"30.198,39"
"08116058";"Reichenbach an der Fils";"Gemeinden";"23.873,25";"25.446,71";"26.766,95";"30.852,91"
"08116063";"Schlaitdorf";"Gemeinden";"26.283,49";"29.282,42";"30.671,59";"35.881,32"
"08116068";"Unterensingen";"Gemeinden";"24.503,52";"26.740,40";"27.919,81";"32.436,31"
"08116070";"Weilheim an der Teck, Stadt";"Gemeinden";"24.407,89";"26.295,08";"28.206,96";"32.828,95"
"08116071";"Wendlingen am Neckar, Stadt";"Gemeinden";"23.133,03";"24.960,69";"26.532,84";"30.631,67"
"08116072";"Wernau (Neckar), Stadt";"Gemeinden";"23.902,00";"25.618,42";"26.940,69";"31.226,94"
"08116073";"Wolfschlugen";"Gemeinden";"26.266,33";"28.181,97";"29.342,66";"34.144,85"
"08116076";"Aichwald";"Gemeinden";"27.606,86";"29.658,93";"31.308,30";"36.138,55"
"08116077";"Filderstadt, Stadt";"Gemeinden";"24.918,25";"26.583,66";"27.754,92";"32.091,89"
"08116078";"Leinfelden-Echterdingen, Stadt";"Gemeinden";"27.097,20";"28.779,22";"29.868,31";"34.643,20"
"08116079";"Lenningen";"Gemeinden";"22.637,73";"24.315,98";"26.662,81";"30.939,46"
"08116080";"Ostfildern, Stadt";"Gemeinden";"26.484,04";"28.410,81";"29.848,56";"34.611,04"
"08116081";"Aichtal, Stadt";"Gemeinden";"26.720,73";"28.867,67";"30.238,86";"35.250,05"
"08117001";"Adelberg";"Gemeinden";"24.925,81";"27.650,88";"29.323,32";"33.874,11"
"08117002";"Aichelberg";"Gemeinden";"27.913,59";"29.415,21";"30.923,86";"36.103,13"
"08117003";"Albershausen";"Gemeinden";"23.472,49";"25.567,33";"27.720,35";"31.989,27"
"08117006";"Bad Ditzenbach";"Gemeinden";"25.031,95";"28.030,39";"30.049,73";"34.978,26"
"08117007";"Bad Überkingen";"Gemeinden";"26.240,90";"29.068,87";"30.976,30";"36.224,34"
"08117009";"Birenbach";"Gemeinden";"24.367,86";"26.120,78";"27.678,77";"32.020,47"
"08117010";"Böhmenkirch";"Gemeinden";"23.110,63";"25.340,02";"27.599,01";"32.064,53"
"08117011";"Börtlingen";"Gemeinden";"22.755,29";"24.917,95";"26.936,51";"31.974,93"
"08117012";"Bad Boll";"Gemeinden";"26.314,51";"28.463,55";"30.048,36";"35.142,61"
"08117014";"Deggingen";"Gemeinden";"22.470,44";"24.954,60";"26.447,05";"30.811,25"
"08117015";"Donzdorf, Stadt";"Gemeinden";"23.007,63";"25.816,71";"27.860,59";"32.339,79"
"08117016";"Drackenstein";"Gemeinden";"20.464,12";"23.189,98";"25.674,88";"30.210,11"
"08117017";"Dürnau";"Gemeinden";"23.321,11";"26.383,11";"28.624,84";"33.222,37"
"08117018";"Ebersbach an der Fils, Stadt";"Gemeinden";"23.466,90";"25.380,03";"27.055,18";"31.433,60"
"08117019";"Eislingen/Fils, Stadt";"Gemeinden";"20.778,78";"22.601,22";"24.461,40";"28.570,95"
"08117020";"Eschenbach";"Gemeinden";"23.074,72";"26.037,97";"27.940,30";"32.197,72"
"08117023";"Gammelshausen";"Gemeinden";"23.095,88";"25.880,39";"27.079,56";"31.882,45"
"08117024";"Geislingen an der Steige, Stadt";"Gemeinden";"20.149,24";"21.634,13";"22.788,42";"26.376,26"
"08117025";"Gingen an der Fils";"Gemeinden";"21.818,41";"24.293,40";"26.429,17";"30.622,81"
"08117026";"Göppingen, Stadt";"Gemeinden";"22.140,33";"24.531,84";"26.043,12";"30.174,96"
"08117028";"Gruibingen";"Gemeinden";"22.946,23";"24.690,29";"25.546,03";"29.454,23"
"08117029";"Hattenhofen";"Gemeinden";"24.779,96";"27.214,93";"29.734,93";"34.259,91"
"08117030";"Heiningen";"Gemeinden";"24.727,35";"26.661,32";"27.866,54";"32.036,37"
"08117031";"Hohenstadt";"Gemeinden";"22.012,81";"24.740,93";"27.719,40";"32.382,97"
"08117033";"Kuchen";"Gemeinden";"21.815,63";"23.442,25";"25.155,95";"28.926,90"
"08117035";"Mühlhausen im Täle";"Gemeinden";"21.716,44";"23.060,72";"25.143,55";"29.496,40"
"08117037";"Ottenbach";"Gemeinden";"24.313,45";"27.361,24";"29.202,84";"33.629,90"
"08117038";"Rechberghausen";"Gemeinden";"24.070,44";"27.043,45";"28.561,70";"33.352,23"
"08117042";"Salach";"Gemeinden";"21.508,91";"24.189,86";"26.231,22";"30.400,63"
"08117043";"Schlat";"Gemeinden";"23.963,32";"27.617,07";"29.298,23";"34.805,41"
"08117044";"Schlierbach";"Gemeinden";"23.903,50";"26.489,48";"28.035,49";"32.581,67"
"08117049";"Süßen, Stadt";"Gemeinden";"22.524,34";"24.933,37";"26.086,30";"30.114,48"
"08117051";"Uhingen, Stadt";"Gemeinden";"22.278,59";"24.182,34";"26.167,79";"30.383,05"
"08117053";"Wäschenbeuren";"Gemeinden";"22.779,14";"25.251,96";"27.758,29";"32.113,98"
"08117055";"Wangen";"Gemeinden";"23.720,26";"26.162,20";"28.269,48";"33.089,99"
"08117058";"Wiesensteig, Stadt";"Gemeinden";"20.587,47";"23.284,47";"25.211,51";"28.614,60"
"08117060";"Zell unter Aichelberg";"Gemeinden";"25.272,21";"27.395,77";"29.483,82";"34.698,95"
"08117061";"Lauterstein, Stadt";"Gemeinden";"22.097,68";"24.682,58";"26.701,78";"30.561,93"
"08118001";"Affalterbach";"Gemeinden";"29.768,65";"31.422,38";"32.345,44";"37.222,27"
"08118003";"Asperg, Stadt";"Gemeinden";"24.590,68";"26.711,00";"28.817,97";"33.256,36"
"08118006";"Benningen am Neckar";"Gemeinden";"25.593,86";"27.982,08";"30.059,69";"34.500,62"
"08118007";"Besigheim, Stadt";"Gemeinden";"24.483,42";"26.904,80";"29.324,84";"33.650,51"
"08118010";"Bönnigheim, Stadt";"Gemeinden";"22.030,75";"24.537,17";"27.078,02";"31.296,49"
"08118011";"Ditzingen, Stadt";"Gemeinden";"25.410,48";"27.388,01";"28.765,48";"33.034,67"
"08118012";"Eberdingen";"Gemeinden";"24.934,25";"27.073,35";"29.369,50";"33.695,75"
"08118014";"Erdmannhausen";"Gemeinden";"23.881,73";"26.102,35";"28.537,64";"32.637,20"
"08118015";"Erligheim";"Gemeinden";"22.845,59";"24.906,01";"27.595,83";"31.779,86"
"08118016";"Freudental";"Gemeinden";"23.324,51";"25.565,44";"27.651,04";"31.698,71"
"08118018";"Gemmrigheim";"Gemeinden";"21.812,24";"23.591,56";"25.617,16";"29.447,71"
"08118019";"Gerlingen, Stadt";"Gemeinden";"32.013,92";"34.513,94";"36.547,52";"42.037,47"
"08118021";"Großbottwar, Stadt";"Gemeinden";"22.416,36";"24.726,08";"26.453,62";"30.530,85"
"08118027";"Hemmingen";"Gemeinden";"24.532,93";"26.070,62";"28.400,30";"32.732,33"
"08118028";"Hessigheim";"Gemeinden";"21.978,36";"24.373,53";"26.700,20";"30.635,80"
"08118040";"Kirchheim am Neckar";"Gemeinden";"23.680,87";"26.508,97";"29.236,26";"33.520,07"
"08118046";"Kornwestheim, Stadt";"Gemeinden";"23.316,64";"25.216,05";"26.841,80";"30.900,75"
"08118047";"Löchgau";"Gemeinden";"23.442,77";"25.678,76";"28.148,21";"32.578,41"
"08118048";"Ludwigsburg, Stadt";"Gemeinden";"23.301,21";"25.399,51";"27.096,80";"31.227,49"
"08118049";"Marbach am Neckar, Stadt";"Gemeinden";"23.789,30";"25.805,47";"27.763,99";"32.021,34"
"08118050";"Markgröningen, Stadt";"Gemeinden";"23.120,04";"25.603,88";"27.196,12";"31.448,66"
"08118051";"Möglingen";"Gemeinden";"23.925,21";"25.702,72";"26.945,05";"30.838,28"
"08118053";"Mundelsheim";"Gemeinden";"23.958,89";"26.276,27";"28.627,00";"32.856,59"
"08118054";"Murr";"Gemeinden";"23.336,06";"26.089,23";"27.766,15";"32.054,74"
"08118059";"Oberriexingen, Stadt";"Gemeinden";"26.743,01";"29.346,56";"31.499,44";"36.549,47"
"08118060";"Oberstenfeld";"Gemeinden";"23.578,39";"26.253,51";"28.224,73";"32.220,85"
"08118063";"Pleidelsheim";"Gemeinden";"23.615,84";"25.465,02";"27.218,54";"31.134,54"
"08118067";"Schwieberdingen";"Gemeinden";"27.376,65";"30.098,79";"32.735,97";"37.331,99"
"08118068";"Sersheim";"Gemeinden";"23.629,82";"25.598,10";"27.943,63";"32.056,10"
"08118070";"Steinheim an der Murr, Stadt";"Gemeinden";"24.934,14";"27.079,41";"29.297,90";"33.287,77"
"08118071";"Tamm, Stadt";"Gemeinden";"25.721,91";"28.206,35";"29.669,63";"34.349,31"
"08118073";"Vaihingen an der Enz, Stadt";"Gemeinden";"23.449,32";"25.959,91";"28.226,86";"32.266,79"
"08118074";"Walheim";"Gemeinden";"22.503,76";"24.170,63";"26.162,31";"29.981,67"
"08118076";"Sachsenheim, Stadt";"Gemeinden";"22.483,91";"25.091,90";"27.217,85";"31.261,30"
"08118077";"Ingersheim";"Gemeinden";"24.728,71";"26.312,40";"28.047,37";"32.077,54"
"08118078";"Freiberg am Neckar, Stadt";"Gemeinden";"24.779,06";"26.617,72";"28.498,52";"32.881,85"
"08118079";"Bietigheim-Bissingen, Stadt";"Gemeinden";"25.401,89";"27.459,36";"29.267,39";"33.629,22"
"08118080";"Korntal-Münchingen, Stadt";"Gemeinden";"27.317,02";"29.091,79";"30.369,02";"34.929,25"
"08118081";"Remseck am Neckar, Stadt";"Gemeinden";"27.277,06";"29.382,54";"30.489,88";"35.061,59"
"08119001";"Alfdorf";"Gemeinden";"22.651,32";"25.092,42";"26.751,76";"31.378,66"
"08119003";"Allmersbach im Tal";"Gemeinden";"24.842,27";"26.855,18";"27.892,31";"32.387,45"
"08119004";"Althütte";"Gemeinden";"23.287,13";"25.621,92";"27.864,56";"32.361,70"
"08119006";"Auenwald";"Gemeinden";"24.193,39";"26.310,19";"28.164,92";"32.766,84"
"08119008";"Backnang, Stadt";"Gemeinden";"22.754,40";"24.788,51";"26.637,30";"30.888,26"
"08119018";"Burgstetten";"Gemeinden";"24.680,28";"27.325,20";"28.528,10";"33.164,98"
"08119020";"Fellbach, Stadt";"Gemeinden";"24.237,32";"26.103,25";"27.128,91";"31.403,33"
"08119024";"Großerlach";"Gemeinden";"20.796,14";"22.399,86";"24.578,77";"28.348,68"
"08119037";"Kaisersbach";"Gemeinden";"20.465,66";"22.955,22";"25.114,55";"28.845,42"
"08119038";"Kirchberg an der Murr";"Gemeinden";"24.101,79";"26.731,34";"28.418,98";"33.068,06"
"08119041";"Korb";"Gemeinden";"25.985,52";"28.259,24";"29.268,56";"34.052,43"
"08119042";"Leutenbach";"Gemeinden";"24.502,95";"26.478,89";"27.668,20";"32.280,65"
"08119044";"Murrhardt, Stadt";"Gemeinden";"20.768,80";"22.969,26";"24.728,73";"28.795,56"
"08119053";"Oppenweiler";"Gemeinden";"23.590,88";"25.816,49";"27.612,98";"32.121,91"
"08119055";"Plüderhausen";"Gemeinden";"23.948,09";"25.942,36";"27.126,07";"31.807,80"
"08119061";"Rudersberg";"Gemeinden";"22.696,07";"25.055,39";"26.808,01";"31.197,70"
"08119067";"Schorndorf, Stadt";"Gemeinden";"23.733,94";"25.645,87";"27.693,93";"32.246,38"
"08119068";"Schwaikheim";"Gemeinden";"24.506,95";"26.445,27";"27.437,64";"31.799,72"
"08119069";"Spiegelberg";"Gemeinden";"20.710,03";"23.249,22";"25.190,49";"29.738,61"
"08119075";"Sulzbach an der Murr";"Gemeinden";"21.676,92";"24.185,03";"26.313,36";"30.468,40"
"08119076";"Urbach";"Gemeinden";"23.486,43";"26.019,31";"28.132,42";"32.677,58"
"08119079";"Waiblingen, Stadt";"Gemeinden";"25.751,03";"27.923,77";"29.371,20";"34.139,30"
"08119083";"Weissach im Tal";"Gemeinden";"24.354,03";"26.518,77";"27.884,68";"32.461,71"
"08119084";"Welzheim, Stadt";"Gemeinden";"21.072,94";"23.676,15";"25.551,28";"29.586,37"
"08119085";"Winnenden, Stadt";"Gemeinden";"24.461,52";"26.645,57";"28.457,47";"33.045,73"
"08119086";"Winterbach";"Gemeinden";"24.568,16";"27.159,77";"28.842,27";"33.706,28"
"08119087";"Aspach";"Gemeinden";"23.770,22";"25.988,31";"27.472,14";"31.895,78"
"08119089";"Berglen";"Gemeinden";"24.717,16";"26.932,22";"29.394,79";"34.222,23"
"08119090";"Remshalden";"Gemeinden";"25.931,02";"27.871,45";"29.511,10";"34.349,06"
"08119091";"Weinstadt, Stadt";"Gemeinden";"25.481,63";"27.570,62";"29.284,57";"33.982,81"
"08119093";"Kernen im Remstal";"Gemeinden";"24.951,04";"27.155,17";"28.620,47";"33.143,70"
"08121000";"Heilbronn, Universitätsstadt";"Gemeinden";"25.204,76";"28.952,65";"30.824,63";"35.299,18"
"08125001";"Abstatt";"Gemeinden";"24.803,66";"26.883,15";"29.483,59";"33.959,76"
"08125005";"Bad Friedrichshall, Stadt";"Gemeinden";"21.065,33";"23.697,33";"25.865,22";"29.916,41"
"08125006";"Bad Rappenau, Stadt";"Gemeinden";"22.855,53";"25.181,00";"27.521,43";"31.822,19"
"08125007";"Bad Wimpfen, Stadt";"Gemeinden";"24.849,86";"27.223,83";"29.732,83";"34.339,39"
"08125008";"Beilstein, Stadt";"Gemeinden";"27.088,91";"29.074,22";"31.181,41";"36.265,18"
"08125013";"Brackenheim, Stadt";"Gemeinden";"24.597,68";"26.708,39";"29.087,25";"33.742,69"
"08125017";"Cleebronn";"Gemeinden";"22.214,01";"25.068,68";"26.648,78";"30.553,48"
"08125021";"Eberstadt";"Gemeinden";"22.565,83";"25.025,72";"27.138,03";"31.439,76"
"08125024";"Ellhofen";"Gemeinden";"23.709,47";"26.029,43";"27.964,48";"32.618,64"
"08125026";"Eppingen, Stadt";"Gemeinden";"21.750,45";"24.325,62";"26.590,31";"30.756,25"
"08125027";"Erlenbach";"Gemeinden";"23.457,53";"26.208,15";"28.376,46";"32.805,79"
"08125030";"Flein";"Gemeinden";"28.303,52";"30.959,19";"33.731,37";"38.829,77"
"08125034";"Gemmingen";"Gemeinden";"22.176,12";"24.797,92";"26.899,64";"31.142,79"
"08125038";"Güglingen, Stadt";"Gemeinden";"25.392,29";"26.869,20";"29.350,99";"33.636,57"
"08125039";"Gundelsheim, Stadt";"Gemeinden";"22.073,02";"24.616,97";"26.357,49";"30.564,34"
"08125046";"Ilsfeld";"Gemeinden";"24.718,81";"26.942,23";"29.161,83";"33.474,87"
"08125047";"Ittlingen";"Gemeinden";"20.780,97";"23.333,71";"25.628,30";"29.602,67"
"08125048";"Jagsthausen";"Gemeinden";"21.510,00";"23.236,08";"24.211,89";"27.996,31"
"08125049";"Kirchardt";"Gemeinden";"20.699,99";"22.907,98";"25.135,28";"29.328,62"
"08125056";"Lauffen am Neckar, Stadt";"Gemeinden";"23.511,99";"26.383,81";"28.749,06";"33.232,79"
"08125057";"Lehrensteinsfeld";"Gemeinden";"26.200,34";"29.296,71";"31.316,81";"36.641,84"
"08125058";"Leingarten, Stadt";"Gemeinden";"24.422,68";"26.481,44";"28.659,98";"32.827,48"
"08125059";"Löwenstein, Stadt";"Gemeinden";"23.914,70";"25.950,08";"28.339,01";"32.387,02"
"08125061";"Massenbachhausen";"Gemeinden";"21.873,51";"24.546,14";"26.903,08";"31.141,82"
"08125063";"Möckmühl, Stadt";"Gemeinden";"20.419,09";"22.720,15";"24.802,89";"28.714,03"
"08125065";"Neckarsulm, Stadt";"Gemeinden";"21.369,57";"23.931,89";"25.994,19";"29.922,36"
"08125066";"Neckarwestheim";"Gemeinden";"24.328,61";"26.452,64";"28.081,14";"32.559,46"
"08125068";"Neudenau, Stadt";"Gemeinden";"22.186,00";"24.925,28";"26.456,87";"30.383,38"
"08125069";"Neuenstadt am Kocher, Stadt";"Gemeinden";"23.280,49";"26.208,99";"27.908,60";"32.341,91"
"08125074";"Nordheim";"Gemeinden";"23.967,09";"26.194,78";"27.918,98";"32.140,34"
"08125078";"Oedheim";"Gemeinden";"23.550,75";"25.258,92";"27.349,21";"31.626,51"
"08125079";"Offenau";"Gemeinden";"22.639,47";"24.483,06";"26.395,68";"30.796,29"
"08125081";"Pfaffenhofen";"Gemeinden";"20.964,04";"23.468,81";"25.259,29";"29.236,29"
"08125084";"Roigheim";"Gemeinden";"19.873,48";"21.828,62";"24.165,96";"28.289,33"
"08125086";"Schwaigern, Stadt";"Gemeinden";"23.264,71";"25.032,36";"27.058,73";"31.022,86"
"08125087";"Siegelsbach";"Gemeinden";"21.352,51";"24.196,91";"25.867,97";"29.874,59"
"08125094";"Talheim";"Gemeinden";"26.693,40";"29.149,16";"32.067,41";"37.309,98"
"08125096";"Untereisesheim";"Gemeinden";"23.681,78";"26.796,98";"28.061,69";"32.283,84"
"08125098";"Untergruppenbach";"Gemeinden";"27.114,65";"29.595,48";"31.765,66";"36.584,25"
"08125102";"Weinsberg, Stadt";"Gemeinden";"24.086,13";"26.312,90";"28.101,53";"32.547,21"
"08125103";"Widdern, Stadt";"Gemeinden";"20.090,43";"22.547,95";"24.541,46";"28.401,08"
"08125107";"Wüstenrot";"Gemeinden";"22.054,12";"24.697,57";"26.507,70";"30.613,19"
"08125108";"Zaberfeld";"Gemeinden";"21.442,57";"23.885,74";"26.054,17";"30.416,85"
"08125110";"Obersulm";"Gemeinden";"22.397,64";"25.155,22";"27.059,37";"31.125,78"
"08125111";"Hardthausen am Kocher";"Gemeinden";"22.335,57";"24.892,32";"26.616,04";"31.432,01"
"08125113";"Langenbrettach";"Gemeinden";"22.635,20";"25.452,08";"27.477,46";"31.790,14"
"08126011";"Bretzfeld";"Gemeinden";"22.321,24";"24.307,62";"26.216,65";"30.423,87"
"08126020";"Dörzbach";"Gemeinden";"20.649,57";"23.083,87";"24.753,77";"29.207,12"
"08126028";"Forchtenberg, Stadt";"Gemeinden";"21.770,56";"23.681,35";"25.482,16";"29.558,31"
"08126039";"Ingelfingen, Stadt";"Gemeinden";"21.511,74";"23.931,61";"25.733,84";"29.835,29"
"08126045";"Krautheim, Stadt";"Gemeinden";"19.802,40";"22.004,23";"24.269,67";"27.794,05"
"08126046";"Künzelsau, Stadt";"Gemeinden";"23.414,05";"25.502,12";"26.858,23";"31.089,58"
"08126047";"Kupferzell";"Gemeinden";"21.862,54";"24.210,12";"26.096,33";"30.696,81"
"08126056";"Mulfingen";"Gemeinden";"22.482,71";"24.583,77";"26.339,66";"30.606,01"
"08126058";"Neuenstein, Stadt";"Gemeinden";"21.414,29";"24.052,09";"26.098,56";"30.065,37"
"08126060";"Niedernhall, Stadt";"Gemeinden";"28.699,51";"30.651,71";"31.510,27";"36.195,80"
"08126066";"Öhringen, Stadt";"Gemeinden";"22.923,11";"24.974,51";"26.810,95";"30.991,01"
"08126069";"Pfedelbach";"Gemeinden";"22.965,21";"25.502,02";"27.013,15";"31.783,79"
"08126072";"Schöntal";"Gemeinden";"22.583,71";"24.535,88";"26.530,31";"31.110,06"
"08126085";"Waldenburg, Stadt";"Gemeinden";"23.553,06";"26.310,18";"28.352,13";"33.048,96"
"08126086";"Weißbach";"Gemeinden";"20.373,82";"22.666,69";"24.265,56";"28.514,75"
"08126094";"Zweiflingen";"Gemeinden";"21.629,78";"24.291,84";"27.153,84";"31.249,92"
"08127008";"Blaufelden";"Gemeinden";"21.419,47";"24.521,43";"27.115,04";"31.127,97"
"08127009";"Braunsbach";"Gemeinden";"21.677,31";"23.672,34";"25.802,46";"29.854,86"
"08127012";"Bühlertann";"Gemeinden";"20.235,62";"22.796,16";"24.877,25";"28.463,29"
"08127013";"Bühlerzell";"Gemeinden";"21.361,68";"23.988,70";"26.203,58";"30.521,46"
"08127014";"Crailsheim, Stadt";"Gemeinden";"21.423,12";"24.124,66";"25.996,37";"29.977,74"
"08127023";"Fichtenberg";"Gemeinden";"21.309,08";"23.922,20";"25.558,89";"29.567,09"
"08127025";"Gaildorf, Stadt";"Gemeinden";"20.714,71";"22.905,52";"24.683,45";"28.439,06"
"08127032";"Gerabronn, Stadt";"Gemeinden";"19.073,53";"21.788,82";"23.631,79";"27.308,85"
"08127043";"Ilshofen, Stadt";"Gemeinden";"22.466,06";"24.990,42";"26.755,15";"31.069,54"
"08127046";"Kirchberg an der Jagst, Stadt";"Gemeinden";"19.630,73";"22.671,99";"25.049,30";"28.853,96"
"08127047";"Langenburg, Stadt";"Gemeinden";"22.703,48";"25.248,33";"27.069,31";"31.331,28"
"08127052";"Mainhardt";"Gemeinden";"21.777,38";"24.107,67";"26.056,22";"30.061,62"
"08127056";"Michelbach an der Bilz";"Gemeinden";"23.763,70";"26.624,80";"27.750,57";"31.592,92"
"08127059";"Michelfeld";"Gemeinden";"23.829,66";"26.618,89";"28.087,67";"32.236,07"
"08127062";"Oberrot";"Gemeinden";"20.891,43";"23.148,86";"25.266,93";"29.026,60"
"08127063";"Obersontheim";"Gemeinden";"20.950,27";"23.471,47";"25.729,81";"30.144,08"
"08127071";"Rot am See";"Gemeinden";"20.648,27";"23.624,74";"25.767,26";"29.917,18"
"08127073";"Satteldorf";"Gemeinden";"21.405,12";"24.457,88";"26.273,34";"30.235,04"
"08127075";"Schrozberg, Stadt";"Gemeinden";"20.125,57";"22.617,39";"24.571,22";"28.531,47"
"08127076";"Schwäbisch Hall, Stadt";"Gemeinden";"22.823,49";"25.262,98";"27.021,23";"31.256,81"
"08127079";"Sulzbach-Laufen";"Gemeinden";"23.840,60";"26.812,24";"29.124,90";"33.662,57"
"08127086";"Untermünkheim";"Gemeinden";"24.411,23";"27.771,69";"30.053,97";"35.181,32"
"08127089";"Vellberg, Stadt";"Gemeinden";"22.547,37";"24.462,40";"26.727,48";"31.299,61"
"08127091";"Wallhausen";"Gemeinden";"20.067,41";"22.772,47";"24.702,76";"28.220,68"
"08127099";"Wolpertshausen";"Gemeinden";"21.853,51";"24.829,11";"25.907,85";"29.821,28"
"08127100";"Rosengarten";"Gemeinden";"21.923,73";"24.919,86";"27.037,47";"31.398,34"
"08127101";"Kreßberg";"Gemeinden";"20.895,30";"23.730,36";"25.719,00";"29.454,07"
"08127102";"Fichtenau";"Gemeinden";"20.008,89";"22.036,37";"24.228,14";"28.019,90"
"08127103";"Frankenhardt";"Gemeinden";"22.440,70";"25.100,64";"27.138,36";"31.402,79"
"08127104";"Stimpfach";"Gemeinden";"21.189,97";"23.934,37";"25.686,66";"29.338,06"
"08128006";"Assamstadt";"Gemeinden";"20.854,48";"23.277,01";"25.836,80";"29.537,70"
"08128007";"Bad Mergentheim, Stadt";"Gemeinden";"22.406,88";"24.301,69";"26.144,41";"30.265,18"
"08128014";"Boxberg, Stadt";"Gemeinden";"20.561,69";"22.884,30";"25.133,08";"29.207,67"
"08128020";"Creglingen, Stadt";"Gemeinden";"20.657,39";"22.709,71";"24.663,78";"28.930,52"
"08128039";"Freudenberg, Stadt";"Gemeinden";"22.086,43";"23.657,19";"25.058,95";"29.039,94"
"08128045";"Großrinderfeld";"Gemeinden";"21.153,59";"23.709,00";"25.267,76";"29.230,66"
"08128047";"Grünsfeld, Stadt";"Gemeinden";"21.034,83";"23.486,28";"26.015,77";"30.531,83"
"08128058";"Igersheim";"Gemeinden";"21.545,20";"23.897,13";"26.263,70";"30.443,56"
"08128061";"Königheim";"Gemeinden";"21.177,50";"23.767,82";"25.512,90";"29.727,42"
"08128064";"Külsheim, Stadt";"Gemeinden";"20.615,77";"23.090,08";"25.036,59";"29.027,93"
"08128082";"Niederstetten, Stadt";"Gemeinden";"20.426,25";"22.635,63";"24.314,66";"28.482,47"
"08128115";"Tauberbischofsheim, Stadt";"Gemeinden";"22.620,92";"24.740,64";"26.837,69";"31.049,28"
"08128126";"Weikersheim, Stadt";"Gemeinden";"21.788,48";"23.836,84";"25.845,97";"30.453,79"
"08128128";"Werbach";"Gemeinden";"21.498,29";"23.447,61";"25.732,36";"29.692,62"
"08128131";"Wertheim, Stadt";"Gemeinden";"22.026,56";"25.050,02";"26.670,76";"30.651,49"
"08128137";"Wittighausen";"Gemeinden";"20.029,63";"22.862,91";"24.761,38";"28.844,00"
"08128138";"Ahorn";"Gemeinden";"21.933,36";"23.460,11";"25.391,88";"29.761,79"
"08128139";"Lauda-Königshofen, Stadt";"Gemeinden";"21.545,16";"23.889,76";"26.098,77";"30.337,06"
"08135010";"Dischingen";"Gemeinden";"22.563,65";"24.194,92";"25.935,14";"30.046,03"
"08135015";"Gerstetten";"Gemeinden";"22.666,71";"24.828,52";"26.627,65";"30.856,92"
"08135016";"Giengen an der Brenz, Stadt";"Gemeinden";"19.794,67";"22.123,04";"23.873,03";"27.694,19"
"08135019";"Heidenheim an der Brenz, Stadt";"Gemeinden";"21.630,61";"23.410,29";"25.065,54";"29.046,12"
"08135020";"Herbrechtingen, Stadt";"Gemeinden";"22.925,24";"24.712,98";"26.353,76";"30.939,19"
"08135021";"Hermaringen";"Gemeinden";"20.998,90";"23.365,41";"25.828,84";"29.893,79"
"08135025";"Königsbronn";"Gemeinden";"23.680,75";"26.071,59";"27.939,60";"32.023,11"
"08135026";"Nattheim";"Gemeinden";"22.467,97";"24.440,46";"26.656,83";"30.776,99"
"08135027";"Niederstotzingen, Stadt";"Gemeinden";"21.480,54";"24.126,10";"25.957,93";"30.441,00"
"08135031";"Sontheim an der Brenz";"Gemeinden";"22.338,91";"24.921,48";"26.876,90";"31.406,02"
"08135032";"Steinheim am Albuch";"Gemeinden";"22.986,92";"25.685,89";"26.937,35";"31.314,42"
"08136002";"Abtsgmünd";"Gemeinden";"21.792,09";"24.398,48";"26.371,10";"30.942,84"
"08136003";"Adelmannsfelden";"Gemeinden";"19.828,20";"22.551,46";"24.107,49";"28.298,62"
"08136007";"Bartholomä";"Gemeinden";"21.336,49";"23.914,46";"26.023,71";"30.824,61"
"08136009";"Böbingen an der Rems";"Gemeinden";"22.839,74";"25.203,91";"27.064,06";"31.218,55"
"08136010";"Bopfingen, Stadt";"Gemeinden";"21.137,61";"23.851,94";"25.869,75";"30.189,46"
"08136015";"Durlangen";"Gemeinden";"21.090,46";"23.221,59";"25.156,14";"29.200,20"
"08136018";"Ellenberg";"Gemeinden";"19.858,36";"22.346,70";"24.093,13";"28.086,61"
"08136019";"Ellwangen (Jagst), Stadt";"Gemeinden";"22.195,76";"25.063,93";"27.359,07";"32.092,73"
"08136020";"Eschach";"Gemeinden";"22.284,28";"25.055,98";"27.672,62";"32.360,20"
"08136021";"Essingen";"Gemeinden";"24.028,43";"26.830,62";"28.807,26";"33.268,71"
"08136024";"Göggingen";"Gemeinden";"21.946,38";"24.309,52";"25.743,39";"29.612,56"
"08136027";"Gschwend";"Gemeinden";"21.410,24";"24.018,07";"26.059,08";"30.584,39"
"08136028";"Heubach, Stadt";"Gemeinden";"21.229,38";"23.609,83";"25.238,37";"29.388,24"
"08136029";"Heuchlingen";"Gemeinden";"23.262,66";"25.941,40";"27.159,44";"31.551,30"
"08136033";"Hüttlingen";"Gemeinden";"23.841,81";"25.952,29";"28.013,13";"32.956,13"
"08136034";"Iggingen";"Gemeinden";"22.828,38";"25.110,59";"26.449,40";"31.096,08"
"08136035";"Jagstzell";"Gemeinden";"20.924,36";"23.411,08";"25.496,50";"29.805,48"
"08136037";"Kirchheim am Ries";"Gemeinden";"19.655,52";"21.671,85";"23.994,03";"28.671,99"
"08136038";"Lauchheim, Stadt";"Gemeinden";"22.513,87";"25.408,61";"26.769,93";"31.394,39"
"08136040";"Leinzell";"Gemeinden";"20.373,70";"22.489,97";"24.013,92";"27.850,62"
"08136042";"Lorch, Stadt";"Gemeinden";"22.992,24";"25.443,70";"26.858,83";"31.087,08"
"08136043";"Mögglingen";"Gemeinden";"22.760,87";"25.766,56";"27.854,13";"32.045,59"
"08136044";"Mutlangen";"Gemeinden";"25.037,57";"27.225,80";"29.105,99";"33.615,42"
"08136045";"Neresheim, Stadt";"Gemeinden";"20.945,83";"23.656,93";"25.601,09";"29.712,06"
"08136046";"Neuler";"Gemeinden";"22.678,79";"24.990,66";"27.642,00";"33.102,36"
"08136049";"Obergröningen";"Gemeinden";"19.994,48";"22.374,11";"24.565,44";"28.226,32"
"08136050";"Oberkochen, Stadt";"Gemeinden";"23.531,32";"25.528,28";"27.671,72";"32.084,49"
"08136060";"Rosenberg";"Gemeinden";"28.603,09";"32.998,00";"36.776,03";"43.518,42"
"08136061";"Ruppertshofen";"Gemeinden";"19.906,21";"22.726,88";"24.911,29";"28.841,86"
"08136062";"Schechingen";"Gemeinden";"21.000,69";"23.478,68";"25.396,81";"29.576,21"
"08136065";"Schwäbisch Gmünd, Stadt";"Gemeinden";"21.573,48";"23.622,58";"25.484,77";"29.542,82"
"08136066";"Spraitbach";"Gemeinden";"21.596,81";"24.155,59";"26.052,06";"30.252,32"
"08136068";"Stödtlen";"Gemeinden";"20.236,23";"23.151,16";"25.006,67";"28.714,03"
"08136070";"Täferrot";"Gemeinden";"23.215,87";"24.235,16";"25.987,50";"31.079,36"
"08136071";"Tannhausen";"Gemeinden";"20.855,68";"23.105,28";"25.733,13";"30.110,03"
"08136075";"Unterschneidheim";"Gemeinden";"21.343,51";"23.776,78";"26.258,79";"30.590,68"
"08136079";"Waldstetten";"Gemeinden";"23.794,88";"26.108,94";"27.351,02";"31.783,03"
"08136082";"Westhausen";"Gemeinden";"21.716,55";"24.598,87";"26.565,14";"30.981,91"
"08136084";"Wört";"Gemeinden";"18.930,33";"21.593,13";"23.362,14";"27.266,70"
"08136087";"Riesbürg";"Gemeinden";"21.375,03";"23.819,22";"25.876,39";"29.925,59"
"08136088";"Aalen, Stadt";"Gemeinden";"23.445,83";"26.123,13";"27.631,64";"32.180,50"
"08136089";"Rainau";"Gemeinden";"21.927,63";"24.190,89";"26.322,66";"30.930,75"
"08211000";"Baden-Baden, Stadt";"Gemeinden";"26.926,06";"28.883,43";"30.063,25";"35.090,53"
"08212000";"Karlsruhe, Stadt";"Gemeinden";"23.111,14";"25.145,36";"26.390,95";"30.438,97"
"08215007";"Bretten, Stadt";"Gemeinden";"22.138,76";"24.397,27";"25.938,50";"29.974,18"
"08215009";"Bruchsal, Stadt";"Gemeinden";"22.729,74";"25.662,65";"26.961,42";"31.362,59"
"08215017";"Ettlingen, Stadt";"Gemeinden";"25.923,20";"28.035,07";"29.954,88";"34.454,25"
"08215021";"Forst";"Gemeinden";"23.788,31";"26.094,68";"28.156,91";"32.183,57"
"08215025";"Gondelsheim";"Gemeinden";"22.246,53";"23.924,90";"26.330,08";"30.775,42"
"08215029";"Hambrücken";"Gemeinden";"22.349,62";"24.726,18";"26.502,18";"30.932,47"
"08215039";"Kronau";"Gemeinden";"22.900,24";"24.782,37";"26.783,72";"31.024,94"
"08215040";"Kürnbach";"Gemeinden";"21.628,67";"23.378,81";"25.428,38";"29.566,64"
"08215046";"Malsch";"Gemeinden";"23.739,19";"25.894,84";"27.393,32";"31.803,77"
"08215047";"Marxzell";"Gemeinden";"23.686,61";"26.715,62";"28.504,51";"32.923,16"
"08215059";"Oberderdingen, Stadt";"Gemeinden";"21.395,16";"23.016,67";"24.840,07";"29.166,41"
"08215064";"Östringen, Stadt";"Gemeinden";"22.190,07";"24.405,40";"26.280,26";"30.677,79"
"08215066";"Philippsburg, Stadt";"Gemeinden";"20.639,30";"22.289,84";"24.091,91";"27.990,79"
"08215082";"Sulzfeld";"Gemeinden";"21.134,34";"23.141,46";"25.259,68";"29.521,73"
"08215084";"Ubstadt-Weiher";"Gemeinden";"23.157,81";"25.424,16";"26.973,67";"31.386,18"
"08215089";"Walzbachtal";"Gemeinden";"23.221,85";"25.646,37";"26.975,81";"31.108,12"
"08215090";"Weingarten (Baden)";"Gemeinden";"24.354,57";"26.471,17";"27.680,86";"31.904,04"
"08215094";"Zaisenhausen";"Gemeinden";"22.220,19";"24.386,93";"27.405,21";"31.851,17"
"08215096";"Karlsbad";"Gemeinden";"24.657,56";"27.231,49";"29.161,49";"33.723,05"
"08215097";"Kraichtal, Stadt";"Gemeinden";"21.566,55";"23.444,12";"25.257,05";"29.587,86"
"08215099";"Graben-Neudorf";"Gemeinden";"22.407,08";"24.933,42";"26.512,36";"30.798,53"
"08215100";"Bad Schönborn";"Gemeinden";"22.865,47";"25.369,22";"26.555,09";"31.154,29"
"08215101";"Pfinztal";"Gemeinden";"23.559,27";"25.650,78";"27.017,30";"31.434,17"
"08215102";"Eggenstein-Leopoldshafen";"Gemeinden";"24.732,97";"26.561,82";"27.792,65";"32.423,65"
"08215103";"Karlsdorf-Neuthard";"Gemeinden";"23.276,60";"25.236,77";"26.564,07";"31.170,12"
"08215105";"Linkenheim-Hochstetten";"Gemeinden";"22.886,25";"25.183,74";"27.045,33";"31.337,86"
"08215106";"Waghäusel, Stadt";"Gemeinden";"22.047,05";"23.914,70";"25.897,37";"30.086,86"
"08215107";"Oberhausen-Rheinhausen";"Gemeinden";"22.146,90";"23.906,38";"25.590,16";"29.773,37"
"08215108";"Rheinstetten, Stadt";"Gemeinden";"23.875,35";"25.865,72";"27.270,39";"31.476,95"
"08215109";"Stutensee, Stadt";"Gemeinden";"24.345,09";"26.236,85";"27.318,98";"31.484,41"
"08215110";"Waldbronn";"Gemeinden";"27.173,81";"29.094,75";"30.089,00";"34.993,60"
"08215111";"Dettenheim";"Gemeinden";"22.618,35";"24.997,61";"27.123,28";"31.745,40"
"08216002";"Au am Rhein";"Gemeinden";"23.813,38";"26.282,52";"28.378,06";"33.357,54"
"08216005";"Bietigheim";"Gemeinden";"22.615,25";"25.072,54";"26.941,34";"31.036,21"
"08216006";"Bischweier";"Gemeinden";"23.384,02";"25.594,18";"27.266,64";"31.203,83"
"08216007";"Bühl, Stadt";"Gemeinden";"23.633,21";"26.183,20";"28.016,40";"32.646,06"
"08216008";"Bühlertal";"Gemeinden";"22.355,79";"24.481,10";"26.397,93";"30.678,68"
"08216009";"Durmersheim";"Gemeinden";"23.205,79";"25.241,79";"26.687,36";"31.189,37"
"08216012";"Elchesheim-Illingen";"Gemeinden";"23.122,05";"25.805,33";"28.000,92";"32.225,04"
"08216013";"Forbach";"Gemeinden";"20.714,26";"22.971,34";"24.379,11";"28.300,77"
"08216015";"Gaggenau, Stadt";"Gemeinden";"22.987,51";"24.914,24";"26.579,21";"30.908,10"
"08216017";"Gernsbach, Stadt";"Gemeinden";"22.174,08";"24.952,65";"26.171,04";"30.514,78"
"08216022";"Hügelsheim";"Gemeinden";"18.940,04";"21.387,09";"23.252,43";"27.087,65"
"08216023";"Iffezheim";"Gemeinden";"23.075,87";"25.813,50";"27.705,61";"32.141,27"
"08216024";"Kuppenheim, Stadt";"Gemeinden";"23.838,49";"25.891,26";"27.331,21";"31.709,83"
"08216028";"Lichtenau, Stadt";"Gemeinden";"20.701,32";"23.073,78";"25.090,55";"28.990,70"
"08216029";"Loffenau";"Gemeinden";"21.794,67";"24.651,16";"26.585,13";"30.688,87"
"08216033";"Muggensturm";"Gemeinden";"23.565,27";"26.269,99";"27.668,79";"32.430,73"
"08216039";"Ötigheim";"Gemeinden";"23.883,50";"25.831,94";"28.181,49";"33.227,34"
"08216041";"Ottersweier";"Gemeinden";"22.012,29";"24.731,33";"26.663,15";"30.722,93"
"08216043";"Rastatt, Stadt";"Gemeinden";"20.824,38";"22.932,42";"24.625,80";"28.848,47"
"08216049";"Sinzheim";"Gemeinden";"24.170,90";"26.567,63";"28.396,64";"32.981,66"
"08216052";"Steinmauern";"Gemeinden";"23.525,41";"25.844,17";"27.736,44";"32.211,14"
"08216059";"Weisenbach";"Gemeinden";"20.765,03";"23.043,59";"24.410,71";"28.091,65"
"08216063";"Rheinmünster";"Gemeinden";"21.658,47";"24.234,35";"25.612,00";"29.436,64"
"08221000";"Heidelberg, Stadt";"Gemeinden";"22.721,10";"25.627,62";"27.020,37";"31.392,38"
"08222000";"Mannheim, Universitätsstadt";"Gemeinden";"20.885,33";"22.702,21";"23.760,06";"27.660,43"
"08225001";"Adelsheim, Stadt";"Gemeinden";"19.522,26";"21.918,13";"23.749,04";"27.819,98"
"08225002";"Aglasterhausen";"Gemeinden";"21.644,25";"23.369,33";"25.015,97";"29.221,80"
"08225009";"Billigheim";"Gemeinden";"21.590,94";"24.041,64";"26.400,49";"30.497,50"
"08225010";"Binau";"Gemeinden";"22.815,21";"25.417,48";"28.000,91";"33.053,74"
"08225014";"Buchen (Odenwald), Stadt";"Gemeinden";"21.033,51";"23.517,84";"25.832,60";"30.236,87"
"08225024";"Fahrenbach";"Gemeinden";"23.082,91";"24.901,19";"27.372,91";"31.830,79"
"08225032";"Hardheim";"Gemeinden";"21.293,26";"23.594,03";"25.314,68";"29.486,06"
"08225033";"Haßmersheim";"Gemeinden";"21.951,01";"23.481,81";"25.395,00";"29.505,22"
"08225039";"Höpfingen";"Gemeinden";"21.328,39";"23.890,68";"25.996,18";"30.524,98"
"08225042";"Hüffenhardt";"Gemeinden";"21.042,72";"23.722,11";"25.870,33";"29.717,97"
"08225052";"Limbach";"Gemeinden";"21.768,24";"24.363,76";"26.277,65";"30.751,68"
"08225058";"Mosbach, Stadt";"Gemeinden";"21.513,55";"23.995,13";"25.281,69";"29.308,94"
"08225060";"Mudau";"Gemeinden";"20.026,71";"22.445,92";"24.627,85";"28.664,06"
"08225064";"Neckargerach";"Gemeinden";"21.339,96";"23.910,65";"25.418,03";"29.739,79"
"08225067";"Neckarzimmern";"Gemeinden";"20.226,43";"22.036,48";"23.998,26";"27.901,47"
"08225068";"Neunkirchen";"Gemeinden";"21.096,00";"23.465,10";"24.998,54";"29.653,76"
"08225074";"Obrigheim";"Gemeinden";"21.660,29";"23.793,08";"25.500,57";"29.662,40"
"08225075";"Osterburken, Stadt";"Gemeinden";"20.801,01";"23.058,93";"24.966,99";"29.079,07"
"08225082";"Rosenberg";"Gemeinden";"20.437,60";"22.848,82";"24.774,56";"28.420,44"
"08225091";"Seckach";"Gemeinden";"19.410,31";"21.910,91";"24.017,98";"27.583,12"
"08225109";"Walldürn, Stadt";"Gemeinden";"20.588,48";"22.846,08";"24.730,50";"28.847,33"
"08225113";"Zwingenberg";"Gemeinden";"21.822,31";"23.879,49";"25.671,98";"29.940,37"
"08225114";"Ravenstein, Stadt";"Gemeinden";"20.985,72";"23.956,84";"25.794,85";"30.088,65"
"08225115";"Schefflenz";"Gemeinden";"20.713,65";"23.351,74";"25.764,34";"30.044,10"
"08225116";"Schwarzach";"Gemeinden";"16.286,32";"18.589,43";"20.445,90";"23.837,91"
"08225117";"Elztal";"Gemeinden";"21.858,57";"24.380,46";"26.475,43";"30.690,37"
"08225118";"Waldbrunn";"Gemeinden";"21.934,49";"24.407,33";"26.433,12";"30.999,34"
"08226003";"Altlußheim";"Gemeinden";"22.484,97";"24.650,29";"26.789,86";"31.332,75"
"08226006";"Bammental";"Gemeinden";"23.044,71";"25.947,44";"27.739,91";"32.384,08"
"08226009";"Brühl";"Gemeinden";"24.279,13";"26.278,62";"28.088,61";"32.707,44"
"08226010";"Dielheim";"Gemeinden";"22.921,97";"25.663,48";"27.425,38";"32.305,11"
"08226012";"Dossenheim";"Gemeinden";"24.087,70";"26.049,53";"27.613,83";"32.004,50"
"08226013";"Eberbach, Stadt";"Gemeinden";"21.249,81";"23.656,66";"25.346,84";"29.537,86"
"08226017";"Epfenbach";"Gemeinden";"22.990,85";"25.970,15";"27.263,10";"31.563,08"
"08226018";"Eppelheim, Stadt";"Gemeinden";"21.118,92";"22.737,90";"24.007,44";"28.014,53"
"08226020";"Eschelbronn";"Gemeinden";"20.689,41";"23.025,46";"25.205,57";"29.066,89"
"08226022";"Gaiberg";"Gemeinden";"27.408,77";"30.889,59";"32.551,66";"38.468,42"
"08226027";"Heddesbach";"Gemeinden";"21.489,67";"24.628,19";"25.614,13";"29.848,85"
"08226028";"Heddesheim";"Gemeinden";"23.425,30";"25.371,11";"26.840,52";"31.345,48"
"08226029";"Heiligkreuzsteinach";"Gemeinden";"22.065,55";"24.754,48";"26.652,26";"31.029,24"
"08226031";"Hemsbach, Stadt";"Gemeinden";"22.206,67";"24.284,91";"25.893,15";"29.974,20"
"08226032";"Hockenheim, Stadt";"Gemeinden";"22.347,57";"24.520,58";"26.027,48";"30.385,23"
"08226036";"Ilvesheim";"Gemeinden";"24.925,19";"28.006,67";"29.868,80";"34.704,41"
"08226037";"Ketsch";"Gemeinden";"23.882,27";"26.317,69";"27.431,41";"31.846,51"
"08226038";"Ladenburg, Stadt";"Gemeinden";"24.628,43";"26.711,52";"28.253,35";"32.968,50"
"08226040";"Laudenbach";"Gemeinden";"24.052,66";"26.498,96";"28.569,47";"33.349,98"
"08226041";"Leimen, Stadt";"Gemeinden";"21.413,39";"23.460,56";"25.205,27";"29.391,17"
"08226046";"Malsch";"Gemeinden";"23.329,13";"26.278,01";"28.436,12";"33.141,12"
"08226048";"Mauer";"Gemeinden";"23.566,33";"26.124,99";"28.182,44";"32.989,44"
"08226049";"Meckesheim";"Gemeinden";"22.242,03";"24.589,56";"26.545,69";"31.080,45"
"08226054";"Mühlhausen";"Gemeinden";"23.153,38";"25.792,51";"27.973,04";"32.498,41"
"08226055";"Neckarbischofsheim, Stadt";"Gemeinden";"21.299,77";"24.084,94";"25.962,85";"30.033,25"
"08226056";"Neckargemünd, Stadt";"Gemeinden";"24.489,68";"27.478,10";"29.584,13";"34.390,33"
"08226058";"Neidenstein";"Gemeinden";"21.120,86";"23.231,06";"25.110,27";"29.291,47"
"08226059";"Neulußheim";"Gemeinden";"22.875,04";"24.941,99";"26.815,23";"31.125,06"
"08226060";"Nußloch";"Gemeinden";"23.795,65";"26.394,03";"28.634,12";"33.419,04"
"08226062";"Oftersheim";"Gemeinden";"23.527,06";"26.079,21";"27.792,29";"32.273,20"
"08226063";"Plankstadt";"Gemeinden";"23.517,93";"25.620,41";"27.464,44";"31.987,81"
"08226065";"Rauenberg, Stadt";"Gemeinden";"24.021,60";"27.098,34";"29.339,34";"33.995,19"
"08226066";"Reichartshausen";"Gemeinden";"21.522,69";"23.694,42";"25.653,88";"29.829,89"
"08226068";"Reilingen";"Gemeinden";"22.783,12";"25.218,46";"27.184,26";"31.702,32"
"08226076";"Sandhausen";"Gemeinden";"23.386,38";"25.556,51";"27.353,71";"31.817,46"
"08226080";"Schönau, Stadt";"Gemeinden";"20.589,09";"23.119,69";"25.086,84";"29.277,42"
"08226081";"Schönbrunn";"Gemeinden";"21.478,26";"24.426,30";"26.359,16";"30.494,27"
"08226082";"Schriesheim, Stadt";"Gemeinden";"27.455,96";"29.309,32";"30.328,40";"35.273,45"
"08226084";"Schwetzingen, Stadt";"Gemeinden";"23.512,33";"26.075,92";"27.998,99";"32.776,47"
"08226085";"Sinsheim, Stadt";"Gemeinden";"21.726,89";"24.210,06";"25.904,80";"30.019,38"
"08226086";"Spechbach";"Gemeinden";"21.757,05";"24.074,61";"26.388,04";"30.970,53"
"08226091";"Waibstadt, Stadt";"Gemeinden";"20.361,50";"22.870,28";"24.996,55";"28.964,13"
"08226095";"Walldorf, Stadt";"Gemeinden";"25.192,61";"27.498,94";"29.683,35";"34.860,44"
"08226096";"Weinheim, Stadt";"Gemeinden";"25.070,18";"27.233,25";"29.331,67";"34.023,26"
"08226097";"Wiesenbach";"Gemeinden";"24.500,72";"27.342,43";"28.733,27";"33.183,90"
"08226098";"Wiesloch, Stadt";"Gemeinden";"22.766,28";"25.461,70";"27.563,32";"32.164,57"
"08226099";"Wilhelmsfeld";"Gemeinden";"24.131,99";"26.586,19";"28.768,23";"33.685,90"
"08226101";"Zuzenhausen";"Gemeinden";"22.855,75";"25.464,74";"27.559,20";"31.587,82"
"08226102";"Angelbachtal";"Gemeinden";"22.781,00";"25.715,49";"27.735,49";"32.167,52"
"08226103";"St. Leon-Rot";"Gemeinden";"22.910,26";"25.446,42";"27.667,60";"32.215,53"
"08226104";"Lobbach";"Gemeinden";"22.191,83";"24.793,82";"26.217,06";"30.528,18"
"08226105";"Edingen-Neckarhausen";"Gemeinden";"23.488,68";"25.895,54";"26.806,90";"31.305,19"
"08226106";"Helmstadt-Bargen";"Gemeinden";"20.993,48";"23.525,80";"24.928,68";"28.952,01"
"08226107";"Hirschberg an der Bergstraße";"Gemeinden";"26.938,39";"29.558,93";"30.669,34";"35.662,60"
"08231000";"Pforzheim, Stadt";"Gemeinden";"22.382,26";"24.366,82";"25.590,85";"29.657,08"
"08235006";"Altensteig, Stadt";"Gemeinden";"20.524,78";"23.042,50";"25.044,75";"29.145,65"
"08235007";"Althengstett";"Gemeinden";"23.998,29";"26.617,93";"28.595,03";"33.315,13"
"08235008";"Bad Liebenzell, Stadt";"Gemeinden";"22.332,59";"24.861,51";"26.794,93";"31.265,90"
"08235018";"Dobel";"Gemeinden";"22.469,07";"25.041,39";"26.814,51";"30.996,26"
"08235020";"Ebhausen";"Gemeinden";"21.179,01";"23.442,81";"25.290,61";"29.375,63"
"08235022";"Egenhausen";"Gemeinden";"21.052,44";"23.743,61";"25.992,02";"30.388,87"
"08235025";"Enzklösterle";"Gemeinden";"20.976,28";"23.405,52";"24.529,73";"28.398,46"
"08235029";"Gechingen";"Gemeinden";"31.193,82";"33.104,72";"33.772,99";"39.056,17"
"08235032";"Haiterbach, Stadt";"Gemeinden";"21.124,98";"24.021,41";"25.571,68";"30.116,59"
"08235033";"Bad Herrenalb, Stadt";"Gemeinden";"22.811,91";"24.932,35";"26.380,59";"30.773,09"
"08235035";"Höfen an der Enz";"Gemeinden";"22.047,03";"23.985,20";"25.695,17";"29.766,99"
"08235046";"Nagold, Stadt";"Gemeinden";"22.667,39";"25.489,63";"27.408,53";"31.827,24"
"08235047";"Neubulach, Stadt";"Gemeinden";"23.334,73";"25.965,55";"27.428,37";"32.169,45"
"08235050";"Neuweiler";"Gemeinden";"21.167,68";"23.639,54";"26.144,37";"30.116,61"
"08235055";"Oberreichenbach";"Gemeinden";"21.785,79";"24.162,96";"25.536,00";"29.657,60"
"08235057";"Ostelsheim";"Gemeinden";"25.907,70";"28.041,96";"28.786,43";"33.780,39"
"08235060";"Rohrdorf";"Gemeinden";"22.441,55";"25.127,83";"26.845,69";"31.206,35"
"08235065";"Schömberg";"Gemeinden";"19.372,64";"22.319,13";"24.513,65";"28.626,49"
"08235066";"Simmersfeld";"Gemeinden";"20.358,71";"22.829,60";"24.921,05";"29.663,05"
"08235067";"Simmozheim";"Gemeinden";"24.489,45";"26.589,27";"28.672,84";"33.264,74"
"08235073";"Unterreichenbach";"Gemeinden";"22.055,72";"24.858,15";"25.887,16";"29.871,29"
"08235079";"Bad Wildbad, Stadt";"Gemeinden";"21.032,16";"22.810,09";"23.624,54";"27.652,25"
"08235080";"Wildberg, Stadt";"Gemeinden";"22.539,66";"24.683,99";"26.510,29";"30.991,90"
"08235084";"Bad Teinach-Zavelstein, Stadt";"Gemeinden";"21.824,49";"24.525,07";"26.485,19";"30.840,00"
"08235085";"Calw, Stadt";"Gemeinden";"21.971,10";"24.345,69";"25.866,86";"29.962,79"
"08236004";"Birkenfeld";"Gemeinden";"24.468,65";"26.338,63";"28.445,95";"32.810,75"
"08236011";"Eisingen";"Gemeinden";"24.584,17";"26.307,61";"27.440,45";"31.744,56"
"08236013";"Engelsbrand";"Gemeinden";"26.852,91";"28.566,53";"29.912,28";"34.449,45"
"08236019";"Friolzheim";"Gemeinden";"24.599,89";"26.645,79";"27.951,65";"32.751,43"
"08236025";"Heimsheim, Stadt";"Gemeinden";"24.608,47";"26.857,44";"28.426,94";"33.585,06"
"08236028";"Illingen";"Gemeinden";"23.899,84";"25.305,65";"26.676,99";"30.626,74"
"08236030";"Ispringen";"Gemeinden";"24.296,06";"25.986,07";"27.150,98";"31.275,84"
"08236031";"Kieselbronn";"Gemeinden";"24.550,76";"27.262,31";"29.372,07";"33.952,82"
"08236033";"Knittlingen, Stadt";"Gemeinden";"22.549,04";"24.195,04";"25.922,28";"29.630,90"
"08236038";"Maulbronn, Stadt";"Gemeinden";"22.272,72";"24.326,53";"26.439,51";"30.705,20"
"08236039";"Mönsheim";"Gemeinden";"28.848,55";"31.340,48";"32.583,36";"38.003,10"
"08236040";"Mühlacker, Stadt";"Gemeinden";"22.536,78";"24.204,55";"26.097,18";"30.178,07"
"08236043";"Neuenbürg, Stadt";"Gemeinden";"23.841,40";"25.665,64";"26.469,75";"30.676,68"
"08236044";"Neuhausen";"Gemeinden";"23.874,22";"25.973,57";"28.251,25";"32.988,96"
"08236046";"Niefern-Öschelbronn";"Gemeinden";"24.143,29";"26.123,61";"27.137,22";"31.567,46"
"08236050";"Ötisheim";"Gemeinden";"23.187,51";"25.350,71";"27.267,58";"31.405,93"
"08236061";"Sternenfels";"Gemeinden";"22.103,43";"24.343,49";"26.281,04";"30.329,25"
"08236062";"Tiefenbronn";"Gemeinden";"26.470,48";"28.537,30";"30.707,99";"35.294,79"
"08236065";"Wiernsheim";"Gemeinden";"24.650,36";"27.813,85";"29.244,22";"33.898,25"
"08236067";"Wimsheim";"Gemeinden";"24.427,38";"27.080,06";"29.475,15";"33.800,78"
"08236068";"Wurmberg";"Gemeinden";"24.047,42";"26.677,00";"28.881,63";"33.482,49"
"08236070";"Keltern";"Gemeinden";"24.715,82";"27.211,83";"28.171,92";"32.785,69"
"08236071";"Remchingen";"Gemeinden";"23.506,88";"25.549,80";"27.651,13";"32.303,63"
"08236072";"Straubenhardt";"Gemeinden";"24.184,99";"26.593,84";"28.775,71";"33.248,20"
"08236073";"Neulingen";"Gemeinden";"24.639,99";"26.405,96";"28.173,42";"32.666,15"
"08236074";"Kämpfelbach";"Gemeinden";"23.251,34";"25.592,69";"27.445,37";"31.624,46"
"08236075";"Ölbronn-Dürrn";"Gemeinden";"23.459,54";"25.536,71";"27.849,27";"32.270,85"
"08236076";"Königsbach-Stein";"Gemeinden";"25.286,25";"27.780,91";"29.385,61";"34.077,21"
"08237002";"Alpirsbach, Stadt";"Gemeinden";"22.110,42";"23.687,47";"25.456,05";"29.678,00"
"08237004";"Baiersbronn";"Gemeinden";"20.489,36";"22.989,80";"24.733,44";"28.861,66"
"08237019";"Dornstetten, Stadt";"Gemeinden";"22.818,08";"25.551,03";"27.713,74";"32.048,21"
"08237024";"Empfingen";"Gemeinden";"25.995,87";"28.304,37";"29.221,26";"34.008,28"
"08237027";"Eutingen im Gäu";"Gemeinden";"21.969,99";"24.609,96";"27.016,05";"31.088,12"
"08237028";"Freudenstadt, Stadt";"Gemeinden";"22.866,72";"25.415,10";"27.295,46";"31.674,61"
"08237030";"Glatten";"Gemeinden";"22.507,62";"24.678,87";"26.883,19";"30.973,05"
"08237032";"Grömbach";"Gemeinden";"19.397,07";"22.114,67";"24.340,67";"28.091,10"
"08237040";"Horb am Neckar, Stadt";"Gemeinden";"21.569,38";"23.939,91";"25.953,99";"30.152,48"
"08237045";"Loßburg";"Gemeinden";"24.151,09";"27.305,62";"29.639,23";"34.562,65"
"08237054";"Pfalzgrafenweiler";"Gemeinden";"21.945,95";"24.336,17";"26.628,10";"31.216,02"
"08237061";"Schopfloch";"Gemeinden";"23.032,47";"25.730,19";"27.956,84";"32.559,19"
"08237072";"Wörnersberg";"Gemeinden";"16.218,26";"18.696,67";"20.935,77";"24.008,51"
"08237073";"Seewald";"Gemeinden";"21.459,05";"23.486,81";"25.354,86";"29.205,35"
"08237074";"Waldachtal";"Gemeinden";"25.188,33";"27.176,99";"29.371,05";"34.359,48"
"08237075";"Bad Rippoldsau-Schapbach";"Gemeinden";"22.634,30";"24.332,84";"26.278,39";"31.014,45"
"08311000";"Freiburg im Breisgau, Stadt";"Gemeinden";"20.464,54";"22.823,45";"24.226,76";"28.160,73"
"08315003";"Au";"Gemeinden";"31.505,06";"33.844,55";"35.458,52";"40.885,07"
"08315004";"Auggen";"Gemeinden";"23.583,52";"26.275,38";"27.538,97";"32.315,49"
"08315006";"Bad Krozingen, Stadt";"Gemeinden";"23.560,09";"25.839,37";"27.113,11";"31.669,19"
"08315007";"Badenweiler";"Gemeinden";"26.161,09";"28.235,02";"29.578,24";"34.387,93"
"08315008";"Ballrechten-Dottingen";"Gemeinden";"23.157,56";"25.774,55";"28.415,84";"33.211,69"
"08315013";"Bötzingen";"Gemeinden";"20.640,79";"23.240,90";"25.162,85";"29.142,04"
"08315014";"Bollschweil";"Gemeinden";"24.092,32";"27.158,69";"28.711,01";"33.199,91"
"08315015";"Breisach am Rhein, Stadt";"Gemeinden";"21.132,85";"23.522,13";"25.479,52";"29.755,36"
"08315016";"Breitnau";"Gemeinden";"18.642,44";"21.310,70";"23.433,57";"27.507,14"
"08315020";"Buchenbach";"Gemeinden";"21.891,21";"24.189,98";"25.975,59";"29.972,94"
"08315022";"Buggingen";"Gemeinden";"21.179,78";"23.719,73";"25.925,50";"29.590,53"
"08315028";"Ebringen";"Gemeinden";"23.614,50";"26.505,73";"28.121,50";"32.913,43"
"08315030";"Eichstetten am Kaiserstuhl";"Gemeinden";"21.344,72";"23.710,86";"25.781,88";"30.176,59"
"08315031";"Eisenbach (Hochschwarzwald)";"Gemeinden";"21.352,82";"23.182,91";"24.943,97";"29.392,20"
"08315033";"Eschbach";"Gemeinden";"22.383,10";"23.666,05";"25.004,04";"29.116,71"
"08315037";"Feldberg (Schwarzwald)";"Gemeinden";"20.151,25";"22.060,32";"23.359,59";"27.262,15"
"08315039";"Friedenweiler";"Gemeinden";"21.045,62";"23.562,29";"25.539,95";"29.891,68"
"08315041";"Glottertal";"Gemeinden";"22.494,07";"24.493,34";"26.464,04";"31.396,77"
"08315043";"Gottenheim";"Gemeinden";"21.853,79";"24.629,19";"26.967,83";"31.413,30"
"08315047";"Gundelfingen";"Gemeinden";"24.883,54";"26.992,87";"28.386,21";"32.787,96"
"08315048";"Hartheim am Rhein";"Gemeinden";"21.520,89";"24.038,91";"25.285,14";"29.919,18"
"08315050";"Heitersheim, Stadt";"Gemeinden";"22.334,74";"24.910,94";"26.401,59";"30.327,54"
"08315051";"Heuweiler";"Gemeinden";"25.625,55";"27.666,00";"29.632,91";"34.837,67"
"08315052";"Hinterzarten";"Gemeinden";"22.644,25";"25.451,85";"27.537,29";"32.341,19"
"08315056";"Horben";"Gemeinden";"23.586,57";"27.144,89";"30.124,70";"35.226,24"
"08315059";"Ihringen";"Gemeinden";"21.576,57";"24.528,41";"26.732,11";"30.988,81"
"08315064";"Kirchzarten";"Gemeinden";"25.207,04";"28.142,33";"30.328,30";"35.524,12"
"08315068";"Lenzkirch";"Gemeinden";"20.685,51";"23.216,68";"25.135,92";"29.075,45"
"08315070";"Löffingen, Stadt";"Gemeinden";"20.045,40";"22.623,88";"24.741,33";"28.498,91"
"08315072";"Merdingen";"Gemeinden";"23.034,78";"25.234,73";"27.433,45";"32.117,97"
"08315073";"Merzhausen";"Gemeinden";"29.286,49";"31.152,86";"33.942,49";"39.232,97"
"08315074";"Müllheim im Markgräflerland, Stadt";"Gemeinden";"22.545,77";"24.753,56";"26.168,37";"30.298,00"
"08315076";"Neuenburg am Rhein, Stadt";"Gemeinden";"21.376,94";"24.191,79";"25.788,73";"30.059,42"
"08315084";"Oberried";"Gemeinden";"21.447,21";"24.167,12";"26.762,63";"31.367,51"
"08315089";"Pfaffenweiler";"Gemeinden";"23.133,56";"25.036,99";"26.696,93";"31.126,05"
"08315094";"St. Märgen";"Gemeinden";"19.831,37";"21.753,11";"23.687,44";"28.071,52"
"08315095";"St. Peter";"Gemeinden";"20.659,81";"23.308,45";"25.334,88";"29.259,58"
"08315098";"Schallstadt";"Gemeinden";"22.875,89";"25.417,47";"27.593,98";"31.977,43"
"08315102";"Schluchsee";"Gemeinden";"20.161,09";"22.752,14";"24.524,15";"28.341,99"
"08315107";"Sölden";"Gemeinden";"25.193,11";"28.179,97";"30.957,61";"35.790,53"
"08315108";"Staufen im Breisgau, Stadt";"Gemeinden";"25.575,76";"27.783,02";"29.193,28";"34.037,56"
"08315109";"Stegen";"Gemeinden";"23.621,08";"25.719,75";"27.272,89";"31.719,39"
"08315111";"Sulzburg, Stadt";"Gemeinden";"22.728,16";"25.877,42";"28.205,63";"32.802,12"
"08315113";"Titisee-Neustadt, Stadt";"Gemeinden";"20.578,95";"23.249,58";"24.570,12";"28.612,63"
"08315115";"Umkirch";"Gemeinden";"21.996,61";"24.173,66";"25.795,77";"29.971,24"
"08315125";"Wittnau";"Gemeinden";"28.511,00";"32.527,76";"33.154,21";"39.190,02"
"08315130";"Münstertal/Schwarzwald";"Gemeinden";"20.792,24";"23.132,95";"24.562,29";"28.530,36"
"08315131";"Ehrenkirchen";"Gemeinden";"22.246,54";"24.966,28";"27.353,57";"31.527,81"
"08315132";"March";"Gemeinden";"22.063,51";"24.575,79";"26.431,84";"30.651,02"
"08315133";"Vogtsburg im Kaiserstuhl, Stadt";"Gemeinden";"22.485,70";"24.497,60";"26.484,71";"30.647,32"
"08316002";"Bahlingen am Kaiserstuhl";"Gemeinden";"21.326,36";"24.134,80";"26.123,13";"30.739,66"
"08316003";"Biederbach";"Gemeinden";"19.628,90";"21.877,55";"23.999,02";"28.206,52"
"08316009";"Denzlingen";"Gemeinden";"23.534,96";"25.265,58";"27.142,11";"31.464,40"
"08316010";"Elzach, Stadt";"Gemeinden";"20.145,67";"22.735,58";"24.767,84";"28.683,94"
"08316011";"Emmendingen, Stadt";"Gemeinden";"21.921,78";"24.383,69";"26.179,04";"30.402,44"
"08316012";"Endingen am Kaiserstuhl, Stadt";"Gemeinden";"21.386,56";"24.319,48";"26.288,96";"30.502,86"
"08316013";"Forchheim";"Gemeinden";"20.955,05";"22.408,88";"24.344,10";"28.174,54"
"08316014";"Gutach im Breisgau";"Gemeinden";"20.972,61";"23.567,76";"25.392,86";"29.284,43"
"08316017";"Herbolzheim, Stadt";"Gemeinden";"20.312,23";"22.759,64";"24.544,49";"28.831,26"
"08316020";"Kenzingen, Stadt";"Gemeinden";"21.285,95";"24.134,83";"25.564,01";"29.676,55"
"08316024";"Malterdingen";"Gemeinden";"21.813,34";"24.103,69";"26.189,68";"30.963,34"
"08316036";"Reute";"Gemeinden";"22.598,20";"25.291,27";"27.536,62";"31.879,68"
"08316037";"Riegel am Kaiserstuhl";"Gemeinden";"19.755,15";"22.154,82";"24.387,60";"28.503,55"
"08316038";"Sasbach am Kaiserstuhl";"Gemeinden";"20.811,08";"23.677,60";"25.929,05";"30.219,12"
"08316039";"Sexau";"Gemeinden";"22.047,81";"25.075,32";"27.080,29";"31.817,98"
"08316042";"Simonswald";"Gemeinden";"20.168,52";"22.693,48";"24.846,44";"28.813,36"
"08316043";"Teningen";"Gemeinden";"21.580,56";"24.240,45";"26.197,67";"30.346,42"
"08316045";"Vörstetten";"Gemeinden";"24.657,06";"27.599,90";"30.165,04";"35.290,73"
"08316049";"Weisweil";"Gemeinden";"20.148,44";"22.636,50";"24.819,21";"28.812,21"
"08316051";"Wyhl am Kaiserstuhl";"Gemeinden";"19.761,54";"22.218,35";"24.107,81";"28.118,65"
"08316053";"Rheinhausen";"Gemeinden";"21.588,58";"23.740,82";"24.927,51";"29.167,59"
"08316054";"Freiamt";"Gemeinden";"20.106,33";"22.759,02";"25.128,73";"29.273,38"
"08316055";"Winden im Elztal";"Gemeinden";"21.802,65";"24.203,69";"26.271,70";"30.410,60"
"08316056";"Waldkirch, Stadt";"Gemeinden";"22.315,26";"24.685,06";"26.697,65";"30.968,95"
"08317001";"Achern, Stadt";"Gemeinden";"22.190,78";"24.896,55";"26.595,61";"30.641,02"
"08317005";"Appenweier";"Gemeinden";"22.164,75";"24.330,04";"26.227,49";"30.362,02"
"08317008";"Bad Peterstal-Griesbach";"Gemeinden";"21.721,92";"24.552,65";"26.565,82";"30.412,92"
"08317009";"Berghaupten";"Gemeinden";"20.836,66";"22.632,61";"24.766,72";"28.855,20"
"08317011";"Biberach";"Gemeinden";"22.226,75";"23.962,19";"26.403,38";"30.461,32"
"08317021";"Durbach";"Gemeinden";"24.624,33";"26.670,07";"28.422,15";"33.191,28"
"08317026";"Ettenheim, Stadt";"Gemeinden";"21.680,06";"24.762,09";"27.193,92";"31.395,61"
"08317029";"Fischerbach";"Gemeinden";"26.029,28";"28.499,33";"30.115,41";"35.078,39"
"08317031";"Friesenheim";"Gemeinden";"21.543,04";"24.089,71";"25.358,45";"29.298,70"
"08317034";"Gengenbach, Stadt";"Gemeinden";"21.057,38";"23.755,42";"25.973,44";"29.935,50"
"08317039";"Gutach (Schwarzwaldbahn)";"Gemeinden";"23.336,13";"25.438,36";"27.501,74";"31.360,26"
"08317040";"Haslach im Kinzigtal, Stadt";"Gemeinden";"22.750,55";"25.038,24";"27.252,18";"31.122,12"
"08317041";"Hausach, Stadt";"Gemeinden";"23.102,65";"25.048,93";"26.694,09";"30.760,65"
"08317046";"Hofstetten";"Gemeinden";"22.116,15";"24.585,87";"26.642,83";"31.266,11"
"08317047";"Hohberg";"Gemeinden";"22.145,92";"23.970,06";"25.983,80";"30.563,90"
"08317051";"Hornberg, Stadt";"Gemeinden";"20.414,04";"22.456,04";"24.138,03";"27.840,44"
"08317056";"Kappelrodeck";"Gemeinden";"21.894,82";"24.443,42";"26.445,37";"30.640,30"
"08317057";"Kehl, Stadt";"Gemeinden";"20.368,14";"22.638,34";"24.347,56";"28.144,42"
"08317059";"Kippenheim";"Gemeinden";"21.541,30";"23.265,60";"24.930,65";"28.936,05"
"08317065";"Lahr/Schwarzwald, Stadt";"Gemeinden";"20.222,57";"22.224,83";"23.944,83";"27.726,62"
"08317067";"Lautenbach";"Gemeinden";"22.786,74";"25.316,34";"27.066,50";"31.824,32"
"08317068";"Lauf";"Gemeinden";"23.692,66";"26.447,29";"27.973,10";"33.213,16"
"08317073";"Mahlberg, Stadt";"Gemeinden";"20.749,82";"22.693,20";"24.519,59";"28.817,67"
"08317075";"Meißenheim";"Gemeinden";"20.869,20";"22.946,39";"24.819,94";"28.709,38"
"08317078";"Mühlenbach";"Gemeinden";"20.136,04";"22.281,42";"24.199,32";"28.117,79"
"08317085";"Nordrach";"Gemeinden";"21.568,42";"23.436,30";"25.134,86";"28.846,55"
"08317088";"Oberharmersbach";"Gemeinden";"19.865,16";"22.116,29";"24.110,14";"27.778,99"
"08317089";"Oberkirch, Stadt";"Gemeinden";"23.154,15";"25.893,26";"27.846,71";"32.283,03"
"08317093";"Oberwolfach";"Gemeinden";"22.521,26";"24.876,25";"27.395,17";"31.756,67"
"08317096";"Offenburg, Stadt";"Gemeinden";"21.796,57";"23.611,56";"24.755,80";"28.615,34"
"08317097";"Ohlsbach";"Gemeinden";"22.878,60";"25.361,07";"27.484,63";"32.077,90"
"08317098";"Oppenau, Stadt";"Gemeinden";"22.461,16";"24.581,52";"25.976,96";"30.036,74"
"08317100";"Ortenberg";"Gemeinden";"23.676,92";"25.911,05";"28.054,06";"32.325,84"
"08317102";"Ottenhöfen im Schwarzwald";"Gemeinden";"20.692,95";"23.130,32";"25.015,28";"28.800,54"
"08317110";"Renchen, Stadt";"Gemeinden";"22.490,53";"25.160,46";"26.385,55";"30.638,82"
"08317113";"Ringsheim";"Gemeinden";"21.321,55";"23.257,24";"24.839,74";"29.023,86"
"08317114";"Rust";"Gemeinden";"20.749,27";"24.061,98";"26.478,86";"31.424,54"
"08317116";"Sasbach";"Gemeinden";"22.196,82";"24.660,54";"26.424,29";"30.823,03"
"08317118";"Sasbachwalden";"Gemeinden";"23.460,80";"25.905,12";"27.129,70";"31.188,70"
"08317121";"Schuttertal";"Gemeinden";"20.587,53";"23.248,43";"25.435,63";"29.574,03"
"08317122";"Schutterwald";"Gemeinden";"23.177,46";"25.500,10";"27.772,11";"32.148,74"
"08317126";"Seebach";"Gemeinden";"21.250,60";"24.373,80";"26.396,20";"30.893,94"
"08317127";"Seelbach";"Gemeinden";"21.583,74";"24.091,00";"26.165,62";"30.091,76"
"08317129";"Steinach";"Gemeinden";"21.698,77";"23.532,31";"25.499,26";"29.405,27"
"08317141";"Willstätt";"Gemeinden";"20.896,42";"23.649,33";"25.293,17";"29.192,39"
"08317145";"Wolfach, Stadt";"Gemeinden";"24.447,42";"27.618,89";"29.130,37";"34.005,52"
"08317146";"Zell am Harmersbach, Stadt";"Gemeinden";"21.627,14";"24.334,58";"26.242,15";"30.608,27"
"08317150";"Schwanau";"Gemeinden";"21.365,78";"23.718,21";"25.981,22";"30.013,36"
"08317151";"Neuried";"Gemeinden";"20.021,22";"22.281,41";"24.467,25";"28.502,97"
"08317152";"Kappel-Grafenhausen";"Gemeinden";"20.054,96";"21.966,11";"23.888,23";"27.912,82"
"08317153";"Rheinau, Stadt";"Gemeinden";"23.165,92";"25.948,69";"27.253,62";"31.509,47"
"08317971";"Rheinau, gemeindefreies Gebiet";"Gemeinden";;;;
"08325001";"Aichhalden";"Gemeinden";"21.505,81";"23.682,00";"25.837,70";"29.558,89"
"08325009";"Bösingen";"Gemeinden";"21.411,98";"23.794,10";"25.823,77";"29.727,41"
"08325011";"Dietingen";"Gemeinden";"21.786,34";"24.399,90";"26.730,34";"30.847,20"
"08325012";"Dornhan, Stadt";"Gemeinden";"22.584,44";"24.829,01";"26.649,79";"30.847,92"
"08325014";"Dunningen";"Gemeinden";"22.550,18";"25.030,01";"26.965,77";"31.762,26"
"08325015";"Epfendorf";"Gemeinden";"21.592,89";"23.951,13";"25.964,17";"29.919,48"
"08325024";"Hardt";"Gemeinden";"23.677,98";"25.456,34";"27.420,16";"31.341,29"
"08325036";"Lauterbach";"Gemeinden";"20.798,04";"22.887,37";"24.563,53";"28.344,41"
"08325045";"Oberndorf am Neckar, Stadt";"Gemeinden";"21.488,12";"23.651,79";"25.307,78";"29.371,12"
"08325049";"Rottweil, Stadt";"Gemeinden";"22.808,61";"25.570,22";"26.886,03";"31.073,54"
"08325050";"Schenkenzell";"Gemeinden";"22.976,49";"24.746,58";"27.205,82";"31.465,67"
"08325051";"Schiltach, Stadt";"Gemeinden";"21.987,06";"23.405,03";"25.353,10";"29.458,87"
"08325053";"Schramberg, Stadt";"Gemeinden";"21.025,42";"23.418,27";"25.052,42";"28.974,12"
"08325057";"Sulz am Neckar, Stadt";"Gemeinden";"21.758,12";"24.266,78";"26.408,05";"30.695,85"
"08325060";"Villingendorf";"Gemeinden";"22.581,23";"24.493,96";"27.017,45";"31.161,71"
"08325061";"Vöhringen";"Gemeinden";"22.049,11";"24.473,27";"26.030,81";"30.014,91"
"08325064";"Wellendingen";"Gemeinden";"24.940,13";"28.598,93";"30.463,77";"35.590,94"
"08325069";"Zimmern ob Rottweil";"Gemeinden";"22.083,41";"25.092,06";"27.439,00";"31.962,39"
"08325070";"Fluorn-Winzeln";"Gemeinden";"21.734,46";"23.932,49";"26.016,21";"30.136,41"
"08325071";"Eschbronn";"Gemeinden";"21.331,03";"23.337,99";"25.540,41";"29.438,37"
"08325072";"Deißlingen";"Gemeinden";"22.449,96";"25.208,10";"27.487,02";"31.753,44"
"08326003";"Bad Dürrheim, Stadt";"Gemeinden";"22.906,68";"25.246,51";"26.902,93";"31.551,82"
"08326005";"Blumberg, Stadt";"Gemeinden";"20.540,65";"22.963,97";"24.922,75";"28.740,39"
"08326006";"Bräunlingen, Stadt";"Gemeinden";"21.483,40";"24.255,06";"26.042,26";"30.150,52"
"08326010";"Dauchingen";"Gemeinden";"24.801,63";"27.051,76";"28.744,92";"33.486,62"
"08326012";"Donaueschingen, Stadt";"Gemeinden";"22.221,48";"24.747,13";"26.485,23";"30.690,32"
"08326017";"Furtwangen im Schwarzwald, Stadt";"Gemeinden";"24.656,28";"26.375,29";"27.434,76";"31.499,02"
"08326020";"Gütenbach";"Gemeinden";"19.656,36";"21.148,65";"23.245,59";"26.495,46"
"08326027";"Hüfingen, Stadt";"Gemeinden";"20.605,71";"23.250,59";"25.144,26";"29.168,10"
"08326031";"Königsfeld im Schwarzwald";"Gemeinden";"22.904,15";"25.439,23";"27.927,14";"32.349,64"
"08326037";"Mönchweiler";"Gemeinden";"21.599,46";"23.442,96";"25.564,31";"29.716,63"
"08326041";"Niedereschach";"Gemeinden";"23.235,29";"26.473,94";"28.714,00";"33.304,57"
"08326052";"St. Georgen im Schwarzwald, Stadt";"Gemeinden";"22.919,30";"24.541,11";"25.461,17";"29.450,72"
"08326054";"Schönwald im Schwarzwald";"Gemeinden";"21.940,05";"24.986,85";"26.303,27";"30.683,37"
"08326055";"Schonach im Schwarzwald";"Gemeinden";"21.462,01";"23.709,71";"26.279,98";"30.131,96"
"08326060";"Triberg im Schwarzwald, Stadt";"Gemeinden";"21.025,56";"23.253,88";"24.969,04";"28.608,72"
"08326061";"Tuningen";"Gemeinden";"22.086,91";"24.270,51";"26.459,64";"30.868,72"
"08326065";"Unterkirnach";"Gemeinden";"20.100,32";"22.812,38";"24.785,71";"28.769,09"
"08326068";"Vöhrenbach, Stadt";"Gemeinden";"20.946,12";"23.400,48";"25.625,24";"29.852,15"
"08326074";"Villingen-Schwenningen, Stadt";"Gemeinden";"22.052,27";"24.119,42";"25.977,12";"30.214,67"
"08326075";"Brigachtal";"Gemeinden";"22.515,79";"25.281,22";"27.295,65";"31.396,59"
"08327002";"Aldingen";"Gemeinden";"21.981,96";"24.683,85";"26.414,89";"30.903,04"
"08327004";"Bärenthal";"Gemeinden";"24.415,16";"26.538,82";"28.600,55";"33.520,60"
"08327005";"Balgheim";"Gemeinden";"28.340,54";"30.496,59";"31.716,89";"36.682,33"
"08327006";"Böttingen";"Gemeinden";"21.976,67";"24.283,63";"26.703,89";"31.137,32"
"08327007";"Bubsheim";"Gemeinden";"25.917,49";"29.279,70";"29.996,02";"34.774,44"
"08327008";"Buchheim";"Gemeinden";"20.842,85";"23.122,28";"25.442,12";"29.778,59"
"08327009";"Deilingen";"Gemeinden";"27.181,84";"29.192,11";"30.766,47";"36.182,73"
"08327010";"Denkingen";"Gemeinden";"23.067,33";"25.425,42";"27.773,92";"31.872,50"
"08327011";"Dürbheim";"Gemeinden";"23.662,20";"26.073,04";"27.547,31";"32.148,36"
"08327012";"Durchhausen";"Gemeinden";"22.445,55";"25.655,57";"28.178,95";"33.020,41"
"08327013";"Egesheim";"Gemeinden";"22.042,73";"25.295,57";"27.461,96";"31.325,06"
"08327016";"Fridingen an der Donau, Stadt";"Gemeinden";"22.586,75";"24.739,51";"26.603,00";"31.625,50"
"08327017";"Frittlingen";"Gemeinden";"25.127,35";"29.543,88";"31.201,51";"36.239,86"
"08327018";"Geisingen, Stadt";"Gemeinden";"21.770,35";"24.658,41";"26.363,11";"30.547,46"
"08327019";"Gosheim";"Gemeinden";"27.885,48";"29.861,49";"31.382,23";"36.413,96"
"08327020";"Gunningen";"Gemeinden";"19.547,37";"21.952,32";"23.883,38";"28.147,91"
"08327023";"Hausen ob Verena";"Gemeinden";"23.323,80";"26.585,47";"28.649,95";"33.760,58"
"08327025";"Immendingen";"Gemeinden";"20.086,09";"22.839,18";"24.877,38";"29.059,22"
"08327027";"Irndorf";"Gemeinden";"21.895,54";"23.885,33";"25.509,74";"29.215,12"
"08327029";"Königsheim";"Gemeinden";"24.648,93";"27.125,04";"28.539,58";"33.522,14"
"08327030";"Kolbingen";"Gemeinden";"23.976,43";"26.713,40";"28.836,04";"33.757,24"
"08327033";"Mahlstetten";"Gemeinden";"23.348,73";"25.893,70";"27.514,52";"32.450,13"
"08327036";"Mühlheim an der Donau, Stadt";"Gemeinden";"26.378,53";"28.404,94";"29.451,46";"34.450,44"
"08327038";"Neuhausen ob Eck";"Gemeinden";"22.009,65";"23.907,53";"25.835,89";"30.148,73"
"08327040";"Reichenbach am Heuberg";"Gemeinden";"21.289,16";"23.555,10";"25.572,10";"29.164,75"
"08327041";"Renquishausen";"Gemeinden";"23.939,96";"26.612,29";"29.264,27";"34.399,16"
"08327046";"Spaichingen, Stadt";"Gemeinden";"23.600,50";"25.951,98";"27.470,38";"32.036,20"
"08327048";"Talheim";"Gemeinden";"20.558,99";"22.777,54";"25.212,45";"29.435,42"
"08327049";"Trossingen, Stadt";"Gemeinden";"20.851,53";"23.165,62";"24.803,31";"28.867,77"
"08327050";"Tuttlingen, Stadt";"Gemeinden";"23.115,79";"25.035,39";"27.353,01";"31.729,61"
"08327051";"Wehingen";"Gemeinden";"23.074,26";"25.184,09";"27.395,14";"31.573,57"
"08327054";"Wurmlingen";"Gemeinden";"25.349,00";"27.647,21";"28.852,37";"33.779,65"
"08327055";"Seitingen-Oberflacht";"Gemeinden";"23.367,82";"25.946,91";"27.667,98";"32.725,75"
"08327056";"Rietheim-Weilheim";"Gemeinden";"25.373,17";"27.540,43";"28.716,56";"33.387,63"
"08327057";"Emmingen-Liptingen";"Gemeinden";"24.491,25";"26.979,96";"29.175,78";"34.097,41"
"08335001";"Aach, Stadt";"Gemeinden";"20.984,31";"23.899,17";"25.832,22";"29.791,91"
"08335002";"Allensbach";"Gemeinden";"24.618,94";"27.968,89";"29.775,67";"34.618,51"
"08335015";"Büsingen am Hochrhein";"Gemeinden";"23.868,03";"26.801,03";"28.374,57";"32.909,79"
"08335021";"Eigeltingen";"Gemeinden";"24.432,33";"26.100,48";"28.293,86";"32.834,76"
"08335022";"Engen, Stadt";"Gemeinden";"22.662,29";"25.213,69";"27.039,16";"31.355,58"
"08335025";"Gaienhofen";"Gemeinden";"26.295,65";"29.610,06";"32.948,63";"38.244,33"
"08335026";"Gailingen am Hochrhein";"Gemeinden";"21.813,45";"24.510,66";"26.737,17";"30.769,69"
"08335028";"Gottmadingen";"Gemeinden";"22.450,84";"24.977,03";"26.610,73";"30.867,91"
"08335035";"Hilzingen";"Gemeinden";"23.314,22";"26.321,85";"27.468,45";"31.771,51"
"08335043";"Konstanz, Universitätsstadt";"Gemeinden";"20.931,51";"22.886,87";"24.576,40";"28.675,15"
"08335055";"Moos";"Gemeinden";"24.477,15";"27.762,82";"29.766,26";"34.495,80"
"08335057";"Mühlingen";"Gemeinden";"19.664,94";"22.390,67";"24.764,49";"28.560,51"
"08335061";"Öhningen";"Gemeinden";"23.795,13";"27.025,84";"29.840,86";"34.562,88"
"08335063";"Radolfzell am Bodensee, Stadt";"Gemeinden";"22.764,88";"25.649,18";"27.329,80";"31.724,87"
"08335066";"Reichenau";"Gemeinden";"23.344,10";"25.248,02";"27.250,24";"31.790,15"
"08335075";"Singen (Hohentwiel), Stadt";"Gemeinden";"20.343,61";"22.947,62";"24.259,63";"28.188,64"
"08335077";"Steißlingen";"Gemeinden";"23.274,06";"26.187,60";"27.942,93";"32.577,69"
"08335079";"Stockach, Stadt";"Gemeinden";"21.575,65";"24.239,33";"26.323,58";"30.601,48"
"08335080";"Tengen, Stadt";"Gemeinden";"20.863,39";"23.333,90";"25.557,72";"30.149,47"
"08335081";"Volkertshausen";"Gemeinden";"22.374,22";"25.515,71";"27.500,23";"31.822,57"
"08335096";"Hohenfels";"Gemeinden";"21.859,27";"25.214,06";"27.355,67";"32.266,92"
"08335097";"Mühlhausen-Ehingen";"Gemeinden";"20.773,22";"23.516,89";"25.122,74";"29.354,21"
"08335098";"Bodman-Ludwigshafen";"Gemeinden";"25.588,29";"28.707,91";"30.951,26";"35.501,17"
"08335099";"Orsingen-Nenzingen";"Gemeinden";"23.432,71";"25.613,15";"28.113,27";"32.468,62"
"08335100";"Rielasingen-Worblingen";"Gemeinden";"22.226,29";"24.822,20";"26.387,48";"30.722,83"
"08336004";"Aitern";"Gemeinden";"21.334,19";"23.539,53";"26.091,05";"29.922,77"
"08336006";"Bad Bellingen";"Gemeinden";"22.649,03";"25.384,35";"26.746,85";"31.534,85"
"08336008";"Binzen";"Gemeinden";"27.687,63";"30.807,61";"32.129,47";"37.478,44"
"08336010";"Böllen";"Gemeinden";"25.433,22";"26.632,11";"29.070,97";"33.133,82"
"08336014";"Efringen-Kirchen";"Gemeinden";"22.983,93";"25.736,89";"27.951,42";"32.441,69"
"08336019";"Eimeldingen";"Gemeinden";"24.263,57";"27.221,39";"28.498,61";"33.035,14"
"08336024";"Fischingen";"Gemeinden";"27.063,04";"29.590,80";"32.297,42";"38.127,99"
"08336025";"Fröhnd";"Gemeinden";"20.606,86";"23.447,73";"25.581,13";"29.385,68"
"08336034";"Hasel";"Gemeinden";"21.757,82";"24.232,45";"25.931,19";"30.595,09"
"08336036";"Hausen im Wiesental";"Gemeinden";"20.979,97";"23.604,21";"25.213,08";"29.736,75"
"08336043";"Inzlingen";"Gemeinden";"26.605,47";"28.890,31";"30.541,71";"36.365,89"
"08336045";"Kandern, Stadt";"Gemeinden";"22.788,16";"25.564,17";"27.354,23";"31.968,33"
"08336050";"Lörrach, Stadt";"Gemeinden";"23.530,36";"26.299,45";"27.955,41";"32.555,01"
"08336057";"Maulburg";"Gemeinden";"24.379,05";"26.426,42";"27.529,59";"32.323,29"
"08336069";"Rheinfelden (Baden), Stadt";"Gemeinden";"22.008,87";"24.796,88";"26.472,77";"30.877,16"
"08336073";"Rümmingen";"Gemeinden";"24.940,35";"28.331,64";"30.589,61";"35.737,49"
"08336075";"Schallbach";"Gemeinden";"23.831,49";"26.521,36";"27.742,92";"33.014,69"
"08336078";"Schliengen";"Gemeinden";"22.426,23";"25.200,29";"27.194,43";"31.922,01"
"08336079";"Schönau im Schwarzwald, Stadt";"Gemeinden";"21.367,19";"23.473,15";"25.080,20";"29.676,97"
"08336080";"Schönenberg";"Gemeinden";"19.566,75";"21.643,95";"23.435,01";"27.314,82"
"08336081";"Schopfheim, Stadt";"Gemeinden";"22.325,82";"25.263,89";"27.196,11";"31.574,12"
"08336082";"Schwörstadt";"Gemeinden";"21.824,05";"24.745,33";"26.346,42";"30.307,53"
"08336084";"Steinen";"Gemeinden";"24.442,21";"26.657,32";"28.379,11";"33.284,39"
"08336087";"Todtnau, Stadt";"Gemeinden";"22.038,56";"24.238,12";"26.030,03";"30.656,89"
"08336089";"Tunau";"Gemeinden";"23.427,36";"25.334,17";"27.289,93";"32.366,67"
"08336090";"Utzenfeld";"Gemeinden";"20.384,13";"23.338,90";"25.159,48";"30.099,34"
"08336091";"Weil am Rhein, Stadt";"Gemeinden";"21.791,03";"24.566,28";"26.254,52";"30.446,32"
"08336094";"Wembach";"Gemeinden";"23.844,83";"25.587,75";"26.359,23";"30.893,65"
"08336096";"Wieden";"Gemeinden";"19.957,08";"22.666,21";"24.814,83";"29.363,75"
"08336100";"Wittlingen";"Gemeinden";"22.724,64";"25.645,82";"27.830,11";"32.945,77"
"08336103";"Zell im Wiesental, Stadt";"Gemeinden";"19.588,01";"22.054,03";"23.747,37";"27.465,71"
"08336104";"Malsburg-Marzell";"Gemeinden";"20.675,13";"23.470,20";"25.106,18";"29.630,20"
"08336105";"Grenzach-Wyhlen";"Gemeinden";"24.771,96";"27.171,63";"28.092,88";"32.718,46"
"08336106";"Häg-Ehrsberg";"Gemeinden";"20.135,87";"22.239,98";"24.070,97";"28.095,19"
"08336107";"Kleines Wiesental";"Gemeinden";"21.716,04";"24.605,20";"26.499,33";"31.046,49"
"08337002";"Albbruck";"Gemeinden";"20.123,97";"23.368,19";"25.380,52";"29.545,65"
"08337013";"Bernau im Schwarzwald";"Gemeinden";"21.245,50";"23.229,42";"25.312,19";"29.289,99"
"08337022";"Bonndorf im Schwarzwald, Stadt";"Gemeinden";"21.168,16";"23.313,28";"25.315,36";"29.323,54"
"08337027";"Dachsberg (Südschwarzwald)";"Gemeinden";"19.261,06";"21.653,72";"23.970,37";"28.192,84"
"08337030";"Dettighofen";"Gemeinden";"20.949,48";"23.990,96";"26.263,07";"30.532,43"
"08337032";"Dogern";"Gemeinden";"22.921,40";"26.460,53";"28.826,86";"33.450,83"
"08337038";"Görwihl";"Gemeinden";"20.423,47";"23.453,15";"25.514,19";"29.461,52"
"08337039";"Grafenhausen";"Gemeinden";"21.064,99";"24.219,52";"25.638,18";"29.823,88"
"08337045";"Häusern";"Gemeinden";"21.374,86";"23.639,58";"25.210,94";"29.389,77"
"08337049";"Herrischried";"Gemeinden";"19.528,52";"22.437,63";"24.738,82";"28.720,11"
"08337051";"Höchenschwand";"Gemeinden";"21.131,85";"23.839,99";"25.657,29";"29.909,48"
"08337053";"Hohentengen am Hochrhein";"Gemeinden";"21.125,49";"23.831,53";"26.337,06";"30.501,26"
"08337059";"Ibach";"Gemeinden";"19.691,64";"22.005,81";"23.887,00";"27.294,96"
"08337060";"Jestetten";"Gemeinden";"22.249,10";"25.229,32";"27.476,24";"31.911,00"
"08337062";"Klettgau";"Gemeinden";"21.023,41";"23.708,63";"25.456,97";"29.307,11"
"08337065";"Lauchringen";"Gemeinden";"21.967,81";"24.760,22";"26.814,69";"31.227,35"
"08337066";"Laufenburg (Baden), Stadt";"Gemeinden";"21.688,19";"24.515,93";"26.387,44";"30.676,43"
"08337070";"Lottstetten";"Gemeinden";"20.426,81";"23.286,24";"25.841,90";"30.353,62"
"08337076";"Murg";"Gemeinden";"21.762,11";"24.642,69";"26.344,92";"30.782,25"
"08337090";"Rickenbach";"Gemeinden";"22.097,81";"24.773,12";"26.532,50";"30.742,05"
"08337096";"Bad Säckingen, Stadt";"Gemeinden";"23.353,67";"26.108,52";"27.433,59";"31.770,03"
"08337097";"St. Blasien, Stadt";"Gemeinden";"18.815,56";"21.127,11";"22.845,91";"26.734,63"
"08337106";"Stühlingen, Stadt";"Gemeinden";"20.697,16";"23.323,05";"25.154,99";"29.071,33"
"08337108";"Todtmoos";"Gemeinden";"19.419,20";"21.599,96";"23.653,43";"27.463,31"
"08337116";"Wehr, Stadt";"Gemeinden";"22.282,48";"24.880,12";"26.731,53";"31.021,98"
"08337118";"Weilheim";"Gemeinden";"23.112,35";"25.484,36";"28.154,46";"32.612,40"
"08337123";"Wutöschingen";"Gemeinden";"21.047,25";"23.658,43";"25.287,14";"29.305,02"
"08337124";"Eggingen";"Gemeinden";"21.416,78";"23.461,83";"25.587,94";"29.596,92"
"08337125";"Küssaberg";"Gemeinden";"21.073,55";"23.960,64";"25.979,18";"30.411,54"
"08337126";"Waldshut-Tiengen, Stadt";"Gemeinden";"22.762,83";"24.868,82";"25.977,83";"30.095,80"
"08337127";"Wutach";"Gemeinden";"21.974,11";"24.679,74";"26.780,12";"30.948,89"
"08337128";"Ühlingen-Birkendorf";"Gemeinden";"20.191,47";"22.859,88";"24.760,01";"28.739,07"
"08415014";"Dettingen an der Erms";"Gemeinden";"22.867,63";"25.305,99";"26.919,65";"31.301,20"
"08415019";"Eningen unter Achalm";"Gemeinden";"23.546,63";"25.366,65";"27.389,62";"32.149,76"
"08415027";"Gomadingen";"Gemeinden";"21.273,03";"23.631,38";"25.679,69";"30.195,02"
"08415028";"Grabenstetten";"Gemeinden";"23.543,59";"25.093,68";"27.203,66";"31.714,24"
"08415029";"Grafenberg";"Gemeinden";"25.788,69";"27.673,64";"29.790,50";"34.826,56"
"08415034";"Hayingen, Stadt";"Gemeinden";"21.030,16";"23.201,57";"25.249,16";"29.435,54"
"08415039";"Hülben";"Gemeinden";"22.596,18";"25.000,81";"26.468,32";"31.196,86"
"08415048";"Mehrstetten";"Gemeinden";"20.896,68";"23.514,95";"25.876,91";"30.481,82"
"08415050";"Metzingen, Stadt";"Gemeinden";"24.331,69";"26.639,34";"28.322,02";"33.059,90"
"08415053";"Münsingen, Stadt";"Gemeinden";"20.738,05";"23.334,44";"25.187,89";"29.783,07"
"08415058";"Pfronstetten";"Gemeinden";"19.904,53";"22.326,14";"25.059,83";"29.266,31"
"08415059";"Pfullingen, Stadt";"Gemeinden";"23.856,87";"25.760,77";"27.018,51";"31.526,93"
"08415060";"Pliezhausen";"Gemeinden";"26.716,71";"28.961,81";"31.084,11";"36.453,98"
"08415061";"Reutlingen, Stadt";"Gemeinden";"22.739,93";"24.882,56";"26.262,26";"30.434,04"
"08415062";"Riederich";"Gemeinden";"24.160,05";"26.075,54";"27.561,93";"31.859,33"
"08415073";"Trochtelfingen, Stadt";"Gemeinden";"22.223,68";"24.810,80";"27.312,77";"31.663,02"
"08415078";"Bad Urach, Stadt";"Gemeinden";"22.335,31";"24.095,69";"26.045,67";"30.291,35"
"08415080";"Wannweil";"Gemeinden";"23.739,38";"25.680,90";"27.580,39";"32.108,51"
"08415085";"Zwiefalten";"Gemeinden";"22.487,45";"23.559,87";"24.543,08";"29.126,86"
"08415087";"Walddorfhäslach";"Gemeinden";"24.688,87";"26.894,84";"29.039,09";"33.535,54"
"08415088";"Römerstein";"Gemeinden";"22.676,80";"24.722,48";"26.639,89";"31.422,96"
"08415089";"Engstingen";"Gemeinden";"21.221,42";"23.435,24";"25.503,95";"29.472,63"
"08415090";"Hohenstein";"Gemeinden";"21.892,99";"24.178,05";"25.879,37";"30.507,17"
"08415091";"Sonnenbühl";"Gemeinden";"24.004,14";"26.626,60";"27.849,67";"32.733,28"
"08415092";"Lichtenstein";"Gemeinden";"21.980,57";"24.296,35";"25.362,40";"29.364,59"
"08415093";"St. Johann";"Gemeinden";"22.619,23";"24.768,15";"26.614,77";"31.219,12"
"08415971";"Gutsbezirk Münsingen, gemeindefreies Gebiet";"Gemeinden";;;;
"08416006";"Bodelshausen";"Gemeinden";"22.226,60";"24.767,56";"26.520,89";"30.734,16"
"08416009";"Dettenhausen";"Gemeinden";"26.565,30";"28.669,83";"30.236,32";"35.361,86"
"08416011";"Dußlingen";"Gemeinden";"22.249,30";"23.961,75";"25.797,38";"30.232,06"
"08416015";"Gomaringen";"Gemeinden";"23.819,49";"25.752,62";"27.248,31";"31.619,75"
"08416018";"Hirrlingen";"Gemeinden";"21.736,70";"23.487,59";"25.621,26";"29.484,81"
"08416022";"Kirchentellinsfurt";"Gemeinden";"23.987,23";"26.510,47";"28.977,17";"33.494,28"
"08416023";"Kusterdingen";"Gemeinden";"25.062,93";"27.197,58";"29.655,61";"34.289,36"
"08416025";"Mössingen, Stadt";"Gemeinden";"21.258,80";"23.813,81";"25.969,47";"30.052,33"
"08416026";"Nehren";"Gemeinden";"22.049,50";"24.675,74";"26.745,08";"31.071,87"
"08416031";"Ofterdingen";"Gemeinden";"22.773,85";"25.262,81";"27.445,86";"32.017,80"
"08416036";"Rottenburg am Neckar, Stadt";"Gemeinden";"22.345,62";"24.545,00";"26.623,97";"30.831,83"
"08416041";"Tübingen, Universitätsstadt";"Gemeinden";"22.165,09";"24.022,70";"25.247,63";"29.184,99"
"08416048";"Ammerbuch";"Gemeinden";"24.415,18";"26.394,86";"28.259,43";"32.595,99"
"08416049";"Neustetten";"Gemeinden";"21.332,08";"23.969,45";"26.239,37";"30.680,85"
"08416050";"Starzach";"Gemeinden";"21.899,25";"24.448,38";"26.546,29";"30.652,57"
"08417002";"Balingen, Stadt";"Gemeinden";"24.281,48";"27.121,62";"29.163,60";"33.957,25"
"08417008";"Bisingen";"Gemeinden";"22.482,13";"25.096,66";"26.831,20";"31.042,69"
"08417010";"Bitz";"Gemeinden";"21.318,92";"23.301,05";"25.200,59";"29.261,04"
"08417013";"Burladingen, Stadt";"Gemeinden";"21.579,53";"23.535,28";"25.288,98";"29.171,19"
"08417014";"Dautmergen";"Gemeinden";"21.838,20";"23.970,67";"25.971,13";"30.359,38"
"08417015";"Dormettingen";"Gemeinden";"22.383,54";"24.601,60";"25.893,50";"30.262,44"
"08417016";"Dotternhausen";"Gemeinden";"26.263,32";"28.163,54";"29.209,23";"34.108,12"
"08417022";"Geislingen, Stadt";"Gemeinden";"22.549,91";"24.523,56";"26.463,83";"30.533,19"
"08417023";"Grosselfingen";"Gemeinden";"21.305,42";"24.250,83";"26.363,11";"30.119,51"
"08417025";"Haigerloch, Stadt";"Gemeinden";"21.782,72";"23.622,58";"25.217,11";"29.588,82"
"08417029";"Hausen am Tann";"Gemeinden";"20.889,78";"23.042,39";"25.469,95";"29.933,00"
"08417031";"Hechingen, Stadt";"Gemeinden";"22.456,61";"24.989,04";"26.491,04";"30.683,67"
"08417036";"Jungingen";"Gemeinden";"29.191,20";"30.981,04";"32.897,23";"38.250,92"
"08417044";"Meßstetten, Stadt";"Gemeinden";"21.390,24";"24.032,83";"25.687,76";"29.978,61"
"08417045";"Nusplingen";"Gemeinden";"21.924,81";"24.563,61";"26.650,14";"30.838,88"
"08417047";"Obernheim";"Gemeinden";"22.021,89";"24.467,21";"26.198,73";"30.583,84"
"08417051";"Rangendingen";"Gemeinden";"21.500,82";"24.165,69";"26.260,14";"30.464,07"
"08417052";"Ratshausen";"Gemeinden";"23.044,05";"25.687,75";"28.521,74";"32.983,16"
"08417054";"Rosenfeld, Stadt";"Gemeinden";"25.843,43";"28.658,80";"30.387,11";"35.240,03"
"08417057";"Schömberg, Stadt";"Gemeinden";"21.442,92";"23.932,02";"25.381,96";"29.245,95"
"08417063";"Straßberg";"Gemeinden";"21.416,29";"23.864,93";"25.534,31";"29.740,03"
"08417071";"Weilen unter den Rinnen";"Gemeinden";"24.919,58";"27.064,81";"29.259,79";"34.204,55"
"08417075";"Winterlingen";"Gemeinden";"21.290,16";"23.671,10";"25.471,14";"29.781,25"
"08417078";"Zimmern unter der Burg";"Gemeinden";"21.161,01";"22.556,03";"24.628,01";"29.080,56"
"08417079";"Albstadt, Stadt";"Gemeinden";"23.065,20";"25.183,56";"26.457,65";"30.625,95"
"08421000";"Ulm, Universitätsstadt";"Gemeinden";"23.196,22";"25.515,86";"26.877,26";"31.106,15"
"08425002";"Allmendingen";"Gemeinden";"20.557,86";"23.243,90";"25.016,15";"28.948,14"
"08425004";"Altheim";"Gemeinden";"21.718,35";"22.968,77";"24.844,56";"29.279,96"
"08425005";"Altheim (Alb)";"Gemeinden";"21.562,16";"24.094,75";"25.386,52";"29.930,39"
"08425008";"Amstetten";"Gemeinden";"23.266,53";"24.936,75";"26.181,52";"30.498,06"
"08425011";"Asselfingen";"Gemeinden";"22.018,84";"24.617,29";"26.395,89";"30.291,93"
"08425013";"Ballendorf";"Gemeinden";"22.423,63";"24.600,58";"27.337,07";"31.270,58"
"08425014";"Beimerstetten";"Gemeinden";"23.246,65";"26.102,29";"28.425,48";"33.094,07"
"08425017";"Berghülen";"Gemeinden";"21.137,96";"24.017,20";"26.487,24";"30.638,07"
"08425019";"Bernstadt";"Gemeinden";"23.791,69";"26.697,78";"29.075,53";"33.854,03"
"08425020";"Blaubeuren, Stadt";"Gemeinden";"22.762,63";"24.379,37";"25.942,62";"29.983,23"
"08425022";"Börslingen";"Gemeinden";"21.227,59";"23.319,38";"26.160,31";"30.628,39"
"08425024";"Breitingen";"Gemeinden";"21.771,95";"23.818,70";"25.305,72";"29.860,98"
"08425028";"Dietenheim, Stadt";"Gemeinden";"20.990,18";"22.870,70";"24.690,28";"28.502,40"
"08425031";"Dornstadt";"Gemeinden";"23.108,51";"25.689,60";"27.625,00";"32.471,93"
"08425033";"Ehingen (Donau), Stadt";"Gemeinden";"21.450,15";"23.876,63";"25.880,50";"29.854,40"
"08425035";"Emeringen";"Gemeinden";"19.899,80";"23.055,59";"25.394,81";"30.326,63"
"08425036";"Emerkingen";"Gemeinden";"20.052,34";"23.289,14";"25.711,75";"30.072,06"
"08425039";"Erbach, Stadt";"Gemeinden";"22.969,44";"25.587,46";"27.719,20";"31.992,17"
"08425050";"Griesingen";"Gemeinden";"20.643,23";"23.248,31";"25.208,17";"29.480,10"
"08425052";"Grundsheim";"Gemeinden";"25.154,43";"26.609,47";"28.454,27";"33.127,77"
"08425055";"Hausen am Bussen";"Gemeinden";"21.436,16";"23.409,82";"25.577,06";"30.431,44"
"08425062";"Holzkirch";"Gemeinden";"22.108,74";"24.062,60";"26.327,97";"31.220,05"
"08425064";"Hüttisheim";"Gemeinden";"22.251,34";"25.190,99";"27.045,18";"31.262,91"
"08425066";"Illerrieden";"Gemeinden";"22.554,36";"24.424,94";"26.642,26";"30.902,58"
"08425071";"Laichingen, Stadt";"Gemeinden";"22.564,12";"24.386,79";"26.029,76";"30.282,51"
"08425072";"Langenau, Stadt";"Gemeinden";"22.677,78";"25.189,97";"26.820,91";"31.119,45"
"08425073";"Lauterach";"Gemeinden";"19.089,16";"21.359,73";"23.604,50";"27.728,46"
"08425075";"Lonsee";"Gemeinden";"22.303,55";"24.990,46";"26.315,03";"30.589,81"
"08425079";"Merklingen";"Gemeinden";"23.349,59";"24.949,34";"26.904,67";"31.078,62"
"08425081";"Munderkingen, Stadt";"Gemeinden";"21.096,97";"23.360,07";"25.440,46";"29.145,22"
"08425083";"Neenstetten";"Gemeinden";"22.382,06";"25.358,01";"27.290,14";"31.902,41"
"08425084";"Nellingen";"Gemeinden";"23.324,28";"25.424,02";"28.002,22";"32.381,26"
"08425085";"Nerenstetten";"Gemeinden";"19.010,28";"21.522,96";"23.909,03";"28.093,52"
"08425088";"Oberdischingen";"Gemeinden";"22.708,46";"24.448,85";"26.896,80";"31.894,48"
"08425090";"Obermarchtal";"Gemeinden";"20.825,77";"22.985,18";"24.951,02";"29.208,97"
"08425091";"Oberstadion";"Gemeinden";"21.501,75";"23.924,65";"26.157,94";"30.064,40"
"08425092";"Öllingen";"Gemeinden";"22.356,50";"23.255,22";"25.169,26";"28.626,18"
"08425093";"Öpfingen";"Gemeinden";"22.192,59";"24.685,55";"26.632,52";"30.489,58"
"08425097";"Rammingen";"Gemeinden";"22.200,02";"25.149,05";"26.586,29";"30.371,48"
"08425098";"Rechtenstein";"Gemeinden";"24.364,61";"26.634,28";"27.257,69";"32.309,89"
"08425104";"Rottenacker";"Gemeinden";"20.100,33";"22.471,86";"24.963,18";"28.696,12"
"08425108";"Schelklingen, Stadt";"Gemeinden";"20.304,02";"22.408,95";"24.623,53";"28.537,75"
"08425110";"Schnürpflingen";"Gemeinden";"21.267,86";"24.081,15";"25.957,30";"30.193,43"
"08425112";"Setzingen";"Gemeinden";"19.101,68";"21.901,09";"24.655,62";"28.908,20"
"08425123";"Untermarchtal";"Gemeinden";"19.936,89";"22.638,06";"25.333,40";"28.954,75"
"08425124";"Unterstadion";"Gemeinden";"21.199,67";"23.901,18";"26.418,49";"30.651,28"
"08425125";"Unterwachingen";"Gemeinden";"21.277,29";"24.293,14";"25.523,37";"30.282,63"
"08425130";"Weidenstetten";"Gemeinden";"21.546,85";"23.909,39";"25.534,59";"29.725,28"
"08425134";"Westerheim";"Gemeinden";"23.936,71";"26.357,27";"28.441,36";"33.471,93"
"08425135";"Westerstetten";"Gemeinden";"22.404,77";"25.489,89";"27.605,09";"32.476,20"
"08425137";"Illerkirchberg";"Gemeinden";"23.799,43";"26.520,79";"28.056,75";"32.901,73"
"08425138";"Staig";"Gemeinden";"23.643,53";"25.725,22";"28.110,32";"33.122,88"
"08425139";"Heroldstatt";"Gemeinden";"23.542,06";"25.272,51";"26.711,75";"31.159,44"
"08425140";"Balzheim";"Gemeinden";"22.943,26";"24.884,81";"26.619,63";"30.418,89"
"08425141";"Blaustein, Stadt";"Gemeinden";"23.596,74";"25.765,16";"27.442,23";"31.810,65"
"08426001";"Achstetten";"Gemeinden";"23.794,23";"26.676,74";"29.345,43";"34.122,03"
"08426005";"Alleshausen";"Gemeinden";"20.665,55";"23.521,19";"26.136,83";"30.354,52"
"08426006";"Allmannsweiler";"Gemeinden";"19.033,12";"21.504,70";"23.656,69";"27.988,06"
"08426008";"Altheim";"Gemeinden";"21.467,08";"24.164,28";"26.329,41";"30.562,02"
"08426011";"Attenweiler";"Gemeinden";"22.606,28";"24.916,83";"27.454,26";"31.841,88"
"08426013";"Bad Buchau, Stadt";"Gemeinden";"20.402,34";"22.658,56";"24.298,35";"28.303,05"
"08426014";"Bad Schussenried, Stadt";"Gemeinden";"20.841,78";"23.128,41";"24.730,75";"28.486,42"
"08426019";"Berkheim";"Gemeinden";"21.598,40";"23.976,85";"26.101,97";"30.400,92"
"08426020";"Betzenweiler";"Gemeinden";"27.743,31";"31.103,45";"32.372,46";"37.752,12"
"08426021";"Biberach an der Riß, Stadt";"Gemeinden";"24.311,13";"26.248,82";"28.274,19";"32.697,17"
"08426028";"Burgrieden";"Gemeinden";"24.195,63";"26.231,61";"28.313,57";"32.693,52"
"08426031";"Dettingen an der Iller";"Gemeinden";"20.935,28";"23.403,76";"25.740,75";"29.782,18"
"08426035";"Dürmentingen";"Gemeinden";"23.582,63";"26.204,86";"28.354,56";"32.580,56"
"08426036";"Dürnau";"Gemeinden";"19.472,38";"21.928,76";"24.375,26";"28.299,16"
"08426038";"Eberhardzell";"Gemeinden";"21.719,45";"24.359,12";"27.033,64";"31.508,45"
"08426043";"Erlenmoos";"Gemeinden";"22.731,30";"24.357,90";"26.561,75";"30.300,55"
"08426044";"Erolzheim";"Gemeinden";"22.872,19";"24.895,40";"27.019,71";"31.581,30"
"08426045";"Ertingen";"Gemeinden";"21.324,98";"24.273,33";"26.209,99";"30.160,19"
"08426058";"Hochdorf";"Gemeinden";"23.157,80";"25.851,27";"27.781,29";"32.376,72"
"08426062";"Ingoldingen";"Gemeinden";"21.505,46";"23.872,03";"26.443,53";"30.600,45"
"08426064";"Kanzach";"Gemeinden";"20.422,13";"23.149,53";"24.456,40";"28.749,30"
"08426065";"Kirchberg an der Iller";"Gemeinden";"21.725,74";"23.421,36";"25.957,40";"29.619,67"
"08426066";"Kirchdorf an der Iller";"Gemeinden";"20.828,39";"23.531,37";"25.270,80";"29.411,19"
"08426067";"Langenenslingen";"Gemeinden";"21.221,16";"23.756,45";"25.824,32";"29.787,54"
"08426070";"Laupheim, Stadt";"Gemeinden";"22.682,27";"25.232,05";"27.765,02";"32.237,36"
"08426071";"Maselheim";"Gemeinden";"20.974,89";"23.553,83";"26.329,28";"30.920,47"
"08426073";"Mietingen";"Gemeinden";"21.907,08";"24.718,48";"26.147,29";"30.732,66"
"08426074";"Mittelbiberach";"Gemeinden";"24.601,69";"27.729,36";"30.095,78";"34.809,62"
"08426078";"Moosburg";"Gemeinden";"24.418,85";"27.219,46";"29.551,15";"34.247,18"
"08426087";"Ochsenhausen, Stadt";"Gemeinden";"21.414,09";"23.702,17";"25.620,04";"29.503,52"
"08426090";"Oggelshausen";"Gemeinden";"23.331,48";"25.235,04";"26.773,30";"31.137,17"
"08426097";"Riedlingen, Stadt";"Gemeinden";"21.417,52";"23.195,62";"25.197,62";"29.070,62"
"08426100";"Rot an der Rot";"Gemeinden";"22.626,51";"24.733,72";"25.994,00";"30.332,35"
"08426108";"Schwendi";"Gemeinden";"22.601,58";"24.549,58";"25.741,77";"29.796,37"
"08426109";"Seekirch";"Gemeinden";"22.273,69";"24.114,07";"26.374,49";"31.411,21"
"08426113";"Steinhausen an der Rottum";"Gemeinden";"20.891,25";"23.049,14";"25.591,44";"29.754,04"
"08426117";"Tannheim";"Gemeinden";"22.131,74";"24.027,14";"25.706,83";"29.879,32"
"08426118";"Tiefenbach";"Gemeinden";"21.425,44";"23.705,32";"25.650,40";"29.306,47"
"08426120";"Ummendorf";"Gemeinden";"23.083,08";"25.470,96";"27.484,87";"31.492,89"
"08426121";"Unlingen";"Gemeinden";"20.443,91";"22.990,30";"25.082,99";"29.143,55"
"08426124";"Uttenweiler";"Gemeinden";"20.630,80";"23.156,30";"25.674,20";"29.699,88"
"08426125";"Wain";"Gemeinden";"21.518,64";"24.159,12";"26.563,67";"31.101,36"
"08426128";"Warthausen";"Gemeinden";"25.071,09";"28.154,69";"30.125,04";"35.080,01"
"08426134";"Schemmerhofen";"Gemeinden";"22.824,61";"25.821,35";"28.220,34";"32.743,35"
"08426135";"Gutenzell-Hürbel";"Gemeinden";"20.727,89";"23.395,55";"25.508,26";"29.465,70"
"08435005";"Bermatingen";"Gemeinden";"23.741,45";"25.661,45";"28.190,52";"33.059,41"
"08435010";"Daisendorf";"Gemeinden";"27.752,16";"30.083,36";"31.755,74";"36.469,53"
"08435013";"Eriskirch";"Gemeinden";"23.299,94";"25.897,34";"27.373,91";"31.232,42"
"08435015";"Frickingen";"Gemeinden";"22.721,56";"24.915,66";"26.824,22";"31.254,85"
"08435016";"Friedrichshafen, Stadt";"Gemeinden";"22.680,47";"24.868,41";"26.327,53";"30.112,04"
"08435018";"Hagnau am Bodensee";"Gemeinden";"26.926,19";"29.079,02";"30.552,53";"35.192,46"
"08435020";"Heiligenberg";"Gemeinden";"20.276,24";"22.601,89";"24.496,59";"28.405,42"
"08435024";"Immenstaad am Bodensee";"Gemeinden";"28.397,92";"30.190,28";"32.595,48";"37.687,77"
"08435029";"Kressbronn am Bodensee";"Gemeinden";"23.933,33";"26.656,21";"29.093,96";"33.379,40"
"08435030";"Langenargen";"Gemeinden";"25.465,70";"27.584,94";"29.010,32";"33.578,34"
"08435034";"Markdorf, Stadt";"Gemeinden";"26.087,39";"28.209,91";"29.714,24";"34.159,50"
"08435035";"Meckenbeuren";"Gemeinden";"22.482,52";"24.728,01";"26.884,19";"30.754,05"
"08435036";"Meersburg, Stadt";"Gemeinden";"24.268,97";"26.500,28";"28.662,07";"33.089,98"
"08435042";"Neukirch";"Gemeinden";"19.582,59";"22.716,49";"24.851,47";"28.388,04"
"08435045";"Oberteuringen";"Gemeinden";"24.159,53";"26.191,77";"28.755,58";"33.207,74"
"08435047";"Owingen";"Gemeinden";"22.217,51";"24.627,70";"27.152,65";"30.972,99"
"08435052";"Salem";"Gemeinden";"23.337,07";"25.703,88";"28.059,76";"32.308,23"
"08435053";"Sipplingen";"Gemeinden";"23.815,20";"26.996,10";"28.854,51";"33.774,89"
"08435054";"Stetten";"Gemeinden";"24.270,68";"27.292,94";"28.741,68";"33.480,11"
"08435057";"Tettnang, Stadt";"Gemeinden";"24.762,14";"26.780,74";"28.529,51";"32.776,62"
"08435059";"Überlingen, Stadt";"Gemeinden";"25.529,59";"27.492,69";"29.917,25";"34.502,97"
"08435066";"Uhldingen-Mühlhofen";"Gemeinden";"23.877,69";"26.011,07";"27.435,86";"31.366,22"
"08435067";"Deggenhausertal";"Gemeinden";"20.803,87";"23.399,36";"25.967,01";"29.815,84"
"08436001";"Achberg";"Gemeinden";"22.542,85";"25.342,52";"27.085,37";"31.430,38"
"08436003";"Aichstetten";"Gemeinden";"21.617,82";"24.153,47";"26.310,15";"30.000,97"
"08436004";"Aitrach";"Gemeinden";"21.353,45";"23.473,92";"25.842,12";"30.070,59"
"08436005";"Altshausen";"Gemeinden";"23.451,36";"24.632,16";"26.508,28";"30.653,01"
"08436006";"Amtzell";"Gemeinden";"25.949,84";"27.935,54";"30.547,96";"35.207,03"
"08436008";"Aulendorf, Stadt";"Gemeinden";"20.687,18";"23.177,26";"25.312,88";"29.221,78"
"08436009";"Bad Waldsee, Stadt";"Gemeinden";"22.319,22";"24.707,94";"26.866,02";"30.975,54"
"08436010";"Bad Wurzach, Stadt";"Gemeinden";"20.401,44";"22.892,20";"25.370,27";"29.170,36"
"08436011";"Baienfurt";"Gemeinden";"21.288,66";"23.492,14";"25.298,72";"29.352,89"
"08436012";"Baindt";"Gemeinden";"22.654,31";"24.352,07";"26.048,42";"30.481,67"
"08436013";"Berg";"Gemeinden";"25.885,06";"27.640,51";"29.989,60";"34.818,06"
"08436014";"Bergatreute";"Gemeinden";"21.337,02";"23.551,81";"25.895,33";"30.225,37"
"08436018";"Bodnegg";"Gemeinden";"21.257,81";"23.774,92";"25.919,54";"29.916,31"
"08436019";"Boms";"Gemeinden";"19.712,91";"21.000,68";"23.438,17";"27.345,16"
"08436024";"Ebenweiler";"Gemeinden";"20.386,89";"22.705,46";"24.609,07";"28.448,68"
"08436027";"Eichstegen";"Gemeinden";"20.027,99";"22.931,91";"25.412,56";"29.553,92"
"08436032";"Fleischwangen";"Gemeinden";"19.571,01";"21.443,38";"24.006,61";"28.056,68"
"08436039";"Grünkraut";"Gemeinden";"22.200,45";"25.033,37";"27.292,88";"31.788,43"
"08436040";"Guggenhausen";"Gemeinden";"17.509,22";"20.205,65";"21.831,27";"25.502,85"
"08436047";"Hoßkirch";"Gemeinden";"21.642,24";"24.325,13";"26.477,90";"30.709,88"
"08436049";"Isny im Allgäu, Stadt";"Gemeinden";"21.018,16";"23.624,42";"25.751,30";"29.648,50"
"08436052";"Kißlegg";"Gemeinden";"20.928,97";"23.715,44";"25.940,03";"29.874,59"
"08436053";"Königseggwald";"Gemeinden";"20.295,06";"22.935,48";"25.411,80";"29.604,18"
"08436055";"Leutkirch im Allgäu, Stadt";"Gemeinden";"21.867,30";"24.212,88";"26.254,79";"30.284,19"
"08436064";"Ravensburg, Stadt";"Gemeinden";"23.303,84";"25.175,16";"27.263,26";"31.551,69"
"08436067";"Riedhausen";"Gemeinden";"19.623,21";"22.156,94";"24.203,26";"28.532,58"
"08436069";"Schlier";"Gemeinden";"24.344,67";"25.715,16";"28.140,66";"32.801,59"
"08436077";"Unterwaldhausen";"Gemeinden";"18.438,10";"20.938,48";"23.119,81";"26.212,53"
"08436078";"Vogt";"Gemeinden";"21.414,45";"24.313,35";"26.496,84";"30.999,01"
"08436079";"Waldburg";"Gemeinden";"23.962,98";"25.900,40";"28.480,86";"32.560,00"
"08436081";"Wangen im Allgäu, Stadt";"Gemeinden";"22.781,42";"25.010,44";"27.189,39";"31.221,74"
"08436082";"Weingarten, Stadt";"Gemeinden";"21.202,92";"22.878,04";"24.022,44";"27.872,51"
"08436083";"Wilhelmsdorf";"Gemeinden";"19.672,03";"22.216,42";"24.055,51";"27.763,38"
"08436085";"Wolfegg";"Gemeinden";"20.992,61";"23.969,84";"26.124,42";"30.383,03"
"08436087";"Wolpertswende";"Gemeinden";"22.167,95";"24.436,50";"26.606,12";"30.736,07"
"08436093";"Ebersbach-Musbach";"Gemeinden";"20.055,44";"22.769,52";"24.737,79";"29.075,96"
"08436094";"Argenbühl";"Gemeinden";"21.048,69";"23.659,21";"25.933,60";"30.069,91"
"08436095";"Horgenzell";"Gemeinden";"21.670,00";"24.455,20";"26.663,31";"30.741,06"
"08436096";"Fronreute";"Gemeinden";"24.262,24";"26.002,87";"27.384,10";"31.918,15"
"08437005";"Beuron";"Gemeinden";"19.911,54";"22.900,70";"24.835,16";"28.486,87"
"08437008";"Bingen";"Gemeinden";"20.980,04";"23.660,27";"25.975,53";"30.179,28"
"08437031";"Gammertingen, Stadt";"Gemeinden";"21.573,71";"23.168,03";"25.046,10";"28.755,55"
"08437044";"Herbertingen";"Gemeinden";"21.049,27";"23.152,50";"24.523,87";"28.526,69"
"08437047";"Hettingen, Stadt";"Gemeinden";"22.344,38";"24.716,61";"27.127,56";"31.386,64"
"08437053";"Hohentengen";"Gemeinden";"19.557,40";"22.426,57";"24.552,00";"28.591,31"
"08437056";"Illmensee";"Gemeinden";"22.187,83";"25.373,29";"26.722,89";"31.017,54"
"08437059";"Inzigkofen";"Gemeinden";"21.349,66";"23.879,36";"25.962,57";"29.688,39"
"08437065";"Krauchenwies";"Gemeinden";"21.694,33";"24.162,93";"25.763,30";"29.596,92"
"08437072";"Leibertingen";"Gemeinden";"20.829,14";"24.094,03";"25.786,24";"30.109,98"
"08437076";"Mengen, Stadt";"Gemeinden";"21.376,07";"23.720,28";"25.854,89";"30.231,58"
"08437078";"Meßkirch, Stadt";"Gemeinden";"20.555,72";"22.571,23";"24.720,37";"28.813,80"
"08437082";"Neufra";"Gemeinden";"21.741,82";"24.391,75";"27.319,67";"31.281,00"
"08437086";"Ostrach";"Gemeinden";"20.544,10";"22.955,77";"24.881,24";"28.923,16"
"08437088";"Pfullendorf, Stadt";"Gemeinden";"20.867,92";"22.953,43";"25.101,66";"29.111,04"
"08437100";"Bad Saulgau, Stadt";"Gemeinden";"21.579,20";"23.988,29";"26.207,07";"30.297,81"
"08437101";"Scheer, Stadt";"Gemeinden";"19.524,94";"22.278,33";"24.049,67";"27.717,57"
"08437102";"Schwenningen";"Gemeinden";"20.998,90";"23.027,34";"24.941,59";"28.751,10"
"08437104";"Sigmaringen, Stadt";"Gemeinden";"21.232,51";"23.461,32";"24.963,67";"29.033,88"
"08437105";"Sigmaringendorf";"Gemeinden";"22.592,40";"24.743,09";"26.202,92";"30.698,96"
"08437107";"Stetten am kalten Markt";"Gemeinden";"20.456,14";"23.210,06";"24.920,44";"29.139,74"
"08437114";"Veringenstadt, Stadt";"Gemeinden";"20.958,86";"23.460,42";"25.650,01";"29.932,94"
"08437118";"Wald";"Gemeinden";"20.531,20";"23.636,54";"25.522,84";"29.516,59"
"08437123";"Sauldorf";"Gemeinden";"21.370,20";"23.337,96";"25.430,85";"29.558,46"
"08437124";"Herdwangen-Schönach";"Gemeinden";"19.988,75";"22.749,80";"24.785,05";"28.798,12"
"09161000";"Ingolstadt";"Gemeinden";"23.951,63";"26.219,69";"27.906,85";"32.253,42"
"09162000";"München, Landeshauptstadt";"Gemeinden";"28.325,52";"30.478,32";"31.905,39";"36.752,49"
"09163000";"Rosenheim";"Gemeinden";"23.139,46";"24.983,74";"26.288,12";"30.553,48"
"09171111";"Altötting, St";"Gemeinden";"21.398,00";"23.945,33";"25.636,70";"29.757,96"
"09171112";"Burghausen, St";"Gemeinden";"24.990,91";"26.783,59";"27.844,19";"32.722,38"
"09171113";"Burgkirchen a.d.Alz";"Gemeinden";"20.170,95";"22.639,53";"24.136,44";"28.306,63"
"09171114";"Emmerting";"Gemeinden";"23.496,51";"26.084,85";"28.209,85";"32.597,36"
"09171115";"Erlbach";"Gemeinden";"19.933,16";"22.080,94";"24.240,03";"28.288,95"
"09171116";"Feichten a.d.Alz";"Gemeinden";"22.480,37";"25.594,85";"27.607,48";"32.577,88"
"09171117";"Garching a.d.Alz";"Gemeinden";"20.442,67";"22.681,01";"24.530,08";"28.520,28"
"09171118";"Haiming";"Gemeinden";"22.479,41";"24.790,92";"27.120,34";"31.713,16"
"09171119";"Halsbach";"Gemeinden";"22.164,98";"24.854,60";"27.058,40";"31.719,33"
"09171121";"Kastl";"Gemeinden";"22.954,07";"24.746,22";"26.877,66";"31.239,61"
"09171122";"Kirchweidach";"Gemeinden";"24.687,58";"26.640,43";"28.272,69";"33.229,75"
"09171123";"Marktl, M";"Gemeinden";"23.841,97";"25.510,38";"26.948,07";"31.455,07"
"09171124";"Mehring";"Gemeinden";"25.207,16";"27.361,62";"28.861,55";"34.073,80"
"09171125";"Neuötting, St";"Gemeinden";"22.173,31";"24.076,51";"25.702,98";"29.833,28"
"09171126";"Perach";"Gemeinden";"22.200,77";"24.687,74";"26.651,00";"31.325,40"
"09171127";"Pleiskirchen";"Gemeinden";"21.077,88";"24.093,08";"26.313,95";"30.764,51"
"09171129";"Reischach";"Gemeinden";"21.959,98";"24.648,47";"26.661,92";"31.602,93"
"09171130";"Stammham";"Gemeinden";"23.483,36";"24.820,68";"26.121,97";"30.595,80"
"09171131";"Teising";"Gemeinden";"20.518,33";"23.059,62";"24.776,08";"28.303,46"
"09171132";"Töging a.Inn, St";"Gemeinden";"20.106,32";"22.458,52";"23.833,63";"27.889,20"
"09171133";"Tüßling, M";"Gemeinden";"21.670,86";"24.625,70";"26.985,35";"31.446,16"
"09171134";"Tyrlaching";"Gemeinden";"22.120,23";"24.089,46";"26.437,67";"31.034,85"
"09171135";"Unterneukirchen";"Gemeinden";"20.286,98";"23.433,56";"25.350,63";"29.733,74"
"09171137";"Winhöring";"Gemeinden";"22.975,98";"25.638,49";"26.638,34";"31.401,71"
"09172111";"Ainring";"Gemeinden";"20.702,00";"23.038,64";"25.247,43";"29.265,72"
"09172112";"Anger";"Gemeinden";"19.818,78";"22.036,19";"23.877,60";"27.437,92"
"09172114";"Bad Reichenhall, GKSt";"Gemeinden";"21.944,43";"24.307,01";"25.583,89";"29.598,82"
"09172115";"Bayerisch Gmain";"Gemeinden";"24.971,85";"27.828,37";"30.475,75";"35.738,23"
"09172116";"Berchtesgaden, M";"Gemeinden";"21.227,86";"23.194,62";"24.713,69";"28.563,46"
"09172117";"Bischofswiesen";"Gemeinden";"21.538,65";"23.046,41";"24.867,13";"28.812,25"
"09172118";"Freilassing, St";"Gemeinden";"20.841,94";"23.462,71";"24.581,81";"28.664,35"
"09172122";"Laufen, St";"Gemeinden";"20.425,46";"22.758,00";"25.342,16";"29.177,23"
"09172124";"Marktschellenberg, M";"Gemeinden";"22.139,13";"25.078,00";"27.039,23";"31.254,56"
"09172128";"Piding";"Gemeinden";"21.660,26";"24.224,72";"25.788,73";"30.449,88"
"09172129";"Ramsau b.Berchtesgaden";"Gemeinden";"19.116,55";"21.523,21";"23.793,72";"27.894,07"
"09172130";"Saaldorf-Surheim";"Gemeinden";"21.981,38";"23.883,80";"25.759,86";"30.305,55"
"09172131";"Schneizlreuth";"Gemeinden";"18.798,92";"21.404,98";"24.096,08";"28.341,26"
"09172132";"Schönau a.Königssee";"Gemeinden";"21.213,31";"23.313,57";"25.548,96";"29.390,89"
"09172134";"Teisendorf, M";"Gemeinden";"20.474,18";"23.095,27";"25.053,52";"29.073,77"
"09172452";"Eck";"Gemeinden";;;;
"09172454";"Schellenberger Forst";"Gemeinden";;;;
"09173111";"Bad Heilbrunn";"Gemeinden";"23.876,35";"26.560,11";"27.662,38";"32.655,95"
"09173112";"Bad Tölz, St";"Gemeinden";"23.135,03";"25.174,57";"26.574,67";"31.267,69"
"09173113";"Benediktbeuern";"Gemeinden";"23.110,19";"25.923,87";"27.891,47";"32.763,33"
"09173115";"Bichl";"Gemeinden";"23.713,58";"25.892,14";"27.643,27";"32.145,66"
"09173118";"Dietramszell";"Gemeinden";"24.046,17";"26.338,86";"28.789,05";"33.686,25"
"09173120";"Egling";"Gemeinden";"26.203,53";"27.883,67";"29.616,47";"35.056,97"
"09173123";"Eurasburg";"Gemeinden";"28.289,34";"30.273,14";"31.512,95";"36.221,63"
"09173124";"Gaißach";"Gemeinden";"20.980,33";"23.622,51";"25.042,84";"29.378,90"
"09173126";"Geretsried, St";"Gemeinden";"22.925,95";"24.725,58";"26.639,28";"31.246,31"
"09173127";"Greiling";"Gemeinden";"25.958,35";"27.475,69";"29.338,50";"34.063,97"
"09173130";"Icking";"Gemeinden";"43.097,36";"45.358,14";"46.839,30";"55.021,05"
"09173131";"Jachenau";"Gemeinden";"19.384,88";"21.522,32";"23.367,67";"27.312,79"
"09173133";"Kochel a.See";"Gemeinden";"24.572,68";"26.316,57";"28.249,11";"33.611,83"
"09173134";"Königsdorf";"Gemeinden";"24.764,85";"27.116,12";"29.019,21";"33.723,97"
"09173135";"Lenggries";"Gemeinden";"22.512,20";"25.324,55";"26.814,42";"31.264,74"
"09173137";"Münsing";"Gemeinden";"36.324,06";"38.318,58";"40.010,76";"46.889,54"
"09173140";"Reichersbeuern";"Gemeinden";"23.790,95";"25.689,81";"27.419,92";"32.073,38"
"09173141";"Sachsenkam";"Gemeinden";"24.495,65";"27.518,94";"28.409,93";"33.349,89"
"09173142";"Schlehdorf";"Gemeinden";"21.753,21";"24.681,28";"26.083,73";"31.130,55"
"09173145";"Wackersberg";"Gemeinden";"22.102,79";"25.175,61";"27.719,48";"32.508,79"
"09173147";"Wolfratshausen, St";"Gemeinden";"25.929,35";"27.807,12";"29.141,21";"34.190,89"
"09173451";"Pupplinger Au";"Gemeinden";;;;
"09173452";"Wolfratshauser Forst";"Gemeinden";;;;
"09174111";"Altomünster, M";"Gemeinden";"24.650,74";"26.447,47";"28.370,13";"33.146,30"
"09174113";"Bergkirchen";"Gemeinden";"26.424,66";"28.438,97";"30.028,52";"34.943,89"
"09174115";"Dachau, GKSt";"Gemeinden";"26.375,04";"28.415,27";"29.561,54";"34.437,26"
"09174118";"Erdweg";"Gemeinden";"23.112,58";"26.092,01";"27.717,89";"32.476,74"
"09174121";"Haimhausen";"Gemeinden";"28.938,89";"31.775,60";"33.658,16";"39.397,36"
"09174122";"Hebertshausen";"Gemeinden";"26.380,13";"28.997,76";"30.365,18";"35.314,75"
"09174126";"Karlsfeld";"Gemeinden";"26.114,75";"28.151,47";"29.591,97";"34.371,84"
"09174131";"Markt Indersdorf, M";"Gemeinden";"24.241,75";"26.262,88";"28.215,77";"32.964,92"
"09174135";"Odelzhausen";"Gemeinden";"26.261,42";"28.289,87";"29.203,40";"34.227,57"
"09174136";"Petershausen";"Gemeinden";"24.483,92";"26.487,88";"28.512,12";"33.174,69"
"09174137";"Pfaffenhofen a.d.Glonn";"Gemeinden";"25.328,00";"28.562,55";"31.225,52";"36.101,56"
"09174141";"Röhrmoos";"Gemeinden";"24.127,36";"26.435,07";"27.918,53";"32.766,51"
"09174143";"Schwabhausen";"Gemeinden";"23.647,18";"26.562,12";"28.923,67";"34.135,29"
"09174146";"Sulzemoos";"Gemeinden";"24.586,39";"26.413,13";"28.061,56";"32.575,18"
"09174147";"Hilgertshausen-Tandern";"Gemeinden";"23.625,81";"25.759,15";"27.771,72";"32.520,12"
"09174150";"Vierkirchen";"Gemeinden";"24.700,75";"26.490,94";"27.949,02";"32.702,52"
"09174151";"Weichs";"Gemeinden";"25.147,27";"26.803,75";"28.209,27";"33.008,93"
"09175111";"Anzing";"Gemeinden";"26.706,99";"28.669,34";"30.071,04";"34.644,10"
"09175112";"Aßling";"Gemeinden";"23.766,47";"26.421,36";"28.379,71";"32.920,00"
"09175113";"Baiern";"Gemeinden";"17.189,52";"19.914,41";"22.591,46";"26.463,78"
"09175114";"Bruck";"Gemeinden";"19.863,51";"22.416,88";"24.903,78";"29.017,98"
"09175115";"Ebersberg, St";"Gemeinden";"27.294,03";"29.708,11";"31.371,97";"36.307,37"
"09175116";"Egmating";"Gemeinden";"29.020,71";"30.795,70";"31.828,74";"37.667,43"
"09175118";"Forstinning";"Gemeinden";"26.777,09";"29.115,72";"30.559,20";"35.627,20"
"09175119";"Frauenneuharting";"Gemeinden";"20.035,93";"22.655,29";"25.408,82";"28.961,02"
"09175121";"Glonn, M";"Gemeinden";"27.529,39";"29.536,11";"31.080,20";"36.055,05"
"09175122";"Grafing b.München, St";"Gemeinden";"26.908,53";"28.894,43";"30.319,68";"35.158,27"
"09175123";"Hohenlinden";"Gemeinden";"23.873,31";"25.986,78";"27.631,84";"32.405,12"
"09175124";"Kirchseeon, M";"Gemeinden";"25.766,89";"27.951,62";"29.068,90";"33.652,63"
"09175127";"Markt Schwaben, M";"Gemeinden";"25.912,37";"27.877,84";"29.111,19";"33.454,52"
"09175128";"Moosach";"Gemeinden";"26.810,17";"30.850,62";"32.663,30";"37.749,37"
"09175131";"Oberpframmern";"Gemeinden";"29.359,01";"31.872,84";"33.895,55";"39.647,72"
"09175132";"Vaterstetten";"Gemeinden";"33.191,14";"35.882,19";"37.392,27";"43.053,12"
"09175133";"Pliening";"Gemeinden";"28.535,13";"30.967,63";"32.504,31";"37.294,53"
"09175135";"Poing";"Gemeinden";"27.898,49";"29.865,13";"30.945,60";"35.487,61"
"09175136";"Emmering";"Gemeinden";"20.111,80";"23.029,69";"24.781,20";"28.875,01"
"09175137";"Steinhöring";"Gemeinden";"22.901,60";"25.154,12";"26.538,63";"30.888,84"
"09175139";"Zorneding";"Gemeinden";"31.847,64";"34.260,98";"35.465,75";"40.778,85"
"09175451";"Anzinger Forst";"Gemeinden";;;;
"09175452";"Ebersberger Forst";"Gemeinden";;;;
"09175453";"Eglhartinger Forst";"Gemeinden";;;;
"09176111";"Adelschlag";"Gemeinden";"23.238,25";"25.490,72";"27.907,06";"32.275,47"
"09176112";"Altmannstein, M";"Gemeinden";"21.541,38";"23.977,70";"26.300,15";"30.069,89"
"09176114";"Beilngries, St";"Gemeinden";"22.520,71";"25.112,79";"27.321,52";"31.658,78"
"09176116";"Böhmfeld";"Gemeinden";"23.326,28";"26.236,03";"28.293,58";"32.721,85"
"09176118";"Buxheim";"Gemeinden";"24.318,45";"27.311,75";"29.184,09";"33.618,47"
"09176120";"Denkendorf";"Gemeinden";"21.611,31";"24.398,27";"26.535,85";"30.884,63"
"09176121";"Dollnstein, M";"Gemeinden";"21.275,29";"23.799,89";"25.878,71";"29.966,57"
"09176122";"Egweil";"Gemeinden";"22.779,23";"26.121,90";"28.168,79";"32.405,38"
"09176123";"Eichstätt, GKSt";"Gemeinden";"22.203,02";"24.768,03";"26.537,16";"30.573,01"
"09176124";"Eitensheim";"Gemeinden";"24.403,47";"26.936,81";"29.127,76";"33.422,93"
"09176126";"Gaimersheim, M";"Gemeinden";"25.722,06";"28.783,04";"31.175,70";"35.769,09"
"09176129";"Großmehring";"Gemeinden";"23.329,17";"25.793,23";"27.663,98";"31.966,18"
"09176131";"Hepberg";"Gemeinden";"24.448,06";"27.200,73";"29.179,99";"33.550,78"
"09176132";"Hitzhofen";"Gemeinden";"22.577,25";"25.400,82";"27.979,48";"32.815,66"
"09176137";"Kinding, M";"Gemeinden";"21.249,93";"23.977,14";"26.316,28";"30.695,09"
"09176138";"Kipfenberg, M";"Gemeinden";"21.903,88";"24.321,64";"26.717,12";"30.688,11"
"09176139";"Kösching, M";"Gemeinden";"24.846,81";"27.889,37";"29.519,35";"33.696,42"
"09176143";"Lenting";"Gemeinden";"24.919,55";"26.772,03";"28.268,18";"32.430,10"
"09176147";"Mindelstetten";"Gemeinden";"22.490,36";"24.919,20";"27.561,74";"32.127,62"
"09176148";"Mörnsheim, M";"Gemeinden";"19.480,91";"21.823,75";"23.989,08";"27.594,07"
"09176149";"Nassenfels, M";"Gemeinden";"22.957,24";"25.735,30";"27.445,94";"31.406,92"
"09176150";"Oberdolling";"Gemeinden";"24.957,89";"28.437,17";"30.272,56";"35.560,25"
"09176153";"Pförring, M";"Gemeinden";"23.632,06";"25.034,90";"27.471,99";"31.713,33"
"09176155";"Pollenfeld";"Gemeinden";"20.317,93";"23.121,82";"25.453,06";"29.985,43"
"09176160";"Schernfeld";"Gemeinden";"19.499,42";"22.096,10";"24.142,86";"28.171,08"
"09176161";"Stammham";"Gemeinden";"25.294,11";"28.172,88";"30.162,48";"35.074,26"
"09176164";"Titting, M";"Gemeinden";"20.702,23";"23.325,72";"25.743,30";"29.301,72"
"09176165";"Walting";"Gemeinden";"21.406,36";"24.181,81";"27.003,29";"31.400,99"
"09176166";"Wellheim, M";"Gemeinden";"21.464,98";"23.798,86";"25.727,65";"29.698,05"
"09176167";"Wettstetten";"Gemeinden";"25.641,27";"28.785,08";"31.164,80";"36.282,75"
"09176451";"Haunstetter Forst";"Gemeinden";;;;
"09177112";"Berglern";"Gemeinden";"23.061,86";"24.972,48";"26.297,55";"30.532,83"
"09177113";"Bockhorn";"Gemeinden";"24.715,71";"26.787,60";"28.384,62";"33.182,57"
"09177114";"Buch a.Buchrain";"Gemeinden";"26.258,40";"28.224,17";"30.246,60";"34.856,91"
"09177115";"Dorfen, St";"Gemeinden";"23.021,67";"24.918,51";"26.912,54";"30.999,93"
"09177116";"Eitting";"Gemeinden";"22.716,95";"24.829,46";"26.152,52";"30.476,46"
"09177117";"Erding, GKSt";"Gemeinden";"26.648,24";"28.933,62";"29.701,43";"34.471,98"
"09177118";"Finsing";"Gemeinden";"25.710,08";"27.822,92";"28.716,24";"33.315,88"
"09177119";"Forstern";"Gemeinden";"26.570,83";"28.721,82";"29.656,55";"34.628,59"
"09177120";"Fraunberg";"Gemeinden";"22.488,73";"24.856,84";"27.322,50";"31.634,79"
"09177121";"Hohenpolding";"Gemeinden";"20.846,08";"23.503,46";"26.017,99";"30.130,47"
"09177122";"Inning a.Holz";"Gemeinden";"22.961,90";"24.957,96";"27.491,22";"31.594,14"
"09177123";"Isen, M";"Gemeinden";"24.428,90";"26.330,56";"27.684,94";"31.880,71"
"09177124";"Kirchberg";"Gemeinden";"23.157,25";"25.165,94";"27.164,34";"32.239,17"
"09177126";"Langenpreising";"Gemeinden";"22.758,17";"25.757,38";"27.770,17";"32.320,64"
"09177127";"Lengdorf";"Gemeinden";"22.492,66";"24.968,19";"26.884,84";"30.899,27"
"09177130";"Moosinning";"Gemeinden";"25.949,24";"27.744,68";"29.161,45";"34.231,82"
"09177131";"Neuching";"Gemeinden";"25.761,27";"27.868,70";"29.461,08";"33.909,98"
"09177133";"Oberding";"Gemeinden";"26.069,86";"28.103,17";"29.513,76";"34.306,73"
"09177134";"Ottenhofen";"Gemeinden";"28.076,02";"29.690,84";"31.226,94";"36.735,78"
"09177135";"Pastetten";"Gemeinden";"25.699,70";"27.261,09";"28.068,32";"33.058,60"
"09177137";"Sankt Wolfgang";"Gemeinden";"23.122,43";"25.545,73";"27.691,62";"31.987,98"
"09177138";"Steinkirchen";"Gemeinden";"21.025,96";"24.294,10";"26.683,05";"30.899,20"
"09177139";"Taufkirchen (Vils)";"Gemeinden";"21.791,66";"23.720,84";"25.625,50";"29.606,08"
"09177142";"Walpertskirchen";"Gemeinden";"23.871,83";"26.164,42";"28.193,62";"32.696,94"
"09177143";"Wartenberg, M";"Gemeinden";"24.037,38";"26.088,22";"27.102,31";"31.427,32"
"09177144";"Wörth";"Gemeinden";"25.814,05";"28.883,12";"30.042,24";"34.807,91"
"09178113";"Allershausen";"Gemeinden";"24.016,17";"25.953,81";"27.332,75";"31.565,81"
"09178115";"Attenkirchen";"Gemeinden";"23.820,15";"26.911,47";"28.309,41";"32.612,48"
"09178116";"Au i.d.Hallertau, M";"Gemeinden";"21.774,13";"24.493,28";"26.246,85";"30.189,55"
"09178120";"Eching";"Gemeinden";"26.958,32";"29.034,23";"29.899,64";"34.525,69"
"09178122";"Rudelzhausen";"Gemeinden";"22.159,32";"24.932,71";"25.811,68";"29.910,51"
"09178123";"Fahrenzhausen";"Gemeinden";"25.168,43";"27.109,99";"29.408,84";"33.946,77"
"09178124";"Freising, GKSt";"Gemeinden";"23.416,29";"25.235,84";"26.439,98";"30.478,88"
"09178125";"Gammelsdorf";"Gemeinden";"20.703,73";"23.569,48";"26.000,86";"30.788,64"
"09178129";"Haag a.d.Amper";"Gemeinden";"21.025,24";"23.839,25";"25.928,69";"29.667,93"
"09178130";"Hallbergmoos";"Gemeinden";"25.157,17";"26.911,53";"28.375,30";"32.910,34"
"09178132";"Hörgertshausen";"Gemeinden";"21.950,54";"24.352,82";"26.493,71";"30.638,85"
"09178133";"Hohenkammer";"Gemeinden";"24.254,12";"26.336,14";"28.729,46";"33.305,40"
"09178136";"Kirchdorf a.d.Amper";"Gemeinden";"24.106,56";"26.105,91";"28.691,17";"33.454,39"
"09178137";"Kranzberg";"Gemeinden";"25.534,28";"27.884,94";"29.205,52";"34.023,89"
"09178138";"Langenbach";"Gemeinden";"23.628,87";"26.274,26";"27.178,27";"31.167,24"
"09178140";"Marzling";"Gemeinden";"25.499,30";"27.999,18";"29.749,17";"34.410,71"
"09178142";"Mauern";"Gemeinden";"23.379,04";"26.168,18";"28.096,22";"32.833,49"
"09178143";"Moosburg a.d.Isar, St";"Gemeinden";"22.308,57";"24.149,74";"25.352,73";"29.417,81"
"09178144";"Nandlstadt, M";"Gemeinden";"21.903,45";"24.250,10";"25.509,09";"29.646,62"
"09178145";"Neufahrn b.Freising";"Gemeinden";"24.579,78";"26.366,59";"27.189,96";"31.645,27"
"09178150";"Paunzhausen";"Gemeinden";"23.348,82";"25.354,82";"27.234,16";"31.219,44"
"09178155";"Wang";"Gemeinden";"19.054,60";"22.014,92";"24.426,89";"28.131,93"
"09178156";"Wolfersdorf";"Gemeinden";"21.312,58";"24.046,23";"25.037,45";"28.781,82"
"09178157";"Zolling";"Gemeinden";"23.863,63";"26.417,54";"29.064,70";"33.393,76"
"09179111";"Adelshofen";"Gemeinden";"22.300,27";"24.964,47";"27.676,74";"32.760,34"
"09179113";"Alling";"Gemeinden";"28.243,30";"30.204,91";"31.918,26";"37.116,61"
"09179114";"Althegnenberg";"Gemeinden";"22.231,07";"25.309,84";"27.341,00";"32.028,79"
"09179117";"Egenhofen";"Gemeinden";"22.207,47";"24.828,93";"26.926,72";"31.544,56"
"09179118";"Eichenau";"Gemeinden";"29.048,52";"31.612,63";"32.380,23";"37.823,76"
"09179119";"Emmering";"Gemeinden";"25.122,29";"27.210,65";"28.555,62";"33.164,43"
"09179121";"Fürstenfeldbruck, GKSt";"Gemeinden";"24.831,35";"26.656,58";"27.658,49";"32.220,74"
"09179123";"Germering, GKSt";"Gemeinden";"27.502,67";"29.497,41";"30.514,88";"35.487,55"
"09179125";"Grafrath";"Gemeinden";"27.886,35";"31.750,07";"34.254,53";"40.079,27"
"09179126";"Gröbenzell";"Gemeinden";"29.521,10";"31.837,25";"33.263,36";"38.733,74"
"09179128";"Hattenhofen";"Gemeinden";"23.196,74";"25.203,71";"27.299,24";"31.931,56"
"09179130";"Jesenwang";"Gemeinden";"23.283,17";"25.166,03";"27.633,88";"32.021,60"
"09179131";"Kottgeisering";"Gemeinden";"26.080,01";"29.378,13";"31.121,26";"36.905,20"
"09179132";"Landsberied";"Gemeinden";"24.569,54";"27.806,46";"29.415,29";"34.073,06"
"09179134";"Maisach";"Gemeinden";"24.846,07";"27.138,43";"28.259,48";"32.577,02"
"09179136";"Mammendorf";"Gemeinden";"23.684,03";"26.457,07";"28.419,53";"33.257,14"
"09179137";"Mittelstetten";"Gemeinden";"22.796,92";"25.623,16";"27.827,82";"32.488,91"
"09179138";"Moorenweis";"Gemeinden";"23.683,15";"26.707,53";"27.960,79";"32.545,48"
"09179140";"Oberschweinbach";"Gemeinden";"24.434,89";"27.544,73";"30.132,89";"34.716,99"
"09179142";"Olching, St";"Gemeinden";"26.395,09";"28.465,05";"29.811,12";"34.872,45"
"09179145";"Puchheim, St";"Gemeinden";"26.737,39";"28.779,29";"29.889,39";"34.787,40"
"09179147";"Schöngeising";"Gemeinden";"25.610,48";"28.418,20";"29.681,38";"34.785,79"
"09179149";"Türkenfeld";"Gemeinden";"24.417,07";"27.147,00";"29.108,09";"34.085,96"
"09180112";"Bad Kohlgrub";"Gemeinden";"20.171,77";"22.183,10";"24.164,24";"28.109,04"
"09180113";"Bad Bayersoien";"Gemeinden";"19.865,22";"22.005,34";"23.808,35";"27.540,11"
"09180114";"Eschenlohe";"Gemeinden";"21.753,01";"23.486,17";"25.567,97";"29.550,29"
"09180115";"Ettal";"Gemeinden";"16.993,72";"19.440,81";"21.284,74";"25.288,34"
"09180116";"Farchant";"Gemeinden";"21.897,58";"24.702,45";"26.751,27";"31.442,22"
"09180117";"Garmisch-Partenkirchen, M";"Gemeinden";"23.737,71";"25.682,06";"27.071,91";"31.228,90"
"09180118";"Grainau";"Gemeinden";"22.169,87";"23.806,21";"25.626,45";"30.195,89"
"09180119";"Großweil";"Gemeinden";"21.067,84";"23.787,34";"25.772,75";"30.375,36"
"09180122";"Krün";"Gemeinden";"20.921,67";"23.283,82";"24.246,77";"28.243,90"
"09180123";"Mittenwald, M";"Gemeinden";"20.253,63";"21.879,62";"23.539,44";"27.712,91"
"09180124";"Murnau a.Staffelsee, M";"Gemeinden";"26.164,78";"28.543,15";"29.878,10";"34.592,22"
"09180125";"Oberammergau";"Gemeinden";"20.771,92";"23.255,47";"24.873,29";"28.425,45"
"09180126";"Oberau";"Gemeinden";"21.061,20";"22.816,73";"24.661,17";"28.800,27"
"09180127";"Ohlstadt";"Gemeinden";"21.873,01";"24.417,28";"26.242,98";"31.124,64"
"09180128";"Riegsee";"Gemeinden";"23.625,54";"26.329,02";"28.669,66";"34.382,88"
"09180129";"Saulgrub";"Gemeinden";"19.898,59";"22.230,32";"24.543,23";"28.043,94"
"09180131";"Schwaigen";"Gemeinden";"19.691,69";"22.480,47";"24.910,38";"29.292,99"
"09180132";"Seehausen a.Staffelsee";"Gemeinden";"26.180,61";"29.246,32";"31.518,70";"36.292,97"
"09180133";"Spatzenhausen";"Gemeinden";"19.554,42";"22.411,46";"24.711,99";"28.429,97"
"09180134";"Uffing a.Staffelsee";"Gemeinden";"23.516,42";"26.485,40";"28.859,84";"33.339,14"
"09180135";"Unterammergau";"Gemeinden";"19.572,99";"21.900,07";"23.955,98";"28.392,07"
"09180136";"Wallgau";"Gemeinden";"19.706,05";"21.642,62";"23.792,04";"28.102,31"
"09180451";"Ettaler Forst";"Gemeinden";;;;
"09181111";"Apfeldorf";"Gemeinden";"21.008,13";"23.725,14";"25.496,22";"29.759,52"
"09181113";"Denklingen";"Gemeinden";"23.135,29";"24.815,37";"26.403,57";"30.502,67"
"09181114";"Dießen am Ammersee, M";"Gemeinden";"26.473,69";"28.771,33";"30.108,56";"35.522,08"
"09181115";"Eching am Ammersee";"Gemeinden";"31.291,51";"33.679,07";"34.144,15";"40.635,93"
"09181116";"Egling a.d.Paar";"Gemeinden";"22.706,21";"25.571,61";"27.239,92";"31.222,73"
"09181118";"Eresing";"Gemeinden";"25.829,25";"28.918,14";"31.210,11";"35.734,32"
"09181120";"Finning";"Gemeinden";"24.585,15";"26.761,18";"28.600,59";"33.053,88"
"09181121";"Fuchstal";"Gemeinden";"22.397,91";"25.100,60";"27.310,73";"32.094,34"
"09181122";"Geltendorf";"Gemeinden";"22.827,38";"25.328,40";"27.810,69";"32.811,23"
"09181123";"Greifenberg";"Gemeinden";"30.322,10";"32.866,51";"33.707,44";"39.156,10"
"09181124";"Hofstetten";"Gemeinden";"21.836,19";"24.121,72";"26.108,20";"30.529,91"
"09181126";"Hurlach";"Gemeinden";"19.416,16";"22.115,93";"24.030,59";"28.465,31"
"09181127";"Igling";"Gemeinden";"21.746,77";"24.385,22";"26.071,88";"30.506,03"
"09181128";"Kaufering, M";"Gemeinden";"23.410,02";"25.360,21";"27.505,56";"31.885,37"
"09181129";"Kinsau";"Gemeinden";"19.863,19";"22.633,98";"24.889,59";"29.000,36"
"09181130";"Landsberg am Lech, GKSt";"Gemeinden";"23.390,21";"25.705,65";"27.723,70";"32.113,41"
"09181131";"Obermeitingen";"Gemeinden";"21.402,62";"24.144,18";"25.991,14";"30.481,29"
"09181132";"Penzing";"Gemeinden";"21.882,35";"24.870,75";"27.085,22";"31.916,65"
"09181133";"Vilgertshofen";"Gemeinden";"22.111,91";"24.211,06";"26.326,86";"30.138,94"
"09181134";"Prittriching";"Gemeinden";"22.867,25";"24.954,46";"26.756,80";"31.415,47"
"09181135";"Reichling";"Gemeinden";"20.290,14";"22.827,36";"25.036,74";"29.387,22"
"09181137";"Rott";"Gemeinden";"21.487,06";"24.092,78";"25.632,98";"30.069,92"
"09181138";"Scheuring";"Gemeinden";"21.654,33";"24.662,74";"27.084,40";"31.850,53"
"09181139";"Schondorf am Ammersee";"Gemeinden";"33.733,21";"38.101,14";"39.913,73";"46.787,36"
"09181140";"Schwifting";"Gemeinden";"22.883,20";"25.593,20";"27.888,34";"32.494,16"
"09181141";"Pürgen";"Gemeinden";"24.760,60";"26.661,04";"28.792,41";"33.248,20"
"09181142";"Thaining";"Gemeinden";"22.055,90";"24.501,55";"26.420,89";"31.566,41"
"09181143";"Unterdießen";"Gemeinden";"21.815,84";"24.478,29";"26.619,19";"31.074,07"
"09181144";"Utting am Ammersee";"Gemeinden";"30.402,19";"32.510,16";"34.180,15";"40.207,44"
"09181145";"Weil";"Gemeinden";"22.190,87";"24.917,50";"27.012,07";"31.315,64"
"09181146";"Windach";"Gemeinden";"25.701,25";"28.284,45";"29.224,48";"34.702,79"
"09181451";"Ammersee";"Gemeinden";;;;
"09182111";"Bad Wiessee";"Gemeinden";"27.423,34";"29.649,40";"31.266,34";"36.227,96"
"09182112";"Bayrischzell";"Gemeinden";"21.260,47";"23.003,91";"25.323,73";"29.396,49"
"09182114";"Fischbachau";"Gemeinden";"22.624,43";"24.614,55";"26.806,18";"30.765,21"
"09182116";"Gmund a.Tegernsee";"Gemeinden";"28.277,91";"30.579,30";"32.168,69";"37.165,99"
"09182119";"Hausham";"Gemeinden";"21.120,16";"22.745,87";"24.645,43";"28.474,72"
"09182120";"Holzkirchen, M";"Gemeinden";"27.935,34";"30.249,62";"32.066,22";"37.097,30"
"09182123";"Irschenberg";"Gemeinden";"21.254,11";"23.907,90";"26.435,98";"30.170,95"
"09182124";"Kreuth";"Gemeinden";"22.394,16";"25.421,28";"27.862,88";"31.981,03"
"09182125";"Miesbach, St";"Gemeinden";"23.529,02";"25.321,15";"27.511,50";"31.573,27"
"09182127";"Otterfing";"Gemeinden";"27.596,95";"30.173,97";"33.185,74";"38.277,17"
"09182129";"Rottach-Egern";"Gemeinden";"40.100,31";"42.937,14";"43.744,62";"49.903,41"
"09182131";"Schliersee, M";"Gemeinden";"26.251,37";"28.684,93";"30.338,18";"35.319,77"
"09182132";"Tegernsee, St";"Gemeinden";"33.149,55";"35.855,46";"38.896,53";"44.660,16"
"09182133";"Valley";"Gemeinden";"23.856,99";"26.244,65";"28.660,18";"33.469,49"
"09182134";"Waakirchen";"Gemeinden";"25.165,53";"27.504,05";"29.079,65";"33.346,44"
"09182136";"Warngau";"Gemeinden";"23.487,39";"26.348,67";"28.956,98";"33.110,94"
"09182137";"Weyarn";"Gemeinden";"25.403,20";"27.955,27";"29.622,20";"34.170,55"
"09183112";"Ampfing";"Gemeinden";"22.442,73";"24.414,55";"26.671,78";"30.849,71"
"09183113";"Aschau a.Inn";"Gemeinden";"23.968,77";"25.650,91";"26.753,96";"30.965,48"
"09183114";"Buchbach, M";"Gemeinden";"22.777,69";"25.504,59";"28.110,07";"32.724,60"
"09183115";"Egglkofen";"Gemeinden";"20.187,46";"21.938,31";"23.836,06";"28.063,25"
"09183116";"Erharting";"Gemeinden";"20.295,13";"23.160,25";"25.629,80";"29.288,04"
"09183118";"Gars a.Inn, M";"Gemeinden";"20.973,71";"23.244,27";"25.225,41";"29.975,62"
"09183119";"Haag i.OB, M";"Gemeinden";"23.868,09";"25.757,03";"27.091,68";"31.611,05"
"09183120";"Heldenstein";"Gemeinden";"22.380,35";"25.678,02";"27.993,94";"32.403,08"
"09183122";"Jettenbach";"Gemeinden";"22.855,82";"25.844,50";"27.006,36";"31.967,11"
"09183123";"Kirchdorf";"Gemeinden";"22.475,30";"25.284,86";"26.267,23";"30.188,28"
"09183124";"Kraiburg a.Inn, M";"Gemeinden";"21.750,45";"24.375,08";"26.207,49";"30.379,18"
"09183125";"Lohkirchen";"Gemeinden";"22.710,49";"27.208,91";"28.802,74";"33.310,63"
"09183126";"Maitenbeth";"Gemeinden";"26.073,93";"28.233,15";"29.367,32";"33.770,09"
"09183127";"Mettenheim";"Gemeinden";"21.658,39";"24.238,47";"25.275,01";"29.428,39"
"09183128";"Mühldorf a.Inn, St";"Gemeinden";"23.609,72";"25.914,92";"27.418,20";"31.877,92"
"09183129";"Neumarkt-Sankt Veit, St";"Gemeinden";"19.996,39";"22.424,22";"24.588,80";"28.614,38"
"09183130";"Niederbergkirchen";"Gemeinden";"21.231,43";"23.661,97";"26.331,35";"30.794,98"
"09183131";"Niedertaufkirchen";"Gemeinden";"19.894,10";"21.889,64";"24.123,31";"27.752,67"
"09183132";"Oberbergkirchen";"Gemeinden";"20.276,14";"23.294,01";"25.689,73";"29.694,51"
"09183134";"Oberneukirchen";"Gemeinden";"21.610,08";"24.333,69";"26.944,18";"30.919,75"
"09183135";"Obertaufkirchen";"Gemeinden";"20.843,64";"23.571,58";"25.615,93";"30.010,53"
"09183136";"Polling";"Gemeinden";"23.064,83";"25.762,67";"27.812,56";"32.385,92"
"09183138";"Rattenkirchen";"Gemeinden";"21.251,24";"23.698,77";"26.429,60";"30.309,66"
"09183139";"Rechtmehring";"Gemeinden";"23.246,54";"26.082,28";"28.084,91";"32.346,15"
"09183140";"Reichertsheim";"Gemeinden";"19.803,50";"22.703,29";"25.063,57";"28.910,33"
"09183143";"Schönberg";"Gemeinden";"21.293,69";"23.418,77";"25.957,31";"30.825,38"
"09183144";"Schwindegg";"Gemeinden";"22.968,32";"25.327,48";"26.910,43";"30.964,86"
"09183145";"Taufkirchen";"Gemeinden";"22.886,92";"25.169,41";"27.875,25";"32.649,52"
"09183147";"Unterreit";"Gemeinden";"19.441,25";"21.954,24";"24.250,37";"27.885,97"
"09183148";"Waldkraiburg, St";"Gemeinden";"20.325,02";"22.825,90";"24.112,39";"28.114,38"
"09183151";"Zangberg";"Gemeinden";"22.150,43";"25.373,84";"28.653,46";"33.850,84"
"09183451";"Mühldorfer Hart";"Gemeinden";;;;
"09184112";"Aschheim";"Gemeinden";"29.091,92";"31.367,97";"32.799,77";"37.726,28"
"09184113";"Baierbrunn";"Gemeinden";"32.055,71";"36.145,07";"39.466,26";"46.386,47"
"09184114";"Brunnthal";"Gemeinden";"30.213,06";"33.074,48";"34.417,44";"40.045,61"
"09184118";"Feldkirchen";"Gemeinden";"30.226,84";"32.355,69";"33.247,20";"38.178,83"
"09184119";"Garching b.München, St";"Gemeinden";"23.872,30";"25.977,78";"27.453,69";"31.720,15"
"09184120";"Gräfelfing";"Gemeinden";"42.281,65";"45.963,82";"48.381,52";"55.914,75"
"09184121";"Grasbrunn";"Gemeinden";"31.145,27";"34.117,06";"35.580,22";"41.051,54"
"09184122";"Grünwald";"Gemeinden";"57.622,52";"61.691,80";"64.094,73";"73.972,29"
"09184123";"Haar";"Gemeinden";"25.479,96";"27.523,13";"28.860,32";"33.382,79"
"09184127";"Höhenkirchen-Siegertsbrunn";"Gemeinden";"27.104,76";"29.583,43";"32.322,38";"37.041,32"
"09184129";"Hohenbrunn";"Gemeinden";"29.481,45";"33.066,47";"35.650,32";"41.027,70"
"09184130";"Ismaning";"Gemeinden";"27.638,92";"29.901,92";"31.686,52";"36.507,87"
"09184131";"Kirchheim b.München";"Gemeinden";"28.145,88";"30.450,25";"31.572,18";"36.668,94"
"09184132";"Neuried";"Gemeinden";"29.685,60";"32.450,37";"33.884,11";"39.480,26"
"09184134";"Oberhaching";"Gemeinden";"32.118,02";"35.224,62";"37.724,34";"43.403,43"
"09184135";"Oberschleißheim";"Gemeinden";"23.671,55";"26.167,30";"27.282,30";"31.406,94"
"09184136";"Ottobrunn";"Gemeinden";"32.847,62";"35.135,30";"36.251,66";"42.026,08"
"09184137";"Aying";"Gemeinden";"25.951,05";"28.539,02";"31.299,02";"36.383,25"
"09184138";"Planegg";"Gemeinden";"29.504,40";"31.996,07";"33.377,44";"38.646,55"
"09184139";"Pullach i.Isartal";"Gemeinden";"43.887,07";"47.237,24";"49.876,20";"57.268,73"
"09184140";"Putzbrunn";"Gemeinden";"27.780,08";"30.022,40";"31.441,74";"36.394,69"
"09184141";"Sauerlach";"Gemeinden";"30.003,53";"32.239,45";"33.884,15";"39.755,68"
"09184142";"Schäftlarn";"Gemeinden";"28.547,27";"32.453,79";"34.154,88";"39.720,01"
"09184144";"Straßlach-Dingharting";"Gemeinden";"36.767,15";"40.897,80";"42.325,79";"49.196,49"
"09184145";"Taufkirchen";"Gemeinden";"25.589,20";"27.503,40";"28.794,04";"33.398,77"
"09184146";"Neubiberg";"Gemeinden";"26.703,34";"29.374,32";"30.735,41";"35.045,72"
"09184147";"Unterföhring";"Gemeinden";"27.486,36";"29.818,79";"31.007,92";"36.046,32"
"09184148";"Unterhaching";"Gemeinden";"28.704,77";"30.695,37";"32.376,96";"37.421,30"
"09184149";"Unterschleißheim, St";"Gemeinden";"25.263,88";"27.466,42";"28.731,75";"33.350,35"
"09184452";"Forstenrieder Park";"Gemeinden";;;;
"09184454";"Grünwalder Forst";"Gemeinden";;;;
"09184457";"Perlacher Forst";"Gemeinden";;;;
"09185113";"Aresing";"Gemeinden";"21.828,22";"24.317,48";"26.646,43";"30.873,85"
"09185116";"Berg im Gau";"Gemeinden";"21.779,68";"24.992,20";"27.762,60";"32.573,99"
"09185118";"Bergheim";"Gemeinden";"23.019,24";"26.221,39";"28.735,07";"33.127,35"
"09185123";"Brunnen";"Gemeinden";"22.494,48";"24.861,13";"27.218,02";"31.861,02"
"09185125";"Burgheim, M";"Gemeinden";"20.789,89";"23.532,74";"27.069,62";"31.244,23"
"09185127";"Ehekirchen";"Gemeinden";"20.803,34";"22.771,87";"25.127,48";"28.955,95"
"09185131";"Gachenbach";"Gemeinden";"21.952,10";"24.467,41";"26.757,34";"31.654,28"
"09185139";"Karlshuld";"Gemeinden";"21.669,58";"24.100,91";"26.602,62";"31.101,70"
"09185140";"Karlskron";"Gemeinden";"22.975,61";"25.747,66";"27.620,87";"32.327,85"
"09185143";"Langenmosen";"Gemeinden";"22.351,69";"24.738,53";"27.753,26";"33.267,16"
"09185149";"Neuburg a.d.Donau, GKSt";"Gemeinden";"21.807,12";"23.872,94";"25.901,27";"29.728,29"
"09185150";"Oberhausen";"Gemeinden";"22.187,13";"24.942,50";"26.954,64";"31.512,39"
"09185153";"Rennertshofen, M";"Gemeinden";"20.818,08";"23.375,72";"25.266,15";"29.052,13"
"09185157";"Rohrenfels";"Gemeinden";"20.794,04";"22.970,59";"25.270,38";"29.538,35"
"09185158";"Schrobenhausen, St";"Gemeinden";"22.136,01";"24.732,40";"26.083,50";"30.248,14"
"09185163";"Königsmoos";"Gemeinden";"21.136,73";"23.556,93";"25.794,49";"30.070,01"
"09185166";"Waidhofen";"Gemeinden";"21.240,93";"23.406,88";"25.581,38";"29.793,38"
"09185168";"Weichering";"Gemeinden";"22.453,81";"25.484,66";"27.507,04";"32.105,60"
"09186113";"Baar-Ebenhausen";"Gemeinden";"23.345,10";"25.742,54";"27.334,15";"31.367,01"
"09186116";"Ernsgaden";"Gemeinden";"23.801,94";"25.642,38";"27.085,83";"31.107,42"
"09186122";"Geisenfeld, St";"Gemeinden";"24.586,25";"27.383,72";"28.667,06";"33.171,35"
"09186125";"Gerolsbach";"Gemeinden";"21.454,27";"24.303,58";"26.941,15";"31.164,25"
"09186126";"Hettenshausen";"Gemeinden";"26.862,92";"31.073,30";"31.910,91";"36.993,55"
"09186128";"Hohenwart, M";"Gemeinden";"22.260,72";"25.267,52";"27.099,38";"31.073,60"
"09186130";"Ilmmünster";"Gemeinden";"24.851,17";"27.757,72";"30.207,53";"35.287,15"
"09186132";"Jetzendorf";"Gemeinden";"23.533,71";"26.363,15";"28.541,84";"33.463,29"
"09186137";"Manching, M";"Gemeinden";"21.997,29";"24.178,61";"25.381,03";"29.360,95"
"09186139";"Münchsmünster";"Gemeinden";"21.589,89";"23.437,94";"25.448,89";"29.939,26"
"09186143";"Pfaffenhofen a.d.Ilm, St";"Gemeinden";"23.977,97";"26.716,00";"28.970,18";"33.397,66"
"09186144";"Pörnbach";"Gemeinden";"22.669,54";"24.858,73";"27.191,72";"31.388,60"
"09186146";"Reichertshausen";"Gemeinden";"24.285,38";"26.438,52";"28.108,04";"32.444,04"
"09186147";"Reichertshofen, M";"Gemeinden";"23.289,91";"26.411,30";"28.364,02";"32.684,06"
"09186149";"Rohrbach";"Gemeinden";"24.123,49";"26.531,82";"28.203,62";"32.762,78"
"09186151";"Scheyern";"Gemeinden";"24.081,56";"25.925,62";"28.149,90";"32.235,07"
"09186152";"Schweitenkirchen";"Gemeinden";"23.228,41";"25.587,92";"26.909,80";"31.035,93"
"09186158";"Vohburg a.d.Donau, St";"Gemeinden";"22.127,57";"24.721,56";"25.969,32";"30.075,77"
"09186162";"Wolnzach, M";"Gemeinden";"23.902,44";"26.675,82";"28.070,81";"32.388,28"
"09187113";"Amerang";"Gemeinden";"23.023,93";"25.608,86";"27.858,70";"32.619,87"
"09187114";"Aschau i.Chiemgau";"Gemeinden";"26.276,29";"28.434,92";"29.686,32";"34.199,19"
"09187116";"Babensham";"Gemeinden";"21.927,13";"24.698,16";"27.043,22";"31.013,71"
"09187117";"Bad Aibling, St";"Gemeinden";"23.662,10";"26.533,97";"28.264,88";"33.167,58"
"09187118";"Bernau a.Chiemsee";"Gemeinden";"22.932,09";"24.968,70";"26.327,27";"30.828,60"
"09187120";"Brannenburg";"Gemeinden";"24.232,91";"26.880,97";"28.653,74";"33.297,70"
"09187121";"Breitbrunn a.Chiemsee";"Gemeinden";"27.762,57";"31.066,23";"32.848,66";"38.767,95"
"09187122";"Bruckmühl, M";"Gemeinden";"23.251,62";"25.789,55";"28.136,39";"32.631,41"
"09187123";"Chiemsee";"Gemeinden";"17.514,16";"19.238,57";"20.857,57";"25.357,05"
"09187124";"Edling";"Gemeinden";"22.634,87";"24.835,64";"26.709,26";"30.909,22"
"09187125";"Eggstätt";"Gemeinden";"22.183,50";"25.128,33";"27.063,35";"31.640,60"
"09187126";"Eiselfing";"Gemeinden";"22.322,59";"25.243,82";"27.128,84";"31.801,35"
"09187128";"Bad Endorf, M";"Gemeinden";"22.386,92";"24.373,20";"26.545,15";"30.623,45"
"09187129";"Bad Feilnbach";"Gemeinden";"22.860,25";"25.080,82";"27.123,94";"31.956,44"
"09187130";"Feldkirchen-Westerham";"Gemeinden";"26.015,79";"29.044,42";"30.861,74";"36.181,50"
"09187131";"Flintsbach a.Inn";"Gemeinden";"22.537,99";"25.341,27";"27.048,37";"31.599,78"
"09187132";"Frasdorf";"Gemeinden";"21.818,48";"24.928,47";"26.764,26";"31.221,57"
"09187134";"Griesstätt";"Gemeinden";"19.842,16";"22.796,41";"24.890,73";"28.644,41"
"09187137";"Großkarolinenfeld";"Gemeinden";"23.334,74";"25.341,59";"27.314,34";"31.418,61"
"09187138";"Gstadt a.Chiemsee";"Gemeinden";"20.929,42";"24.104,03";"26.433,88";"30.386,44"
"09187139";"Halfing";"Gemeinden";"20.503,09";"22.803,00";"24.835,40";"28.889,52"
"09187142";"Schechen";"Gemeinden";"21.420,66";"23.896,12";"26.016,90";"30.356,57"
"09187145";"Höslwang";"Gemeinden";"19.655,16";"22.350,97";"24.936,12";"28.615,15"
"09187148";"Kiefersfelden";"Gemeinden";"21.433,71";"24.253,56";"26.419,29";"30.429,42"
"09187150";"Kolbermoor, St";"Gemeinden";"22.069,17";"24.843,72";"27.026,53";"31.454,73"
"09187154";"Neubeuern, M";"Gemeinden";"25.099,67";"28.676,20";"30.434,96";"35.673,49"
"09187156";"Nußdorf a.Inn";"Gemeinden";"25.878,06";"28.804,94";"31.320,17";"36.663,18"
"09187157";"Oberaudorf";"Gemeinden";"22.139,80";"24.378,37";"26.168,26";"30.360,45"
"09187159";"Pfaffing";"Gemeinden";"23.100,87";"25.436,24";"27.046,40";"31.335,44"
"09187162";"Prien a.Chiemsee, M";"Gemeinden";"25.201,71";"27.227,13";"29.256,02";"34.023,46"
"09187163";"Prutting";"Gemeinden";"23.825,27";"26.345,37";"28.735,49";"32.739,08"
"09187164";"Ramerberg";"Gemeinden";"20.589,33";"23.361,94";"25.567,19";"29.378,80"
"09187165";"Raubling";"Gemeinden";"23.328,52";"25.277,99";"27.383,74";"31.764,63"
"09187167";"Riedering";"Gemeinden";"24.322,57";"27.369,73";"28.495,77";"33.333,00"
"09187168";"Rimsting";"Gemeinden";"26.746,88";"29.644,36";"31.488,94";"36.464,88"
"09187169";"Rohrdorf";"Gemeinden";"23.694,89";"25.747,88";"27.400,04";"31.704,21"
"09187170";"Rott a.Inn";"Gemeinden";"22.569,58";"24.378,90";"26.502,55";"30.758,86"
"09187172";"Samerberg";"Gemeinden";"22.437,82";"25.229,49";"27.751,96";"32.372,66"
"09187173";"Schonstett";"Gemeinden";"21.511,68";"24.124,12";"25.813,41";"29.900,73"
"09187174";"Söchtenau";"Gemeinden";"20.473,13";"23.382,51";"25.956,89";"30.285,90"
"09187176";"Soyen";"Gemeinden";"23.174,17";"26.117,27";"27.453,49";"32.522,91"
"09187177";"Stephanskirchen";"Gemeinden";"27.683,41";"29.966,90";"31.742,86";"37.037,03"
"09187179";"Tuntenhausen";"Gemeinden";"22.383,94";"25.225,00";"27.261,90";"31.786,76"
"09187181";"Vogtareuth";"Gemeinden";"21.717,69";"24.201,70";"26.006,92";"30.584,42"
"09187182";"Wasserburg a.Inn, St";"Gemeinden";"22.510,41";"24.561,98";"25.594,06";"29.855,32"
"09187186";"Albaching";"Gemeinden";"20.543,50";"23.143,10";"25.770,12";"30.056,02"
"09187451";"Rotter Forst-Nord";"Gemeinden";;;;
"09187452";"Rotter Forst-Süd";"Gemeinden";;;;
"09188113";"Berg";"Gemeinden";"41.087,50";"44.478,12";"46.192,84";"53.717,18"
"09188117";"Andechs";"Gemeinden";"25.461,16";"27.602,31";"29.167,37";"33.970,62"
"09188118";"Feldafing";"Gemeinden";"38.722,06";"41.281,40";"41.838,23";"47.727,81"
"09188120";"Gauting";"Gemeinden";"32.974,25";"35.765,47";"37.135,38";"43.050,74"
"09188121";"Gilching";"Gemeinden";"27.459,23";"29.665,85";"31.114,81";"36.026,46"
"09188124";"Herrsching a.Ammersee";"Gemeinden";"30.444,69";"33.061,30";"34.880,78";"40.847,19"
"09188126";"Inning a.Ammersee";"Gemeinden";"34.990,85";"38.925,18";"41.491,90";"48.123,16"
"09188127";"Krailling";"Gemeinden";"34.080,23";"36.224,74";"38.319,74";"44.442,32"
"09188132";"Seefeld";"Gemeinden";"31.807,35";"33.882,66";"36.970,09";"43.355,75"
"09188137";"Pöcking";"Gemeinden";"32.410,10";"36.038,88";"37.785,98";"43.113,83"
"09188139";"Starnberg, St";"Gemeinden";"33.494,88";"36.015,73";"37.557,86";"43.713,11"
"09188141";"Tutzing";"Gemeinden";"31.550,96";"34.063,17";"36.287,10";"42.256,82"
"09188144";"Weßling";"Gemeinden";"28.760,02";"30.977,64";"32.667,25";"38.197,37"
"09188145";"Wörthsee";"Gemeinden";"34.440,47";"36.836,35";"38.427,98";"44.967,84"
"09188451";"Starnberger See";"Gemeinden";;;;
"09189111";"Altenmarkt a.d.Alz";"Gemeinden";"22.405,11";"24.486,97";"26.795,52";"31.257,87"
"09189113";"Bergen";"Gemeinden";"23.922,85";"25.953,27";"27.618,64";"31.840,77"
"09189114";"Chieming";"Gemeinden";"25.163,51";"27.719,68";"29.161,60";"33.383,64"
"09189115";"Engelsberg";"Gemeinden";"20.000,44";"22.522,73";"24.828,80";"28.367,59"
"09189118";"Fridolfing";"Gemeinden";"20.752,80";"23.187,23";"25.407,40";"29.721,83"
"09189119";"Grabenstätt";"Gemeinden";"23.407,30";"25.974,24";"28.137,80";"32.446,92"
"09189120";"Grassau, M";"Gemeinden";"21.096,59";"23.643,37";"25.939,73";"30.002,52"
"09189124";"Inzell";"Gemeinden";"22.187,27";"24.757,98";"27.230,16";"31.529,67"
"09189126";"Kienberg";"Gemeinden";"21.857,23";"24.539,18";"27.715,36";"31.721,55"
"09189127";"Kirchanschöring";"Gemeinden";"24.573,90";"28.303,11";"30.687,66";"36.535,90"
"09189129";"Marquartstein";"Gemeinden";"24.697,48";"26.895,29";"27.983,90";"32.390,68"
"09189130";"Nußdorf";"Gemeinden";"23.807,14";"25.967,67";"28.073,16";"32.620,12"
"09189133";"Obing";"Gemeinden";"21.500,47";"24.256,16";"25.655,27";"29.304,92"
"09189134";"Palling";"Gemeinden";"22.845,33";"25.176,94";"27.253,73";"31.702,71"
"09189135";"Petting";"Gemeinden";"18.905,16";"21.439,26";"23.549,24";"27.289,48"
"09189137";"Pittenhart";"Gemeinden";"20.555,05";"23.069,95";"25.554,95";"29.632,13"
"09189139";"Reit im Winkl";"Gemeinden";"21.039,98";"23.691,49";"25.610,76";"29.124,97"
"09189140";"Ruhpolding";"Gemeinden";"22.454,22";"24.344,68";"26.191,63";"30.090,38"
"09189141";"Schleching";"Gemeinden";"21.094,70";"23.758,57";"26.644,08";"30.757,71"
"09189142";"Schnaitsee";"Gemeinden";"20.854,19";"23.294,53";"25.921,71";"29.766,03"
"09189143";"Seeon-Seebruck";"Gemeinden";"23.236,64";"26.319,30";"28.926,06";"33.300,39"
"09189145";"Siegsdorf";"Gemeinden";"23.736,29";"25.531,55";"27.951,94";"32.393,81"
"09189146";"Staudach-Egerndach";"Gemeinden";"20.449,46";"22.580,73";"24.866,89";"28.981,04"
"09189148";"Surberg";"Gemeinden";"21.545,45";"24.111,55";"26.530,19";"30.937,41"
"09189149";"Tacherting";"Gemeinden";"20.973,40";"23.599,49";"25.385,77";"29.167,43"
"09189150";"Taching a.See";"Gemeinden";"21.167,47";"24.165,43";"26.070,90";"30.644,50"
"09189152";"Tittmoning, St";"Gemeinden";"25.329,64";"28.726,72";"32.104,74";"37.248,18"
"09189154";"Traunreut, St";"Gemeinden";"20.505,05";"22.815,25";"24.632,15";"28.258,96"
"09189155";"Traunstein, GKSt";"Gemeinden";"24.620,13";"26.505,82";"28.158,18";"32.283,33"
"09189157";"Trostberg, St";"Gemeinden";"21.556,91";"23.844,15";"25.841,51";"29.671,17"
"09189159";"Übersee";"Gemeinden";"21.875,89";"24.419,96";"26.392,54";"30.223,41"
"09189160";"Unterwössen";"Gemeinden";"21.970,73";"24.598,32";"27.102,75";"31.502,40"
"09189161";"Vachendorf";"Gemeinden";"22.024,05";"24.210,06";"26.297,75";"30.645,62"
"09189162";"Waging a.See, M";"Gemeinden";"22.424,27";"24.278,39";"25.786,19";"29.744,38"
"09189165";"Wonneberg";"Gemeinden";"17.089,79";"19.483,91";"22.105,87";"25.915,57"
"09189451";"Chiemsee (See)";"Gemeinden";;;;
"09189452";"Waginger See";"Gemeinden";;;;
"09190111";"Altenstadt";"Gemeinden";"21.437,10";"24.094,36";"26.188,05";"30.301,80"
"09190113";"Antdorf";"Gemeinden";"23.590,68";"26.858,75";"27.911,92";"32.775,46"
"09190114";"Bernbeuren";"Gemeinden";"19.120,00";"21.781,21";"23.911,89";"27.852,43"
"09190115";"Bernried am Starnberger See";"Gemeinden";"27.228,10";"29.289,25";"31.129,50";"36.616,81"
"09190117";"Böbing";"Gemeinden";"20.272,19";"22.528,59";"24.401,26";"28.149,07"
"09190118";"Burggen";"Gemeinden";"20.109,93";"22.628,96";"24.333,35";"28.578,15"
"09190120";"Eberfing";"Gemeinden";"23.468,95";"25.260,54";"27.875,05";"33.161,70"
"09190121";"Eglfing";"Gemeinden";"21.642,70";"24.805,67";"27.369,65";"32.262,12"
"09190126";"Habach";"Gemeinden";"25.720,60";"28.372,98";"30.269,73";"34.951,15"
"09190129";"Hohenfurch";"Gemeinden";"21.112,93";"23.574,87";"25.218,29";"30.084,60"
"09190130";"Hohenpeißenberg";"Gemeinden";"21.408,77";"23.830,76";"26.341,39";"30.868,50"
"09190131";"Huglfing";"Gemeinden";"21.954,29";"23.945,93";"26.175,31";"30.618,15"
"09190132";"Iffeldorf";"Gemeinden";"27.639,76";"30.193,46";"33.017,55";"38.029,70"
"09190133";"Ingenried";"Gemeinden";"19.739,52";"22.378,75";"24.998,19";"28.615,91"
"09190135";"Oberhausen";"Gemeinden";"22.909,01";"25.760,66";"27.594,75";"32.536,11"
"09190136";"Obersöchering";"Gemeinden";"21.493,11";"24.529,95";"26.043,49";"30.271,49"
"09190138";"Pähl";"Gemeinden";"26.540,59";"28.850,22";"31.088,15";"36.526,69"
"09190139";"Peißenberg, M";"Gemeinden";"20.641,38";"23.164,74";"24.885,46";"28.890,14"
"09190140";"Peiting, M";"Gemeinden";"20.994,88";"23.130,06";"24.987,20";"28.781,95"
"09190141";"Penzberg, St";"Gemeinden";"24.901,91";"28.087,01";"29.555,99";"34.618,38"
"09190142";"Polling";"Gemeinden";"24.245,47";"26.235,15";"27.797,07";"32.844,57"
"09190143";"Prem";"Gemeinden";"21.679,66";"24.073,71";"25.284,56";"30.188,98"
"09190144";"Raisting";"Gemeinden";"21.517,68";"24.547,92";"26.776,97";"31.528,18"
"09190145";"Rottenbuch";"Gemeinden";"20.216,98";"22.644,43";"24.548,44";"29.139,33"
"09190148";"Schongau, St";"Gemeinden";"21.627,94";"23.503,59";"25.635,68";"29.592,70"
"09190149";"Schwabbruck";"Gemeinden";"21.873,55";"24.547,20";"26.892,77";"31.020,30"
"09190151";"Schwabsoien";"Gemeinden";"21.574,83";"24.199,61";"26.274,39";"30.836,99"
"09190152";"Seeshaupt";"Gemeinden";"32.033,54";"34.104,61";"36.267,16";"42.643,51"
"09190153";"Sindelsdorf";"Gemeinden";"24.111,47";"27.271,64";"28.374,76";"33.859,06"
"09190154";"Steingaden";"Gemeinden";"19.963,57";"22.074,40";"24.132,23";"28.418,53"
"09190157";"Weilheim i.OB, St";"Gemeinden";"24.336,38";"26.501,56";"27.972,09";"32.286,42"
"09190158";"Wessobrunn";"Gemeinden";"22.177,49";"23.602,99";"25.996,44";"30.427,93"
"09190159";"Wielenbach";"Gemeinden";"22.552,86";"25.849,56";"27.381,15";"31.502,27"
"09190160";"Wildsteig";"Gemeinden";"19.077,47";"21.690,32";"23.741,82";"28.284,86"
"09261000";"Landshut";"Gemeinden";"23.657,52";"25.868,75";"27.266,76";"31.368,94"
"09262000";"Passau";"Gemeinden";"21.197,29";"22.978,83";"24.252,93";"28.048,46"
"09263000";"Straubing";"Gemeinden";"21.895,33";"23.830,90";"25.232,86";"29.444,13"
"09271111";"Aholming";"Gemeinden";"20.769,64";"23.107,69";"24.849,40";"29.139,65"
"09271113";"Auerbach";"Gemeinden";"19.170,54";"21.792,65";"23.902,12";"27.647,71"
"09271114";"Außernzell";"Gemeinden";"18.183,72";"20.635,40";"23.071,32";"26.650,59"
"09271116";"Bernried";"Gemeinden";"20.662,04";"23.397,01";"25.842,97";"30.538,97"
"09271118";"Buchhofen";"Gemeinden";"21.289,29";"23.904,15";"26.331,61";"30.767,66"
"09271119";"Deggendorf, GKSt";"Gemeinden";"22.053,38";"24.333,77";"26.313,04";"30.387,45"
"09271122";"Grafling";"Gemeinden";"19.467,99";"21.841,10";"24.270,90";"28.061,42"
"09271123";"Grattersdorf";"Gemeinden";"19.699,57";"22.065,81";"24.335,10";"28.443,01"
"09271125";"Hengersberg, M";"Gemeinden";"20.399,91";"22.923,24";"25.317,30";"29.185,61"
"09271126";"Hunding";"Gemeinden";"18.906,03";"21.467,46";"23.633,54";"27.663,40"
"09271127";"Iggensbach";"Gemeinden";"18.945,61";"21.519,18";"23.331,73";"27.420,74"
"09271128";"Künzing";"Gemeinden";"20.872,29";"22.961,23";"25.271,65";"29.000,22"
"09271130";"Lalling";"Gemeinden";"21.845,60";"23.807,15";"24.973,72";"29.227,76"
"09271132";"Metten, M";"Gemeinden";"22.609,06";"24.562,06";"26.427,64";"31.010,84"
"09271135";"Moos";"Gemeinden";"22.327,88";"24.007,75";"26.393,01";"30.788,81"
"09271138";"Niederalteich";"Gemeinden";"19.887,81";"22.130,93";"24.293,55";"28.365,42"
"09271139";"Oberpöring";"Gemeinden";"21.246,57";"23.338,25";"25.685,90";"29.873,52"
"09271140";"Offenberg";"Gemeinden";"20.606,23";"23.324,11";"25.372,41";"29.429,11"
"09271141";"Osterhofen, St";"Gemeinden";"20.899,70";"23.310,12";"25.473,59";"29.788,22"
"09271143";"Otzing";"Gemeinden";"20.373,55";"22.005,00";"24.197,00";"28.363,28"
"09271146";"Plattling, St";"Gemeinden";"20.043,31";"21.981,87";"23.860,28";"27.645,12"
"09271148";"Schaufling";"Gemeinden";"20.313,68";"22.958,97";"25.415,56";"30.099,37"
"09271149";"Schöllnach, M";"Gemeinden";"19.277,43";"21.612,49";"23.340,45";"27.062,92"
"09271151";"Stephansposching";"Gemeinden";"21.389,73";"24.217,99";"26.064,54";"30.474,31"
"09271152";"Wallerfing";"Gemeinden";"22.830,18";"23.585,26";"26.447,28";"30.548,68"
"09271153";"Winzer, M";"Gemeinden";"18.710,84";"21.282,38";"23.398,82";"27.101,03"
"09272116";"Eppenschlag";"Gemeinden";"18.091,63";"20.401,68";"22.587,90";"26.276,48"
"09272118";"Freyung, St";"Gemeinden";"20.561,50";"22.453,48";"24.611,03";"28.418,31"
"09272119";"Fürsteneck";"Gemeinden";"19.284,57";"20.818,52";"22.796,30";"26.764,78"
"09272120";"Grafenau, St";"Gemeinden";"19.893,29";"22.218,23";"24.269,38";"28.082,10"
"09272121";"Grainet";"Gemeinden";"17.107,64";"19.537,54";"21.922,98";"25.462,58"
"09272122";"Haidmühle";"Gemeinden";"18.179,24";"20.558,46";"22.634,04";"25.891,82"
"09272126";"Hinterschmiding";"Gemeinden";"17.671,06";"20.189,11";"22.397,85";"25.978,02"
"09272127";"Hohenau";"Gemeinden";"17.956,73";"20.441,53";"22.294,38";"25.371,68"
"09272128";"Innernzell";"Gemeinden";"19.216,46";"21.758,37";"24.184,18";"28.431,11"
"09272129";"Jandelsbrunn";"Gemeinden";"18.335,28";"20.712,61";"23.262,06";"26.995,64"
"09272134";"Mauth";"Gemeinden";"18.485,19";"20.829,69";"22.963,72";"26.619,57"
"09272136";"Neureichenau";"Gemeinden";"19.167,64";"21.321,70";"23.973,30";"27.631,56"
"09272138";"Perlesreut, M";"Gemeinden";"17.424,44";"20.138,49";"22.180,41";"25.535,39"
"09272139";"Philippsreut";"Gemeinden";"16.880,35";"19.257,30";"21.031,94";"24.323,22"
"09272140";"Ringelai";"Gemeinden";"17.741,60";"20.224,81";"22.434,37";"25.603,60"
"09272141";"Röhrnbach, M";"Gemeinden";"19.640,64";"22.454,43";"24.375,87";"28.238,19"
"09272142";"Saldenburg";"Gemeinden";"18.367,10";"20.711,08";"22.720,83";"26.818,58"
"09272143";"Sankt Oswald-Riedlhütte";"Gemeinden";"17.369,92";"19.617,90";"21.621,61";"24.834,20"
"09272145";"Schöfweg";"Gemeinden";"18.948,20";"21.083,80";"23.279,98";"26.928,72"
"09272146";"Neuschönau";"Gemeinden";"17.666,53";"19.915,74";"21.928,87";"25.292,64"
"09272147";"Schönberg, M";"Gemeinden";"20.072,17";"22.311,48";"24.129,91";"27.685,40"
"09272149";"Spiegelau";"Gemeinden";"18.338,98";"20.597,00";"22.676,03";"25.914,60"
"09272150";"Thurmansbang";"Gemeinden";"18.518,10";"21.130,10";"23.073,30";"26.629,24"
"09272151";"Waldkirchen, St";"Gemeinden";"19.341,62";"22.071,60";"24.267,48";"28.071,20"
"09272152";"Zenting";"Gemeinden";"19.095,79";"21.197,99";"23.199,06";"27.236,58"
"09272451";"Annathaler Wald";"Gemeinden";;;;
"09272452";"Frauenberger u. Duschlberger Wald";"Gemeinden";;;;
"09272453";"Graineter Wald";"Gemeinden";;;;
"09272455";"Leopoldsreuter Wald";"Gemeinden";;;;
"09272456";"Mauther Forst";"Gemeinden";;;;
"09272457";"Philippsreuter Wald";"Gemeinden";;;;
"09272458";"Pleckensteiner Wald";"Gemeinden";;;;
"09272459";"Sankt Oswald";"Gemeinden";;;;
"09272460";"Schlichtenberger Wald";"Gemeinden";;;;
"09272461";"Schönbrunner Wald";"Gemeinden";;;;
"09272463";"Waldhäuserwald";"Gemeinden";;;;
"09273111";"Abensberg, St";"Gemeinden";"21.848,30";"23.650,18";"25.487,75";"29.526,98"
"09273113";"Aiglsbach";"Gemeinden";"22.020,76";"25.180,84";"27.690,41";"31.931,94"
"09273115";"Attenhofen";"Gemeinden";"21.894,92";"23.552,84";"25.557,77";"29.513,86"
"09273116";"Bad Abbach, M";"Gemeinden";"24.528,61";"26.942,66";"28.333,88";"33.153,17"
"09273119";"Biburg";"Gemeinden";"18.611,42";"21.353,02";"23.591,58";"27.396,06"
"09273121";"Essing, M";"Gemeinden";"20.643,36";"23.272,33";"25.997,87";"29.783,29"
"09273125";"Hausen";"Gemeinden";"22.229,59";"23.973,56";"25.792,54";"30.260,11"
"09273127";"Herrngiersdorf";"Gemeinden";"20.743,91";"23.485,53";"26.066,13";"31.113,65"
"09273133";"Ihrlerstein";"Gemeinden";"21.637,99";"23.922,24";"25.476,90";"29.622,19"
"09273137";"Kelheim, St";"Gemeinden";"20.761,27";"22.685,14";"24.582,25";"28.486,05"
"09273139";"Kirchdorf";"Gemeinden";"20.812,57";"23.742,70";"26.715,50";"30.998,79"
"09273141";"Langquaid, M";"Gemeinden";"23.949,41";"26.874,90";"28.334,29";"33.333,99"
"09273147";"Mainburg, St";"Gemeinden";"21.810,97";"23.887,96";"25.408,87";"29.416,52"
"09273152";"Neustadt a.d.Donau, St";"Gemeinden";"21.147,14";"22.864,69";"24.714,44";"28.632,91"
"09273159";"Painten, M";"Gemeinden";"20.287,94";"22.317,61";"24.437,59";"27.942,64"
"09273163";"Elsendorf";"Gemeinden";"21.972,86";"24.189,30";"26.560,97";"30.898,00"
"09273164";"Riedenburg, St";"Gemeinden";"21.682,80";"24.083,65";"25.865,08";"29.892,52"
"09273165";"Rohr i.NB, M";"Gemeinden";"21.082,36";"23.613,69";"25.311,54";"29.279,84"
"09273166";"Saal a.d.Donau";"Gemeinden";"21.059,55";"23.190,77";"25.164,86";"29.011,09"
"09273172";"Siegenburg, M";"Gemeinden";"21.012,45";"22.717,74";"24.772,60";"28.839,86"
"09273175";"Teugn";"Gemeinden";"21.723,81";"24.259,12";"25.726,70";"30.019,07"
"09273177";"Train";"Gemeinden";"21.939,41";"24.704,81";"26.648,41";"31.286,91"
"09273178";"Volkenschwand";"Gemeinden";"22.092,04";"24.990,48";"26.908,24";"31.444,70"
"09273181";"Wildenberg";"Gemeinden";"19.973,63";"22.565,10";"24.967,58";"29.737,19"
"09273451";"Dürnbucher Forst";"Gemeinden";;;;
"09273452";"Frauenforst";"Gemeinden";;;;
"09273453";"Hacklberg";"Gemeinden";;;;
"09274111";"Adlkofen";"Gemeinden";"21.872,23";"24.022,75";"25.967,46";"30.354,26"
"09274112";"Aham";"Gemeinden";"19.805,68";"21.937,64";"24.170,23";"27.946,57"
"09274113";"Altdorf, M";"Gemeinden";"22.584,93";"25.055,38";"26.490,12";"30.497,52"
"09274114";"Altfraunhofen";"Gemeinden";"23.867,54";"26.626,88";"28.696,76";"34.080,53"
"09274118";"Baierbach";"Gemeinden";"20.473,98";"23.547,09";"26.038,10";"30.627,40"
"09274119";"Bayerbach b.Ergoldsbach";"Gemeinden";"21.551,08";"24.493,04";"26.901,93";"31.549,92"
"09274120";"Bodenkirchen";"Gemeinden";"19.915,95";"22.553,00";"24.739,80";"29.127,88"
"09274121";"Buch a.Erlbach";"Gemeinden";"23.513,36";"26.430,19";"28.684,26";"33.810,87"
"09274124";"Eching";"Gemeinden";"25.194,98";"27.271,72";"29.372,69";"33.582,68"
"09274126";"Ergolding, M";"Gemeinden";"23.823,90";"25.743,69";"27.507,60";"31.775,57"
"09274127";"Ergoldsbach, M";"Gemeinden";"20.324,28";"22.777,24";"24.998,41";"28.986,95"
"09274128";"Essenbach, M";"Gemeinden";"21.618,64";"24.295,85";"26.367,03";"30.708,94"
"09274132";"Furth";"Gemeinden";"23.785,93";"26.288,15";"28.413,41";"33.231,60"
"09274134";"Geisenhausen, M";"Gemeinden";"21.834,39";"24.544,74";"27.065,05";"31.283,79"
"09274135";"Gerzen";"Gemeinden";"23.036,59";"24.569,53";"26.924,04";"31.306,98"
"09274141";"Hohenthann";"Gemeinden";"22.066,21";"24.921,44";"27.227,21";"31.815,26"
"09274145";"Kröning";"Gemeinden";"21.542,87";"24.461,52";"26.427,72";"30.600,00"
"09274146";"Kumhausen";"Gemeinden";"23.242,52";"26.303,00";"28.274,65";"33.093,48"
"09274153";"Neufahrn i.NB";"Gemeinden";"20.849,97";"23.236,91";"25.470,77";"29.290,19"
"09274154";"Neufraunhofen";"Gemeinden";"20.573,75";"23.104,08";"25.398,53";"29.042,46"
"09274156";"Niederaichbach";"Gemeinden";"20.173,48";"22.620,62";"25.115,42";"29.016,56"
"09274165";"Obersüßbach";"Gemeinden";"21.386,93";"23.719,53";"25.711,37";"30.001,42"
"09274172";"Pfeffenhausen, M";"Gemeinden";"21.250,24";"23.591,53";"25.798,85";"30.032,38"
"09274174";"Postau";"Gemeinden";"19.799,25";"22.763,23";"24.746,49";"28.906,31"
"09274176";"Rottenburg a.d.Laaber, St";"Gemeinden";"21.096,88";"23.702,76";"26.028,51";"30.105,86"
"09274179";"Schalkham";"Gemeinden";"16.013,45";"18.487,31";"20.882,11";"24.387,65"
"09274182";"Tiefenbach";"Gemeinden";"25.976,43";"28.797,16";"30.939,91";"36.481,32"
"09274183";"Velden, M";"Gemeinden";"19.817,80";"22.311,40";"24.306,81";"28.084,92"
"09274184";"Vilsbiburg, St";"Gemeinden";"22.077,82";"24.034,46";"25.880,16";"29.944,84"
"09274185";"Vilsheim";"Gemeinden";"20.534,52";"23.627,64";"25.826,29";"29.866,45"
"09274187";"Weihmichl";"Gemeinden";"20.628,16";"23.474,33";"25.719,52";"30.280,94"
"09274188";"Weng";"Gemeinden";"19.346,97";"21.691,42";"24.472,56";"28.946,25"
"09274191";"Wörth a.d.Isar";"Gemeinden";"22.759,51";"24.426,68";"25.973,69";"30.704,07"
"09274193";"Wurmsham";"Gemeinden";"19.519,21";"21.971,86";"23.966,28";"28.126,56"
"09274194";"Bruckberg";"Gemeinden";"22.963,92";"25.288,92";"27.103,46";"31.780,44"
"09275111";"Aicha vorm Wald";"Gemeinden";"18.797,33";"21.404,69";"23.714,87";"27.895,26"
"09275112";"Aidenbach, M";"Gemeinden";"19.557,58";"21.816,66";"24.062,75";"27.626,74"
"09275114";"Aldersbach";"Gemeinden";"21.097,34";"22.792,39";"25.139,19";"29.396,86"
"09275116";"Bad Füssing";"Gemeinden";"22.279,35";"23.920,77";"26.050,67";"30.058,31"
"09275117";"Beutelsbach";"Gemeinden";"19.537,24";"22.107,12";"24.693,52";"28.974,84"
"09275118";"Breitenberg";"Gemeinden";"17.214,62";"19.679,88";"21.393,48";"24.662,53"
"09275119";"Büchlberg";"Gemeinden";"20.406,03";"22.442,86";"24.411,61";"28.289,71"
"09275120";"Eging a.See, M";"Gemeinden";"20.055,51";"22.180,36";"24.168,14";"27.816,42"
"09275121";"Fürstenstein";"Gemeinden";"18.231,33";"20.509,01";"22.720,37";"26.279,26"
"09275122";"Fürstenzell, M";"Gemeinden";"21.334,88";"23.743,03";"25.679,37";"29.965,45"
"09275124";"Bad Griesbach i.Rottal, St";"Gemeinden";"20.679,79";"22.478,64";"24.671,51";"28.605,69"
"09275125";"Haarbach";"Gemeinden";"20.007,63";"22.362,83";"24.654,26";"28.645,71"
"09275126";"Hauzenberg, St";"Gemeinden";"20.347,17";"22.655,00";"24.717,77";"28.671,35"
"09275127";"Hofkirchen, M";"Gemeinden";"19.126,41";"21.620,19";"24.225,48";"28.631,42"
"09275128";"Hutthurm, M";"Gemeinden";"19.053,88";"21.551,06";"23.751,43";"27.308,59"
"09275130";"Kirchham";"Gemeinden";"20.018,62";"22.620,06";"25.051,40";"28.770,54"
"09275131";"Kößlarn, M";"Gemeinden";"19.250,73";"21.379,68";"23.623,04";"27.199,36"
"09275132";"Malching";"Gemeinden";"17.075,59";"19.276,04";"21.629,30";"24.869,31"
"09275133";"Neuburg a.Inn";"Gemeinden";"21.999,26";"24.781,76";"27.201,03";"31.411,26"
"09275134";"Neuhaus a.Inn";"Gemeinden";"21.653,88";"23.944,57";"26.032,11";"30.337,76"
"09275135";"Neukirchen vorm Wald";"Gemeinden";"18.094,50";"20.380,02";"22.868,11";"26.685,82"
"09275137";"Obernzell, M";"Gemeinden";"20.874,18";"23.081,72";"25.321,46";"29.072,60"
"09275138";"Ortenburg, M";"Gemeinden";"20.778,10";"23.517,10";"26.198,61";"30.343,06"
"09275141";"Pocking, St";"Gemeinden";"20.784,41";"22.614,39";"24.745,10";"28.752,91"
"09275143";"Rotthalmünster, M";"Gemeinden";"20.212,46";"22.669,18";"24.693,37";"28.567,81"
"09275144";"Ruderting";"Gemeinden";"20.155,75";"23.070,70";"25.238,54";"29.430,99"
"09275145";"Ruhstorf a.d.Rott, M";"Gemeinden";"20.609,16";"22.884,89";"25.206,19";"29.257,37"
"09275146";"Salzweg";"Gemeinden";"20.697,27";"23.170,72";"25.112,62";"29.062,28"
"09275148";"Sonnen";"Gemeinden";"18.832,74";"21.041,88";"23.317,88";"26.880,12"
"09275149";"Tettenweis";"Gemeinden";"21.470,28";"23.266,64";"25.591,49";"29.437,65"
"09275150";"Thyrnau";"Gemeinden";"21.377,77";"23.962,51";"26.688,40";"30.952,73"
"09275151";"Tiefenbach";"Gemeinden";"20.874,35";"23.638,32";"25.430,56";"29.520,18"
"09275152";"Tittling, M";"Gemeinden";"20.237,52";"22.645,27";"23.941,30";"27.264,71"
"09275153";"Untergriesbach, M";"Gemeinden";"19.665,60";"22.018,21";"24.271,15";"27.948,10"
"09275154";"Vilshofen an der Donau, St";"Gemeinden";"20.908,45";"23.112,89";"24.687,25";"28.716,31"
"09275156";"Wegscheid, M";"Gemeinden";"18.982,85";"21.567,38";"24.044,22";"27.591,82"
"09275159";"Windorf, M";"Gemeinden";"19.211,98";"21.618,29";"24.059,24";"28.221,08"
"09275160";"Witzmannsberg";"Gemeinden";"18.268,20";"20.846,93";"23.536,54";"27.836,66"
"09276111";"Achslach";"Gemeinden";"18.349,25";"21.037,03";"22.863,17";"26.576,15"
"09276113";"Arnbruck";"Gemeinden";"18.221,46";"20.629,27";"23.175,31";"26.903,22"
"09276115";"Bayerisch Eisenstein";"Gemeinden";"17.848,97";"20.435,58";"22.415,38";"26.531,53"
"09276116";"Bischofsmais";"Gemeinden";"19.310,34";"21.986,76";"23.827,85";"27.552,26"
"09276117";"Bodenmais, M";"Gemeinden";"18.973,59";"21.342,18";"23.349,45";"27.081,48"
"09276118";"Böbrach";"Gemeinden";"18.272,15";"20.965,46";"22.683,79";"26.351,90"
"09276120";"Drachselsried";"Gemeinden";"19.129,13";"21.729,47";"23.849,47";"27.935,39"
"09276121";"Frauenau";"Gemeinden";"17.916,26";"20.308,74";"22.454,15";"26.509,20"
"09276122";"Geiersthal";"Gemeinden";"18.797,04";"21.280,43";"23.486,71";"27.443,36"
"09276123";"Gotteszell";"Gemeinden";"17.937,46";"20.565,80";"22.825,15";"26.606,53"
"09276126";"Kirchberg i.Wald";"Gemeinden";"18.655,24";"21.124,92";"23.095,44";"26.822,95"
"09276127";"Kirchdorf i.Wald";"Gemeinden";"18.565,78";"20.845,97";"22.929,89";"27.049,80"
"09276128";"Kollnburg";"Gemeinden";"19.049,59";"21.437,26";"23.549,32";"27.398,21"
"09276129";"Langdorf";"Gemeinden";"18.094,10";"20.091,19";"21.632,64";"25.393,99"
"09276130";"Lindberg";"Gemeinden";"18.971,21";"20.997,28";"23.146,22";"26.513,86"
"09276134";"Patersdorf";"Gemeinden";"18.253,96";"20.493,40";"22.649,28";"26.437,10"
"09276135";"Prackenbach";"Gemeinden";"18.728,01";"21.157,98";"23.449,19";"27.600,39"
"09276138";"Regen, St";"Gemeinden";"19.441,54";"21.740,88";"24.247,95";"27.929,82"
"09276139";"Rinchnach";"Gemeinden";"18.294,35";"20.783,60";"22.976,71";"26.907,49"
"09276142";"Ruhmannsfelden, M";"Gemeinden";"20.164,07";"21.901,18";"24.128,27";"28.199,81"
"09276143";"Teisnach, M";"Gemeinden";"19.377,06";"21.598,73";"23.767,89";"27.601,90"
"09276144";"Viechtach, St";"Gemeinden";"20.280,16";"22.576,90";"24.505,50";"28.396,33"
"09276146";"Zachenberg";"Gemeinden";"19.115,43";"21.259,11";"23.673,81";"27.370,99"
"09276148";"Zwiesel, St";"Gemeinden";"19.690,51";"21.969,80";"24.146,76";"28.045,00"
"09277111";"Arnstorf, M";"Gemeinden";"20.406,77";"22.046,26";"23.432,89";"27.337,17"
"09277112";"Bayerbach";"Gemeinden";"18.318,12";"20.198,24";"22.415,08";"26.221,16"
"09277113";"Bad Birnbach, M";"Gemeinden";"21.322,43";"23.325,83";"25.434,14";"29.631,18"
"09277114";"Dietersburg";"Gemeinden";"19.884,59";"21.894,69";"23.704,68";"27.869,27"
"09277116";"Eggenfelden, St";"Gemeinden";"21.800,61";"23.889,67";"24.913,58";"29.246,90"
"09277117";"Egglham";"Gemeinden";"19.405,14";"21.613,45";"23.649,31";"27.532,64"
"09277118";"Ering";"Gemeinden";"19.094,04";"21.315,74";"23.220,46";"27.753,04"
"09277119";"Falkenberg";"Gemeinden";"20.160,03";"22.601,56";"24.665,04";"28.894,62"
"09277121";"Gangkofen, M";"Gemeinden";"21.093,41";"23.693,61";"25.689,95";"30.118,74"
"09277122";"Geratskirchen";"Gemeinden";"18.908,30";"21.786,04";"24.396,72";"29.149,77"
"09277124";"Hebertsfelden";"Gemeinden";"20.192,25";"23.097,24";"25.037,13";"29.389,14"
"09277126";"Johanniskirchen";"Gemeinden";"20.898,47";"22.486,00";"24.823,54";"28.852,11"
"09277127";"Julbach";"Gemeinden";"20.537,00";"23.270,46";"25.789,80";"30.005,24"
"09277128";"Kirchdorf a.Inn";"Gemeinden";"21.888,60";"24.647,37";"26.271,70";"30.528,00"
"09277131";"Malgersdorf";"Gemeinden";"19.156,80";"21.870,71";"24.225,08";"27.772,42"
"09277133";"Massing, M";"Gemeinden";"21.565,03";"24.020,99";"25.834,94";"30.227,45"
"09277134";"Mitterskirchen";"Gemeinden";"19.306,79";"22.249,43";"24.458,97";"28.740,32"
"09277138";"Pfarrkirchen, St";"Gemeinden";"20.913,79";"23.235,09";"24.753,14";"28.682,19"
"09277139";"Postmünster";"Gemeinden";"19.463,30";"22.539,62";"24.958,27";"29.055,68"
"09277140";"Reut";"Gemeinden";"19.633,51";"21.909,86";"24.281,55";"28.412,91"
"09277141";"Rimbach";"Gemeinden";"19.714,91";"21.996,55";"24.709,31";"29.304,28"
"09277142";"Roßbach";"Gemeinden";"20.618,52";"23.139,30";"24.805,07";"29.056,50"
"09277144";"Schönau";"Gemeinden";"19.298,88";"22.127,16";"24.298,53";"28.068,97"
"09277145";"Simbach a.Inn, St";"Gemeinden";"20.943,09";"23.466,62";"24.823,79";"28.854,48"
"09277147";"Stubenberg";"Gemeinden";"19.485,36";"22.012,52";"24.087,66";"28.027,99"
"09277148";"Tann, M";"Gemeinden";"21.104,73";"23.533,86";"24.671,62";"28.702,99"
"09277149";"Triftern, M";"Gemeinden";"20.215,88";"22.484,78";"24.356,33";"28.196,97"
"09277151";"Unterdietfurt";"Gemeinden";"20.175,68";"22.946,27";"25.000,17";"29.441,40"
"09277152";"Wittibreut";"Gemeinden";"19.448,38";"22.026,59";"24.377,03";"28.572,72"
"09277153";"Wurmannsquick, M";"Gemeinden";"21.436,67";"24.192,91";"25.918,79";"30.095,85"
"09277154";"Zeilarn";"Gemeinden";"19.282,76";"21.719,76";"24.195,91";"28.441,36"
"09278112";"Aholfing";"Gemeinden";"19.977,03";"21.289,32";"22.868,69";"27.201,63"
"09278113";"Aiterhofen";"Gemeinden";"23.873,76";"25.799,79";"28.107,41";"32.846,99"
"09278116";"Ascha";"Gemeinden";"19.932,02";"21.645,24";"23.475,40";"27.022,39"
"09278117";"Atting";"Gemeinden";"23.120,48";"26.079,66";"28.243,49";"33.240,34"
"09278118";"Bogen, St";"Gemeinden";"19.725,07";"22.320,17";"24.204,68";"28.256,74"
"09278120";"Falkenfels";"Gemeinden";"19.526,72";"21.734,66";"24.538,91";"27.931,32"
"09278121";"Feldkirchen";"Gemeinden";"19.956,48";"22.493,03";"23.991,54";"28.051,43"
"09278123";"Geiselhöring, St";"Gemeinden";"21.215,92";"23.421,04";"25.628,03";"29.733,71"
"09278129";"Haibach";"Gemeinden";"19.968,84";"22.577,10";"24.734,20";"28.856,89"
"09278134";"Haselbach";"Gemeinden";"18.811,26";"22.011,20";"24.834,04";"29.078,00"
"09278139";"Hunderdorf";"Gemeinden";"20.205,13";"22.645,25";"24.564,86";"28.481,33"
"09278140";"Irlbach";"Gemeinden";"21.408,77";"23.120,68";"25.576,86";"29.945,76"
"09278141";"Kirchroth";"Gemeinden";"20.701,51";"23.381,49";"26.005,63";"29.946,56"
"09278143";"Konzell";"Gemeinden";"19.909,44";"22.564,88";"24.719,24";"28.615,15"
"09278144";"Laberweinting";"Gemeinden";"20.998,40";"23.492,98";"25.480,43";"30.264,29"
"09278146";"Leiblfing";"Gemeinden";"22.645,07";"24.741,27";"26.406,80";"31.139,12"
"09278147";"Loitzendorf";"Gemeinden";"18.164,48";"20.788,72";"22.652,35";"26.614,00"
"09278148";"Mallersdorf-Pfaffenberg, M";"Gemeinden";"22.669,22";"25.293,91";"26.965,00";"31.291,92"
"09278149";"Mariaposching";"Gemeinden";"19.504,93";"21.721,68";"23.830,85";"27.937,82"
"09278151";"Mitterfels, M";"Gemeinden";"22.547,65";"24.882,65";"26.371,89";"30.764,64"
"09278154";"Neukirchen";"Gemeinden";"18.579,35";"21.505,88";"24.225,14";"27.556,03"
"09278159";"Niederwinkling";"Gemeinden";"22.526,08";"25.461,03";"28.185,28";"33.112,25"
"09278167";"Oberschneiding";"Gemeinden";"22.123,97";"24.905,32";"27.155,59";"31.876,33"
"09278170";"Parkstetten";"Gemeinden";"22.742,97";"25.542,31";"27.485,26";"32.050,27"
"09278171";"Perasdorf";"Gemeinden";"17.405,78";"19.993,40";"21.983,83";"25.736,50"
"09278172";"Perkam";"Gemeinden";"20.917,08";"23.724,54";"25.422,09";"30.291,86"
"09278177";"Rain";"Gemeinden";"21.769,04";"23.957,25";"26.364,38";"31.381,53"
"09278178";"Rattenberg";"Gemeinden";"18.959,53";"21.241,00";"23.667,41";"27.781,47"
"09278179";"Rattiszell";"Gemeinden";"19.822,29";"21.963,78";"24.510,08";"28.536,24"
"09278182";"Salching";"Gemeinden";"22.395,37";"25.172,40";"27.449,51";"31.995,63"
"09278184";"Sankt Englmar";"Gemeinden";"20.702,45";"23.087,57";"24.717,08";"28.565,25"
"09278187";"Schwarzach, M";"Gemeinden";"19.998,31";"21.905,76";"23.904,27";"27.902,31"
"09278189";"Stallwang";"Gemeinden";"18.935,05";"21.634,73";"23.582,16";"27.137,53"
"09278190";"Steinach";"Gemeinden";"23.512,39";"25.042,97";"27.307,11";"31.625,74"
"09278192";"Straßkirchen";"Gemeinden";"21.991,40";"24.750,39";"26.624,59";"31.004,49"
"09278197";"Wiesenfelden";"Gemeinden";"18.642,27";"21.323,13";"23.705,05";"27.620,42"
"09278198";"Windberg";"Gemeinden";"19.390,56";"21.396,47";"23.593,82";"27.552,38"
"09279112";"Dingolfing, St";"Gemeinden";"21.923,04";"23.581,25";"25.278,39";"29.158,36"
"09279113";"Eichendorf, M";"Gemeinden";"20.545,17";"21.922,33";"23.670,53";"27.607,93"
"09279115";"Frontenhausen, M";"Gemeinden";"20.864,11";"22.566,51";"24.449,09";"28.345,43"
"09279116";"Gottfrieding";"Gemeinden";"21.072,20";"23.093,05";"25.674,36";"30.317,86"
"09279122";"Landau a.d.Isar, St";"Gemeinden";"21.385,48";"23.603,78";"25.599,04";"29.463,64"
"09279124";"Loiching";"Gemeinden";"23.233,14";"25.925,26";"28.338,61";"33.299,91"
"09279125";"Mamming";"Gemeinden";"20.772,38";"22.023,63";"22.648,89";"26.323,47"
"09279126";"Marklkofen";"Gemeinden";"23.000,68";"25.173,87";"27.286,45";"31.818,72"
"09279127";"Mengkofen";"Gemeinden";"21.844,41";"23.687,74";"25.980,59";"30.343,60"
"09279128";"Moosthenning";"Gemeinden";"22.392,22";"24.465,02";"26.740,13";"31.239,83"
"09279130";"Niederviehbach";"Gemeinden";"22.321,27";"24.754,99";"26.949,96";"31.065,46"
"09279132";"Pilsting, M";"Gemeinden";"22.062,43";"24.056,54";"26.251,74";"30.271,92"
"09279134";"Reisbach, M";"Gemeinden";"20.464,35";"21.474,32";"23.359,25";"26.768,98"
"09279135";"Simbach, M";"Gemeinden";"20.515,35";"21.312,27";"22.122,88";"26.009,50"
"09279137";"Wallersdorf, M";"Gemeinden";"20.616,41";"22.712,50";"25.068,44";"29.055,18"
"09361000";"Amberg";"Gemeinden";"21.627,35";"24.434,61";"25.767,89";"29.726,07"
"09362000";"Regensburg";"Gemeinden";"23.503,44";"25.630,07";"26.752,93";"30.855,78"
"09363000";"Weiden i.d.OPf.";"Gemeinden";"21.089,71";"23.345,57";"24.834,89";"28.694,27"
"09371111";"Ammerthal";"Gemeinden";"22.231,56";"24.736,42";"26.491,68";"31.108,16"
"09371113";"Auerbach i.d.OPf., St";"Gemeinden";"19.863,16";"22.418,54";"24.281,06";"28.166,81"
"09371116";"Birgland";"Gemeinden";"19.850,79";"22.587,69";"24.965,13";"28.646,76"
"09371118";"Ebermannsdorf";"Gemeinden";"21.090,83";"23.816,18";"25.687,09";"30.094,83"
"09371119";"Edelsfeld";"Gemeinden";"19.470,21";"22.007,66";"24.459,05";"28.265,79"
"09371120";"Ensdorf";"Gemeinden";"18.873,38";"21.489,18";"23.922,60";"27.511,70"
"09371121";"Freihung, M";"Gemeinden";"20.061,14";"22.382,87";"23.676,88";"27.772,39"
"09371122";"Freudenberg";"Gemeinden";"20.927,73";"23.849,43";"25.977,63";"29.965,76"
"09371123";"Gebenbach";"Gemeinden";"17.859,75";"19.916,22";"21.744,19";"24.914,23"
"09371126";"Hahnbach, M";"Gemeinden";"20.467,03";"23.150,75";"25.491,35";"29.400,92"
"09371127";"Hirschau, St";"Gemeinden";"20.203,15";"22.473,82";"24.382,09";"28.123,35"
"09371128";"Hirschbach";"Gemeinden";"20.136,58";"22.650,61";"24.435,53";"28.660,53"
"09371129";"Hohenburg, M";"Gemeinden";"16.959,16";"19.189,68";"21.128,57";"24.641,03"
"09371131";"Illschwang";"Gemeinden";"18.785,77";"21.756,05";"24.416,98";"27.920,22"
"09371132";"Kastl, M";"Gemeinden";"18.333,97";"20.918,63";"23.334,37";"27.311,81"
"09371135";"Königstein, M";"Gemeinden";"20.324,34";"23.052,73";"25.418,49";"29.551,28"
"09371136";"Kümmersbruck";"Gemeinden";"21.267,15";"24.068,78";"26.437,72";"30.539,33"
"09371140";"Etzelwang";"Gemeinden";"18.477,81";"21.193,03";"23.799,30";"27.456,26"
"09371141";"Neukirchen b.Sulzbach-Rosenberg";"Gemeinden";"20.413,76";"22.687,02";"25.356,31";"30.233,29"
"09371144";"Poppenricht";"Gemeinden";"21.468,12";"23.753,50";"26.106,32";"30.269,03"
"09371146";"Rieden, M";"Gemeinden";"19.177,81";"21.669,02";"23.772,54";"27.511,99"
"09371148";"Schmidmühlen, M";"Gemeinden";"20.067,11";"22.548,69";"24.826,76";"28.398,76"
"09371150";"Schnaittenbach, St";"Gemeinden";"20.158,18";"22.676,63";"24.721,03";"28.542,84"
"09371151";"Sulzbach-Rosenberg, St";"Gemeinden";"19.467,86";"21.937,40";"23.817,05";"27.522,54"
"09371154";"Ursensollen";"Gemeinden";"20.308,52";"23.250,66";"26.089,87";"30.145,15"
"09371156";"Vilseck, St";"Gemeinden";"17.945,11";"20.101,18";"21.782,17";"25.353,27"
"09371157";"Weigendorf";"Gemeinden";"20.228,53";"22.662,42";"24.472,03";"28.573,58"
"09371452";"Eichen";"Gemeinden";;;;
"09372112";"Arnschwang";"Gemeinden";"18.505,63";"21.126,75";"23.804,38";"27.258,10"
"09372113";"Arrach";"Gemeinden";"18.437,35";"20.873,49";"22.468,25";"25.993,14"
"09372115";"Blaibach";"Gemeinden";"19.155,19";"21.849,56";"23.964,76";"27.711,76"
"09372116";"Cham, St";"Gemeinden";"20.859,29";"23.576,44";"25.621,59";"29.701,32"
"09372117";"Chamerau";"Gemeinden";"19.405,06";"22.233,80";"24.206,46";"28.521,70"
"09372124";"Eschlkam, M";"Gemeinden";"16.895,63";"19.333,73";"21.572,54";"24.789,84"
"09372125";"Falkenstein, M";"Gemeinden";"21.892,08";"24.310,92";"25.602,41";"29.783,98"
"09372126";"Furth im Wald, St";"Gemeinden";"18.496,52";"20.773,89";"22.563,41";"26.134,67"
"09372128";"Gleißenberg";"Gemeinden";"15.332,03";"17.444,27";"19.917,63";"23.108,34"
"09372130";"Grafenwiesen";"Gemeinden";"18.598,32";"21.059,78";"23.360,70";"27.352,91"
"09372135";"Hohenwarth";"Gemeinden";"17.859,53";"20.221,19";"22.597,49";"26.785,04"
"09372137";"Bad Kötzting, St";"Gemeinden";"22.044,13";"24.521,46";"26.806,10";"31.431,06"
"09372138";"Lam, M";"Gemeinden";"18.941,51";"21.262,23";"23.350,24";"27.143,88"
"09372142";"Michelsneukirchen";"Gemeinden";"18.596,90";"21.466,56";"23.873,91";"27.756,64"
"09372143";"Miltach";"Gemeinden";"20.814,32";"23.540,04";"26.281,25";"30.626,73"
"09372144";"Neukirchen b.Hl.Blut, M";"Gemeinden";"17.242,90";"19.526,31";"21.720,97";"25.281,27"
"09372146";"Pemfling";"Gemeinden";"19.263,33";"21.887,87";"24.371,57";"28.524,88"
"09372147";"Pösing";"Gemeinden";"19.859,59";"22.051,59";"24.179,86";"27.627,94"
"09372149";"Reichenbach";"Gemeinden";"15.769,74";"17.892,99";"19.968,64";"23.354,68"
"09372150";"Rettenbach";"Gemeinden";"18.470,71";"20.937,10";"23.111,52";"27.351,51"
"09372151";"Rimbach";"Gemeinden";"18.101,87";"20.546,26";"22.278,24";"25.888,26"
"09372153";"Roding, St";"Gemeinden";"20.404,62";"22.818,47";"24.177,97";"28.378,66"
"09372154";"Rötz, St";"Gemeinden";"19.102,19";"21.588,29";"23.871,48";"27.566,53"
"09372155";"Runding";"Gemeinden";"20.103,81";"22.991,55";"25.780,25";"30.108,63"
"09372157";"Schönthal";"Gemeinden";"19.157,14";"21.678,85";"23.950,68";"28.013,55"
"09372158";"Schorndorf";"Gemeinden";"19.426,30";"22.540,27";"24.542,72";"28.968,85"
"09372161";"Stamsried, M";"Gemeinden";"17.969,28";"20.290,87";"22.058,70";"26.049,88"
"09372163";"Tiefenbach";"Gemeinden";"18.068,52";"20.221,18";"22.858,49";"26.914,44"
"09372164";"Traitsching";"Gemeinden";"18.569,25";"21.298,00";"23.496,98";"27.354,10"
"09372165";"Treffelstein";"Gemeinden";"18.491,39";"20.957,08";"22.892,62";"26.470,29"
"09372167";"Zell";"Gemeinden";"20.183,47";"22.527,98";"24.504,38";"28.728,46"
"09372168";"Waffenbrunn";"Gemeinden";"19.390,23";"22.362,64";"24.131,78";"28.465,84"
"09372169";"Wald";"Gemeinden";"20.987,84";"23.776,15";"25.456,39";"29.819,88"
"09372170";"Walderbach";"Gemeinden";"21.330,40";"24.195,07";"25.714,95";"30.279,81"
"09372171";"Waldmünchen, St";"Gemeinden";"19.202,31";"21.799,41";"23.763,12";"27.482,59"
"09372174";"Weiding";"Gemeinden";"17.970,95";"20.746,27";"22.918,00";"26.647,85"
"09372175";"Willmering";"Gemeinden";"20.770,13";"23.238,52";"26.467,60";"31.010,92"
"09372177";"Zandt";"Gemeinden";"19.453,25";"22.281,37";"24.817,53";"29.126,72"
"09372178";"Lohberg";"Gemeinden";"16.553,45";"18.666,44";"20.678,81";"24.087,58"
"09373112";"Berching, St";"Gemeinden";"19.739,86";"22.553,30";"24.632,85";"28.339,52"
"09373113";"Berg b.Neumarkt i.d.OPf.";"Gemeinden";"21.490,24";"24.164,91";"26.263,67";"30.672,68"
"09373114";"Berngau";"Gemeinden";"20.616,38";"23.439,60";"25.132,91";"29.179,84"
"09373115";"Breitenbrunn, M";"Gemeinden";"19.091,83";"21.583,97";"23.911,71";"27.638,90"
"09373119";"Deining";"Gemeinden";"19.629,02";"22.380,08";"24.486,45";"28.454,69"
"09373121";"Dietfurt a.d.Altmühl, St";"Gemeinden";"20.869,93";"23.449,31";"25.202,20";"29.333,88"
"09373126";"Freystadt, St";"Gemeinden";"20.991,53";"23.564,44";"25.657,10";"29.671,61"
"09373134";"Hohenfels, M";"Gemeinden";"20.305,98";"22.500,82";"24.184,17";"28.284,81"
"09373140";"Lauterhofen, M";"Gemeinden";"18.556,09";"21.140,50";"22.996,35";"26.944,45"
"09373143";"Lupburg, M";"Gemeinden";"19.658,56";"22.512,35";"24.459,07";"28.317,48"
"09373146";"Mühlhausen";"Gemeinden";"20.457,73";"22.629,31";"24.612,07";"28.756,35"
"09373147";"Neumarkt i.d.OPf., GKSt";"Gemeinden";"21.604,68";"24.448,33";"26.496,90";"30.601,33"
"09373151";"Parsberg, St";"Gemeinden";"21.304,03";"23.713,09";"25.416,78";"29.777,26"
"09373153";"Pilsach";"Gemeinden";"20.544,82";"23.644,87";"25.362,89";"29.655,15"
"09373155";"Postbauer-Heng, M";"Gemeinden";"22.304,72";"24.942,34";"26.591,40";"30.676,78"
"09373156";"Pyrbaum, M";"Gemeinden";"22.370,33";"25.054,08";"26.994,85";"31.222,10"
"09373159";"Sengenthal";"Gemeinden";"22.204,59";"25.070,48";"26.548,50";"31.286,83"
"09373160";"Seubersdorf i.d.OPf.";"Gemeinden";"20.529,83";"22.850,59";"25.237,93";"29.119,10"
"09373167";"Velburg, St";"Gemeinden";"20.522,31";"23.313,12";"25.055,77";"28.930,65"
"09374111";"Altenstadt a.d.Waldnaab";"Gemeinden";"20.242,50";"22.525,27";"24.487,27";"28.584,15"
"09374117";"Eschenbach i.d.OPf., St";"Gemeinden";"21.758,44";"24.537,69";"25.993,55";"29.777,78"
"09374118";"Eslarn, M";"Gemeinden";"17.576,23";"19.862,04";"22.006,29";"25.366,88"
"09374119";"Etzenricht";"Gemeinden";"20.555,18";"22.021,44";"24.204,83";"28.739,37"
"09374121";"Floß, M";"Gemeinden";"19.021,57";"21.551,80";"23.328,75";"26.974,86"
"09374122";"Flossenbürg";"Gemeinden";"19.787,78";"22.244,18";"24.143,11";"28.197,66"
"09374123";"Georgenberg";"Gemeinden";"18.554,24";"20.864,38";"22.511,51";"25.963,49"
"09374124";"Grafenwöhr, St";"Gemeinden";"18.500,71";"20.976,45";"23.121,58";"26.646,44"
"09374127";"Irchenrieth";"Gemeinden";"18.502,90";"21.034,56";"23.527,44";"27.521,23"
"09374128";"Kirchendemenreuth";"Gemeinden";"17.050,11";"19.558,41";"22.251,73";"25.872,56"
"09374129";"Kirchenthumbach, M";"Gemeinden";"20.824,91";"23.678,18";"25.693,04";"29.878,79"
"09374131";"Kohlberg, M";"Gemeinden";"19.551,41";"21.483,05";"23.915,12";"27.444,30"
"09374132";"Leuchtenberg, M";"Gemeinden";"18.769,13";"21.483,60";"23.455,93";"27.618,32"
"09374133";"Luhe-Wildenau, M";"Gemeinden";"19.825,94";"22.381,64";"24.231,51";"27.776,12"
"09374134";"Mantel, M";"Gemeinden";"19.333,07";"21.882,09";"23.833,50";"27.817,48"
"09374137";"Moosbach, M";"Gemeinden";"18.430,86";"20.867,94";"22.735,03";"27.095,17"
"09374139";"Neustadt a.d.Waldnaab, St";"Gemeinden";"20.194,90";"22.168,98";"24.160,44";"27.839,17"
"09374140";"Neustadt am Kulm, St";"Gemeinden";"19.294,82";"21.762,74";"23.406,66";"27.529,93"
"09374144";"Parkstein, M";"Gemeinden";"23.762,49";"26.087,49";"27.949,15";"32.633,84"
"09374146";"Pirk";"Gemeinden";"19.905,07";"22.573,48";"24.708,85";"28.699,91"
"09374147";"Pleystein, St";"Gemeinden";"18.535,10";"21.241,09";"23.518,30";"27.774,86"
"09374148";"Trabitz";"Gemeinden";"18.838,94";"21.082,76";"23.551,09";"27.060,47"
"09374149";"Pressath, St";"Gemeinden";"21.114,90";"23.629,33";"25.865,15";"29.673,72"
"09374150";"Püchersreuth";"Gemeinden";"18.938,15";"21.901,49";"23.913,32";"27.766,25"
"09374154";"Schirmitz";"Gemeinden";"24.657,51";"26.706,24";"29.478,14";"34.723,38"
"09374155";"Schlammersdorf";"Gemeinden";"19.513,83";"21.516,18";"24.236,90";"28.376,57"
"09374156";"Schwarzenbach";"Gemeinden";"19.618,81";"22.028,29";"24.094,15";"28.166,46"
"09374157";"Speinshart";"Gemeinden";"19.499,15";"22.071,45";"24.329,66";"27.779,82"
"09374158";"Störnstein";"Gemeinden";"18.669,97";"21.579,90";"23.762,96";"27.713,15"
"09374159";"Tännesberg, M";"Gemeinden";"19.374,65";"21.821,55";"24.328,64";"28.703,08"
"09374160";"Theisseil";"Gemeinden";"19.175,82";"22.174,09";"24.238,03";"28.205,28"
"09374162";"Vohenstrauß, St";"Gemeinden";"18.971,86";"21.313,67";"23.432,37";"27.113,46"
"09374163";"Vorbach";"Gemeinden";"21.105,66";"23.275,81";"24.193,27";"28.118,30"
"09374164";"Waidhaus, M";"Gemeinden";"19.095,18";"21.240,79";"23.240,18";"26.600,62"
"09374165";"Waldthurn, M";"Gemeinden";"18.886,40";"21.575,89";"23.358,36";"26.810,79"
"09374166";"Weiherhammer";"Gemeinden";"20.388,44";"22.911,52";"25.241,66";"29.206,21"
"09374168";"Windischeschenbach, St";"Gemeinden";"18.847,09";"21.181,86";"23.148,41";"26.839,29"
"09374170";"Bechtsrieth";"Gemeinden";"21.608,57";"24.543,98";"26.882,26";"31.422,00"
"09374452";"Manteler Forst";"Gemeinden";;;;
"09374458";"Speinsharter Forst";"Gemeinden";;;;
"09375113";"Alteglofsheim";"Gemeinden";"23.278,03";"26.827,08";"28.974,52";"33.640,70"
"09375114";"Altenthann";"Gemeinden";"21.745,30";"24.428,88";"26.468,45";"31.169,14"
"09375115";"Aufhausen";"Gemeinden";"21.407,99";"23.803,44";"25.889,56";"30.800,18"
"09375116";"Bach a.d.Donau";"Gemeinden";"23.247,23";"25.553,40";"27.589,86";"32.204,58"
"09375117";"Barbing";"Gemeinden";"22.701,97";"24.909,57";"27.278,03";"31.320,93"
"09375118";"Beratzhausen, M";"Gemeinden";"20.139,10";"23.145,02";"24.955,87";"28.662,95"
"09375119";"Bernhardswald";"Gemeinden";"20.395,61";"23.449,82";"25.554,22";"29.891,28"
"09375120";"Brennberg";"Gemeinden";"20.346,64";"23.165,73";"25.597,34";"30.162,44"
"09375122";"Brunn";"Gemeinden";"19.560,68";"22.206,38";"24.649,89";"28.629,92"
"09375127";"Deuerling";"Gemeinden";"22.703,16";"25.408,71";"27.438,16";"31.881,19"
"09375130";"Donaustauf, M";"Gemeinden";"24.907,91";"27.756,44";"29.676,19";"34.685,45"
"09375131";"Duggendorf";"Gemeinden";"20.319,97";"23.170,13";"25.234,15";"29.644,24"
"09375143";"Hagelstadt";"Gemeinden";"23.232,56";"25.913,25";"27.570,43";"31.824,71"
"09375148";"Hemau, St";"Gemeinden";"19.401,38";"22.490,34";"24.401,80";"28.395,04"
"09375153";"Holzheim a.Forst";"Gemeinden";"17.851,46";"20.562,48";"22.617,11";"26.754,48"
"09375156";"Kallmünz, M";"Gemeinden";"21.959,10";"24.783,97";"26.603,15";"30.505,51"
"09375161";"Köfering";"Gemeinden";"22.175,19";"24.766,52";"26.170,32";"30.915,80"
"09375162";"Laaber, M";"Gemeinden";"23.310,01";"25.873,58";"27.539,48";"31.912,10"
"09375165";"Lappersdorf, M";"Gemeinden";"24.551,57";"27.969,32";"29.217,37";"33.935,09"
"09375170";"Mintraching";"Gemeinden";"23.186,72";"26.113,00";"26.985,04";"31.319,22"
"09375171";"Mötzing";"Gemeinden";"19.784,73";"22.320,13";"24.049,98";"28.209,38"
"09375174";"Neutraubling, St";"Gemeinden";"21.688,16";"24.058,31";"24.998,10";"29.017,37"
"09375175";"Nittendorf, M";"Gemeinden";"22.147,79";"25.183,47";"27.180,72";"31.669,04"
"09375179";"Obertraubling";"Gemeinden";"22.992,47";"25.852,26";"27.555,56";"31.808,39"
"09375180";"Pentling";"Gemeinden";"26.064,84";"28.298,29";"29.626,10";"34.038,67"
"09375181";"Pettendorf";"Gemeinden";"24.777,25";"28.049,74";"30.491,72";"35.777,87"
"09375182";"Pfakofen";"Gemeinden";"22.723,69";"25.586,55";"27.501,64";"31.788,87"
"09375183";"Pfatter";"Gemeinden";"21.889,13";"24.699,90";"25.924,67";"30.178,08"
"09375184";"Pielenhofen";"Gemeinden";"22.653,85";"25.001,33";"26.133,06";"30.031,14"
"09375190";"Regenstauf, M";"Gemeinden";"21.033,60";"24.125,91";"25.739,77";"29.721,87"
"09375191";"Riekofen";"Gemeinden";"21.840,31";"24.834,38";"26.801,12";"31.484,17"
"09375196";"Schierling, M";"Gemeinden";"21.903,20";"24.596,63";"25.862,72";"29.701,86"
"09375199";"Sinzing";"Gemeinden";"25.057,42";"28.170,90";"29.112,34";"33.936,15"
"09375201";"Sünching";"Gemeinden";"22.059,99";"24.803,05";"26.276,60";"30.331,80"
"09375204";"Tegernheim";"Gemeinden";"24.652,70";"26.822,17";"28.773,99";"33.231,64"
"09375205";"Thalmassing";"Gemeinden";"21.478,04";"24.130,48";"26.331,54";"30.598,95"
"09375208";"Wenzenbach";"Gemeinden";"23.150,52";"26.033,77";"28.092,23";"32.811,38"
"09375209";"Wiesent";"Gemeinden";"21.390,36";"23.925,52";"26.489,89";"30.521,59"
"09375210";"Wörth a.d.Donau, St";"Gemeinden";"22.244,58";"25.178,18";"26.731,75";"31.259,80"
"09375211";"Wolfsegg";"Gemeinden";"20.156,94";"22.943,70";"25.514,27";"29.578,36"
"09375213";"Zeitlarn";"Gemeinden";"24.490,50";"27.189,68";"28.667,78";"33.222,32"
"09375451";"Forstmühler Forst";"Gemeinden";;;;
"09375452";"Kreuther Forst";"Gemeinden";;;;
"09376112";"Altendorf";"Gemeinden";"19.657,80";"21.456,16";"23.847,34";"27.770,33"
"09376116";"Bodenwöhr";"Gemeinden";"19.499,08";"22.251,22";"24.122,24";"28.305,83"
"09376117";"Bruck i.d.OPf., M";"Gemeinden";"18.663,09";"21.046,99";"22.789,22";"26.632,76"
"09376119";"Burglengenfeld, St";"Gemeinden";"20.720,59";"23.239,13";"25.016,92";"29.500,91"
"09376122";"Dieterskirchen";"Gemeinden";"18.379,38";"21.000,45";"23.362,37";"27.184,98"
"09376125";"Fensterbach";"Gemeinden";"20.352,46";"22.657,27";"24.830,61";"28.972,67"
"09376131";"Gleiritsch";"Gemeinden";"19.736,20";"22.953,42";"25.452,06";"29.877,76"
"09376133";"Guteneck";"Gemeinden";"17.632,92";"20.116,45";"22.528,76";"26.401,80"
"09376141";"Maxhütte-Haidhof, St";"Gemeinden";"20.529,60";"23.018,87";"24.990,47";"29.177,81"
"09376144";"Nabburg, St";"Gemeinden";"22.025,68";"24.499,19";"25.929,29";"30.075,17"
"09376146";"Neukirchen-Balbini, M";"Gemeinden";"19.014,47";"21.532,91";"23.305,98";"26.491,50"
"09376147";"Neunburg vorm Wald, St";"Gemeinden";"20.154,84";"22.305,86";"24.332,03";"28.197,88"
"09376148";"Niedermurach";"Gemeinden";"18.226,94";"20.939,22";"23.335,25";"27.069,25"
"09376149";"Nittenau, St";"Gemeinden";"20.720,47";"23.102,05";"25.028,83";"29.068,78"
"09376150";"Wernberg-Köblitz, M";"Gemeinden";"20.018,66";"22.326,34";"23.785,37";"27.600,26"
"09376151";"Oberviechtach, St";"Gemeinden";"20.099,79";"22.652,63";"24.911,82";"28.584,34"
"09376153";"Pfreimd, St";"Gemeinden";"20.398,91";"22.625,67";"24.382,89";"28.212,77"
"09376159";"Schmidgaden";"Gemeinden";"19.053,06";"21.339,32";"23.139,37";"27.183,54"
"09376160";"Schönsee, St";"Gemeinden";"18.865,11";"21.506,19";"23.532,08";"27.203,34"
"09376161";"Schwandorf, GKSt";"Gemeinden";"20.063,17";"22.460,61";"24.299,23";"28.283,96"
"09376162";"Schwarzach b.Nabburg";"Gemeinden";"18.520,88";"21.411,73";"23.458,70";"26.846,09"
"09376163";"Schwarzenfeld, M";"Gemeinden";"19.738,99";"22.273,52";"24.486,78";"28.436,78"
"09376164";"Schwarzhofen, M";"Gemeinden";"19.799,89";"22.228,38";"24.399,78";"28.529,95"
"09376167";"Stadlern";"Gemeinden";"17.830,23";"20.112,57";"22.503,00";"26.200,36"
"09376168";"Steinberg am See";"Gemeinden";"21.590,11";"23.724,41";"25.544,85";"29.376,27"
"09376169";"Stulln";"Gemeinden";"19.959,43";"22.090,58";"24.131,39";"28.074,44"
"09376170";"Teublitz, St";"Gemeinden";"20.168,88";"22.600,75";"24.559,66";"28.440,13"
"09376171";"Teunz";"Gemeinden";"18.983,79";"21.440,08";"24.009,34";"27.867,83"
"09376172";"Thanstein";"Gemeinden";"17.816,07";"20.048,45";"22.241,95";"25.499,33"
"09376173";"Trausnitz";"Gemeinden";"17.506,70";"19.544,60";"21.355,77";"25.027,97"
"09376175";"Wackersdorf";"Gemeinden";"21.127,17";"23.490,26";"25.571,79";"29.690,09"
"09376176";"Weiding";"Gemeinden";"18.067,34";"20.455,88";"22.387,40";"26.081,43"
"09376178";"Winklarn, M";"Gemeinden";"18.061,65";"20.674,06";"23.108,85";"26.702,13"
"09376455";"Wolferlohe";"Gemeinden";;;;
"09377112";"Bärnau, St";"Gemeinden";"19.463,06";"21.815,73";"23.968,48";"27.914,49"
"09377113";"Brand";"Gemeinden";"19.561,67";"21.786,90";"23.975,03";"28.258,19"
"09377115";"Ebnath";"Gemeinden";"18.857,33";"20.774,36";"23.151,75";"27.042,07"
"09377116";"Erbendorf, St";"Gemeinden";"19.124,70";"21.615,05";"23.602,18";"27.678,15"
"09377117";"Falkenberg, M";"Gemeinden";"18.603,08";"21.468,50";"24.001,56";"28.092,40"
"09377118";"Friedenfels";"Gemeinden";"19.637,69";"21.514,02";"22.742,49";"26.438,35"
"09377119";"Fuchsmühl, M";"Gemeinden";"18.480,69";"21.107,51";"23.849,88";"27.120,14"
"09377127";"Immenreuth";"Gemeinden";"20.997,55";"23.747,62";"24.886,15";"29.139,00"
"09377128";"Kastl";"Gemeinden";"20.653,56";"23.177,56";"26.203,67";"29.923,70"
"09377129";"Kemnath, St";"Gemeinden";"21.059,64";"23.931,00";"25.813,15";"29.844,30"
"09377131";"Konnersreuth, M";"Gemeinden";"17.741,58";"20.249,67";"22.257,77";"26.218,45"
"09377132";"Krummennaab";"Gemeinden";"18.152,52";"20.496,27";"22.336,31";"26.119,62"
"09377133";"Kulmain";"Gemeinden";"19.341,70";"21.678,79";"24.365,25";"27.964,04"
"09377137";"Leonberg";"Gemeinden";"14.918,98";"17.171,92";"19.563,56";"22.747,54"
"09377139";"Mähring, M";"Gemeinden";"17.080,11";"19.461,38";"21.642,47";"25.599,65"
"09377141";"Mitterteich, St";"Gemeinden";"19.105,60";"21.465,49";"23.549,46";"27.446,65"
"09377142";"Bad Neualbenreuth, M";"Gemeinden";"16.400,08";"18.764,13";"20.687,16";"24.203,18"
"09377143";"Neusorg";"Gemeinden";"19.512,94";"21.936,89";"24.090,72";"28.058,47"
"09377145";"Pechbrunn";"Gemeinden";"19.185,13";"21.762,09";"23.870,17";"27.869,11"
"09377146";"Plößberg, M";"Gemeinden";"19.263,23";"21.874,26";"24.282,73";"28.354,15"
"09377148";"Pullenreuth";"Gemeinden";"18.237,91";"20.821,33";"23.006,06";"26.627,96"
"09377149";"Reuth b.Erbendorf";"Gemeinden";"17.955,39";"20.012,56";"22.325,27";"26.032,53"
"09377154";"Tirschenreuth, St";"Gemeinden";"20.764,06";"23.337,31";"25.277,88";"29.509,42"
"09377157";"Waldershof, St";"Gemeinden";"19.834,58";"22.513,45";"24.470,54";"28.557,79"
"09377158";"Waldsassen, St";"Gemeinden";"19.617,28";"22.067,05";"23.976,55";"27.673,52"
"09377159";"Wiesau, M";"Gemeinden";"18.630,43";"21.080,43";"23.164,12";"27.292,52"
"09461000";"Bamberg";"Gemeinden";"21.906,04";"23.770,22";"25.034,96";"29.151,02"
"09462000";"Bayreuth";"Gemeinden";"21.357,26";"23.396,83";"24.588,95";"28.482,14"
"09463000";"Coburg";"Gemeinden";"23.152,26";"25.295,95";"26.568,28";"30.687,12"
"09464000";"Hof";"Gemeinden";"20.081,36";"22.224,00";"23.941,38";"27.666,82"
"09471111";"Altendorf";"Gemeinden";"21.228,09";"23.170,46";"25.281,62";"29.735,53"
"09471115";"Baunach, St";"Gemeinden";"21.900,60";"23.766,00";"25.865,95";"29.701,41"
"09471117";"Bischberg";"Gemeinden";"22.296,94";"24.975,15";"26.353,20";"30.635,17"
"09471119";"Breitengüßbach";"Gemeinden";"21.021,46";"23.200,22";"25.070,96";"28.819,76"
"09471120";"Burgebrach, M";"Gemeinden";"21.952,37";"25.207,01";"26.453,01";"30.915,61"
"09471122";"Burgwindheim, M";"Gemeinden";"18.272,70";"20.827,31";"22.646,01";"26.460,46"
"09471123";"Buttenheim, M";"Gemeinden";"21.867,53";"23.812,94";"25.919,04";"30.303,42"
"09471128";"Ebrach, M";"Gemeinden";"18.211,66";"20.404,17";"22.394,01";"25.481,34"
"09471131";"Frensdorf";"Gemeinden";"20.419,07";"22.866,38";"25.396,83";"29.506,98"
"09471133";"Gerach";"Gemeinden";"19.481,65";"21.692,73";"23.215,62";"27.399,71"
"09471137";"Gundelsheim";"Gemeinden";"24.602,93";"26.627,49";"28.455,95";"33.360,31"
"09471140";"Hallstadt, St";"Gemeinden";"21.295,40";"23.634,65";"24.616,99";"28.289,06"
"09471142";"Heiligenstadt i.OFr., M";"Gemeinden";"18.205,58";"20.787,49";"22.675,56";"26.493,42"
"09471145";"Hirschaid, M";"Gemeinden";"20.868,54";"23.368,69";"25.392,19";"29.520,79"
"09471150";"Kemmern";"Gemeinden";"20.395,03";"22.743,16";"24.561,84";"28.125,81"
"09471151";"Königsfeld";"Gemeinden";"19.443,87";"21.552,79";"23.818,09";"28.142,20"
"09471152";"Lauter";"Gemeinden";"19.752,85";"21.348,45";"23.151,30";"26.914,97"
"09471154";"Lisberg";"Gemeinden";"19.422,64";"21.981,92";"23.812,41";"27.452,68"
"09471155";"Litzendorf";"Gemeinden";"21.547,19";"23.919,85";"25.922,88";"29.821,91"
"09471159";"Memmelsdorf";"Gemeinden";"21.973,18";"24.012,04";"25.645,11";"29.473,24"
"09471165";"Oberhaid";"Gemeinden";"18.650,42";"21.017,10";"22.783,93";"26.381,77"
"09471169";"Pettstadt";"Gemeinden";"21.069,33";"23.493,34";"25.862,67";"29.831,11"
"09471172";"Pommersfelden";"Gemeinden";"21.495,33";"24.230,45";"26.457,75";"31.030,28"
"09471173";"Priesendorf";"Gemeinden";"17.809,10";"20.237,55";"21.714,06";"25.220,11"
"09471174";"Rattelsdorf, M";"Gemeinden";"19.876,68";"22.604,15";"24.811,44";"28.828,44"
"09471175";"Reckendorf";"Gemeinden";"19.670,91";"22.446,68";"23.988,16";"27.816,61"
"09471185";"Scheßlitz, St";"Gemeinden";"21.011,34";"23.850,55";"25.722,74";"29.584,72"
"09471186";"Schönbrunn i.Steigerwald";"Gemeinden";"19.181,46";"21.494,21";"23.641,70";"27.323,43"
"09471189";"Stadelhofen";"Gemeinden";"18.391,95";"20.980,94";"23.498,02";"27.144,29"
"09471191";"Stegaurach";"Gemeinden";"22.081,69";"24.947,63";"27.181,26";"31.536,00"
"09471195";"Strullendorf";"Gemeinden";"21.212,67";"23.761,26";"25.401,50";"29.239,14"
"09471207";"Viereth-Trunstadt";"Gemeinden";"21.059,25";"23.513,72";"25.709,05";"30.206,40"
"09471208";"Walsdorf";"Gemeinden";"19.916,51";"22.616,99";"24.439,44";"28.772,63"
"09471209";"Wattendorf";"Gemeinden";"19.558,23";"21.802,45";"23.668,21";"27.681,41"
"09471214";"Zapfendorf, M";"Gemeinden";"20.037,05";"22.323,90";"24.321,44";"28.056,27"
"09471220";"Schlüsselfeld, St";"Gemeinden";"20.045,50";"22.433,51";"23.815,86";"27.552,91"
"09471452";"Ebracher Forst";"Gemeinden";;;;
"09471453";"Eichwald";"Gemeinden";;;;
"09471454";"Geisberger Forst";"Gemeinden";;;;
"09471455";"Hauptsmoor";"Gemeinden";;;;
"09471456";"Koppenwinder Forst";"Gemeinden";;;;
"09471457";"Lindach";"Gemeinden";;;;
"09471459";"Semberg";"Gemeinden";;;;
"09471460";"Steinachsrangen";"Gemeinden";;;;
"09471461";"Winkelhofer Forst";"Gemeinden";;;;
"09471462";"Zückshuter Forst";"Gemeinden";;;;
"09472111";"Ahorntal";"Gemeinden";"22.359,42";"23.975,29";"25.808,96";"29.386,88"
"09472115";"Aufseß";"Gemeinden";"19.556,63";"21.709,27";"23.221,28";"27.121,78"
"09472116";"Bad Berneck i.Fichtelgebirge, St";"Gemeinden";"19.727,29";"21.536,52";"23.364,71";"27.005,22"
"09472118";"Betzenstein, St";"Gemeinden";"20.303,20";"22.987,34";"25.159,39";"29.500,89"
"09472119";"Bindlach";"Gemeinden";"21.803,45";"24.178,54";"26.407,22";"30.688,69"
"09472121";"Bischofsgrün";"Gemeinden";"19.988,67";"22.313,55";"24.155,30";"28.427,70"
"09472127";"Creußen, St";"Gemeinden";"20.722,11";"23.020,61";"25.448,86";"29.859,69"
"09472131";"Eckersdorf";"Gemeinden";"23.469,39";"26.431,52";"28.633,46";"33.756,07"
"09472133";"Emtmannsberg";"Gemeinden";"20.842,49";"23.697,87";"25.986,05";"30.115,48"
"09472138";"Fichtelberg";"Gemeinden";"19.981,51";"22.528,43";"24.536,46";"29.155,08"
"09472139";"Gefrees, St";"Gemeinden";"20.323,12";"22.586,77";"24.389,21";"27.937,76"
"09472140";"Gesees";"Gemeinden";"23.177,42";"25.817,52";"28.387,73";"33.577,43"
"09472141";"Glashütten";"Gemeinden";"19.928,92";"22.753,35";"24.550,44";"28.205,96"
"09472143";"Goldkronach, St";"Gemeinden";"22.334,91";"24.543,50";"26.556,00";"30.883,31"
"09472146";"Haag";"Gemeinden";"21.287,91";"24.148,98";"26.370,06";"31.292,06"
"09472150";"Heinersreuth";"Gemeinden";"23.310,07";"25.652,31";"26.962,15";"31.613,07"
"09472154";"Hollfeld, St";"Gemeinden";"19.756,74";"22.116,89";"23.978,63";"27.851,63"
"09472155";"Hummeltal";"Gemeinden";"21.952,69";"24.838,05";"27.119,19";"32.023,86"
"09472156";"Kirchenpingarten";"Gemeinden";"17.041,69";"19.345,76";"21.612,27";"25.767,94"
"09472164";"Mehlmeisel";"Gemeinden";"18.285,39";"20.498,44";"22.328,29";"26.141,70"
"09472166";"Mistelbach";"Gemeinden";"23.631,10";"26.976,69";"29.231,79";"34.040,91"
"09472167";"Mistelgau";"Gemeinden";"20.745,74";"23.504,92";"26.014,93";"30.626,18"
"09472175";"Pegnitz, St";"Gemeinden";"20.948,55";"23.657,02";"25.825,31";"30.018,88"
"09472176";"Plankenfels";"Gemeinden";"19.221,36";"21.496,91";"23.406,93";"27.994,00"
"09472177";"Plech, M";"Gemeinden";"20.566,88";"23.364,84";"25.058,36";"28.843,06"
"09472179";"Pottenstein, St";"Gemeinden";"19.645,81";"22.144,23";"24.425,38";"28.539,12"
"09472180";"Prebitz";"Gemeinden";"18.800,10";"21.343,52";"23.584,66";"26.983,94"
"09472184";"Schnabelwaid, M";"Gemeinden";"19.998,34";"22.214,95";"24.605,46";"28.523,92"
"09472188";"Seybothenreuth";"Gemeinden";"18.387,69";"20.623,36";"22.816,84";"26.801,65"
"09472190";"Speichersdorf";"Gemeinden";"19.014,24";"21.470,56";"23.472,55";"27.219,50"
"09472197";"Waischenfeld, St";"Gemeinden";"19.159,82";"21.573,54";"23.635,00";"28.006,46"
"09472198";"Warmensteinach";"Gemeinden";"19.753,73";"22.168,27";"23.924,07";"28.133,49"
"09472199";"Weidenberg, M";"Gemeinden";"21.010,30";"23.279,51";"25.509,20";"29.514,21"
"09472451";"Bischofsgrüner Forst";"Gemeinden";;;;
"09472453";"Fichtelberg";"Gemeinden";;;;
"09472454";"Forst Neustädtlein a.Forst";"Gemeinden";;;;
"09472456";"Glashüttener Forst";"Gemeinden";;;;
"09472458";"Heinersreuther Forst";"Gemeinden";;;;
"09472463";"Neubauer Forst-Nord";"Gemeinden";;;;
"09472464";"Prüll";"Gemeinden";;;;
"09472468";"Veldensteinerforst";"Gemeinden";;;;
"09472469";"Waidacher Forst";"Gemeinden";;;;
"09472470";"Warmensteinacher Forst-Nord";"Gemeinden";;;;
"09473112";"Ahorn";"Gemeinden";"31.031,10";"36.418,30";"36.915,47";"43.147,90"
"09473120";"Dörfles-Esbach";"Gemeinden";"21.299,93";"23.394,71";"24.337,98";"27.976,85"
"09473121";"Ebersdorf b.Coburg";"Gemeinden";"23.805,80";"25.587,69";"26.662,53";"31.122,23"
"09473132";"Großheirath";"Gemeinden";"22.087,00";"25.175,56";"27.280,06";"31.312,79"
"09473134";"Grub a.Forst";"Gemeinden";"22.491,87";"25.009,05";"26.363,74";"30.485,19"
"09473138";"Itzgrund";"Gemeinden";"21.211,51";"23.228,48";"25.291,15";"29.198,69"
"09473141";"Lautertal";"Gemeinden";"21.747,53";"24.531,00";"26.802,92";"31.045,93"
"09473144";"Meeder";"Gemeinden";"21.310,90";"23.603,55";"25.481,13";"29.753,01"
"09473151";"Neustadt b.Coburg, GKSt";"Gemeinden";"20.733,22";"22.484,62";"23.849,72";"27.611,92"
"09473153";"Niederfüllbach";"Gemeinden";"22.239,22";"24.197,93";"26.300,50";"30.511,30"
"09473158";"Bad Rodach, St";"Gemeinden";"21.018,42";"23.245,32";"24.501,11";"28.543,34"
"09473159";"Rödental, St";"Gemeinden";"20.866,01";"23.532,81";"25.520,89";"29.473,98"
"09473165";"Seßlach, St";"Gemeinden";"20.367,89";"22.991,72";"24.983,20";"28.738,93"
"09473166";"Sonnefeld";"Gemeinden";"22.080,05";"24.965,26";"26.051,47";"30.135,14"
"09473170";"Untersiemau";"Gemeinden";"22.158,65";"24.505,33";"26.038,28";"30.252,18"
"09473174";"Weidhausen b.Coburg";"Gemeinden";"21.603,82";"23.611,29";"24.868,90";"28.789,74"
"09473175";"Weitramsdorf";"Gemeinden";"21.114,29";"23.926,96";"25.934,54";"29.837,95"
"09473452";"Callenberger Forst-West";"Gemeinden";;;;
"09473453";"Gellnhausen";"Gemeinden";;;;
"09473454";"Köllnholz";"Gemeinden";;;;
"09474119";"Dormitz";"Gemeinden";"25.838,27";"27.699,63";"29.554,85";"34.355,73"
"09474121";"Ebermannstadt, St";"Gemeinden";"22.487,85";"24.695,95";"26.524,96";"30.757,63"
"09474122";"Effeltrich";"Gemeinden";"23.936,02";"26.154,08";"28.688,04";"33.466,14"
"09474123";"Eggolsheim, M";"Gemeinden";"21.979,03";"24.530,27";"26.512,15";"30.743,32"
"09474124";"Egloffstein, M";"Gemeinden";"20.875,60";"23.602,41";"25.434,76";"29.557,47"
"09474126";"Forchheim, GKSt";"Gemeinden";"22.360,51";"24.256,26";"25.999,97";"29.972,96"
"09474129";"Gößweinstein, M";"Gemeinden";"19.390,07";"21.714,57";"23.379,47";"27.300,13"
"09474132";"Gräfenberg, St";"Gemeinden";"20.961,86";"23.280,51";"25.381,22";"29.830,22"
"09474133";"Hallerndorf";"Gemeinden";"20.919,62";"23.180,88";"24.902,79";"29.190,86"
"09474134";"Hausen";"Gemeinden";"24.388,53";"26.411,97";"28.742,38";"33.259,60"
"09474135";"Heroldsbach";"Gemeinden";"22.583,12";"25.111,06";"27.207,30";"32.119,10"
"09474137";"Hetzles";"Gemeinden";"22.475,23";"25.366,51";"27.875,37";"32.898,86"
"09474138";"Hiltpoltstein, M";"Gemeinden";"21.460,43";"23.783,90";"26.174,92";"31.133,46"
"09474140";"Igensdorf, M";"Gemeinden";"23.881,26";"26.843,56";"27.961,78";"32.817,85"
"09474143";"Kirchehrenbach";"Gemeinden";"21.919,35";"24.496,34";"26.368,08";"30.431,76"
"09474144";"Kleinsendelbach";"Gemeinden";"25.097,74";"27.955,29";"30.534,24";"35.360,37"
"09474145";"Kunreuth";"Gemeinden";"21.952,34";"24.922,73";"26.626,49";"31.121,34"
"09474146";"Langensendelbach";"Gemeinden";"28.141,43";"31.208,68";"32.459,94";"38.224,71"
"09474147";"Leutenbach";"Gemeinden";"20.116,14";"22.662,14";"24.704,32";"28.860,68"
"09474154";"Neunkirchen a.Brand, M";"Gemeinden";"25.671,76";"28.011,82";"29.634,95";"34.392,58"
"09474156";"Obertrubach";"Gemeinden";"18.797,82";"20.835,17";"23.001,09";"26.917,51"
"09474158";"Pinzberg";"Gemeinden";"22.246,19";"24.929,31";"27.434,57";"31.777,53"
"09474160";"Poxdorf";"Gemeinden";"26.169,96";"28.084,96";"30.335,81";"35.739,13"
"09474161";"Pretzfeld, M";"Gemeinden";"21.749,91";"24.001,44";"25.913,59";"30.003,65"
"09474168";"Unterleinleiter";"Gemeinden";"20.101,65";"22.512,65";"24.295,13";"28.192,32"
"09474171";"Weilersbach";"Gemeinden";"20.668,71";"23.252,53";"24.815,69";"29.176,92"
"09474173";"Weißenohe";"Gemeinden";"20.881,26";"22.972,88";"25.305,06";"29.837,06"
"09474175";"Wiesenthau";"Gemeinden";"22.066,27";"24.594,96";"27.080,92";"31.953,60"
"09474176";"Wiesenttal, M";"Gemeinden";"20.948,43";"23.385,20";"25.549,51";"29.869,79"
"09475112";"Bad Steben, M";"Gemeinden";"22.015,80";"24.683,69";"25.575,43";"30.118,49"
"09475113";"Berg";"Gemeinden";"19.614,83";"21.956,36";"23.788,56";"27.928,76"
"09475120";"Döhlau";"Gemeinden";"22.003,71";"24.905,43";"26.628,61";"30.780,61"
"09475123";"Feilitzsch";"Gemeinden";"20.569,94";"23.316,13";"25.039,90";"28.946,18"
"09475127";"Gattendorf";"Gemeinden";"19.597,56";"22.255,13";"24.413,38";"28.408,32"
"09475128";"Geroldsgrün";"Gemeinden";"19.587,58";"21.604,05";"22.939,62";"26.855,48"
"09475136";"Helmbrechts, St";"Gemeinden";"20.444,37";"22.403,28";"23.879,62";"27.518,01"
"09475137";"Issigau";"Gemeinden";"21.968,37";"25.174,14";"27.331,41";"32.054,61"
"09475141";"Köditz";"Gemeinden";"20.406,56";"23.228,31";"24.698,55";"28.991,10"
"09475142";"Konradsreuth";"Gemeinden";"20.498,55";"22.758,23";"24.685,29";"28.502,89"
"09475145";"Leupoldsgrün";"Gemeinden";"20.261,07";"22.885,17";"24.101,87";"27.608,00"
"09475146";"Lichtenberg, St";"Gemeinden";"19.943,78";"22.324,54";"23.831,79";"27.689,45"
"09475154";"Münchberg, St";"Gemeinden";"20.653,40";"22.542,55";"24.289,11";"28.137,57"
"09475156";"Naila, St";"Gemeinden";"20.679,73";"22.460,47";"24.281,09";"27.871,57"
"09475158";"Oberkotzau, M";"Gemeinden";"20.299,09";"22.885,38";"24.549,02";"28.416,78"
"09475161";"Regnitzlosau";"Gemeinden";"21.433,73";"23.815,48";"25.882,78";"30.226,91"
"09475162";"Rehau, St";"Gemeinden";"20.931,78";"22.799,52";"24.598,77";"28.428,56"
"09475165";"Schauenstein, St";"Gemeinden";"20.891,43";"23.301,52";"25.032,78";"29.095,96"
"09475168";"Schwarzenbach a.d.Saale, St";"Gemeinden";"19.376,00";"22.023,99";"23.873,91";"27.729,11"
"09475169";"Schwarzenbach a.Wald, St";"Gemeinden";"20.296,43";"22.674,98";"24.426,17";"28.468,27"
"09475171";"Selbitz, St";"Gemeinden";"20.881,55";"23.171,91";"24.070,45";"27.928,97"
"09475174";"Sparneck, M";"Gemeinden";"19.500,41";"21.807,83";"23.899,61";"27.799,34"
"09475175";"Stammbach, M";"Gemeinden";"19.818,09";"21.822,61";"24.011,47";"27.999,68"
"09475181";"Töpen";"Gemeinden";"18.603,73";"21.250,01";"23.508,79";"27.418,27"
"09475182";"Trogen";"Gemeinden";"20.142,71";"22.280,66";"24.172,77";"28.026,83"
"09475184";"Weißdorf";"Gemeinden";"20.005,68";"21.782,84";"23.791,47";"27.925,89"
"09475189";"Zell im Fichtelgebirge, M";"Gemeinden";"19.359,74";"21.568,81";"23.323,93";"27.127,16"
"09475451";"Forst Schwarzenbach a.Wald";"Gemeinden";;;;
"09475452";"Gerlaser Forst";"Gemeinden";;;;
"09475453";"Geroldsgrüner Forst";"Gemeinden";;;;
"09475454";"Martinlamitzer Forst-Nord";"Gemeinden";;;;
"09476145";"Kronach, St";"Gemeinden";"22.484,02";"24.598,75";"25.696,22";"29.736,60"
"09476146";"Küps, M";"Gemeinden";"20.774,69";"23.476,15";"24.712,70";"28.385,26"
"09476152";"Ludwigsstadt, St";"Gemeinden";"20.251,38";"22.678,91";"23.507,96";"27.292,72"
"09476154";"Mitwitz, M";"Gemeinden";"20.168,47";"22.209,61";"24.397,65";"28.393,93"
"09476159";"Nordhalben, M";"Gemeinden";"18.033,67";"20.092,01";"21.409,52";"24.786,96"
"09476164";"Pressig, M";"Gemeinden";"21.584,27";"23.539,49";"24.765,65";"29.152,24"
"09476166";"Reichenbach";"Gemeinden";"19.550,98";"21.733,97";"23.694,05";"27.782,33"
"09476171";"Schneckenlohe";"Gemeinden";"19.849,25";"21.808,88";"23.346,73";"26.770,63"
"09476175";"Steinbach a.Wald";"Gemeinden";"19.127,13";"21.435,30";"22.932,68";"26.738,06"
"09476177";"Steinwiesen, M";"Gemeinden";"19.887,54";"22.398,35";"23.992,00";"27.775,76"
"09476178";"Stockheim";"Gemeinden";"20.817,80";"23.291,20";"24.965,43";"29.178,84"
"09476179";"Tettau, M";"Gemeinden";"21.509,42";"23.246,10";"23.930,35";"27.786,17"
"09476180";"Teuschnitz, St";"Gemeinden";"18.242,96";"20.698,78";"22.295,93";"26.216,62"
"09476182";"Tschirn";"Gemeinden";"19.056,78";"20.553,48";"21.853,01";"25.530,98"
"09476183";"Marktrodach, M";"Gemeinden";"21.067,72";"23.686,26";"25.342,44";"29.197,14"
"09476184";"Wallenfels, St";"Gemeinden";"20.010,50";"22.433,26";"24.148,95";"27.642,58"
"09476185";"Weißenbrunn";"Gemeinden";"19.976,61";"22.454,64";"24.289,65";"28.243,96"
"09476189";"Wilhelmsthal";"Gemeinden";"19.659,15";"21.863,73";"23.788,17";"27.432,38"
"09476451";"Birnbaum";"Gemeinden";;;;
"09476453";"Langenbacher Forst";"Gemeinden";;;;
"09477117";"Grafengehaig, M";"Gemeinden";"18.616,70";"20.967,90";"23.030,05";"26.800,09"
"09477118";"Guttenberg";"Gemeinden";"19.524,71";"21.826,63";"24.390,61";"28.630,85"
"09477119";"Harsdorf";"Gemeinden";"19.982,40";"22.953,47";"25.118,58";"29.269,61"
"09477121";"Himmelkron";"Gemeinden";"19.767,87";"21.790,12";"23.759,13";"27.478,62"
"09477124";"Kasendorf, M";"Gemeinden";"22.307,54";"24.677,22";"26.085,51";"30.499,16"
"09477127";"Ködnitz";"Gemeinden";"21.802,89";"24.767,57";"26.879,36";"31.142,70"
"09477128";"Kulmbach, GKSt";"Gemeinden";"21.287,60";"23.914,00";"26.098,56";"30.153,76"
"09477129";"Kupferberg, St";"Gemeinden";"19.842,66";"22.588,86";"24.821,90";"28.856,78"
"09477135";"Ludwigschorgast, M";"Gemeinden";"19.686,81";"22.472,68";"24.158,44";"28.112,28"
"09477136";"Mainleus, M";"Gemeinden";"19.197,51";"21.787,64";"23.345,14";"27.123,05"
"09477138";"Marktleugast, M";"Gemeinden";"18.917,80";"21.172,46";"22.829,55";"26.375,48"
"09477139";"Marktschorgast, M";"Gemeinden";"18.812,38";"21.187,43";"23.511,12";"27.381,45"
"09477142";"Neudrossenfeld";"Gemeinden";"21.604,83";"24.433,45";"26.456,25";"30.981,20"
"09477143";"Neuenmarkt";"Gemeinden";"20.432,24";"22.528,47";"24.708,88";"28.842,72"
"09477148";"Presseck, M";"Gemeinden";"18.413,18";"20.642,25";"22.749,59";"26.587,93"
"09477151";"Rugendorf";"Gemeinden";"19.180,95";"22.048,75";"24.285,97";"28.174,50"
"09477156";"Stadtsteinach, St";"Gemeinden";"20.183,75";"22.876,98";"24.512,41";"28.653,57"
"09477157";"Thurnau, M";"Gemeinden";"21.628,32";"24.738,73";"26.642,06";"31.337,97"
"09477158";"Trebgast";"Gemeinden";"21.347,76";"23.875,95";"26.424,94";"30.533,65"
"09477159";"Untersteinach";"Gemeinden";"20.539,99";"22.793,95";"25.063,73";"29.172,41"
"09477163";"Wirsberg, M";"Gemeinden";"18.758,89";"21.217,98";"22.615,53";"26.741,50"
"09477164";"Wonsees, M";"Gemeinden";"20.482,68";"22.972,96";"24.438,17";"28.628,96"
"09478111";"Altenkunstadt";"Gemeinden";"18.904,66";"21.317,53";"23.017,61";"26.469,05"
"09478116";"Burgkunstadt, St";"Gemeinden";"18.825,48";"21.288,30";"23.153,38";"26.710,91"
"09478120";"Ebensfeld, M";"Gemeinden";"20.395,54";"23.000,10";"24.960,64";"29.113,25"
"09478127";"Hochstadt a.Main";"Gemeinden";"19.950,37";"22.253,07";"24.520,63";"28.137,29"
"09478139";"Lichtenfels, St";"Gemeinden";"20.267,37";"22.490,72";"24.374,15";"28.095,28"
"09478143";"Marktgraitz, M";"Gemeinden";"18.365,45";"21.161,27";"23.366,14";"26.729,99"
"09478144";"Marktzeuln, M";"Gemeinden";"19.142,55";"21.554,66";"23.431,75";"27.141,31"
"09478145";"Michelau i.OFr.";"Gemeinden";"20.836,20";"23.076,21";"25.074,04";"28.848,75"
"09478155";"Redwitz a.d.Rodach";"Gemeinden";"20.942,64";"22.609,30";"24.323,93";"28.291,63"
"09478165";"Bad Staffelstein, St";"Gemeinden";"20.647,19";"23.430,53";"25.486,41";"29.878,16"
"09478176";"Weismain, St";"Gemeinden";"20.603,91";"23.158,12";"24.955,91";"28.718,55"
"09478451";"Breitengüßbacher Forst";"Gemeinden";;;;
"09478453";"Neuensorger Forst";"Gemeinden";;;;
"09479111";"Bad Alexandersbad";"Gemeinden";"18.346,99";"20.772,68";"23.061,81";"26.975,64"
"09479112";"Arzberg, St";"Gemeinden";"19.264,26";"21.611,55";"23.415,47";"27.325,13"
"09479126";"Höchstädt i.Fichtelgebirge";"Gemeinden";"20.543,30";"23.132,15";"24.601,62";"28.214,12"
"09479127";"Hohenberg a.d.Eger, St";"Gemeinden";"20.467,45";"21.970,85";"23.509,40";"27.505,66"
"09479129";"Kirchenlamitz, St";"Gemeinden";"19.522,44";"21.972,04";"23.646,63";"27.306,09"
"09479135";"Marktleuthen, St";"Gemeinden";"20.244,68";"21.842,62";"23.780,24";"27.622,39"
"09479136";"Marktredwitz, GKSt";"Gemeinden";"21.220,07";"23.762,88";"26.142,27";"30.074,80"
"09479138";"Nagel";"Gemeinden";"18.915,04";"21.795,25";"23.818,84";"27.691,95"
"09479145";"Röslau";"Gemeinden";"19.412,14";"20.869,13";"22.556,53";"26.033,27"
"09479147";"Schirnding, M";"Gemeinden";"19.116,02";"21.492,31";"23.134,47";"27.041,29"
"09479150";"Schönwald, St";"Gemeinden";"20.329,81";"22.586,05";"23.732,23";"27.682,13"
"09479152";"Selb, GKSt";"Gemeinden";"20.572,86";"22.489,07";"24.379,42";"28.123,90"
"09479158";"Thiersheim, M";"Gemeinden";"20.662,79";"22.944,15";"24.702,39";"28.915,94"
"09479159";"Thierstein, M";"Gemeinden";"19.749,09";"22.342,22";"24.192,78";"28.213,82"
"09479161";"Tröstau";"Gemeinden";"18.935,53";"21.308,03";"23.501,73";"27.036,38"
"09479166";"Weißenstadt, St";"Gemeinden";"20.654,84";"22.928,10";"24.633,12";"28.521,64"
"09479169";"Wunsiedel, St";"Gemeinden";"20.347,23";"22.815,26";"24.664,66";"28.345,77"
"09479453";"Kaiserhammer Forst-Ost";"Gemeinden";;;;
"09479455";"Martinlamitzer Forst-Süd";"Gemeinden";;;;
"09479456";"Meierhöfer Seite";"Gemeinden";;;;
"09479457";"Neubauer Forst-Süd";"Gemeinden";;;;
"09479459";"Tröstauer Forst-Ost";"Gemeinden";;;;
"09479460";"Tröstauer Forst-West";"Gemeinden";;;;
"09479461";"Vordorfer Forst";"Gemeinden";;;;
"09479462";"Weißenstadter Forst-Nord";"Gemeinden";;;;
"09479463";"Weißenstadter Forst-Süd";"Gemeinden";;;;
"09561000";"Ansbach";"Gemeinden";"21.637,99";"23.903,69";"25.408,13";"29.392,20"
"09562000";"Erlangen";"Gemeinden";"25.463,62";"27.414,01";"28.681,50";"32.961,54"
"09563000";"Fürth";"Gemeinden";"23.465,86";"25.478,22";"26.718,44";"30.809,64"
"09564000";"Nürnberg";"Gemeinden";"22.505,24";"24.452,44";"25.761,23";"29.661,88"
"09565000";"Schwabach";"Gemeinden";"23.538,44";"26.019,97";"27.353,08";"31.710,00"
"09571111";"Adelshofen";"Gemeinden";"19.511,49";"22.143,50";"24.048,03";"28.156,77"
"09571113";"Arberg, M";"Gemeinden";"19.501,43";"21.935,01";"24.191,84";"28.309,43"
"09571114";"Aurach";"Gemeinden";"20.466,72";"22.452,87";"24.410,31";"28.678,69"
"09571115";"Bechhofen, M";"Gemeinden";"20.404,17";"23.085,99";"24.694,62";"29.040,11"
"09571122";"Bruckberg";"Gemeinden";"16.019,26";"18.077,78";"19.683,76";"23.440,74"
"09571125";"Buch a.Wald";"Gemeinden";"19.644,94";"21.841,37";"24.256,21";"28.275,51"
"09571127";"Burgoberbach";"Gemeinden";"20.441,20";"23.199,66";"25.241,16";"29.117,03"
"09571128";"Burk";"Gemeinden";"18.986,81";"21.652,27";"23.488,21";"27.618,12"
"09571130";"Colmberg, M";"Gemeinden";"18.330,02";"20.846,27";"23.405,14";"27.408,48"
"09571132";"Dentlein a.Forst, M";"Gemeinden";"19.849,56";"22.527,26";"24.898,79";"29.276,64"
"09571134";"Diebach";"Gemeinden";"17.928,50";"20.659,71";"22.489,22";"25.939,26"
"09571135";"Dietenhofen, M";"Gemeinden";"20.871,82";"23.236,43";"25.214,95";"29.568,25"
"09571136";"Dinkelsbühl, GKSt";"Gemeinden";"21.789,87";"24.451,59";"26.552,75";"31.021,51"
"09571137";"Dombühl, M";"Gemeinden";"18.456,31";"20.962,39";"22.054,66";"25.721,51"
"09571139";"Dürrwangen, M";"Gemeinden";"20.216,12";"22.867,32";"24.980,78";"29.185,88"
"09571141";"Ehingen";"Gemeinden";"18.385,02";"20.846,02";"22.566,82";"26.439,35"
"09571145";"Feuchtwangen, St";"Gemeinden";"20.182,29";"22.947,46";"24.878,38";"28.592,53"
"09571146";"Flachslanden, M";"Gemeinden";"20.782,50";"23.360,80";"25.197,16";"29.597,28"
"09571152";"Gebsattel";"Gemeinden";"19.879,70";"22.337,47";"24.197,50";"28.555,60"
"09571154";"Gerolfingen";"Gemeinden";"17.576,70";"19.906,79";"22.179,55";"25.741,17"
"09571155";"Geslau";"Gemeinden";"19.459,54";"21.730,53";"24.126,99";"28.301,54"
"09571165";"Heilsbronn, St";"Gemeinden";"21.237,15";"23.562,96";"24.825,64";"28.814,30"
"09571166";"Herrieden, St";"Gemeinden";"23.930,66";"27.463,30";"29.896,87";"35.040,21"
"09571169";"Insingen";"Gemeinden";"20.859,37";"23.852,94";"26.184,46";"30.466,14"
"09571170";"Langfurth";"Gemeinden";"19.113,54";"21.670,99";"23.759,22";"27.406,66"
"09571171";"Lehrberg, M";"Gemeinden";"20.741,61";"23.125,93";"25.080,27";"29.199,87"
"09571174";"Leutershausen, St";"Gemeinden";"20.473,62";"22.640,45";"24.851,69";"29.047,23"
"09571175";"Lichtenau, M";"Gemeinden";"21.484,89";"24.147,91";"24.899,04";"29.225,59"
"09571177";"Merkendorf, St";"Gemeinden";"20.149,41";"22.528,12";"24.576,61";"28.988,76"
"09571178";"Mitteleschenbach";"Gemeinden";"19.753,54";"22.409,14";"24.818,11";"28.398,58"
"09571179";"Mönchsroth";"Gemeinden";"19.357,61";"21.825,49";"24.383,80";"28.312,81"
"09571180";"Neuendettelsau";"Gemeinden";"20.138,18";"22.792,75";"24.498,27";"28.729,68"
"09571181";"Neusitz";"Gemeinden";"22.251,26";"24.677,38";"25.992,52";"30.165,84"
"09571183";"Oberdachstetten";"Gemeinden";"19.434,09";"22.126,68";"24.565,74";"28.878,88"
"09571188";"Ohrenbach";"Gemeinden";"18.525,03";"21.244,36";"23.804,20";"27.727,25"
"09571189";"Ornbau, St";"Gemeinden";"19.043,47";"21.510,65";"24.044,24";"27.752,66"
"09571190";"Petersaurach";"Gemeinden";"21.217,14";"23.892,59";"25.429,28";"30.212,79"
"09571192";"Röckingen";"Gemeinden";"18.670,95";"20.303,37";"22.907,25";"26.923,64"
"09571193";"Rothenburg ob der Tauber, GKSt";"Gemeinden";"21.670,77";"23.549,64";"25.059,01";"29.457,57"
"09571194";"Rügland";"Gemeinden";"21.595,09";"24.660,95";"25.868,24";"30.258,21"
"09571196";"Sachsen b.Ansbach";"Gemeinden";"23.085,15";"25.584,74";"26.832,64";"31.748,97"
"09571198";"Schillingsfürst, St";"Gemeinden";"20.376,60";"22.588,28";"24.544,52";"28.608,42"
"09571199";"Schnelldorf";"Gemeinden";"20.471,48";"23.159,34";"24.892,45";"29.114,22"
"09571200";"Schopfloch, M";"Gemeinden";"21.254,95";"24.937,45";"26.284,35";"30.570,10"
"09571205";"Steinsfeld";"Gemeinden";"20.436,06";"22.889,16";"25.255,43";"29.968,54"
"09571208";"Unterschwaningen";"Gemeinden";"19.503,47";"22.139,69";"24.077,03";"28.730,10"
"09571214";"Wassertrüdingen, St";"Gemeinden";"19.089,12";"21.700,36";"23.341,44";"27.450,44"
"09571216";"Weidenbach, M";"Gemeinden";"20.869,64";"23.396,33";"24.311,43";"28.606,88"
"09571217";"Weihenzell";"Gemeinden";"20.711,75";"23.600,32";"25.906,33";"30.479,71"
"09571218";"Weiltingen, M";"Gemeinden";"20.180,18";"22.824,41";"24.173,46";"28.018,47"
"09571222";"Wettringen";"Gemeinden";"18.078,28";"20.580,12";"22.235,67";"25.507,25"
"09571223";"Wieseth";"Gemeinden";"19.253,14";"21.427,90";"23.326,54";"27.231,16"
"09571224";"Wilburgstetten";"Gemeinden";"19.250,34";"21.602,16";"23.150,34";"26.387,84"
"09571225";"Windelsbach";"Gemeinden";"20.414,73";"23.082,82";"25.052,19";"29.929,01"
"09571226";"Windsbach, St";"Gemeinden";"20.131,68";"22.837,30";"25.094,44";"29.443,06"
"09571227";"Wittelshofen";"Gemeinden";"18.817,58";"21.703,70";"23.937,91";"28.155,95"
"09571228";"Wörnitz";"Gemeinden";"19.035,37";"21.356,13";"23.166,46";"27.532,60"
"09571229";"Wolframs-Eschenbach, St";"Gemeinden";"19.973,14";"22.868,20";"24.919,14";"29.033,42"
"09571451";"Unterer Wald";"Gemeinden";;;;
"09572111";"Adelsdorf";"Gemeinden";"22.836,84";"25.732,42";"27.634,58";"31.870,72"
"09572114";"Aurachtal";"Gemeinden";"24.566,20";"27.329,33";"29.659,25";"34.513,68"
"09572115";"Baiersdorf, St";"Gemeinden";"25.061,46";"27.324,08";"28.845,75";"33.764,09"
"09572119";"Bubenreuth";"Gemeinden";"27.464,13";"30.021,06";"31.071,81";"36.710,63"
"09572120";"Buckenhof";"Gemeinden";"27.949,55";"30.406,29";"32.348,40";"37.552,90"
"09572121";"Eckental, M";"Gemeinden";"24.139,40";"26.613,69";"28.456,69";"32.833,75"
"09572126";"Gremsdorf";"Gemeinden";"19.049,89";"21.163,57";"22.906,43";"27.084,77"
"09572127";"Großenseebach";"Gemeinden";"25.480,76";"28.630,94";"30.963,90";"36.489,08"
"09572130";"Hemhofen";"Gemeinden";"24.549,14";"26.435,97";"28.705,53";"33.138,74"
"09572131";"Heroldsberg, M";"Gemeinden";"26.890,14";"29.131,59";"31.184,28";"36.113,02"
"09572132";"Herzogenaurach, St";"Gemeinden";"27.518,90";"29.387,32";"31.796,90";"36.829,15"
"09572133";"Heßdorf";"Gemeinden";"23.938,92";"26.523,51";"27.641,10";"31.820,62"
"09572135";"Höchstadt a.d.Aisch, St";"Gemeinden";"22.304,30";"25.078,75";"26.855,62";"31.198,80"
"09572137";"Kalchreuth";"Gemeinden";"25.787,87";"29.156,24";"31.899,06";"37.213,02"
"09572139";"Lonnerstadt, M";"Gemeinden";"21.220,31";"23.446,59";"25.588,93";"29.513,00"
"09572141";"Marloffstein";"Gemeinden";"29.797,61";"33.927,37";"36.520,88";"42.605,04"
"09572142";"Möhrendorf";"Gemeinden";"29.649,43";"32.134,98";"33.322,73";"38.130,16"
"09572143";"Mühlhausen, M";"Gemeinden";"19.969,11";"22.442,26";"24.626,79";"28.728,81"
"09572147";"Oberreichenbach";"Gemeinden";"22.970,99";"26.041,37";"28.094,72";"32.955,06"
"09572149";"Röttenbach";"Gemeinden";"25.158,45";"28.236,96";"30.265,39";"35.587,06"
"09572154";"Spardorf";"Gemeinden";"33.055,64";"36.533,22";"38.371,62";"45.212,49"
"09572158";"Uttenreuth";"Gemeinden";"27.697,97";"30.763,36";"33.006,42";"38.584,59"
"09572159";"Vestenbergsgreuth, M";"Gemeinden";"22.386,77";"25.840,49";"26.718,33";"31.399,66"
"09572160";"Wachenroth, M";"Gemeinden";"21.530,57";"23.457,94";"24.280,74";"28.805,29"
"09572164";"Weisendorf, M";"Gemeinden";"23.431,72";"26.898,15";"29.143,48";"33.753,08"
"09572451";"Birkach";"Gemeinden";;;;
"09572452";"Buckenhofer Forst";"Gemeinden";;;;
"09572453";"Dormitzer Forst";"Gemeinden";;;;
"09572454";"Erlenstegener Forst";"Gemeinden";;;;
"09572455";"Forst Tennenlohe";"Gemeinden";;;;
"09572456";"Geschaidt";"Gemeinden";;;;
"09572457";"Kalchreuther Forst";"Gemeinden";;;;
"09572458";"Kraftshofer Forst";"Gemeinden";;;;
"09572459";"Mark";"Gemeinden";;;;
"09572460";"Neunhofer Forst";"Gemeinden";;;;
"09573111";"Ammerndorf, M";"Gemeinden";"21.853,95";"24.403,49";"26.615,17";"31.219,41"
"09573114";"Cadolzburg, M";"Gemeinden";"23.839,96";"26.812,26";"28.465,50";"32.670,16"
"09573115";"Großhabersdorf";"Gemeinden";"21.742,89";"24.322,38";"25.947,96";"30.101,57"
"09573120";"Langenzenn, St";"Gemeinden";"22.676,71";"25.141,53";"26.948,97";"31.073,65"
"09573122";"Oberasbach, St";"Gemeinden";"24.762,32";"26.812,61";"28.031,74";"32.390,58"
"09573123";"Obermichelbach";"Gemeinden";"27.480,15";"30.745,41";"32.610,31";"37.297,92"
"09573124";"Puschendorf";"Gemeinden";"22.254,08";"25.017,34";"27.384,13";"31.729,16"
"09573125";"Roßtal, M";"Gemeinden";"22.795,99";"25.551,20";"27.453,82";"32.029,93"
"09573126";"Seukendorf";"Gemeinden";"23.321,42";"25.774,09";"27.519,18";"31.820,78"
"09573127";"Stein, St";"Gemeinden";"25.036,26";"26.648,18";"27.782,29";"32.177,28"
"09573129";"Tuchenbach";"Gemeinden";"25.802,59";"28.172,94";"30.242,09";"35.164,77"
"09573130";"Veitsbronn";"Gemeinden";"22.182,98";"24.151,15";"26.048,76";"30.102,96"
"09573133";"Wilhermsdorf, M";"Gemeinden";"21.271,18";"23.705,76";"26.007,53";"29.715,87"
"09573134";"Zirndorf, St";"Gemeinden";"23.814,63";"25.951,04";"27.705,11";"32.088,33"
"09574111";"Alfeld";"Gemeinden";"21.072,20";"23.655,87";"25.199,73";"29.427,53"
"09574112";"Altdorf b.Nürnberg, St";"Gemeinden";"23.862,03";"26.746,30";"28.312,79";"32.636,36"
"09574117";"Burgthann";"Gemeinden";"23.871,19";"26.868,66";"28.287,81";"33.192,10"
"09574120";"Engelthal";"Gemeinden";"21.885,73";"24.236,60";"26.297,01";"30.175,40"
"09574123";"Feucht, M";"Gemeinden";"22.762,02";"25.294,39";"27.312,89";"31.723,02"
"09574128";"Happurg";"Gemeinden";"22.089,30";"24.927,29";"26.989,46";"30.938,31"
"09574129";"Hartenstein";"Gemeinden";"20.721,27";"22.859,35";"24.503,36";"28.668,30"
"09574131";"Henfenfeld";"Gemeinden";"22.212,25";"24.014,41";"26.169,42";"30.043,04"
"09574132";"Hersbruck, St";"Gemeinden";"24.338,94";"26.382,30";"27.646,13";"31.920,11"
"09574135";"Kirchensittenbach";"Gemeinden";"19.803,92";"22.790,11";"24.936,11";"29.100,22"
"09574138";"Lauf a.d.Pegnitz, St";"Gemeinden";"24.356,59";"26.534,55";"27.802,46";"32.155,60"
"09574139";"Leinburg";"Gemeinden";"23.238,72";"26.028,22";"27.922,37";"32.686,08"
"09574140";"Neuhaus a.d.Pegnitz, M";"Gemeinden";"20.264,92";"22.521,39";"24.238,42";"27.949,33"
"09574141";"Neunkirchen a.Sand";"Gemeinden";"22.328,65";"24.439,69";"26.238,61";"30.275,52"
"09574145";"Offenhausen";"Gemeinden";"22.224,58";"25.480,06";"26.763,03";"31.116,15"
"09574146";"Ottensoos";"Gemeinden";"24.037,40";"26.877,82";"29.425,16";"34.151,51"
"09574147";"Pommelsbrunn";"Gemeinden";"21.868,89";"24.471,84";"26.135,74";"30.152,37"
"09574150";"Reichenschwand";"Gemeinden";"22.486,54";"24.439,29";"26.112,74";"30.811,21"
"09574152";"Röthenbach a.d.Pegnitz, St";"Gemeinden";"21.753,33";"23.419,45";"24.659,00";"28.564,44"
"09574154";"Rückersdorf";"Gemeinden";"34.373,35";"36.876,35";"38.872,47";"44.976,12"
"09574155";"Schnaittach, M";"Gemeinden";"22.108,19";"24.414,12";"26.255,77";"30.456,47"
"09574156";"Schwaig b.Nürnberg";"Gemeinden";"28.156,47";"30.781,54";"31.850,83";"37.393,44"
"09574157";"Schwarzenbruck";"Gemeinden";"23.867,91";"25.783,17";"27.053,02";"31.764,95"
"09574158";"Simmelsdorf";"Gemeinden";"22.299,64";"24.080,25";"26.681,54";"31.141,98"
"09574160";"Velden, St";"Gemeinden";"21.253,88";"23.335,79";"24.681,07";"28.783,85"
"09574161";"Vorra";"Gemeinden";"20.107,43";"22.458,88";"24.356,42";"28.457,53"
"09574164";"Winkelhaid";"Gemeinden";"23.882,67";"25.766,38";"28.144,06";"32.546,84"
"09574451";"Behringersdorfer Forst";"Gemeinden";;;;
"09574452";"Brunn";"Gemeinden";;;;
"09574453";"Engelthaler Forst";"Gemeinden";;;;
"09574454";"Feuchter Forst";"Gemeinden";;;;
"09574455";"Fischbach";"Gemeinden";;;;
"09574456";"Forsthof";"Gemeinden";;;;
"09574457";"Günthersbühler Forst";"Gemeinden";;;;
"09574458";"Haimendorfer Forst";"Gemeinden";;;;
"09574460";"Laufamholzer Forst";"Gemeinden";;;;
"09574461";"Leinburg";"Gemeinden";;;;
"09574462";"Rückersdorfer Forst";"Gemeinden";;;;
"09574463";"Schönberg";"Gemeinden";;;;
"09574464";"Winkelhaid";"Gemeinden";;;;
"09574465";"Zerzabelshofer Forst";"Gemeinden";;;;
"09575112";"Bad Windsheim, St";"Gemeinden";"20.737,57";"22.889,39";"24.725,02";"28.618,84"
"09575113";"Baudenbach, M";"Gemeinden";"20.465,74";"22.063,37";"24.768,81";"28.773,52"
"09575115";"Burgbernheim, St";"Gemeinden";"20.660,35";"22.810,53";"24.861,81";"28.815,95"
"09575116";"Burghaslach, M";"Gemeinden";"20.535,75";"22.825,65";"25.021,34";"29.222,03"
"09575117";"Dachsbach, M";"Gemeinden";"21.231,50";"23.484,75";"26.060,47";"29.990,02"
"09575118";"Diespeck";"Gemeinden";"22.777,95";"24.768,25";"26.366,77";"30.753,41"
"09575119";"Dietersheim";"Gemeinden";"21.145,87";"24.749,26";"26.626,07";"30.983,46"
"09575121";"Emskirchen, M";"Gemeinden";"21.943,53";"24.349,13";"26.490,00";"30.762,98"
"09575122";"Ergersheim";"Gemeinden";"20.606,47";"23.124,62";"25.483,36";"30.251,20"
"09575124";"Gallmersgarten";"Gemeinden";"17.904,07";"20.451,47";"23.190,44";"27.303,18"
"09575125";"Gerhardshofen";"Gemeinden";"20.491,10";"23.471,08";"25.630,55";"30.035,05"
"09575127";"Gollhofen";"Gemeinden";"20.491,90";"22.725,87";"24.082,48";"28.294,62"
"09575128";"Gutenstetten";"Gemeinden";"19.007,94";"21.443,13";"23.527,72";"27.646,74"
"09575129";"Hagenbüchach";"Gemeinden";"22.998,75";"26.108,03";"28.512,57";"33.428,29"
"09575130";"Hemmersheim";"Gemeinden";"19.482,76";"21.958,50";"24.350,55";"28.286,98"
"09575133";"Illesheim";"Gemeinden";"18.005,45";"20.787,10";"22.518,47";"26.176,02"
"09575134";"Ippesheim, M";"Gemeinden";"20.693,45";"22.410,19";"24.564,70";"28.612,60"
"09575135";"Ipsheim, M";"Gemeinden";"21.253,67";"23.660,29";"25.550,35";"30.348,89"
"09575138";"Langenfeld";"Gemeinden";"20.891,53";"22.947,72";"25.257,50";"29.577,84"
"09575143";"Marktbergel, M";"Gemeinden";"17.954,29";"20.687,69";"22.584,01";"26.499,22"
"09575144";"Markt Bibart, M";"Gemeinden";"19.575,80";"22.019,03";"24.201,84";"28.037,33"
"09575145";"Markt Erlbach, M";"Gemeinden";"21.631,39";"24.265,68";"26.009,37";"30.280,20"
"09575146";"Markt Nordheim, M";"Gemeinden";"19.930,01";"22.452,48";"25.268,60";"29.404,38"
"09575147";"Markt Taschendorf, M";"Gemeinden";"19.346,96";"21.840,67";"24.129,55";"28.269,02"
"09575150";"Münchsteinach";"Gemeinden";"22.727,61";"25.483,89";"28.131,68";"32.195,21"
"09575152";"Neuhof a.d.Zenn, M";"Gemeinden";"20.979,01";"23.840,67";"26.369,97";"31.031,74"
"09575153";"Neustadt a.d.Aisch, St";"Gemeinden";"22.529,23";"24.677,70";"26.033,34";"29.961,96"
"09575155";"Oberickelsheim";"Gemeinden";"20.861,70";"23.507,86";"26.255,49";"30.749,41"
"09575156";"Obernzenn, M";"Gemeinden";"19.264,83";"21.508,16";"23.557,74";"27.142,32"
"09575157";"Oberscheinfeld, M";"Gemeinden";"19.481,59";"21.713,62";"23.977,76";"28.168,68"
"09575161";"Scheinfeld, St";"Gemeinden";"19.497,72";"22.065,44";"24.237,05";"27.969,43"
"09575163";"Simmershofen";"Gemeinden";"20.345,09";"23.016,91";"25.506,52";"29.916,36"
"09575165";"Sugenheim, M";"Gemeinden";"20.271,19";"22.848,59";"24.547,68";"28.662,61"
"09575166";"Trautskirchen";"Gemeinden";"19.602,13";"22.013,89";"24.228,52";"28.596,78"
"09575167";"Uehlfeld, M";"Gemeinden";"21.472,19";"23.751,60";"25.243,28";"29.332,96"
"09575168";"Uffenheim, St";"Gemeinden";"20.881,40";"23.334,32";"24.983,71";"28.639,52"
"09575179";"Weigenheim";"Gemeinden";"20.224,01";"22.956,15";"24.570,75";"28.758,06"
"09575181";"Wilhelmsdorf";"Gemeinden";"23.009,02";"24.828,30";"26.521,11";"30.957,95"
"09575451";"Osing";"Gemeinden";;;;
"09576111";"Abenberg, St";"Gemeinden";"21.219,28";"23.977,53";"26.373,64";"30.969,05"
"09576113";"Allersberg, M";"Gemeinden";"21.427,18";"24.048,91";"25.504,89";"29.644,43"
"09576117";"Büchenbach";"Gemeinden";"22.950,37";"25.508,60";"27.932,55";"32.881,07"
"09576121";"Georgensgmünd";"Gemeinden";"21.553,30";"24.154,14";"25.754,93";"30.240,86"
"09576122";"Greding, St";"Gemeinden";"21.008,02";"24.193,52";"26.163,77";"30.412,37"
"09576126";"Heideck, St";"Gemeinden";"21.654,78";"24.437,70";"26.478,03";"30.484,41"
"09576127";"Hilpoltstein, St";"Gemeinden";"20.771,89";"23.660,42";"25.486,41";"29.850,30"
"09576128";"Kammerstein";"Gemeinden";"21.908,22";"24.947,66";"26.796,64";"31.385,90"
"09576132";"Schwanstetten, M";"Gemeinden";"23.117,08";"25.720,39";"27.729,88";"32.418,98"
"09576137";"Rednitzhembach";"Gemeinden";"22.974,76";"25.584,70";"27.206,03";"31.602,04"
"09576141";"Röttenbach";"Gemeinden";"20.487,26";"22.554,90";"24.145,18";"28.512,51"
"09576142";"Rohr";"Gemeinden";"23.238,93";"25.835,80";"26.868,54";"32.063,87"
"09576143";"Roth, St";"Gemeinden";"21.449,54";"24.161,31";"25.961,62";"30.229,96"
"09576147";"Spalt, St";"Gemeinden";"20.860,15";"23.593,51";"25.733,65";"30.109,73"
"09576148";"Thalmässing, M";"Gemeinden";"20.257,54";"23.115,71";"25.151,49";"29.408,19"
"09576151";"Wendelstein, M";"Gemeinden";"25.205,77";"28.032,96";"29.627,54";"34.953,46"
"09576451";"Abenberger Wald";"Gemeinden";;;;
"09576452";"Dechenwald";"Gemeinden";;;;
"09576453";"Forst Kleinschwarzenlohe";"Gemeinden";;;;
"09576454";"Heidenberg";"Gemeinden";;;;
"09576455";"Soos";"Gemeinden";;;;
"09577111";"Absberg, M";"Gemeinden";"18.596,43";"21.471,64";"23.480,99";"28.121,31"
"09577113";"Alesheim";"Gemeinden";"21.179,12";"23.491,51";"24.550,02";"29.086,08"
"09577114";"Muhr a.See";"Gemeinden";"20.753,14";"23.290,59";"25.405,71";"29.830,13"
"09577115";"Bergen";"Gemeinden";"19.778,24";"22.271,66";"24.835,65";"28.844,65"
"09577120";"Burgsalach";"Gemeinden";"19.224,11";"21.888,16";"23.940,29";"27.669,95"
"09577122";"Dittenheim";"Gemeinden";"20.766,35";"23.090,22";"25.400,52";"29.260,53"
"09577125";"Ellingen, St";"Gemeinden";"22.417,01";"25.437,72";"27.378,09";"31.642,15"
"09577127";"Ettenstatt";"Gemeinden";"19.681,83";"22.465,23";"24.717,98";"28.688,38"
"09577133";"Gnotzheim, M";"Gemeinden";"19.187,97";"21.639,60";"23.589,03";"27.822,43"
"09577136";"Gunzenhausen, St";"Gemeinden";"20.846,42";"23.579,80";"25.001,77";"29.352,31"
"09577138";"Haundorf";"Gemeinden";"18.940,71";"21.695,40";"23.731,04";"27.687,95"
"09577140";"Heidenheim, M";"Gemeinden";"19.327,44";"22.022,63";"23.838,47";"27.590,69"
"09577141";"Höttingen";"Gemeinden";"20.150,28";"22.389,62";"24.789,32";"28.815,75"
"09577148";"Langenaltheim";"Gemeinden";"19.312,22";"21.927,65";"24.211,21";"28.126,23"
"09577149";"Markt Berolzheim, M";"Gemeinden";"20.262,46";"22.667,49";"24.662,55";"29.116,13"
"09577150";"Meinheim";"Gemeinden";"20.574,61";"22.960,24";"25.317,92";"29.768,89"
"09577151";"Nennslingen, M";"Gemeinden";"21.128,13";"23.527,35";"25.577,41";"29.901,65"
"09577158";"Pappenheim, St";"Gemeinden";"20.116,75";"22.483,75";"23.631,24";"27.433,29"
"09577159";"Pfofeld";"Gemeinden";"21.600,77";"24.371,94";"26.867,86";"32.060,87"
"09577161";"Pleinfeld, M";"Gemeinden";"21.344,70";"23.928,18";"26.276,23";"30.689,89"
"09577162";"Polsingen";"Gemeinden";"17.030,48";"19.516,38";"21.485,59";"25.068,81"
"09577163";"Raitenbuch";"Gemeinden";"19.554,25";"22.326,36";"24.117,75";"28.305,64"
"09577168";"Solnhofen";"Gemeinden";"19.296,63";"21.416,32";"22.846,35";"26.294,99"
"09577172";"Theilenhofen";"Gemeinden";"19.872,52";"22.478,76";"24.840,96";"29.090,29"
"09577173";"Treuchtlingen, St";"Gemeinden";"20.453,89";"23.008,50";"24.338,72";"28.274,22"
"09577177";"Weißenburg i.Bay., GKSt";"Gemeinden";"22.165,34";"24.831,79";"26.256,32";"30.500,38"
"09577179";"Westheim";"Gemeinden";"20.395,61";"23.005,07";"24.388,68";"29.055,54"
"09661000";"Aschaffenburg";"Gemeinden";"22.415,40";"24.729,55";"26.291,61";"30.394,03"
"09662000";"Schweinfurt";"Gemeinden";"20.758,16";"22.673,30";"24.047,91";"27.888,18"
"09663000";"Würzburg";"Gemeinden";"21.683,91";"23.957,86";"25.328,68";"29.310,82"
"09671111";"Alzenau, St";"Gemeinden";"25.839,78";"28.306,05";"29.934,24";"35.046,06"
"09671112";"Bessenbach";"Gemeinden";"21.913,43";"24.632,26";"26.795,02";"30.809,93"
"09671113";"Blankenbach";"Gemeinden";"21.220,47";"23.602,30";"25.587,83";"29.770,64"
"09671114";"Karlstein a.Main";"Gemeinden";"22.862,11";"25.500,82";"27.129,48";"31.190,12"
"09671119";"Geiselbach";"Gemeinden";"20.847,22";"23.500,55";"25.748,90";"29.621,49"
"09671120";"Glattbach";"Gemeinden";"28.177,18";"30.262,67";"31.429,40";"36.045,97"
"09671121";"Goldbach, M";"Gemeinden";"23.622,06";"25.498,79";"27.779,68";"32.107,40"
"09671122";"Großostheim, M";"Gemeinden";"21.862,94";"23.709,43";"25.772,18";"29.575,10"
"09671124";"Haibach";"Gemeinden";"25.969,10";"28.078,80";"30.212,95";"34.648,23"
"09671126";"Heigenbrücken";"Gemeinden";"21.153,12";"22.903,72";"25.366,15";"29.059,90"
"09671127";"Heimbuchenthal";"Gemeinden";"20.503,79";"22.953,79";"24.824,70";"28.761,01"
"09671128";"Heinrichsthal";"Gemeinden";"20.534,85";"23.240,30";"25.601,14";"30.415,17"
"09671130";"Hösbach, M";"Gemeinden";"22.636,21";"25.182,29";"27.080,08";"31.215,25"
"09671133";"Johannesberg";"Gemeinden";"25.171,61";"28.437,57";"30.830,01";"35.792,67"
"09671134";"Kahl a.Main";"Gemeinden";"23.340,90";"25.452,77";"27.346,43";"31.750,48"
"09671135";"Kleinkahl";"Gemeinden";"20.777,76";"22.769,96";"24.878,69";"28.714,60"
"09671136";"Kleinostheim";"Gemeinden";"23.369,57";"26.019,39";"28.098,20";"32.397,22"
"09671138";"Krombach";"Gemeinden";"21.193,65";"23.478,51";"25.617,45";"29.531,76"
"09671139";"Laufach";"Gemeinden";"21.518,67";"23.592,22";"25.496,39";"29.519,03"
"09671140";"Mainaschaff";"Gemeinden";"22.079,80";"24.388,86";"25.429,19";"29.053,32"
"09671141";"Mespelbrunn";"Gemeinden";"20.367,48";"22.335,17";"24.339,81";"28.175,55"
"09671143";"Mömbris, M";"Gemeinden";"22.091,17";"24.451,78";"26.284,23";"30.171,44"
"09671148";"Rothenbuch";"Gemeinden";"21.086,62";"23.881,90";"26.359,13";"30.740,83"
"09671150";"Sailauf";"Gemeinden";"21.648,08";"24.320,65";"25.540,45";"29.790,30"
"09671152";"Schöllkrippen, M";"Gemeinden";"22.230,52";"24.912,36";"25.819,90";"29.735,57"
"09671153";"Sommerkahl";"Gemeinden";"19.978,90";"22.801,89";"24.192,89";"28.308,09"
"09671155";"Stockstadt a.Main, M";"Gemeinden";"20.019,02";"22.208,53";"23.747,81";"27.414,37"
"09671156";"Waldaschaff";"Gemeinden";"20.785,20";"23.081,99";"24.739,96";"28.500,09"
"09671157";"Weibersbrunn";"Gemeinden";"20.800,60";"23.241,46";"24.858,03";"28.737,60"
"09671159";"Westerngrund";"Gemeinden";"20.207,65";"22.700,57";"24.491,59";"28.774,72"
"09671160";"Dammbach";"Gemeinden";"18.543,11";"20.804,29";"22.239,90";"25.719,59"
"09671162";"Wiesen";"Gemeinden";"20.315,57";"22.945,24";"25.028,81";"28.482,43"
"09671451";"Forst Hain i.Spessart";"Gemeinden";;;;
"09671453";"Heinrichsthaler Forst";"Gemeinden";;;;
"09671456";"Rohrbrunner Forst";"Gemeinden";;;;
"09671457";"Rothenbucher Forst";"Gemeinden";;;;
"09671458";"Sailaufer Forst";"Gemeinden";;;;
"09671459";"Schöllkrippener Forst";"Gemeinden";;;;
"09671460";"Waldaschaffer Forst";"Gemeinden";;;;
"09671461";"Wiesener Forst";"Gemeinden";;;;
"09672111";"Aura a.d.Saale";"Gemeinden";"20.524,25";"23.337,77";"25.072,07";"29.252,93"
"09672112";"Bad Bocklet, M";"Gemeinden";"20.223,84";"22.612,27";"24.265,04";"28.622,60"
"09672113";"Bad Brückenau, St";"Gemeinden";"20.538,67";"23.107,69";"24.871,12";"29.043,55"
"09672114";"Bad Kissingen, GKSt";"Gemeinden";"23.166,04";"25.104,88";"26.490,79";"30.844,13"
"09672117";"Burkardroth, M";"Gemeinden";"19.485,12";"21.774,36";"23.643,34";"27.520,80"
"09672121";"Elfershausen, M";"Gemeinden";"19.949,10";"22.022,30";"24.141,87";"27.766,33"
"09672122";"Euerdorf, M";"Gemeinden";"20.835,81";"23.170,99";"25.187,86";"29.507,58"
"09672124";"Fuchsstadt";"Gemeinden";"19.877,57";"22.577,54";"24.417,00";"28.567,99"
"09672126";"Geroda, M";"Gemeinden";"21.211,53";"23.488,00";"25.851,42";"29.895,98"
"09672127";"Hammelburg, St";"Gemeinden";"20.605,33";"23.000,24";"24.926,48";"28.766,73"
"09672131";"Maßbach, M";"Gemeinden";"19.514,49";"21.908,57";"23.642,44";"27.764,04"
"09672134";"Motten";"Gemeinden";"19.337,82";"21.944,51";"23.973,55";"27.510,96"
"09672135";"Münnerstadt, St";"Gemeinden";"20.006,15";"22.202,36";"24.033,46";"27.872,78"
"09672136";"Nüdlingen";"Gemeinden";"19.936,66";"22.465,20";"24.330,25";"28.361,66"
"09672138";"Oberleichtersbach";"Gemeinden";"20.991,64";"23.256,29";"25.623,43";"29.972,37"
"09672139";"Oberthulba, M";"Gemeinden";"20.080,14";"22.485,36";"24.392,80";"28.307,04"
"09672140";"Oerlenbach";"Gemeinden";"20.444,36";"22.804,49";"24.495,79";"28.655,46"
"09672142";"Ramsthal";"Gemeinden";"19.278,34";"21.411,20";"23.596,45";"27.742,61"
"09672143";"Rannungen";"Gemeinden";"20.769,79";"23.164,47";"24.898,44";"28.870,59"
"09672145";"Riedenberg";"Gemeinden";"19.051,42";"21.449,64";"23.606,49";"28.191,28"
"09672149";"Schondra, M";"Gemeinden";"19.018,58";"21.331,23";"23.483,48";"27.151,73"
"09672155";"Sulzthal, M";"Gemeinden";"21.654,23";"23.741,86";"25.960,03";"29.640,52"
"09672157";"Thundorf i.UFr.";"Gemeinden";"19.553,42";"21.612,87";"23.846,45";"27.265,94"
"09672161";"Wartmannsroth";"Gemeinden";"19.753,84";"22.088,97";"24.012,18";"28.274,63"
"09672163";"Wildflecken, M";"Gemeinden";"20.475,19";"22.928,67";"24.689,89";"28.568,75"
"09672166";"Zeitlofs, M";"Gemeinden";"21.773,82";"24.534,11";"26.774,01";"31.078,65"
"09672451";"Dreistelzer Forst";"Gemeinden";;;;
"09672454";"Forst Detter-Süd";"Gemeinden";;;;
"09672455";"Geiersnest-Ost";"Gemeinden";;;;
"09672456";"Geiersnest-West";"Gemeinden";;;;
"09672457";"Großer Auersberg";"Gemeinden";;;;
"09672458";"Kälberberg";"Gemeinden";;;;
"09672461";"Mottener Forst-Süd";"Gemeinden";;;;
"09672462";"Neuwirtshauser Forst";"Gemeinden";;;;
"09672463";"Omerz u. Roter Berg";"Gemeinden";;;;
"09672464";"Römershager Forst-Nord";"Gemeinden";;;;
"09672465";"Römershager Forst-Ost";"Gemeinden";;;;
"09672466";"Roßbacher Forst";"Gemeinden";;;;
"09672468";"Waldfensterer Forst";"Gemeinden";;;;
"09673113";"Aubstadt";"Gemeinden";"17.937,60";"20.670,11";"22.440,72";"25.841,16"
"09673114";"Bad Neustadt a.d.Saale, St";"Gemeinden";"21.401,19";"24.089,12";"26.146,03";"30.411,16"
"09673116";"Bastheim";"Gemeinden";"19.451,47";"22.100,38";"23.988,96";"27.693,41"
"09673117";"Bischofsheim i.d.Rhön, St";"Gemeinden";"20.095,80";"22.286,55";"24.267,65";"28.491,94"
"09673123";"Fladungen, St";"Gemeinden";"20.246,07";"22.236,23";"23.829,75";"27.834,27"
"09673126";"Großbardorf";"Gemeinden";"18.797,19";"20.914,31";"23.289,74";"27.370,53"
"09673127";"Großeibstadt";"Gemeinden";"19.268,95";"21.889,25";"23.835,53";"27.450,59"
"09673129";"Hausen";"Gemeinden";"18.189,80";"20.603,56";"22.613,56";"26.481,66"
"09673130";"Hendungen";"Gemeinden";"17.306,18";"19.443,30";"21.437,26";"25.318,20"
"09673131";"Herbstadt";"Gemeinden";"18.229,25";"20.425,05";"22.458,83";"26.344,39"
"09673133";"Heustreu";"Gemeinden";"21.706,29";"23.656,00";"25.526,57";"29.229,40"
"09673134";"Höchheim";"Gemeinden";"18.012,28";"20.489,10";"22.388,22";"26.174,25"
"09673135";"Hohenroth";"Gemeinden";"22.289,75";"26.202,23";"27.493,92";"32.142,46"
"09673136";"Hollstadt";"Gemeinden";"19.151,47";"21.604,99";"23.724,27";"27.923,62"
"09673141";"Bad Königshofen i.Grabfeld, St";"Gemeinden";"18.516,67";"21.273,57";"23.235,61";"27.088,96"
"09673142";"Mellrichstadt, St";"Gemeinden";"21.629,75";"24.149,67";"26.081,99";"30.501,45"
"09673146";"Niederlauer";"Gemeinden";"19.987,82";"21.923,44";"23.544,82";"27.870,87"
"09673147";"Nordheim v.d.Rhön";"Gemeinden";"19.828,74";"22.101,24";"23.919,38";"27.662,52"
"09673149";"Oberelsbach, M";"Gemeinden";"19.177,91";"21.488,75";"23.290,94";"26.857,26"
"09673151";"Oberstreu";"Gemeinden";"20.718,39";"23.361,58";"24.652,71";"28.928,90"
"09673153";"Ostheim v.d.Rhön, St";"Gemeinden";"19.170,77";"21.716,47";"23.632,72";"27.689,46"
"09673156";"Rödelmaier";"Gemeinden";"19.608,80";"22.109,04";"24.102,57";"27.431,99"
"09673160";"Saal a.d.Saale, M";"Gemeinden";"20.881,88";"23.501,85";"24.770,39";"29.092,43"
"09673161";"Salz";"Gemeinden";"22.712,59";"25.726,98";"27.781,37";"32.168,58"
"09673162";"Sandberg";"Gemeinden";"18.972,13";"21.402,57";"23.428,30";"27.359,09"
"09673163";"Schönau a.d.Brend";"Gemeinden";"18.779,11";"21.572,00";"23.779,62";"27.222,98"
"09673167";"Sondheim v.d.Rhön";"Gemeinden";"19.060,99";"20.749,16";"23.237,01";"26.566,55"
"09673170";"Stockheim";"Gemeinden";"19.507,23";"21.546,99";"23.466,88";"27.381,39"
"09673171";"Strahlungen";"Gemeinden";"18.598,46";"21.245,32";"23.151,92";"27.605,61"
"09673172";"Sulzdorf a.d.Lederhecke";"Gemeinden";"17.224,96";"19.530,49";"21.571,55";"25.096,58"
"09673173";"Sulzfeld";"Gemeinden";"19.057,51";"21.622,21";"23.487,21";"27.511,87"
"09673174";"Trappstadt, M";"Gemeinden";"17.453,93";"19.640,68";"21.299,51";"25.386,34"
"09673175";"Unsleben";"Gemeinden";"20.505,56";"22.017,46";"23.271,97";"27.417,25"
"09673182";"Willmars";"Gemeinden";"16.430,67";"17.796,63";"19.521,28";"23.085,99"
"09673183";"Wollbach";"Gemeinden";"21.239,41";"23.705,25";"25.081,71";"29.495,00"
"09673184";"Wülfershausen a.d.Saale";"Gemeinden";"19.488,34";"21.851,40";"24.002,36";"28.174,69"
"09673186";"Burglauer";"Gemeinden";"19.757,89";"22.075,22";"24.529,34";"28.332,04"
"09673451";"Bundorfer Forst";"Gemeinden";;;;
"09673452";"Burgwallbacher Forst";"Gemeinden";;;;
"09673453";"Forst Schmalwasser-Nord";"Gemeinden";;;;
"09673454";"Forst Schmalwasser-Süd";"Gemeinden";;;;
"09673455";"Mellrichstadter Forst";"Gemeinden";;;;
"09673456";"Steinacher Forst r.d.Saale";"Gemeinden";;;;
"09673457";"Sulzfelder Forst";"Gemeinden";;;;
"09673458";"Weigler";"Gemeinden";;;;
"09674111";"Aidhausen";"Gemeinden";"19.406,84";"22.124,49";"24.234,10";"28.861,63"
"09674118";"Breitbrunn";"Gemeinden";"18.577,43";"20.999,97";"23.193,79";"27.292,99"
"09674120";"Bundorf";"Gemeinden";"20.343,11";"22.775,11";"23.962,29";"27.735,46"
"09674121";"Burgpreppach, M";"Gemeinden";"19.336,70";"21.532,66";"23.619,57";"27.842,88"
"09674129";"Ebelsbach";"Gemeinden";"19.702,21";"21.931,41";"23.650,73";"27.295,24"
"09674130";"Ebern, St";"Gemeinden";"20.533,20";"23.110,84";"24.702,76";"28.780,91"
"09674133";"Eltmann, St";"Gemeinden";"19.662,42";"22.209,52";"24.051,50";"27.683,31"
"09674139";"Gädheim";"Gemeinden";"21.256,06";"22.946,48";"25.440,47";"30.065,20"
"09674147";"Haßfurt, St";"Gemeinden";"20.458,77";"22.793,45";"24.727,18";"28.736,38"
"09674149";"Hofheim i.UFr., St";"Gemeinden";"20.540,10";"22.943,13";"24.966,93";"28.672,93"
"09674153";"Riedbach";"Gemeinden";"18.488,67";"20.949,28";"22.804,44";"26.465,40"
"09674159";"Oberaurach";"Gemeinden";"18.722,44";"21.164,20";"22.981,16";"26.905,69"
"09674160";"Kirchlauter";"Gemeinden";"18.278,90";"20.502,74";"22.899,95";"26.664,09"
"09674163";"Knetzgau";"Gemeinden";"19.907,86";"22.528,78";"24.292,57";"28.104,42"
"09674164";"Königsberg i.Bay., St";"Gemeinden";"19.981,89";"22.761,28";"24.516,31";"28.301,17"
"09674171";"Maroldsweisach, M";"Gemeinden";"18.847,42";"21.093,77";"23.095,40";"26.575,29"
"09674180";"Theres";"Gemeinden";"20.567,03";"22.966,57";"24.627,92";"28.895,21"
"09674184";"Pfarrweisach";"Gemeinden";"18.779,52";"21.312,64";"23.060,21";"26.996,11"
"09674187";"Rauhenebrach";"Gemeinden";"18.681,60";"21.276,79";"23.584,77";"27.291,79"
"09674190";"Rentweinsdorf, M";"Gemeinden";"19.261,87";"21.693,19";"23.345,64";"27.075,06"
"09674195";"Sand a.Main";"Gemeinden";"19.340,62";"21.473,56";"23.622,47";"27.803,56"
"09674201";"Stettfeld";"Gemeinden";"19.216,19";"21.028,46";"22.982,54";"26.675,60"
"09674210";"Untermerzbach";"Gemeinden";"18.588,09";"21.267,13";"23.242,58";"27.285,99"
"09674219";"Wonfurt";"Gemeinden";"18.962,75";"21.474,97";"23.299,08";"26.921,30"
"09674221";"Zeil a.Main, St";"Gemeinden";"19.427,84";"22.200,59";"23.969,98";"27.957,46"
"09674223";"Ermershausen";"Gemeinden";"19.835,22";"21.757,76";"23.819,95";"27.959,05"
"09675111";"Abtswind, M";"Gemeinden";"21.598,20";"23.240,85";"25.269,74";"29.584,20"
"09675112";"Albertshofen";"Gemeinden";"20.194,84";"21.709,25";"22.816,09";"26.061,68"
"09675113";"Biebelried";"Gemeinden";"20.063,89";"22.577,68";"24.524,90";"28.453,56"
"09675114";"Buchbrunn";"Gemeinden";"20.940,08";"22.605,43";"24.318,41";"28.233,90"
"09675116";"Castell";"Gemeinden";"21.452,35";"23.802,99";"25.711,12";"30.056,53"
"09675117";"Dettelbach, St";"Gemeinden";"21.023,06";"23.751,40";"25.085,41";"29.557,17"
"09675127";"Geiselwind, M";"Gemeinden";"17.810,67";"20.490,79";"21.845,62";"25.709,57"
"09675131";"Großlangheim, M";"Gemeinden";"19.581,51";"22.101,59";"23.985,35";"28.135,92"
"09675139";"Iphofen, St";"Gemeinden";"23.975,67";"27.243,24";"30.102,68";"34.889,93"
"09675141";"Kitzingen, GKSt";"Gemeinden";"19.508,76";"21.964,94";"23.367,98";"27.145,91"
"09675142";"Kleinlangheim, M";"Gemeinden";"19.033,31";"21.585,02";"23.400,13";"27.249,20"
"09675144";"Mainbernheim, St";"Gemeinden";"20.268,16";"22.516,18";"24.851,05";"28.689,32"
"09675146";"Mainstockheim";"Gemeinden";"20.620,32";"23.336,80";"25.213,07";"29.082,27"
"09675147";"Marktbreit, St";"Gemeinden";"25.097,38";"26.493,83";"27.620,80";"31.752,96"
"09675148";"Markt Einersheim, M";"Gemeinden";"25.260,42";"30.191,45";"30.962,61";"36.049,05"
"09675149";"Marktsteft, St";"Gemeinden";"20.763,43";"23.077,38";"24.857,47";"28.581,53"
"09675150";"Martinsheim";"Gemeinden";"20.011,62";"22.704,45";"24.424,15";"29.013,99"
"09675155";"Nordheim a.Main";"Gemeinden";"19.894,72";"22.992,06";"24.704,97";"28.999,77"
"09675156";"Obernbreit, M";"Gemeinden";"21.123,38";"23.549,95";"25.267,97";"29.627,31"
"09675158";"Prichsenstadt, St";"Gemeinden";"20.290,51";"22.217,40";"24.259,10";"28.420,13"
"09675161";"Rödelsee";"Gemeinden";"21.325,83";"23.962,67";"26.201,98";"30.374,69"
"09675162";"Rüdenhausen, M";"Gemeinden";"21.869,66";"23.742,13";"24.626,85";"28.341,47"
"09675165";"Schwarzach a.Main, M";"Gemeinden";"20.872,88";"23.548,83";"25.250,15";"29.584,86"
"09675166";"Segnitz";"Gemeinden";"20.639,67";"22.680,40";"24.290,34";"28.511,83"
"09675167";"Seinsheim, M";"Gemeinden";"19.070,48";"21.453,49";"23.576,41";"27.702,28"
"09675169";"Sommerach";"Gemeinden";"21.781,50";"24.730,10";"27.167,60";"32.307,74"
"09675170";"Sulzfeld a.Main";"Gemeinden";"22.918,84";"25.058,02";"27.039,62";"31.621,54"
"09675174";"Volkach, St";"Gemeinden";"20.824,45";"23.245,37";"25.259,01";"29.571,36"
"09675177";"Wiesenbronn";"Gemeinden";"20.875,37";"23.801,74";"25.711,37";"30.239,32"
"09675178";"Wiesentheid, M";"Gemeinden";"20.990,50";"24.321,11";"25.679,44";"30.077,20"
"09675179";"Willanzheim, M";"Gemeinden";"20.904,65";"23.510,08";"25.086,69";"29.145,99"
"09676111";"Altenbuch";"Gemeinden";"19.263,14";"21.689,89";"23.563,55";"27.449,09"
"09676112";"Amorbach, St";"Gemeinden";"21.360,00";"23.493,42";"25.405,63";"29.530,35"
"09676116";"Bürgstadt, M";"Gemeinden";"22.748,03";"25.593,52";"27.038,94";"31.441,66"
"09676117";"Collenberg";"Gemeinden";"21.208,08";"23.559,45";"24.639,62";"28.375,36"
"09676118";"Dorfprozelten";"Gemeinden";"20.309,69";"22.455,78";"24.376,36";"27.883,66"
"09676119";"Eichenbühl";"Gemeinden";"20.246,97";"22.343,77";"24.102,53";"27.654,86"
"09676121";"Elsenfeld, M";"Gemeinden";"19.412,85";"21.841,07";"23.663,19";"27.261,36"
"09676122";"Erlenbach a.Main, St";"Gemeinden";"20.396,04";"22.277,17";"23.958,14";"27.580,17"
"09676123";"Eschau, M";"Gemeinden";"19.933,71";"22.383,60";"24.527,91";"28.432,25"
"09676124";"Faulbach";"Gemeinden";"19.687,13";"22.370,20";"24.644,67";"28.356,35"
"09676125";"Großheubach, M";"Gemeinden";"20.183,93";"22.589,64";"24.215,63";"27.796,61"
"09676126";"Großwallstadt";"Gemeinden";"23.038,77";"25.202,71";"27.258,09";"31.354,95"
"09676128";"Hausen";"Gemeinden";"19.342,12";"21.552,25";"23.710,72";"27.312,47"
"09676131";"Kirchzell, M";"Gemeinden";"19.731,17";"22.504,00";"24.243,32";"28.114,38"
"09676132";"Kleinheubach, M";"Gemeinden";"20.208,61";"22.212,96";"23.663,77";"27.186,94"
"09676133";"Kleinwallstadt, M";"Gemeinden";"20.975,08";"23.278,41";"25.153,26";"28.857,22"
"09676134";"Klingenberg a.Main, St";"Gemeinden";"19.811,43";"21.686,94";"22.798,82";"26.373,72"
"09676135";"Laudenbach";"Gemeinden";"20.376,42";"22.893,22";"25.446,65";"29.640,92"
"09676136";"Leidersbach";"Gemeinden";"20.827,78";"23.642,67";"25.424,17";"29.430,65"
"09676139";"Miltenberg, St";"Gemeinden";"23.404,55";"25.784,46";"26.933,10";"31.202,03"
"09676140";"Mömlingen";"Gemeinden";"20.142,02";"22.643,53";"24.591,17";"28.223,13"
"09676141";"Mönchberg, M";"Gemeinden";"19.950,42";"22.324,26";"24.120,38";"28.074,04"
"09676143";"Neunkirchen";"Gemeinden";"19.794,14";"21.858,91";"24.116,51";"28.029,86"
"09676144";"Niedernberg";"Gemeinden";"22.422,90";"25.120,85";"26.894,66";"31.353,18"
"09676145";"Obernburg a.Main, St";"Gemeinden";"23.378,58";"25.221,32";"26.904,07";"31.150,02"
"09676151";"Röllbach";"Gemeinden";"21.040,36";"23.326,97";"24.843,34";"29.001,09"
"09676153";"Rüdenau";"Gemeinden";"19.859,35";"21.904,80";"24.192,47";"27.755,83"
"09676156";"Schneeberg, M";"Gemeinden";"19.997,51";"21.847,29";"23.360,36";"27.019,73"
"09676158";"Stadtprozelten, St";"Gemeinden";"18.886,69";"21.441,29";"23.227,77";"26.926,75"
"09676160";"Sulzbach a.Main, M";"Gemeinden";"22.100,85";"24.847,88";"27.317,83";"31.672,86"
"09676165";"Weilbach, M";"Gemeinden";"21.270,05";"23.788,90";"24.893,19";"29.148,37"
"09676169";"Wörth a.Main, St";"Gemeinden";"20.372,97";"22.604,69";"24.033,71";"27.408,35"
"09676452";"Forstwald";"Gemeinden";;;;
"09676455";"Hohe Wart";"Gemeinden";;;;
"09677114";"Arnstein, St";"Gemeinden";"19.803,95";"22.614,12";"24.759,97";"28.454,25"
"09677116";"Aura i.Sinngrund";"Gemeinden";"19.024,72";"21.297,30";"23.293,15";"27.008,24"
"09677119";"Birkenfeld";"Gemeinden";"21.341,86";"23.987,93";"26.245,53";"30.258,14"
"09677120";"Bischbrunn";"Gemeinden";"19.624,88";"21.876,81";"24.181,63";"27.941,48"
"09677122";"Burgsinn, M";"Gemeinden";"19.440,67";"22.000,94";"24.207,03";"27.957,36"
"09677125";"Erlenbach b.Marktheidenfeld";"Gemeinden";"21.412,96";"23.400,32";"25.856,02";"29.789,50"
"09677126";"Esselbach";"Gemeinden";"19.822,88";"22.507,96";"24.627,29";"28.604,34"
"09677127";"Eußenheim";"Gemeinden";"20.676,55";"23.287,60";"25.230,27";"28.784,17"
"09677128";"Fellen";"Gemeinden";"20.818,31";"23.134,67";"25.567,65";"29.777,66"
"09677129";"Frammersbach, M";"Gemeinden";"21.996,26";"24.598,44";"26.607,36";"30.446,18"
"09677131";"Gemünden a.Main, St";"Gemeinden";"20.547,91";"22.889,60";"24.977,65";"28.689,68"
"09677132";"Gössenheim";"Gemeinden";"20.558,43";"22.862,52";"25.001,02";"29.356,16"
"09677133";"Gräfendorf";"Gemeinden";"18.973,32";"21.221,36";"23.454,61";"27.137,21"
"09677135";"Hafenlohr";"Gemeinden";"22.202,91";"25.071,92";"27.344,85";"31.699,72"
"09677137";"Hasloch";"Gemeinden";"20.601,26";"22.599,09";"24.608,81";"28.277,30"
"09677142";"Himmelstadt";"Gemeinden";"19.244,30";"21.837,63";"23.940,64";"27.521,82"
"09677146";"Karbach, M";"Gemeinden";"19.905,39";"22.201,47";"24.240,21";"28.221,96"
"09677148";"Karlstadt, St";"Gemeinden";"21.816,73";"24.632,02";"26.835,60";"31.078,49"
"09677149";"Karsbach";"Gemeinden";"18.285,83";"20.988,65";"23.595,84";"27.568,95"
"09677151";"Kreuzwertheim, M";"Gemeinden";"23.099,32";"25.305,09";"27.080,06";"31.094,41"
"09677154";"Triefenstein, M";"Gemeinden";"20.317,71";"23.042,13";"24.869,45";"28.947,33"
"09677155";"Lohr a.Main, St";"Gemeinden";"23.338,05";"25.451,40";"27.808,01";"31.886,75"
"09677157";"Marktheidenfeld, St";"Gemeinden";"22.316,60";"24.845,67";"26.243,38";"30.086,97"
"09677159";"Mittelsinn";"Gemeinden";"19.899,91";"22.236,55";"24.451,26";"28.497,78"
"09677164";"Neuendorf";"Gemeinden";"21.985,39";"24.014,36";"25.534,52";"29.352,25"
"09677165";"Neuhütten";"Gemeinden";"20.154,13";"22.409,24";"24.385,63";"28.198,96"
"09677166";"Neustadt a.Main";"Gemeinden";"21.116,02";"23.146,93";"25.258,49";"28.868,96"
"09677169";"Obersinn, M";"Gemeinden";"18.101,35";"20.531,25";"22.714,48";"27.060,37"
"09677170";"Partenstein";"Gemeinden";"21.579,99";"24.067,07";"25.986,08";"29.902,84"
"09677172";"Rechtenbach";"Gemeinden";"20.433,46";"23.079,91";"25.250,21";"28.845,02"
"09677175";"Retzstadt";"Gemeinden";"19.570,94";"22.074,13";"24.098,08";"27.813,81"
"09677177";"Rieneck, St";"Gemeinden";"20.369,99";"22.696,13";"24.773,68";"28.351,02"
"09677178";"Roden";"Gemeinden";"20.366,01";"22.971,50";"24.976,65";"29.227,88"
"09677181";"Rothenfels, St";"Gemeinden";"18.989,23";"21.374,46";"23.821,03";"27.405,18"
"09677182";"Schollbrunn";"Gemeinden";"20.722,55";"23.360,12";"25.609,62";"29.192,59"
"09677186";"Steinfeld";"Gemeinden";"21.423,94";"23.935,15";"26.855,98";"30.605,71"
"09677189";"Thüngen, M";"Gemeinden";"20.952,61";"23.452,27";"24.724,26";"28.900,63"
"09677193";"Urspringen";"Gemeinden";"21.024,11";"23.420,70";"24.928,22";"28.779,80"
"09677200";"Wiesthal";"Gemeinden";"21.014,34";"23.466,57";"25.811,10";"29.601,95"
"09677203";"Zellingen, M";"Gemeinden";"21.162,95";"23.788,29";"26.378,83";"30.352,81"
"09677452";"Burgjoß";"Gemeinden";;;;
"09677453";"Forst Aura";"Gemeinden";;;;
"09677454";"Forst Lohrerstraße";"Gemeinden";;;;
"09677455";"Frammersbacher Forst";"Gemeinden";;;;
"09677456";"Fürstl. Löwenstein'scher Park";"Gemeinden";;;;
"09677457";"Haurain";"Gemeinden";;;;
"09677458";"Herrnwald";"Gemeinden";;;;
"09677459";"Langenprozeltener Forst";"Gemeinden";;;;
"09677461";"Partensteiner Forst";"Gemeinden";;;;
"09677463";"Ruppertshüttener Forst";"Gemeinden";;;;
"09678115";"Bergrheinfeld";"Gemeinden";"21.602,32";"24.307,98";"25.785,82";"30.109,43"
"09678122";"Dingolshausen";"Gemeinden";"21.648,97";"24.264,20";"25.902,09";"30.765,84"
"09678123";"Dittelbrunn";"Gemeinden";"23.164,55";"25.893,90";"27.166,14";"31.729,97"
"09678124";"Donnersdorf";"Gemeinden";"19.947,89";"22.559,74";"24.411,94";"28.280,85"
"09678128";"Euerbach";"Gemeinden";"20.719,56";"23.043,84";"25.042,36";"28.912,06"
"09678130";"Frankenwinheim";"Gemeinden";"20.208,99";"23.211,58";"25.323,03";"29.730,26"
"09678132";"Geldersheim";"Gemeinden";"20.894,64";"22.548,04";"24.368,37";"28.717,07"
"09678134";"Gerolzhofen, St";"Gemeinden";"20.879,68";"23.201,22";"25.191,76";"29.505,00"
"09678135";"Gochsheim";"Gemeinden";"20.858,77";"23.025,45";"24.234,40";"28.385,42"
"09678136";"Grafenrheinfeld";"Gemeinden";"21.528,71";"23.398,02";"25.071,63";"29.515,51"
"09678138";"Grettstadt";"Gemeinden";"20.035,55";"22.239,15";"24.532,12";"28.851,38"
"09678150";"Kolitzheim";"Gemeinden";"20.847,07";"23.233,02";"25.140,95";"29.528,79"
"09678153";"Lülsfeld";"Gemeinden";"19.825,98";"22.351,37";"23.914,18";"27.314,86"
"09678157";"Michelau i.Steigerwald";"Gemeinden";"18.539,47";"21.063,56";"22.967,66";"27.412,17"
"09678160";"Niederwerrn";"Gemeinden";"20.978,39";"22.682,57";"24.592,37";"28.440,23"
"09678164";"Oberschwarzach, M";"Gemeinden";"19.572,68";"21.815,66";"24.227,57";"28.127,02"
"09678168";"Poppenhausen";"Gemeinden";"21.178,89";"23.169,71";"24.962,54";"29.613,52"
"09678170";"Röthlein";"Gemeinden";"20.397,30";"22.828,97";"24.590,78";"29.021,50"
"09678174";"Schonungen";"Gemeinden";"20.946,38";"23.540,05";"25.416,81";"29.946,06"
"09678175";"Schwanfeld";"Gemeinden";"20.708,76";"23.041,40";"24.957,16";"29.698,32"
"09678176";"Schwebheim";"Gemeinden";"23.307,77";"25.731,08";"27.559,31";"31.935,02"
"09678178";"Sennfeld";"Gemeinden";"20.853,49";"22.560,38";"24.157,49";"28.068,44"
"09678181";"Stadtlauringen, M";"Gemeinden";"19.353,86";"21.585,48";"23.802,57";"28.138,22"
"09678183";"Sulzheim";"Gemeinden";"19.750,30";"22.304,50";"24.007,23";"28.626,35"
"09678186";"Üchtelhausen";"Gemeinden";"20.674,39";"23.179,09";"25.376,84";"29.741,65"
"09678190";"Waigolshausen";"Gemeinden";"20.703,47";"22.955,19";"24.791,20";"29.309,14"
"09678192";"Wasserlosen";"Gemeinden";"19.576,29";"22.146,49";"24.424,63";"28.787,80"
"09678193";"Werneck, M";"Gemeinden";"21.184,81";"23.683,57";"25.795,24";"30.556,52"
"09678196";"Wipfeld";"Gemeinden";"19.515,04";"21.947,52";"24.133,89";"28.570,01"
"09678451";"Bürgerwald";"Gemeinden";;;;
"09678452";"Geiersberg";"Gemeinden";;;;
"09678453";"Hundelshausen";"Gemeinden";;;;
"09678454";"Nonnenkloster";"Gemeinden";;;;
"09678455";"Stollbergerforst";"Gemeinden";;;;
"09678456";"Vollburg";"Gemeinden";;;;
"09678457";"Wustvieler Forst";"Gemeinden";;;;
"09679114";"Aub, St";"Gemeinden";"20.913,45";"23.663,07";"24.597,12";"28.319,53"
"09679117";"Bergtheim";"Gemeinden";"20.699,30";"22.641,52";"24.725,97";"28.532,32"
"09679118";"Bieberehren";"Gemeinden";"17.886,60";"19.973,13";"22.117,23";"25.327,55"
"09679122";"Bütthard, M";"Gemeinden";"20.485,65";"23.576,24";"26.271,86";"30.312,25"
"09679124";"Eibelstadt, St";"Gemeinden";"24.615,50";"27.700,17";"30.223,54";"35.656,92"
"09679126";"Eisingen";"Gemeinden";"21.104,72";"23.847,25";"25.832,98";"29.906,72"
"09679128";"Erlabrunn";"Gemeinden";"21.650,60";"24.803,84";"27.192,77";"31.609,86"
"09679130";"Estenfeld";"Gemeinden";"23.344,55";"25.573,39";"27.657,68";"31.665,27"
"09679131";"Frickenhausen a.Main, M";"Gemeinden";"22.225,94";"24.593,15";"26.867,75";"30.702,57"
"09679134";"Gaukönigshofen";"Gemeinden";"21.335,55";"23.854,05";"26.180,14";"30.735,27"
"09679135";"Gelchsheim, M";"Gemeinden";"18.436,94";"21.013,68";"23.572,27";"27.525,14"
"09679136";"Gerbrunn";"Gemeinden";"22.365,00";"24.297,06";"25.792,87";"29.676,22"
"09679137";"Geroldshausen";"Gemeinden";"18.571,37";"21.347,03";"23.358,49";"27.210,19"
"09679138";"Giebelstadt, M";"Gemeinden";"20.939,61";"23.001,23";"24.913,95";"28.665,43"
"09679141";"Greußenheim";"Gemeinden";"19.123,00";"21.208,47";"23.927,47";"27.269,54"
"09679142";"Güntersleben";"Gemeinden";"20.490,70";"23.068,72";"25.294,36";"28.880,09"
"09679143";"Hausen b.Würzburg";"Gemeinden";"19.959,46";"22.687,33";"24.536,47";"28.672,02"
"09679144";"Helmstadt, M";"Gemeinden";"21.210,22";"23.495,88";"25.726,07";"29.618,29"
"09679146";"Hettstadt";"Gemeinden";"20.645,88";"23.263,18";"25.067,96";"29.115,31"
"09679147";"Höchberg, M";"Gemeinden";"25.197,73";"28.747,54";"30.106,83";"34.677,99"
"09679149";"Holzkirchen";"Gemeinden";"21.169,28";"23.749,08";"25.624,14";"29.478,82"
"09679153";"Kirchheim";"Gemeinden";"21.781,30";"24.664,60";"27.110,45";"31.250,89"
"09679154";"Kist";"Gemeinden";"22.681,89";"24.495,25";"26.280,51";"30.304,39"
"09679155";"Kleinrinderfeld";"Gemeinden";"19.097,70";"21.994,69";"24.516,13";"27.942,41"
"09679156";"Kürnach";"Gemeinden";"22.936,20";"26.369,30";"28.647,62";"32.672,11"
"09679161";"Margetshöchheim";"Gemeinden";"25.193,99";"28.405,18";"30.195,60";"35.659,01"
"09679164";"Neubrunn, M";"Gemeinden";"20.864,83";"23.780,98";"24.812,26";"28.425,23"
"09679165";"Altertheim";"Gemeinden";"17.331,18";"19.890,27";"22.153,80";"25.543,28"
"09679167";"Eisenheim, M";"Gemeinden";"17.655,19";"19.919,81";"22.283,57";"25.565,66"
"09679169";"Oberpleichfeld";"Gemeinden";"20.178,71";"22.675,26";"24.765,55";"28.227,97"
"09679170";"Ochsenfurt, St";"Gemeinden";"23.345,93";"25.183,35";"26.301,13";"30.294,00"
"09679174";"Prosselsheim";"Gemeinden";"18.526,69";"21.536,23";"23.258,25";"27.045,59"
"09679175";"Randersacker, M";"Gemeinden";"22.814,19";"25.347,61";"27.107,32";"31.598,60"
"09679176";"Reichenberg, M";"Gemeinden";"22.152,74";"24.951,25";"26.602,31";"30.528,23"
"09679177";"Remlingen, M";"Gemeinden";"20.318,98";"23.268,82";"25.290,81";"28.877,69"
"09679179";"Riedenheim";"Gemeinden";"19.374,72";"21.935,73";"23.642,52";"27.618,52"
"09679180";"Rimpar, M";"Gemeinden";"21.577,73";"24.151,78";"26.193,58";"29.836,66"
"09679182";"Röttingen, St";"Gemeinden";"22.317,74";"23.940,04";"25.968,69";"30.290,82"
"09679185";"Rottendorf";"Gemeinden";"22.318,29";"25.013,82";"27.150,25";"31.391,01"
"09679187";"Sommerhausen, M";"Gemeinden";"24.173,29";"27.114,68";"29.625,45";"34.282,99"
"09679188";"Sonderhofen";"Gemeinden";"16.865,29";"19.323,55";"21.348,96";"25.080,95"
"09679192";"Tauberrettersheim";"Gemeinden";"21.832,29";"23.103,41";"24.587,55";"28.549,02"
"09679193";"Theilheim";"Gemeinden";"20.878,43";"23.406,34";"25.960,89";"30.139,57"
"09679194";"Thüngersheim";"Gemeinden";"21.358,34";"24.280,26";"26.659,59";"31.176,94"
"09679196";"Uettingen";"Gemeinden";"19.051,28";"21.877,65";"23.315,23";"26.868,84"
"09679200";"Leinach";"Gemeinden";"18.843,31";"21.584,72";"23.844,89";"27.886,37"
"09679201";"Unterpleichfeld";"Gemeinden";"20.931,39";"23.745,60";"26.038,18";"29.873,54"
"09679202";"Veitshöchheim";"Gemeinden";"22.655,64";"25.203,79";"27.305,28";"31.465,63"
"09679204";"Waldbrunn";"Gemeinden";"21.770,46";"25.165,46";"27.748,88";"32.087,91"
"09679205";"Waldbüttelbrunn";"Gemeinden";"21.651,11";"24.354,98";"26.146,60";"30.426,30"
"09679206";"Winterhausen, M";"Gemeinden";"21.197,55";"23.866,60";"25.817,24";"29.621,46"
"09679209";"Zell a.Main, M";"Gemeinden";"22.015,96";"24.248,84";"25.595,22";"29.399,54"
"09679451";"Gramschatzer Wald";"Gemeinden";;;;
"09679452";"Guttenberger Wald";"Gemeinden";;;;
"09679453";"Irtenberger Wald";"Gemeinden";;;;
"09761000";"Augsburg";"Gemeinden";"21.866,59";"23.673,04";"25.024,01";"29.003,70"
"09762000";"Kaufbeuren";"Gemeinden";"21.549,58";"23.881,13";"25.754,60";"30.221,71"
"09763000";"Kempten (Allgäu)";"Gemeinden";"22.181,52";"24.053,42";"25.351,72";"29.515,23"
"09764000";"Memmingen";"Gemeinden";"22.282,73";"24.995,33";"26.937,47";"31.191,12"
"09771111";"Adelzhausen";"Gemeinden";"23.651,10";"26.782,63";"29.300,40";"34.035,30"
"09771112";"Affing";"Gemeinden";"23.406,45";"25.280,35";"26.639,78";"31.475,01"
"09771113";"Aichach, St";"Gemeinden";"22.251,67";"24.524,51";"26.166,35";"30.676,59"
"09771114";"Aindling, M";"Gemeinden";"21.997,99";"24.725,61";"27.097,36";"32.204,11"
"09771122";"Dasing";"Gemeinden";"24.682,07";"26.758,79";"28.965,59";"33.973,58"
"09771129";"Eurasburg";"Gemeinden";"24.177,53";"26.607,37";"28.976,26";"34.110,05"
"09771130";"Friedberg, St";"Gemeinden";"26.216,55";"28.365,67";"29.592,01";"34.747,70"
"09771140";"Hollenbach";"Gemeinden";"21.391,47";"23.599,22";"25.623,39";"30.324,31"
"09771141";"Inchenhofen, M";"Gemeinden";"20.129,49";"22.712,49";"24.836,65";"28.969,26"
"09771142";"Kissing";"Gemeinden";"24.291,56";"26.600,58";"27.653,96";"32.465,94"
"09771144";"Kühbach, M";"Gemeinden";"21.748,48";"24.414,88";"26.254,02";"30.689,05"
"09771145";"Merching";"Gemeinden";"21.835,06";"24.788,25";"26.135,08";"30.336,74"
"09771146";"Mering, M";"Gemeinden";"24.701,16";"26.707,23";"27.930,37";"32.754,17"
"09771149";"Obergriesbach";"Gemeinden";"24.360,43";"27.543,26";"29.507,49";"34.550,93"
"09771155";"Petersdorf";"Gemeinden";"20.258,42";"22.944,21";"25.479,10";"29.865,82"
"09771156";"Pöttmes, M";"Gemeinden";"20.883,19";"22.797,10";"24.755,90";"28.964,64"
"09771158";"Rehling";"Gemeinden";"22.665,08";"25.173,10";"27.018,76";"31.701,65"
"09771160";"Ried";"Gemeinden";"23.929,99";"26.053,54";"28.602,08";"34.013,27"
"09771162";"Schiltberg";"Gemeinden";"21.692,54";"23.866,61";"25.741,38";"30.246,01"
"09771163";"Schmiechen";"Gemeinden";"22.558,29";"25.468,34";"27.395,41";"32.366,96"
"09771165";"Sielenbach";"Gemeinden";"22.399,12";"24.209,71";"25.968,23";"30.502,73"
"09771168";"Steindorf";"Gemeinden";"23.756,95";"25.894,69";"27.629,06";"32.380,32"
"09771169";"Todtenweis";"Gemeinden";"21.404,86";"22.845,27";"23.767,91";"27.983,29"
"09771176";"Baar (Schwaben)";"Gemeinden";"20.708,49";"22.558,43";"24.766,89";"29.526,09"
"09772111";"Adelsried";"Gemeinden";"23.489,56";"26.388,54";"28.898,99";"34.698,87"
"09772114";"Allmannshofen";"Gemeinden";"18.732,79";"21.467,57";"24.066,07";"28.069,99"
"09772115";"Altenmünster";"Gemeinden";"21.348,05";"23.806,78";"25.495,04";"29.793,01"
"09772117";"Aystetten";"Gemeinden";"38.938,21";"41.007,95";"42.127,35";"49.315,68"
"09772121";"Biberbach, M";"Gemeinden";"22.667,57";"24.684,38";"26.929,04";"31.345,59"
"09772125";"Bobingen, St";"Gemeinden";"22.134,09";"24.023,74";"26.164,26";"30.465,21"
"09772126";"Bonstetten";"Gemeinden";"30.184,68";"32.532,20";"35.311,02";"42.069,27"
"09772130";"Diedorf, M";"Gemeinden";"25.035,22";"27.244,48";"28.800,88";"33.570,28"
"09772131";"Dinkelscherben, M";"Gemeinden";"21.656,75";"24.247,61";"26.410,19";"31.057,34"
"09772134";"Ehingen";"Gemeinden";"21.433,35";"23.494,05";"26.109,98";"30.658,72"
"09772136";"Ellgau";"Gemeinden";"21.944,45";"24.666,38";"26.195,37";"30.310,74"
"09772137";"Emersacker";"Gemeinden";"21.232,15";"23.855,23";"25.396,67";"30.332,94"
"09772141";"Fischach, M";"Gemeinden";"21.746,70";"23.931,90";"26.184,42";"30.537,65"
"09772145";"Gablingen";"Gemeinden";"22.098,31";"24.846,29";"26.775,68";"31.525,88"
"09772147";"Gersthofen, St";"Gemeinden";"23.233,99";"25.026,01";"26.159,38";"30.485,33"
"09772148";"Gessertshausen";"Gemeinden";"22.828,49";"26.058,11";"28.760,42";"33.696,33"
"09772149";"Graben";"Gemeinden";"23.404,38";"25.306,59";"27.526,28";"32.348,61"
"09772151";"Großaitingen";"Gemeinden";"22.283,24";"24.384,94";"26.920,12";"31.581,17"
"09772156";"Heretsried";"Gemeinden";"20.040,18";"22.573,92";"24.754,55";"28.769,40"
"09772157";"Hiltenfingen";"Gemeinden";"20.291,55";"22.861,50";"25.187,36";"29.471,21"
"09772159";"Horgau";"Gemeinden";"22.691,85";"25.432,23";"27.834,00";"32.569,12"
"09772160";"Kleinaitingen";"Gemeinden";"18.980,79";"21.791,18";"24.507,10";"28.128,14"
"09772162";"Klosterlechfeld";"Gemeinden";"23.423,44";"25.226,33";"26.560,63";"30.799,43"
"09772163";"Königsbrunn, St";"Gemeinden";"22.855,14";"24.864,56";"26.081,22";"30.497,95"
"09772166";"Kühlenthal";"Gemeinden";"23.136,87";"25.754,60";"27.551,09";"32.392,47"
"09772167";"Kutzenhausen";"Gemeinden";"24.606,09";"27.329,96";"28.640,55";"34.204,53"
"09772168";"Langenneufnach";"Gemeinden";"22.936,10";"24.568,32";"25.598,94";"29.891,83"
"09772170";"Langerringen";"Gemeinden";"20.642,67";"23.375,28";"25.743,47";"30.644,61"
"09772171";"Langweid a.Lech";"Gemeinden";"20.694,33";"22.504,56";"24.498,85";"28.653,75"
"09772177";"Meitingen, M";"Gemeinden";"22.558,04";"24.593,04";"26.473,79";"30.687,87"
"09772178";"Mickhausen";"Gemeinden";"19.919,68";"22.627,58";"24.001,55";"27.822,51"
"09772179";"Mittelneufnach";"Gemeinden";"21.264,40";"23.484,59";"25.480,09";"29.926,88"
"09772184";"Neusäß, St";"Gemeinden";"28.931,61";"30.899,98";"31.992,07";"37.212,03"
"09772185";"Nordendorf";"Gemeinden";"22.657,05";"24.449,28";"26.420,77";"30.865,46"
"09772186";"Oberottmarshausen";"Gemeinden";"23.103,22";"25.455,32";"27.486,58";"32.429,59"
"09772197";"Scherstetten";"Gemeinden";"20.154,98";"22.433,59";"25.264,57";"29.675,27"
"09772200";"Schwabmünchen, St";"Gemeinden";"22.155,82";"24.155,38";"25.884,53";"30.445,01"
"09772202";"Stadtbergen, St";"Gemeinden";"26.522,12";"28.649,93";"29.935,87";"34.807,67"
"09772207";"Thierhaupten, M";"Gemeinden";"22.899,38";"25.690,95";"27.729,40";"32.006,48"
"09772209";"Untermeitingen";"Gemeinden";"22.841,42";"25.174,35";"27.153,69";"31.866,88"
"09772211";"Ustersbach";"Gemeinden";"21.838,89";"23.444,37";"25.704,73";"30.017,11"
"09772214";"Walkertshofen";"Gemeinden";"20.187,64";"21.624,47";"24.048,09";"28.055,41"
"09772215";"Wehringen";"Gemeinden";"21.845,01";"24.845,33";"26.334,99";"30.969,02"
"09772216";"Welden, M";"Gemeinden";"22.434,48";"24.733,73";"26.789,73";"30.946,75"
"09772217";"Westendorf";"Gemeinden";"22.090,84";"24.677,08";"27.208,15";"31.581,08"
"09772223";"Zusmarshausen, M";"Gemeinden";"23.613,45";"25.702,21";"28.128,67";"32.882,16"
"09772451";"Schmellerforst";"Gemeinden";;;;
"09773111";"Aislingen, M";"Gemeinden";"20.292,42";"22.581,86";"24.223,80";"27.802,09"
"09773112";"Bachhagel";"Gemeinden";"20.583,98";"23.578,32";"25.452,40";"29.808,71"
"09773113";"Bächingen a.d.Brenz";"Gemeinden";"21.511,76";"24.687,14";"26.555,32";"30.927,25"
"09773116";"Binswangen";"Gemeinden";"21.830,00";"24.540,16";"27.084,23";"30.839,79"
"09773117";"Bissingen, M";"Gemeinden";"21.905,73";"24.083,13";"25.942,64";"30.214,79"
"09773119";"Blindheim";"Gemeinden";"21.916,66";"24.337,46";"26.753,21";"30.882,67"
"09773122";"Buttenwiesen";"Gemeinden";"23.663,46";"25.460,60";"26.442,82";"31.021,01"
"09773125";"Dillingen a.d.Donau, GKSt";"Gemeinden";"21.548,58";"24.005,65";"25.129,58";"28.917,87"
"09773133";"Glött";"Gemeinden";"21.103,87";"24.191,65";"26.696,62";"30.863,40"
"09773136";"Gundelfingen a.d.Donau, St";"Gemeinden";"21.296,53";"23.924,48";"25.769,51";"29.460,34"
"09773137";"Haunsheim";"Gemeinden";"20.641,64";"23.157,80";"25.569,16";"30.012,31"
"09773139";"Höchstädt a.d.Donau, St";"Gemeinden";"20.413,10";"23.255,36";"25.252,16";"29.219,21"
"09773140";"Holzheim";"Gemeinden";"21.144,39";"23.596,65";"25.229,72";"29.917,35"
"09773143";"Laugna";"Gemeinden";"22.026,31";"24.350,81";"26.922,57";"31.119,64"
"09773144";"Lauingen (Donau), St";"Gemeinden";"20.947,15";"23.415,68";"24.852,33";"28.674,91"
"09773146";"Lutzingen";"Gemeinden";"20.615,94";"23.168,65";"25.682,64";"29.883,62"
"09773147";"Mödingen";"Gemeinden";"20.440,21";"23.014,91";"24.656,92";"28.548,05"
"09773150";"Finningen";"Gemeinden";"21.150,07";"24.028,14";"26.387,38";"31.148,42"
"09773153";"Medlingen";"Gemeinden";"22.993,23";"26.232,27";"27.406,34";"31.372,13"
"09773164";"Schwenningen";"Gemeinden";"20.846,86";"23.214,99";"26.090,01";"30.736,06"
"09773170";"Syrgenstein";"Gemeinden";"22.434,64";"24.902,86";"26.162,72";"30.312,94"
"09773179";"Villenbach";"Gemeinden";"19.947,64";"22.319,03";"24.383,06";"28.471,75"
"09773182";"Wertingen, St";"Gemeinden";"22.941,65";"25.142,34";"27.067,63";"31.346,93"
"09773183";"Wittislingen, M";"Gemeinden";"21.772,17";"23.715,56";"25.676,85";"29.969,21"
"09773186";"Ziertheim";"Gemeinden";"20.849,31";"23.493,68";"25.302,56";"29.816,55"
"09773187";"Zöschingen";"Gemeinden";"21.187,14";"24.505,15";"27.315,68";"31.761,19"
"09773188";"Zusamaltheim";"Gemeinden";"19.963,47";"22.572,77";"24.884,17";"28.512,47"
"09774111";"Aletshausen";"Gemeinden";"20.204,47";"22.934,55";"24.659,32";"28.339,21"
"09774115";"Balzhausen";"Gemeinden";"20.172,25";"23.169,66";"25.728,30";"29.762,77"
"09774116";"Ursberg";"Gemeinden";"15.755,80";"18.533,86";"20.381,02";"23.528,83"
"09774117";"Breitenthal";"Gemeinden";"19.668,98";"21.845,66";"24.434,22";"28.075,88"
"09774118";"Bubesheim";"Gemeinden";"22.070,98";"25.023,24";"26.627,99";"31.194,75"
"09774119";"Bibertal";"Gemeinden";"21.425,85";"24.208,94";"26.251,21";"30.149,98"
"09774121";"Burgau, St";"Gemeinden";"23.795,84";"26.964,90";"29.013,97";"33.607,48"
"09774122";"Burtenbach, M";"Gemeinden";"20.630,75";"23.064,64";"24.728,16";"28.424,76"
"09774124";"Deisenhausen";"Gemeinden";"21.248,07";"23.821,30";"24.719,23";"28.297,93"
"09774127";"Dürrlauingen";"Gemeinden";"19.262,84";"22.034,86";"24.216,65";"28.373,04"
"09774129";"Ebershausen";"Gemeinden";"19.095,98";"21.447,95";"23.386,62";"26.865,23"
"09774133";"Ellzee";"Gemeinden";"20.127,33";"22.444,85";"24.384,69";"28.290,41"
"09774135";"Günzburg, GKSt";"Gemeinden";"21.985,23";"24.648,88";"25.867,75";"29.705,91"
"09774136";"Gundremmingen";"Gemeinden";"21.378,60";"23.432,05";"26.211,58";"30.112,50"
"09774140";"Haldenwang";"Gemeinden";"22.800,35";"26.183,93";"28.516,66";"33.709,70"
"09774143";"Ichenhausen, St";"Gemeinden";"20.806,52";"23.143,67";"24.491,84";"28.167,12"
"09774144";"Jettingen-Scheppach, M";"Gemeinden";"21.291,12";"23.647,74";"25.045,15";"29.140,82"
"09774145";"Kammeltal";"Gemeinden";"21.807,72";"24.563,84";"25.849,35";"29.801,40"
"09774148";"Kötz";"Gemeinden";"22.011,56";"25.019,63";"26.499,85";"30.855,47"
"09774150";"Krumbach (Schwaben), St";"Gemeinden";"21.875,16";"24.800,78";"26.122,00";"29.982,00"
"09774151";"Landensberg";"Gemeinden";"21.907,78";"23.900,14";"25.592,27";"29.176,43"
"09774155";"Leipheim, St";"Gemeinden";"20.444,99";"22.537,39";"23.690,92";"27.124,34"
"09774160";"Münsterhausen, M";"Gemeinden";"20.119,10";"22.507,94";"24.509,54";"28.144,55"
"09774162";"Neuburg a.d.Kammel, M";"Gemeinden";"20.312,17";"23.026,08";"25.276,44";"29.100,55"
"09774166";"Aichen";"Gemeinden";"19.686,88";"22.389,69";"25.076,95";"29.426,87"
"09774171";"Offingen, M";"Gemeinden";"21.091,63";"23.621,60";"24.999,56";"29.310,27"
"09774174";"Rettenbach";"Gemeinden";"22.162,25";"24.719,68";"26.727,21";"30.581,00"
"09774178";"Röfingen";"Gemeinden";"20.957,87";"23.960,07";"26.032,40";"30.255,70"
"09774185";"Thannhausen, St";"Gemeinden";"20.261,60";"23.000,57";"24.680,04";"28.477,89"
"09774189";"Wiesenbach";"Gemeinden";"20.345,36";"22.983,61";"25.091,51";"29.122,22"
"09774191";"Waldstetten, M";"Gemeinden";"20.182,68";"23.060,77";"25.306,09";"29.389,02"
"09774192";"Waltenhausen";"Gemeinden";"17.451,55";"19.635,10";"21.700,62";"24.952,08"
"09774196";"Winterbach";"Gemeinden";"18.650,12";"21.282,13";"23.520,14";"27.652,90"
"09774198";"Ziemetshausen, M";"Gemeinden";"20.496,99";"23.117,81";"24.731,03";"29.064,49"
"09774451";"Ebershauser-Nattenhauser Wald";"Gemeinden";;;;
"09774452";"Winzerwald";"Gemeinden";;;;
"09775111";"Altenstadt, M";"Gemeinden";"20.953,03";"23.264,58";"25.229,84";"29.345,13"
"09775115";"Bellenberg";"Gemeinden";"21.821,48";"24.273,18";"26.310,97";"30.673,27"
"09775118";"Buch, M";"Gemeinden";"20.823,96";"23.768,13";"25.876,21";"30.244,08"
"09775126";"Holzheim";"Gemeinden";"22.250,34";"24.241,43";"26.757,25";"30.667,59"
"09775129";"Illertissen, St";"Gemeinden";"22.261,00";"24.746,30";"26.612,69";"30.809,92"
"09775132";"Kellmünz a.d.Iller, M";"Gemeinden";"19.877,74";"22.297,89";"24.041,88";"28.349,66"
"09775134";"Nersingen";"Gemeinden";"21.989,37";"23.771,44";"25.602,37";"29.267,05"
"09775135";"Neu-Ulm, GKSt";"Gemeinden";"22.696,47";"24.702,28";"26.063,78";"30.208,62"
"09775139";"Elchingen";"Gemeinden";"24.784,42";"27.655,68";"29.414,42";"34.097,90"
"09775141";"Oberroth";"Gemeinden";"20.881,40";"23.754,27";"25.621,69";"30.067,24"
"09775142";"Osterberg";"Gemeinden";"21.207,52";"24.038,82";"25.792,77";"30.252,98"
"09775143";"Pfaffenhofen a.d.Roth, M";"Gemeinden";"22.086,10";"24.868,58";"26.620,66";"30.840,68"
"09775149";"Roggenburg";"Gemeinden";"21.526,23";"24.282,32";"26.236,07";"30.065,85"
"09775152";"Senden, St";"Gemeinden";"22.339,26";"24.341,07";"25.624,33";"29.779,17"
"09775161";"Unterroth";"Gemeinden";"21.560,51";"23.537,73";"25.433,51";"29.433,13"
"09775162";"Vöhringen, St";"Gemeinden";"21.179,90";"23.058,58";"25.012,80";"28.825,28"
"09775164";"Weißenhorn, St";"Gemeinden";"22.604,35";"25.174,64";"27.029,72";"31.431,01"
"09775451";"Auwald";"Gemeinden";;;;
"09775452";"Oberroggenburger Wald";"Gemeinden";;;;
"09775454";"Stoffenrieder Forst";"Gemeinden";;;;
"09775455";"Unterroggenburger Wald";"Gemeinden";;;;
"09776111";"Bodolz";"Gemeinden";"25.655,65";"28.128,89";"29.981,28";"35.163,26"
"09776112";"Gestratz";"Gemeinden";"20.282,39";"22.825,32";"25.553,34";"29.903,75"
"09776113";"Grünenbach";"Gemeinden";"19.481,80";"22.228,73";"24.870,82";"29.017,40"
"09776114";"Heimenkirch, M";"Gemeinden";"20.673,77";"22.809,93";"24.366,33";"28.710,16"
"09776115";"Hergensweiler";"Gemeinden";"21.151,39";"23.925,40";"26.237,19";"30.619,21"
"09776116";"Lindau (Bodensee), GKSt";"Gemeinden";"22.555,49";"24.860,47";"27.108,36";"31.410,41"
"09776117";"Lindenberg i.Allgäu, St";"Gemeinden";"20.965,50";"23.167,83";"24.319,68";"28.350,84"
"09776118";"Maierhöfen";"Gemeinden";"18.721,34";"21.391,08";"23.541,10";"27.486,84"
"09776120";"Nonnenhorn";"Gemeinden";"28.453,93";"31.011,99";"32.906,72";"38.972,74"
"09776121";"Oberreute";"Gemeinden";"20.376,45";"22.926,73";"25.287,03";"29.642,16"
"09776122";"Opfenbach";"Gemeinden";"19.406,97";"21.785,07";"23.900,94";"27.989,55"
"09776124";"Röthenbach (Allgäu)";"Gemeinden";"22.547,22";"25.849,46";"27.387,61";"32.326,17"
"09776125";"Scheidegg, M";"Gemeinden";"21.171,22";"24.117,29";"26.131,70";"30.076,73"
"09776126";"Sigmarszell";"Gemeinden";"22.375,64";"24.247,85";"26.579,45";"31.289,83"
"09776127";"Stiefenhofen";"Gemeinden";"18.371,02";"21.144,00";"23.514,69";"27.037,79"
"09776128";"Wasserburg (Bodensee)";"Gemeinden";"27.174,61";"29.441,63";"31.058,14";"36.430,34"
"09776129";"Weiler-Simmerberg, M";"Gemeinden";"19.416,75";"22.133,80";"24.044,24";"28.195,98"
"09776130";"Weißensberg";"Gemeinden";"24.066,01";"26.165,28";"28.552,19";"33.111,13"
"09776131";"Hergatz";"Gemeinden";"21.651,76";"24.147,24";"26.317,94";"30.437,65"
"09777111";"Aitrang";"Gemeinden";"21.519,69";"24.284,51";"26.116,38";"30.660,12"
"09777112";"Biessenhofen";"Gemeinden";"22.199,38";"24.597,70";"25.910,19";"30.117,84"
"09777114";"Baisweil";"Gemeinden";"19.785,34";"22.242,44";"24.711,74";"29.062,08"
"09777118";"Bidingen";"Gemeinden";"19.474,56";"21.915,97";"24.773,75";"28.861,87"
"09777121";"Buchloe, St";"Gemeinden";"22.722,57";"25.142,22";"26.548,55";"31.082,70"
"09777124";"Eggenthal";"Gemeinden";"19.905,16";"22.080,24";"24.225,81";"28.518,86"
"09777125";"Eisenberg";"Gemeinden";"18.180,75";"20.643,80";"22.921,97";"27.206,09"
"09777128";"Friesenried";"Gemeinden";"22.686,78";"24.694,65";"25.640,07";"30.608,61"
"09777129";"Füssen, St";"Gemeinden";"22.012,44";"23.898,17";"26.066,71";"30.628,59"
"09777130";"Germaringen";"Gemeinden";"21.611,07";"24.434,03";"26.670,46";"31.129,91"
"09777131";"Görisried";"Gemeinden";"21.150,30";"23.949,76";"26.673,99";"30.966,15"
"09777135";"Hopferau";"Gemeinden";"20.376,57";"22.660,21";"24.606,48";"28.649,00"
"09777138";"Günzach";"Gemeinden";"17.347,65";"19.814,31";"21.895,24";"25.190,49"
"09777139";"Irsee, M";"Gemeinden";"25.943,80";"28.332,07";"31.044,16";"36.378,17"
"09777140";"Jengen";"Gemeinden";"20.544,56";"22.868,78";"25.060,36";"29.353,48"
"09777141";"Kaltental, M";"Gemeinden";"20.691,81";"23.162,32";"25.245,72";"29.621,54"
"09777144";"Kraftisried";"Gemeinden";"19.925,57";"22.250,24";"24.469,96";"28.552,61"
"09777145";"Lamerdingen";"Gemeinden";"22.289,43";"24.735,82";"27.285,11";"32.244,60"
"09777147";"Lechbruck am See";"Gemeinden";"21.522,40";"23.311,56";"25.558,25";"30.027,71"
"09777149";"Lengenwang";"Gemeinden";"20.078,05";"22.812,76";"25.682,68";"29.854,23"
"09777151";"Marktoberdorf, St";"Gemeinden";"21.583,07";"23.998,83";"25.734,84";"29.868,23"
"09777152";"Mauerstetten";"Gemeinden";"23.932,91";"26.980,09";"28.777,01";"33.680,00"
"09777153";"Nesselwang, M";"Gemeinden";"20.942,97";"23.571,86";"25.614,95";"30.156,13"
"09777154";"Obergünzburg, M";"Gemeinden";"21.372,97";"23.918,62";"25.986,59";"30.154,14"
"09777155";"Oberostendorf";"Gemeinden";"21.241,69";"23.835,25";"26.150,74";"31.074,95"
"09777157";"Osterzell";"Gemeinden";"19.804,52";"22.115,60";"24.748,99";"29.066,36"
"09777158";"Pforzen";"Gemeinden";"21.393,61";"24.124,92";"25.995,41";"30.068,50"
"09777159";"Pfronten";"Gemeinden";"23.291,21";"25.052,01";"27.144,53";"31.517,32"
"09777163";"Rieden am Forggensee";"Gemeinden";"23.552,46";"25.628,33";"26.960,32";"31.602,75"
"09777164";"Rieden";"Gemeinden";"20.437,23";"22.286,31";"24.427,66";"27.905,55"
"09777165";"Ronsberg, M";"Gemeinden";"19.933,57";"22.424,25";"23.720,62";"27.883,04"
"09777166";"Roßhaupten";"Gemeinden";"21.796,52";"24.055,55";"26.150,93";"30.376,94"
"09777167";"Ruderatshofen";"Gemeinden";"22.226,40";"24.329,12";"26.792,89";"30.857,68"
"09777168";"Rückholz";"Gemeinden";"19.548,15";"22.159,77";"24.158,02";"27.876,56"
"09777169";"Schwangau";"Gemeinden";"22.323,13";"25.030,99";"26.742,44";"31.187,62"
"09777170";"Seeg";"Gemeinden";"19.845,76";"22.236,81";"24.564,55";"29.029,19"
"09777171";"Stötten a.Auerberg";"Gemeinden";"19.695,91";"22.451,04";"25.248,52";"29.399,48"
"09777172";"Stöttwang";"Gemeinden";"19.533,63";"22.617,27";"24.552,82";"28.962,90"
"09777173";"Halblech";"Gemeinden";"24.068,46";"25.808,04";"28.464,94";"33.332,89"
"09777175";"Unterthingau, M";"Gemeinden";"21.090,14";"23.432,48";"25.417,97";"29.908,88"
"09777176";"Untrasried";"Gemeinden";"18.942,35";"21.301,10";"23.540,94";"27.622,60"
"09777177";"Waal, M";"Gemeinden";"21.945,16";"24.371,89";"26.883,74";"31.005,69"
"09777179";"Wald";"Gemeinden";"19.777,59";"22.484,40";"24.575,18";"28.732,28"
"09777182";"Westendorf";"Gemeinden";"23.447,93";"25.547,46";"28.072,07";"33.385,01"
"09777183";"Rettenbach a.Auerberg";"Gemeinden";"18.538,13";"21.397,15";"23.704,27";"27.689,72"
"09778111";"Amberg";"Gemeinden";"21.995,33";"23.743,24";"25.978,85";"29.829,51"
"09778113";"Apfeltrach";"Gemeinden";"18.218,06";"20.844,13";"23.329,33";"27.318,24"
"09778115";"Babenhausen, M";"Gemeinden";"23.445,07";"25.016,91";"26.373,91";"30.849,08"
"09778116";"Bad Wörishofen, St";"Gemeinden";"24.100,97";"27.222,12";"28.420,12";"32.920,66"
"09778118";"Benningen";"Gemeinden";"21.786,01";"23.544,20";"25.236,97";"29.301,84"
"09778119";"Böhen";"Gemeinden";"20.833,47";"22.569,29";"23.497,13";"27.126,23"
"09778120";"Boos";"Gemeinden";"22.639,42";"24.886,95";"26.162,49";"30.186,03"
"09778121";"Breitenbrunn";"Gemeinden";"19.723,45";"22.137,27";"24.297,06";"28.224,78"
"09778123";"Buxheim";"Gemeinden";"26.417,16";"29.683,81";"32.620,66";"38.461,44"
"09778127";"Dirlewang, M";"Gemeinden";"20.997,15";"23.744,16";"26.199,09";"30.550,11"
"09778130";"Egg a.d.Günz";"Gemeinden";"21.030,73";"23.727,86";"26.419,82";"30.762,57"
"09778134";"Eppishausen";"Gemeinden";"20.576,59";"23.661,94";"25.917,76";"30.318,87"
"09778136";"Erkheim, M";"Gemeinden";"21.621,77";"23.745,52";"26.112,03";"30.631,36"
"09778137";"Ettringen";"Gemeinden";"19.722,37";"21.852,12";"23.990,57";"27.773,00"
"09778139";"Fellheim";"Gemeinden";"20.439,42";"22.797,93";"25.154,10";"29.041,78"
"09778144";"Bad Grönenbach, M";"Gemeinden";"28.490,27";"30.565,85";"31.588,44";"36.682,54"
"09778149";"Hawangen";"Gemeinden";"22.228,95";"24.192,88";"26.671,08";"30.757,50"
"09778150";"Heimertingen";"Gemeinden";"22.553,81";"25.134,29";"27.931,91";"32.293,22"
"09778151";"Holzgünz";"Gemeinden";"20.899,35";"23.426,76";"24.979,30";"28.651,21"
"09778157";"Kirchhaslach";"Gemeinden";"18.969,44";"21.224,01";"23.482,86";"27.026,06"
"09778158";"Kirchheim i.Schw., M";"Gemeinden";"22.126,67";"23.560,33";"25.693,11";"29.969,86"
"09778161";"Kronburg";"Gemeinden";"21.398,73";"23.209,39";"25.422,06";"29.567,30"
"09778162";"Lachen";"Gemeinden";"20.926,40";"22.799,55";"25.553,75";"29.926,69"
"09778163";"Lauben";"Gemeinden";"18.776,64";"21.505,68";"23.764,79";"27.682,70"
"09778164";"Lautrach";"Gemeinden";"18.541,14";"21.234,31";"23.250,71";"26.514,37"
"09778165";"Legau, M";"Gemeinden";"20.542,32";"22.835,32";"24.166,59";"28.252,46"
"09778168";"Markt Rettenbach, M";"Gemeinden";"21.183,19";"23.622,58";"26.277,98";"30.365,78"
"09778169";"Markt Wald, M";"Gemeinden";"19.252,11";"21.591,68";"23.736,85";"27.361,92"
"09778171";"Memmingerberg";"Gemeinden";"21.603,47";"23.368,61";"25.180,59";"29.537,30"
"09778173";"Mindelheim, St";"Gemeinden";"21.951,33";"23.907,33";"26.056,78";"29.942,02"
"09778177";"Niederrieden";"Gemeinden";"20.978,19";"23.164,96";"25.758,11";"30.683,93"
"09778180";"Kammlach";"Gemeinden";"21.296,29";"23.001,12";"24.811,78";"29.108,14"
"09778183";"Oberrieden";"Gemeinden";"19.214,19";"21.245,36";"23.981,10";"27.682,62"
"09778184";"Oberschönegg";"Gemeinden";"20.937,95";"22.906,13";"24.974,01";"29.304,96"
"09778186";"Ottobeuren, M";"Gemeinden";"24.689,97";"27.155,28";"29.177,88";"34.160,82"
"09778187";"Pfaffenhausen, M";"Gemeinden";"21.283,32";"23.757,32";"25.710,08";"29.894,19"
"09778188";"Pleß";"Gemeinden";"21.031,05";"23.320,85";"24.435,38";"29.052,43"
"09778190";"Salgen";"Gemeinden";"18.426,49";"20.721,56";"23.191,38";"27.116,49"
"09778196";"Sontheim";"Gemeinden";"20.919,43";"22.496,99";"24.789,47";"29.135,39"
"09778199";"Stetten";"Gemeinden";"22.283,15";"24.675,21";"27.258,30";"31.710,93"
"09778202";"Trunkelsberg";"Gemeinden";"22.578,34";"24.767,12";"26.715,01";"30.727,75"
"09778203";"Türkheim, M";"Gemeinden";"22.262,86";"23.935,80";"25.716,14";"29.920,18"
"09778204";"Tussenhausen, M";"Gemeinden";"21.179,54";"23.719,27";"25.678,97";"30.111,10"
"09778205";"Ungerhausen";"Gemeinden";"21.208,03";"24.083,56";"26.140,07";"29.806,76"
"09778207";"Unteregg";"Gemeinden";"19.021,26";"21.710,16";"24.323,93";"27.798,36"
"09778209";"Rammingen";"Gemeinden";"19.944,72";"22.706,38";"24.585,10";"28.434,51"
"09778214";"Westerheim";"Gemeinden";"20.676,98";"23.410,88";"25.676,98";"30.016,97"
"09778216";"Wiedergeltingen";"Gemeinden";"21.729,26";"23.864,80";"25.878,12";"29.649,55"
"09778217";"Winterrieden";"Gemeinden";"19.589,66";"22.048,47";"23.947,99";"28.591,52"
"09778218";"Wolfertschwenden";"Gemeinden";"21.745,17";"24.219,78";"26.232,38";"30.349,35"
"09778219";"Woringen";"Gemeinden";"20.233,12";"22.685,25";"25.262,24";"28.850,04"
"09778221";"Kettershausen";"Gemeinden";"20.731,09";"22.817,22";"24.501,89";"28.616,54"
"09778451";"Ungerhauser Wald";"Gemeinden";;;;
"09779111";"Alerheim";"Gemeinden";"20.804,00";"23.252,50";"25.326,95";"29.437,22"
"09779112";"Amerdingen";"Gemeinden";"20.467,64";"22.544,18";"25.218,72";"29.138,61"
"09779115";"Asbach-Bäumenheim";"Gemeinden";"21.292,34";"23.040,74";"24.598,47";"28.374,44"
"09779117";"Auhausen";"Gemeinden";"19.107,34";"21.675,36";"24.079,90";"28.110,04"
"09779126";"Buchdorf";"Gemeinden";"22.757,58";"24.946,27";"27.042,03";"31.865,01"
"09779129";"Daiting";"Gemeinden";"20.654,40";"23.261,10";"25.074,03";"29.980,77"
"09779130";"Deiningen";"Gemeinden";"19.283,38";"21.427,62";"23.325,63";"27.479,98"
"09779131";"Donauwörth, GKSt";"Gemeinden";"24.304,08";"26.697,78";"28.258,43";"32.644,80"
"09779136";"Ederheim";"Gemeinden";"20.017,22";"22.550,37";"24.950,01";"28.650,63"
"09779138";"Ehingen a.Ries";"Gemeinden";"18.059,47";"20.698,02";"22.795,43";"26.941,25"
"09779146";"Forheim";"Gemeinden";"20.052,04";"22.099,48";"23.991,55";"27.697,41"
"09779147";"Fremdingen";"Gemeinden";"19.994,45";"22.133,11";"24.484,86";"28.428,37"
"09779148";"Fünfstetten";"Gemeinden";"20.563,38";"23.515,95";"25.381,04";"29.910,58"
"09779149";"Genderkingen";"Gemeinden";"22.134,76";"23.762,96";"25.595,16";"29.955,79"
"09779154";"Hainsfarth";"Gemeinden";"20.340,82";"21.826,26";"24.017,08";"27.654,47"
"09779155";"Harburg (Schwaben), St";"Gemeinden";"21.369,53";"23.716,76";"25.620,05";"29.804,22"
"09779162";"Hohenaltheim";"Gemeinden";"20.225,46";"22.848,61";"24.502,36";"27.799,08"
"09779163";"Holzheim";"Gemeinden";"21.237,51";"24.048,16";"26.680,53";"31.167,04"
"09779167";"Huisheim";"Gemeinden";"20.216,21";"22.777,55";"24.898,48";"29.337,59"
"09779169";"Kaisheim, M";"Gemeinden";"20.322,60";"23.144,17";"24.967,20";"29.204,54"
"09779176";"Maihingen";"Gemeinden";"18.216,32";"20.508,65";"23.130,73";"27.011,39"
"09779177";"Marktoffingen";"Gemeinden";"19.486,14";"21.927,85";"23.874,90";"27.867,09"
"09779178";"Marxheim";"Gemeinden";"19.195,96";"21.719,36";"24.017,96";"27.596,19"
"09779180";"Megesheim";"Gemeinden";"18.556,67";"21.168,14";"23.056,95";"26.760,67"
"09779181";"Mertingen";"Gemeinden";"22.574,28";"24.832,86";"26.674,76";"30.395,92"
"09779184";"Mönchsdeggingen";"Gemeinden";"19.786,02";"22.382,04";"24.274,88";"28.351,15"
"09779185";"Möttingen";"Gemeinden";"20.616,73";"23.150,88";"25.176,62";"29.535,56"
"09779186";"Monheim, St";"Gemeinden";"25.839,08";"27.803,17";"28.665,53";"32.851,59"
"09779187";"Münster";"Gemeinden";"21.805,31";"23.575,27";"24.500,14";"28.698,00"
"09779188";"Munningen";"Gemeinden";"19.399,31";"21.768,47";"23.987,00";"27.468,53"
"09779192";"Niederschönenfeld";"Gemeinden";"18.234,92";"20.741,42";"23.151,83";"26.318,97"
"09779194";"Nördlingen, GKSt";"Gemeinden";"22.118,45";"23.930,12";"26.066,09";"30.262,86"
"09779196";"Oberndorf a.Lech";"Gemeinden";"21.558,54";"23.715,19";"25.680,90";"29.650,80"
"09779197";"Oettingen i.Bay., St";"Gemeinden";"21.342,11";"23.966,03";"26.015,13";"30.123,67"
"09779198";"Otting";"Gemeinden";"19.455,15";"20.994,51";"22.619,92";"26.388,58"
"09779201";"Rain, St";"Gemeinden";"23.507,96";"26.767,43";"28.446,22";"33.027,98"
"09779203";"Reimlingen";"Gemeinden";"22.015,89";"23.917,24";"26.216,17";"30.393,73"
"09779206";"Rögling";"Gemeinden";"21.024,22";"23.210,89";"24.717,76";"28.411,01"
"09779217";"Tagmersheim";"Gemeinden";"20.572,08";"23.234,32";"25.199,89";"29.221,47"
"09779218";"Tapfheim";"Gemeinden";"22.833,15";"25.340,88";"27.615,86";"32.214,44"
"09779224";"Wallerstein, M";"Gemeinden";"20.035,46";"22.622,49";"24.575,57";"28.870,18"
"09779226";"Wechingen";"Gemeinden";"20.989,68";"23.190,98";"25.583,39";"29.420,84"
"09779228";"Wemding, St";"Gemeinden";"22.060,64";"23.926,71";"25.265,14";"29.085,55"
"09779231";"Wolferstadt";"Gemeinden";"19.363,33";"22.006,57";"24.329,89";"28.455,27"
"09779452";"Dornstadt-Linkersbaindt";"Gemeinden";;;;
"09779453";"Esterholz";"Gemeinden";;;;
"09780112";"Altusried, M";"Gemeinden";"22.081,20";"24.419,57";"26.516,96";"30.968,40"
"09780113";"Balderschwang";"Gemeinden";"19.283,23";"20.076,50";"21.157,12";"24.350,15"
"09780114";"Betzigau";"Gemeinden";"21.175,31";"23.510,92";"25.552,90";"29.836,31"
"09780115";"Blaichach";"Gemeinden";"20.222,74";"22.166,17";"23.948,92";"27.886,53"
"09780116";"Bolsterlang";"Gemeinden";"19.088,72";"20.784,12";"22.984,73";"26.811,28"
"09780117";"Buchenberg, M";"Gemeinden";"23.376,80";"26.431,95";"28.538,12";"33.162,53"
"09780118";"Burgberg i.Allgäu";"Gemeinden";"22.931,72";"25.699,71";"27.967,17";"32.499,84"
"09780119";"Dietmannsried, M";"Gemeinden";"22.337,59";"25.048,44";"27.029,06";"31.672,20"
"09780120";"Durach";"Gemeinden";"23.333,71";"25.901,60";"27.248,80";"31.311,26"
"09780121";"Fischen i.Allgäu";"Gemeinden";"20.396,09";"22.408,36";"24.451,32";"28.175,36"
"09780122";"Haldenwang";"Gemeinden";"25.347,86";"28.390,53";"30.619,20";"35.050,86"
"09780123";"Bad Hindelang, M";"Gemeinden";"20.599,65";"23.133,84";"25.581,98";"29.238,14"
"09780124";"Immenstadt i.Allgäu, St";"Gemeinden";"20.625,98";"23.022,10";"24.852,29";"28.711,24"
"09780125";"Lauben";"Gemeinden";"22.639,97";"24.586,02";"26.219,76";"30.272,76"
"09780127";"Missen-Wilhams";"Gemeinden";"18.622,86";"21.278,88";"23.099,02";"26.968,71"
"09780128";"Oy-Mittelberg";"Gemeinden";"19.922,67";"22.567,79";"25.067,26";"28.598,75"
"09780131";"Obermaiselstein";"Gemeinden";"18.843,28";"21.534,40";"23.961,61";"28.196,03"
"09780132";"Oberstaufen, M";"Gemeinden";"23.307,61";"24.832,82";"26.709,25";"31.006,07"
"09780133";"Oberstdorf, M";"Gemeinden";"22.455,15";"25.310,26";"27.978,85";"31.931,07"
"09780134";"Ofterschwang";"Gemeinden";"18.517,40";"21.463,70";"23.602,59";"27.393,03"
"09780137";"Rettenberg";"Gemeinden";"21.190,84";"23.713,54";"26.155,70";"30.321,09"
"09780139";"Sonthofen, St";"Gemeinden";"21.799,57";"23.812,32";"25.644,37";"29.604,90"
"09780140";"Sulzberg, M";"Gemeinden";"22.577,57";"24.637,19";"27.111,02";"31.526,56"
"09780143";"Waltenhofen";"Gemeinden";"22.439,64";"24.355,58";"26.645,74";"30.895,22"
"09780144";"Weitnau, M";"Gemeinden";"19.898,61";"22.295,84";"24.502,02";"28.646,22"
"09780145";"Wertach, M";"Gemeinden";"18.398,84";"21.008,27";"23.598,98";"27.211,37"
"09780146";"Wiggensbach, M";"Gemeinden";"24.290,12";"26.076,12";"28.903,67";"33.425,13"
"09780147";"Wildpoldsried";"Gemeinden";"22.386,51";"25.094,59";"27.715,10";"31.857,92"
"09780451";"Kempter Wald";"Gemeinden";;;;
"10041100";"Saarbrücken, Landeshauptstadt";"Gemeinden";"20.929,66";"22.767,18";"24.341,35";"28.182,29"
"10041511";"Friedrichsthal, Stadt";"Gemeinden";"20.568,91";"22.746,82";"24.682,57";"28.426,40"
"10041512";"Großrosseln";"Gemeinden";"19.874,97";"22.238,20";"24.246,17";"28.040,95"
"10041513";"Heusweiler";"Gemeinden";"21.457,50";"23.996,72";"26.169,33";"30.405,06"
"10041514";"Kleinblittersdorf";"Gemeinden";"21.589,07";"24.085,86";"26.181,21";"30.301,71"
"10041515";"Püttlingen, Stadt";"Gemeinden";"21.678,51";"23.977,63";"25.915,72";"30.131,68"
"10041516";"Quierschied";"Gemeinden";"21.492,01";"23.828,95";"25.694,78";"29.722,01"
"10041517";"Riegelsberg";"Gemeinden";"23.228,03";"25.826,16";"27.378,70";"31.623,93"
"10041518";"Sulzbach/ Saar, Stadt";"Gemeinden";"19.724,86";"21.811,03";"23.616,21";"27.308,58"
"10041519";"Völklingen, Stadt";"Gemeinden";"19.217,39";"21.468,86";"23.393,49";"27.053,51"
"10042111";"Beckingen";"Gemeinden";"21.436,90";"23.695,16";"25.183,75";"29.065,56"
"10042112";"Losheim am See";"Gemeinden";"20.065,93";"22.479,66";"24.510,20";"28.282,77"
"10042113";"Merzig, Kreisstadt";"Gemeinden";"19.915,03";"22.273,96";"24.135,18";"27.869,41"
"10042114";"Mettlach";"Gemeinden";"18.338,37";"19.640,21";"21.240,20";"24.500,44"
"10042115";"Perl";"Gemeinden";"16.014,60";"16.986,36";"18.483,03";"21.368,30"
"10042116";"Wadern, Stadt";"Gemeinden";"20.763,94";"23.114,24";"25.135,90";"29.268,81"
"10042117";"Weiskirchen";"Gemeinden";"20.267,33";"22.696,52";"24.752,34";"28.713,49"
"10043111";"Eppelborn";"Gemeinden";"20.919,41";"23.289,53";"25.465,24";"29.323,39"
"10043112";"Illingen";"Gemeinden";"21.236,58";"23.699,48";"25.841,40";"29.823,57"
"10043113";"Merchweiler";"Gemeinden";"20.373,00";"22.667,84";"24.981,05";"28.777,71"
"10043114";"Neunkirchen, Kreisstadt";"Gemeinden";"18.967,04";"21.176,18";"22.947,73";"26.423,67"
"10043115";"Ottweiler, Stadt";"Gemeinden";"20.781,50";"23.225,47";"25.209,75";"28.863,37"
"10043116";"Schiffweiler";"Gemeinden";"20.001,11";"22.453,44";"24.475,14";"28.353,11"
"10043117";"Spiesen-Elversberg";"Gemeinden";"21.057,28";"23.553,01";"25.537,94";"29.208,48"
"10044111";"Dillingen/ Saar, Stadt";"Gemeinden";"19.551,49";"21.610,66";"23.253,60";"26.896,04"
"10044112";"Lebach, Stadt";"Gemeinden";"19.669,46";"22.189,55";"24.333,28";"28.247,41"
"10044113";"Nalbach";"Gemeinden";"21.219,07";"23.252,01";"25.019,96";"28.971,13"
"10044114";"Rehlingen-Siersburg";"Gemeinden";"20.800,81";"23.316,43";"25.294,87";"29.084,09"
"10044115";"Saarlouis, Kreisstadt";"Gemeinden";"20.726,13";"23.227,16";"25.056,21";"28.987,35"
"10044116";"Saarwellingen";"Gemeinden";"21.036,97";"23.546,43";"25.372,67";"29.372,73"
"10044117";"Schmelz";"Gemeinden";"19.830,13";"22.249,83";"24.232,60";"27.955,09"
"10044118";"Schwalbach";"Gemeinden";"20.725,54";"23.182,62";"25.160,48";"28.989,60"
"10044119";"Überherrn";"Gemeinden";"21.197,23";"23.626,32";"25.602,77";"29.480,11"
"10044120";"Wadgassen";"Gemeinden";"21.321,25";"23.979,35";"25.890,00";"29.806,16"
"10044121";"Wallerfangen";"Gemeinden";"21.469,23";"24.050,24";"26.050,51";"29.871,63"
"10044122";"Bous";"Gemeinden";"19.884,71";"22.249,50";"24.147,86";"27.773,06"
"10044123";"Ensdorf";"Gemeinden";"19.705,33";"22.070,17";"23.942,32";"27.695,98"
"10045111";"Bexbach, Stadt";"Gemeinden";"21.236,38";"23.747,91";"25.797,46";"29.686,91"
"10045112";"Blieskastel, Stadt";"Gemeinden";"22.076,03";"24.541,93";"26.583,29";"30.522,44"
"10045113";"Gersheim";"Gemeinden";"19.866,22";"22.407,13";"24.455,72";"28.108,78"
"10045114";"Homburg, Kreisstadt";"Gemeinden";"21.516,93";"23.900,06";"26.123,28";"30.073,08"
"10045115";"Kirkel";"Gemeinden";"23.738,99";"26.402,95";"28.378,81";"32.513,96"
"10045116";"Mandelbachtal";"Gemeinden";"23.188,35";"25.714,81";"28.037,96";"32.253,52"
"10045117";"St. Ingbert, Stadt";"Gemeinden";"22.900,87";"25.011,88";"26.941,33";"31.023,11"
"10046111";"Freisen";"Gemeinden";"20.208,86";"22.564,64";"24.657,10";"28.272,92"
"10046112";"Marpingen";"Gemeinden";"21.488,10";"24.104,27";"26.151,42";"30.205,79"
"10046113";"Namborn";"Gemeinden";"20.434,89";"22.676,82";"24.598,31";"28.166,44"
"10046114";"Nohfelden";"Gemeinden";"20.854,18";"22.966,68";"24.843,24";"28.673,53"
"10046115";"Nonnweiler";"Gemeinden";"21.235,32";"23.349,84";"25.115,49";"28.867,74"
"10046116";"Oberthal";"Gemeinden";"20.968,36";"23.571,40";"25.714,38";"29.477,51"
"10046117";"St. Wendel, Kreisstadt";"Gemeinden";"26.009,79";"27.548,42";"28.673,28";"33.092,74"
"10046118";"Tholey";"Gemeinden";"21.775,15";"24.420,14";"26.608,73";"30.704,06"
"11000000";"Berlin, Stadt";"Gemeinden";"20.093,03";"22.220,42";"23.863,43";"27.822,85"
"12051000";"Brandenburg an der Havel, Stadt";"Gemeinden";"19.439,44";"21.862,61";"23.563,81";"27.376,43"
"12052000";"Cottbus/Chósebuz, Stadt";"Gemeinden";"19.433,58";"21.339,13";"23.149,21";"26.711,04"
"12053000";"Frankfurt (Oder), Stadt";"Gemeinden";"18.916,95";"21.462,52";"23.156,37";"26.827,45"
"12054000";"Potsdam, Stadt";"Gemeinden";"20.826,15";"23.343,53";"25.158,76";"29.277,53"
"12060005";"Ahrensfelde";"Gemeinden";"23.323,16";"26.624,16";"28.716,01";"33.248,60"
"12060012";"Althüttendorf";"Gemeinden";"17.769,29";"19.994,43";"22.486,41";"26.097,09"
"12060020";"Bernau bei Berlin, Stadt";"Gemeinden";"20.219,38";"22.811,89";"24.322,60";"28.354,29"
"12060024";"Biesenthal, Stadt";"Gemeinden";"19.851,67";"22.684,82";"24.785,43";"28.694,63"
"12060034";"Breydin";"Gemeinden";"17.406,25";"20.088,88";"22.168,06";"25.828,09"
"12060036";"Britz";"Gemeinden";"19.254,96";"22.065,09";"24.010,95";"28.301,73"
"12060045";"Chorin";"Gemeinden";"18.839,73";"21.637,55";"23.623,09";"27.727,96"
"12060052";"Eberswalde, Stadt";"Gemeinden";"18.352,76";"20.533,57";"21.871,08";"25.390,38"
"12060068";"Friedrichswalde";"Gemeinden";"18.359,58";"20.952,86";"23.086,07";"27.462,25"
"12060092";"Hohenfinow";"Gemeinden";"17.524,74";"20.183,76";"22.316,01";"26.425,37"
"12060100";"Joachimsthal, Stadt";"Gemeinden";"18.447,32";"20.815,18";"22.729,99";"26.127,79"
"12060128";"Liepe";"Gemeinden";"18.630,70";"21.276,29";"23.454,04";"27.161,34"
"12060149";"Lunow-Stolzenhagen";"Gemeinden";"18.873,83";"21.187,48";"22.898,58";"26.522,20"
"12060154";"Marienwerder";"Gemeinden";"19.947,79";"22.585,20";"24.804,00";"28.708,98"
"12060161";"Melchow";"Gemeinden";"20.019,84";"22.653,97";"25.009,61";"29.560,06"
"12060172";"Niederfinow";"Gemeinden";"19.130,49";"22.130,53";"24.403,98";"28.267,76"
"12060176";"Oderberg, Stadt";"Gemeinden";"17.996,89";"20.176,86";"22.395,92";"25.841,81"
"12060181";"Panketal";"Gemeinden";"23.473,23";"26.751,19";"29.065,31";"33.862,47"
"12060185";"Parsteinsee";"Gemeinden";"17.665,70";"19.369,02";"21.505,76";"25.190,97"
"12060192";"Rüdnitz";"Gemeinden";"19.531,91";"21.978,21";"23.304,04";"27.141,41"
"12060198";"Schorfheide";"Gemeinden";"20.522,32";"23.205,08";"25.592,67";"29.613,46"
"12060250";"Sydower Fließ";"Gemeinden";"17.030,42";"19.996,92";"21.713,78";"25.494,34"
"12060269";"Wandlitz";"Gemeinden";"22.723,02";"25.754,41";"27.893,27";"32.288,56"
"12060280";"Werneuchen, Stadt";"Gemeinden";"19.532,26";"22.287,91";"24.048,19";"27.865,74"
"12060296";"Ziethen";"Gemeinden";"17.402,49";"19.735,44";"22.217,77";"25.823,65"
"12061005";"Alt Zauche-Wußwerk/Stara Niwa-Wózwjerch";"Gemeinden";"17.549,74";"20.118,36";"22.401,30";"26.036,16"
"12061017";"Bersteland";"Gemeinden";"18.665,37";"21.100,35";"23.129,76";"26.815,82"
"12061020";"Bestensee";"Gemeinden";"20.567,49";"23.021,82";"24.847,42";"29.441,97"
"12061061";"Byhleguhre-Byhlen/Bela Góra-Belin";"Gemeinden";"19.330,06";"22.072,06";"24.283,28";"28.174,39"
"12061097";"Drahnsdorf";"Gemeinden";"16.319,24";"18.764,11";"20.325,36";"23.635,91"
"12061112";"Eichwalde";"Gemeinden";"24.319,60";"26.717,27";"28.171,73";"32.671,07"
"12061164";"Golßen, Stadt";"Gemeinden";"18.014,43";"19.943,19";"21.979,64";"25.276,78"
"12061192";"Groß Köris";"Gemeinden";"21.988,98";"24.644,98";"26.060,81";"30.045,51"
"12061216";"Halbe";"Gemeinden";"18.411,88";"21.075,63";"22.490,62";"26.089,75"
"12061217";"Heidesee";"Gemeinden";"20.783,94";"23.777,39";"25.969,50";"30.784,08"
"12061219";"Heideblick";"Gemeinden";"17.921,13";"20.349,51";"22.750,86";"26.662,90"
"12061224";"Jamlitz";"Gemeinden";"19.346,55";"21.204,28";"22.647,00";"26.202,64"
"12061244";"Kasel-Golzig";"Gemeinden";"17.377,07";"18.625,11";"20.636,59";"23.575,79"
"12061260";"Königs Wusterhausen, Stadt";"Gemeinden";"21.448,50";"23.802,53";"25.691,09";"29.965,44"
"12061265";"Krausnick-Groß Wasserburg";"Gemeinden";"19.440,80";"21.716,44";"24.187,29";"28.452,69"
"12061308";"Lieberose, Stadt";"Gemeinden";"17.737,67";"20.040,09";"22.337,36";"26.390,21"
"12061316";"Lübben (Spreewald) / Lubin (Blota), Stadt";"Gemeinden";"19.144,99";"21.792,02";"23.951,40";"27.838,76"
"12061320";"Luckau, Stadt";"Gemeinden";"18.279,78";"20.767,84";"22.942,53";"26.759,74"
"12061328";"Märkisch Buchholz, Stadt";"Gemeinden";"20.174,15";"22.748,18";"23.853,20";"27.899,14"
"12061329";"Märkische Heide/Markojska Góla";"Gemeinden";"18.465,31";"21.098,73";"23.368,07";"26.985,79"
"12061332";"Mittenwalde, Stadt";"Gemeinden";"21.025,14";"23.155,23";"25.167,94";"29.456,32"
"12061344";"Münchehofe";"Gemeinden";"19.023,51";"21.838,02";"23.746,44";"28.215,72"
"12061352";"Neu Zauche/Nowa Niwa";"Gemeinden";"18.318,21";"20.665,76";"22.649,34";"26.322,10"
"12061405";"Rietzneuendorf-Staakow";"Gemeinden";"18.411,67";"20.384,38";"22.568,34";"26.732,69"
"12061428";"Schlepzig/Slopišca";"Gemeinden";"19.860,53";"21.516,93";"23.541,58";"27.510,11"
"12061433";"Schönefeld";"Gemeinden";"21.989,13";"23.887,13";"25.080,23";"29.275,78"
"12061435";"Schönwald";"Gemeinden";"17.699,44";"20.353,87";"22.819,29";"26.338,87"
"12061444";"Schulzendorf";"Gemeinden";"23.362,60";"26.224,51";"27.727,07";"32.667,64"
"12061448";"Schwerin";"Gemeinden";"21.711,18";"24.572,51";"27.133,20";"31.808,38"
"12061450";"Schwielochsee/Gójacki Jazor";"Gemeinden";"19.021,10";"21.752,98";"23.779,19";"27.272,87"
"12061470";"Spreewaldheide/Blosanska Góla";"Gemeinden";"16.991,82";"19.200,24";"21.872,26";"25.503,79"
"12061471";"Steinreich";"Gemeinden";"17.184,84";"18.590,14";"20.637,80";"24.050,69"
"12061476";"Straupitz (Spreewald)/Tšupc (Blota)";"Gemeinden";"18.112,39";"20.242,07";"22.650,07";"26.418,72"
"12061492";"Teupitz, Stadt";"Gemeinden";"19.703,07";"21.490,75";"23.613,96";"27.551,94"
"12061510";"Unterspreewald";"Gemeinden";"18.364,40";"20.647,58";"23.013,41";"26.787,19"
"12061540";"Wildau, Stadt";"Gemeinden";"20.660,70";"22.677,61";"24.339,20";"28.340,80"
"12061572";"Zeuthen";"Gemeinden";"24.553,87";"27.900,99";"29.679,26";"34.847,59"
"12062024";"Bad Liebenwerda, Stadt";"Gemeinden";"19.096,33";"21.640,04";"23.764,24";"27.709,37"
"12062088";"Crinitz";"Gemeinden";"18.525,94";"21.089,70";"23.398,85";"27.209,03"
"12062092";"Doberlug-Kirchhain, Stadt";"Gemeinden";"18.253,51";"20.760,17";"22.926,87";"26.298,73"
"12062124";"Elsterwerda, Stadt";"Gemeinden";"18.772,30";"21.325,47";"23.410,96";"27.314,57"
"12062128";"Falkenberg/Elster, Stadt";"Gemeinden";"18.276,77";"20.728,27";"22.668,52";"26.450,56"
"12062134";"Fichtwald";"Gemeinden";"19.186,14";"21.524,71";"23.686,26";"27.459,40"
"12062140";"Finsterwalde, Stadt";"Gemeinden";"18.461,51";"20.790,33";"22.969,63";"26.698,26"
"12062177";"Gorden-Staupitz";"Gemeinden";"18.515,20";"21.084,17";"23.311,37";"27.088,25"
"12062196";"Gröden";"Gemeinden";"17.959,63";"20.401,20";"22.258,51";"25.751,00"
"12062208";"Großthiemig";"Gemeinden";"18.284,57";"20.926,27";"23.064,76";"27.487,90"
"12062219";"Heideland";"Gemeinden";"18.813,72";"21.405,51";"23.691,91";"27.361,50"
"12062224";"Herzberg (Elster), Stadt";"Gemeinden";"18.405,99";"21.001,01";"23.071,10";"26.597,33"
"12062232";"Hirschfeld";"Gemeinden";"17.636,45";"19.955,41";"22.417,63";"25.524,72"
"12062237";"Hohenbucko";"Gemeinden";"20.238,17";"23.091,45";"25.145,30";"29.328,62"
"12062240";"Hohenleipisch";"Gemeinden";"17.513,40";"19.879,29";"22.079,18";"25.949,19"
"12062282";"Kremitzaue";"Gemeinden";"16.732,14";"19.377,94";"21.456,65";"24.944,10"
"12062289";"Lebusa";"Gemeinden";"18.364,94";"21.307,60";"22.985,55";"27.410,20"
"12062293";"Lichterfeld-Schacksdorf";"Gemeinden";"17.208,70";"19.745,68";"21.941,09";"25.769,29"
"12062333";"Massen-Niederlausitz";"Gemeinden";"18.095,32";"20.567,57";"22.825,26";"26.949,09"
"12062336";"Merzdorf";"Gemeinden";"17.592,74";"19.992,36";"22.113,83";"25.623,68"
"12062341";"Mühlberg/Elbe, Stadt";"Gemeinden";"17.925,08";"20.511,37";"22.600,63";"26.489,70"
"12062372";"Plessa";"Gemeinden";"18.384,92";"20.923,59";"22.996,16";"26.725,46"
"12062410";"Röderland";"Gemeinden";"19.576,02";"22.260,13";"24.546,19";"29.076,61"
"12062417";"Rückersdorf";"Gemeinden";"16.885,02";"19.310,82";"21.871,85";"25.413,79"
"12062425";"Sallgast";"Gemeinden";"17.472,70";"19.955,66";"22.070,21";"25.729,76"
"12062440";"Schilda";"Gemeinden";"17.912,07";"20.130,68";"22.005,47";"25.960,66"
"12062445";"Schlieben, Stadt";"Gemeinden";"18.067,55";"20.342,08";"22.582,26";"26.185,41"
"12062453";"Schönborn";"Gemeinden";"16.794,46";"19.296,23";"21.590,31";"25.453,53"
"12062461";"Schönewalde, Stadt";"Gemeinden";"18.152,12";"20.704,80";"22.842,15";"26.686,19"
"12062464";"Schraden";"Gemeinden";"17.894,27";"20.337,56";"22.743,81";"26.663,63"
"12062469";"Sonnewalde, Stadt";"Gemeinden";"17.700,74";"20.179,04";"22.191,04";"25.924,39"
"12062492";"Tröbitz";"Gemeinden";"18.983,93";"21.081,43";"23.873,30";"28.457,82"
"12062500";"Uebigau-Wahrenbrück, Stadt";"Gemeinden";"18.033,33";"20.389,65";"22.396,67";"26.160,45"
"12063036";"Brieselang";"Gemeinden";"21.513,05";"24.422,17";"26.268,68";"30.454,17"
"12063056";"Dallgow-Döberitz";"Gemeinden";"23.405,28";"26.589,12";"28.120,53";"32.414,53"
"12063080";"Falkensee, Stadt";"Gemeinden";"23.000,14";"26.155,23";"27.857,53";"32.080,16"
"12063088";"Friesack, Stadt";"Gemeinden";"16.864,54";"19.246,74";"21.238,40";"24.562,36"
"12063094";"Gollenberg";"Gemeinden";"17.422,11";"19.889,74";"22.063,02";"25.946,37"
"12063112";"Großderschau";"Gemeinden";"17.120,97";"19.617,70";"21.631,89";"25.535,97"
"12063134";"Havelaue";"Gemeinden";"17.993,76";"20.108,74";"22.360,83";"25.806,03"
"12063142";"Wiesenaue";"Gemeinden";"17.186,04";"19.638,91";"21.782,68";"25.103,90"
"12063148";"Ketzin/Havel, Stadt";"Gemeinden";"19.704,20";"22.616,78";"24.854,56";"28.789,88"
"12063161";"Kleßen-Görne";"Gemeinden";"16.699,07";"19.090,37";"21.109,75";"24.558,37"
"12063165";"Kotzen";"Gemeinden";"17.023,01";"19.598,67";"21.628,48";"25.703,10"
"12063186";"Märkisch Luch";"Gemeinden";"17.813,92";"20.094,56";"22.184,32";"25.741,56"
"12063189";"Milower Land";"Gemeinden";"18.049,19";"20.602,22";"22.764,19";"26.511,85"
"12063202";"Mühlenberge";"Gemeinden";"18.227,79";"20.805,84";"22.947,20";"26.918,59"
"12063208";"Nauen, Stadt";"Gemeinden";"17.906,10";"20.203,02";"22.234,97";"25.900,20"
"12063212";"Nennhausen";"Gemeinden";"18.199,06";"21.084,95";"23.117,01";"26.724,18"
"12063228";"Paulinenaue";"Gemeinden";"20.296,33";"22.897,00";"24.439,12";"28.860,68"
"12063240";"Pessin";"Gemeinden";"19.045,71";"21.532,35";"23.358,20";"27.460,27"
"12063244";"Premnitz, Stadt";"Gemeinden";"19.038,94";"21.588,75";"23.642,13";"27.325,42"
"12063252";"Rathenow, Stadt";"Gemeinden";"18.349,33";"20.721,82";"22.658,30";"26.123,90"
"12063256";"Retzow";"Gemeinden";"18.288,21";"20.055,96";"22.002,80";"25.567,18"
"12063260";"Rhinow, Stadt";"Gemeinden";"17.093,94";"19.262,09";"21.678,12";"25.175,42"
"12063273";"Schönwalde-Glien";"Gemeinden";"24.802,09";"27.001,45";"28.226,71";"32.587,75"
"12063274";"Seeblick";"Gemeinden";"15.570,88";"17.874,20";"19.854,66";"22.953,79"
"12063293";"Stechow-Ferchesar";"Gemeinden";"18.571,85";"21.325,62";"23.647,21";"27.282,85"
"12063357";"Wustermark";"Gemeinden";"19.170,42";"21.745,46";"23.834,76";"27.820,10"
"12064009";"Alt Tucheband";"Gemeinden";"15.598,60";"18.018,97";"20.384,21";"23.737,57"
"12064029";"Altlandsberg, Stadt";"Gemeinden";"20.828,77";"23.689,91";"26.051,14";"29.933,90"
"12064044";"Bad Freienwalde (Oder), Stadt";"Gemeinden";"18.217,36";"20.600,97";"22.492,00";"26.242,99"
"12064053";"Beiersdorf-Freudenberg";"Gemeinden";"18.171,49";"20.857,74";"22.710,16";"26.512,82"
"12064057";"Bleyen-Genschmar";"Gemeinden";"15.578,51";"17.699,08";"19.553,98";"22.697,66"
"12064061";"Bliesdorf";"Gemeinden";"16.425,37";"18.228,24";"19.397,42";"22.569,43"
"12064084";"Buckow (Märkische Schweiz), Stadt";"Gemeinden";"18.957,44";"21.743,71";"23.896,75";"28.139,72"
"12064125";"Falkenberg";"Gemeinden";"18.471,05";"20.547,92";"22.356,79";"26.195,91"
"12064128";"Falkenhagen (Mark)";"Gemeinden";"19.434,15";"21.651,49";"23.709,24";"27.390,56"
"12064130";"Fichtenhöhe";"Gemeinden";"16.519,01";"19.009,79";"21.000,17";"24.735,04"
"12064136";"Fredersdorf-Vogelsdorf";"Gemeinden";"21.938,09";"24.828,65";"27.205,46";"31.593,25"
"12064153";"Garzau-Garzin";"Gemeinden";"16.396,67";"18.336,67";"20.467,28";"24.163,89"
"12064172";"Golzow";"Gemeinden";"16.986,96";"19.471,48";"21.333,92";"24.980,51"
"12064190";"Gusow-Platkow";"Gemeinden";"17.087,01";"19.272,18";"21.038,39";"24.295,88"
"12064205";"Heckelberg-Brunow";"Gemeinden";"17.588,52";"19.736,29";"22.248,76";"25.911,33"
"12064222";"Höhenland";"Gemeinden";"18.749,76";"21.259,41";"23.832,77";"27.642,26"
"12064227";"Hoppegarten";"Gemeinden";"23.410,99";"26.613,19";"28.586,49";"33.323,18"
"12064266";"Küstriner Vorland";"Gemeinden";"16.122,15";"18.356,59";"20.525,62";"23.958,34"
"12064268";"Lebus, Stadt";"Gemeinden";"21.374,98";"24.270,39";"26.538,24";"31.000,21"
"12064274";"Letschin";"Gemeinden";"16.623,55";"19.231,34";"21.474,53";"24.815,61"
"12064288";"Lietzen";"Gemeinden";"15.258,77";"17.598,72";"19.647,39";"22.689,26"
"12064290";"Lindendorf";"Gemeinden";"18.038,59";"20.382,26";"22.535,21";"26.249,29"
"12064303";"Märkische Höhe";"Gemeinden";"17.645,08";"19.322,64";"21.439,84";"25.018,39"
"12064317";"Müncheberg, Stadt";"Gemeinden";"18.357,85";"20.707,51";"22.964,33";"26.639,94"
"12064336";"Neuenhagen bei Berlin";"Gemeinden";"23.288,67";"26.459,31";"28.537,06";"33.279,60"
"12064340";"Neuhardenberg";"Gemeinden";"16.620,10";"19.067,67";"21.113,92";"24.442,14"
"12064349";"Neulewin";"Gemeinden";"18.009,50";"19.997,19";"21.889,61";"25.608,73"
"12064365";"Neutrebbin";"Gemeinden";"17.076,25";"19.676,10";"21.766,51";"25.385,43"
"12064370";"Oberbarnim";"Gemeinden";"18.188,63";"20.868,04";"23.344,24";"27.538,79"
"12064371";"Oderaue";"Gemeinden";"18.284,18";"20.894,81";"22.788,55";"26.478,78"
"12064380";"Petershagen/Eggersdorf";"Gemeinden";"22.729,23";"25.847,44";"28.233,47";"32.713,20"
"12064388";"Podelzig";"Gemeinden";"19.368,68";"22.404,64";"24.840,68";"28.908,68"
"12064393";"Prötzel";"Gemeinden";"16.593,01";"19.075,68";"21.286,17";"25.036,62"
"12064408";"Rehfelde";"Gemeinden";"20.527,06";"22.951,28";"25.245,34";"29.424,12"
"12064417";"Reichenow-Möglin";"Gemeinden";"16.561,48";"19.089,51";"21.419,66";"25.548,72"
"12064420";"Reitwein";"Gemeinden";"17.578,41";"20.241,23";"21.793,05";"25.704,51"
"12064428";"Rüdersdorf bei Berlin";"Gemeinden";"18.457,59";"20.930,48";"23.110,28";"26.794,14"
"12064448";"Seelow, Stadt";"Gemeinden";"17.781,88";"20.240,45";"22.190,59";"25.720,51"
"12064472";"Strausberg, Stadt";"Gemeinden";"19.770,26";"21.900,83";"23.659,84";"27.376,07"
"12064480";"Treplin";"Gemeinden";"20.443,51";"23.227,85";"25.678,41";"29.729,92"
"12064482";"Vierlinden";"Gemeinden";"18.209,50";"21.119,12";"23.066,91";"26.981,34"
"12064484";"Waldsieversdorf";"Gemeinden";"17.248,68";"19.734,98";"22.312,68";"26.202,15"
"12064512";"Wriezen, Stadt";"Gemeinden";"17.122,77";"19.297,02";"21.407,50";"24.922,69"
"12064538";"Zechin";"Gemeinden";"15.952,86";"18.371,99";"20.265,07";"23.883,79"
"12064539";"Zeschdorf";"Gemeinden";"18.848,44";"21.544,49";"23.690,28";"28.183,68"
"12065036";"Birkenwerder";"Gemeinden";"24.492,15";"26.956,12";"28.728,39";"32.989,47"
"12065084";"Fürstenberg/Havel, Stadt";"Gemeinden";"17.963,29";"20.466,89";"22.944,15";"26.460,03"
"12065096";"Glienicke/Nordbahn";"Gemeinden";"27.490,87";"30.147,58";"31.940,75";"36.792,67"
"12065100";"Gransee, Stadt";"Gemeinden";"17.887,20";"20.226,86";"22.459,34";"26.024,19"
"12065117";"Großwoltersdorf";"Gemeinden";"17.408,99";"19.927,72";"22.174,74";"25.315,97"
"12065136";"Hennigsdorf, Stadt";"Gemeinden";"20.600,07";"22.860,49";"24.319,27";"28.365,79"
"12065144";"Hohen Neuendorf, Stadt";"Gemeinden";"24.095,77";"27.226,37";"28.832,51";"33.480,87"
"12065165";"Kremmen, Stadt";"Gemeinden";"19.905,35";"22.505,89";"24.630,66";"28.718,94"
"12065180";"Leegebruch";"Gemeinden";"21.084,44";"23.249,33";"25.016,39";"29.026,53"
"12065193";"Liebenwalde, Stadt";"Gemeinden";"17.890,66";"20.633,18";"22.772,04";"26.314,57"
"12065198";"Löwenberger Land";"Gemeinden";"18.441,67";"21.131,41";"23.362,72";"27.075,93"
"12065225";"Mühlenbecker Land";"Gemeinden";"24.489,08";"27.616,47";"29.282,10";"33.937,41"
"12065251";"Oberkrämer";"Gemeinden";"23.313,27";"25.493,41";"27.434,15";"31.978,28"
"12065256";"Oranienburg, Stadt";"Gemeinden";"19.889,98";"21.493,84";"23.891,85";"27.738,91"
"12065276";"Schönermark";"Gemeinden";"15.451,93";"17.547,29";"19.773,24";"22.723,31"
"12065301";"Sonnenberg";"Gemeinden";"16.866,48";"19.456,46";"21.790,41";"25.256,02"
"12065310";"Stechlin";"Gemeinden";"18.565,81";"21.201,89";"23.721,24";"27.202,97"
"12065332";"Velten, Stadt";"Gemeinden";"18.776,81";"20.759,60";"22.968,72";"26.688,37"
"12065356";"Zehdenick, Stadt";"Gemeinden";"17.964,07";"20.396,59";"22.653,07";"26.251,12"
"12066008";"Altdöbern";"Gemeinden";"18.925,77";"21.192,82";"23.289,71";"26.777,60"
"12066041";"Bronkow";"Gemeinden";"18.196,20";"20.625,43";"22.742,84";"25.904,53"
"12066052";"Calau/Kalawa, Stadt";"Gemeinden";"18.785,34";"21.081,58";"23.367,63";"27.261,00"
"12066064";"Frauendorf";"Gemeinden";"16.845,96";"19.156,79";"21.466,22";"25.069,64"
"12066104";"Großkmehlen";"Gemeinden";"19.073,09";"21.804,06";"23.995,95";"27.618,06"
"12066112";"Großräschen/Ran, Stadt";"Gemeinden";"17.314,91";"19.874,64";"22.166,97";"25.820,34"
"12066116";"Grünewald";"Gemeinden";"18.091,15";"20.566,11";"22.451,10";"26.144,51"
"12066120";"Guteborn";"Gemeinden";"17.255,27";"19.627,69";"21.492,58";"25.161,36"
"12066124";"Hermsdorf";"Gemeinden";"18.054,18";"20.495,75";"23.136,38";"26.945,93"
"12066132";"Hohenbocka";"Gemeinden";"18.399,54";"20.968,25";"22.758,91";"26.666,72"
"12066168";"Kroppen";"Gemeinden";"19.391,60";"22.222,55";"24.280,64";"28.875,68"
"12066176";"Lauchhammer, Stadt";"Gemeinden";"18.515,19";"21.025,25";"23.194,77";"26.863,94"
"12066188";"Lindenau";"Gemeinden";"19.039,59";"21.441,96";"23.758,01";"27.739,63"
"12066196";"Lübbenau/Spreewald / Lubnjow/Blota, Stadt";"Gemeinden";"18.795,62";"21.139,15";"23.196,59";"26.988,08"
"12066202";"Luckaitztal";"Gemeinden";"18.147,67";"20.783,06";"22.629,11";"26.203,17"
"12066226";"Neu-Seeland/Nowa Jazorina";"Gemeinden";"15.891,46";"18.257,76";"20.046,54";"23.723,22"
"12066228";"Neupetershain/Nowe Wiki";"Gemeinden";"17.332,22";"19.652,32";"21.705,37";"25.572,67"
"12066240";"Ortrand, Stadt";"Gemeinden";"19.778,16";"22.605,39";"24.456,75";"28.076,26"
"12066272";"Ruhland, Stadt";"Gemeinden";"20.313,72";"22.911,82";"24.919,38";"28.965,79"
"12066285";"Schipkau";"Gemeinden";"18.607,30";"21.204,83";"23.342,61";"27.227,87"
"12066292";"Schwarzbach";"Gemeinden";"17.910,94";"20.519,47";"22.713,48";"25.844,87"
"12066296";"Schwarzheide, Stadt";"Gemeinden";"20.453,44";"23.123,13";"25.292,83";"29.378,77"
"12066304";"Senftenberg/Zly Komorow, Stadt";"Gemeinden";"18.826,90";"21.329,96";"23.292,40";"27.056,79"
"12066316";"Tettau";"Gemeinden";"19.641,56";"22.137,16";"23.616,55";"27.448,22"
"12066320";"Vetschau/Spreewald / Wetošow/Blota, Stadt";"Gemeinden";"19.055,68";"21.460,62";"23.374,21";"26.957,23"
"12067024";"Bad Saarow";"Gemeinden";"23.864,91";"27.385,60";"30.166,03";"34.973,93"
"12067036";"Beeskow, Stadt";"Gemeinden";"18.786,92";"21.231,98";"23.214,40";"26.842,04"
"12067040";"Berkenbrück";"Gemeinden";"18.927,46";"21.218,24";"23.173,09";"26.760,22"
"12067072";"Briesen (Mark)";"Gemeinden";"18.415,65";"21.431,68";"23.452,59";"27.316,60"
"12067076";"Brieskow-Finkenheerd";"Gemeinden";"19.515,42";"22.155,05";"24.469,08";"28.287,47"
"12067112";"Diensdorf-Radlow";"Gemeinden";"21.662,65";"24.658,28";"27.155,77";"31.484,21"
"12067120";"Eisenhüttenstadt, Stadt";"Gemeinden";"18.647,12";"21.157,20";"23.265,54";"26.956,28"
"12067124";"Erkner, Stadt";"Gemeinden";"20.358,70";"23.052,46";"25.096,75";"28.921,37"
"12067137";"Friedland, Stadt";"Gemeinden";"18.690,57";"21.172,16";"22.970,48";"26.767,14"
"12067144";"Fürstenwalde/Spree, Stadt";"Gemeinden";"18.001,26";"20.165,75";"22.123,39";"25.811,47"
"12067173";"Gosen-Neu Zittau";"Gemeinden";"20.710,27";"22.551,25";"24.898,25";"28.552,78"
"12067180";"Groß Lindow";"Gemeinden";"21.368,33";"24.302,79";"26.478,04";"30.856,91"
"12067201";"Grünheide (Mark)";"Gemeinden";"21.951,02";"25.050,20";"27.381,62";"31.691,55"
"12067205";"Grunow-Dammendorf";"Gemeinden";"18.645,44";"21.344,94";"23.334,35";"26.919,14"
"12067237";"Jacobsdorf";"Gemeinden";"19.245,65";"22.176,88";"24.807,78";"28.276,58"
"12067288";"Langewahl";"Gemeinden";"19.204,21";"22.303,45";"24.466,34";"27.802,99"
"12067292";"Lawitz";"Gemeinden";"19.200,20";"21.993,56";"24.067,64";"27.445,34"
"12067324";"Mixdorf";"Gemeinden";"18.789,58";"22.012,94";"24.546,54";"28.144,34"
"12067336";"Müllrose, Stadt";"Gemeinden";"20.887,39";"23.544,66";"26.138,55";"30.040,43"
"12067338";"Neißemünde";"Gemeinden";"19.191,59";"22.167,39";"23.839,78";"27.770,74"
"12067357";"Neuzelle";"Gemeinden";"19.862,67";"22.821,14";"24.928,26";"29.007,66"
"12067397";"Ragow-Merz";"Gemeinden";"18.362,55";"20.957,13";"23.441,09";"27.405,74"
"12067408";"Rauen";"Gemeinden";"20.753,79";"23.740,09";"26.079,78";"30.519,11"
"12067413";"Reichenwalde";"Gemeinden";"19.913,74";"22.445,57";"24.531,22";"28.432,39"
"12067426";"Rietz-Neuendorf";"Gemeinden";"18.842,02";"21.584,98";"23.781,41";"27.628,96"
"12067438";"Schlaubetal";"Gemeinden";"20.272,12";"23.192,52";"25.403,70";"29.664,81"
"12067440";"Schöneiche bei Berlin";"Gemeinden";"23.064,10";"26.083,30";"28.454,84";"32.610,96"
"12067458";"Siehdichum";"Gemeinden";"20.956,38";"23.803,14";"26.218,78";"30.459,44"
"12067469";"Spreenhagen";"Gemeinden";"18.449,44";"20.948,89";"23.325,97";"26.884,31"
"12067473";"Steinhöfel";"Gemeinden";"18.012,22";"20.168,78";"22.308,87";"25.851,43"
"12067481";"Storkow (Mark), Stadt";"Gemeinden";"18.811,83";"21.300,55";"23.235,84";"27.002,36"
"12067493";"Tauche";"Gemeinden";"19.096,71";"21.235,47";"23.261,06";"27.116,81"
"12067508";"Vogelsang";"Gemeinden";"18.310,33";"21.178,10";"23.773,60";"27.601,97"
"12067520";"Wendisch Rietz";"Gemeinden";"20.051,81";"23.324,23";"26.123,44";"30.938,02"
"12067528";"Wiesenau";"Gemeinden";"19.777,18";"22.565,04";"24.875,26";"28.733,62"
"12067544";"Woltersdorf";"Gemeinden";"23.025,91";"26.274,19";"28.561,65";"33.252,25"
"12067552";"Ziltendorf";"Gemeinden";"19.972,64";"22.851,92";"25.251,91";"29.537,45"
"12068052";"Breddin";"Gemeinden";"17.683,55";"20.571,99";"22.731,83";"26.424,50"
"12068072";"Dabergotz";"Gemeinden";"18.703,49";"21.427,38";"23.182,55";"26.806,65"
"12068109";"Dreetz";"Gemeinden";"19.267,59";"22.118,60";"23.758,45";"27.581,83"
"12068117";"Fehrbellin";"Gemeinden";"19.163,07";"20.919,61";"22.935,01";"26.884,26"
"12068181";"Heiligengrabe";"Gemeinden";"17.417,46";"19.990,26";"22.329,62";"25.832,35"
"12068188";"Herzberg (Mark)";"Gemeinden";"17.812,56";"20.296,07";"22.702,21";"26.715,67"
"12068264";"Kyritz, Stadt";"Gemeinden";"19.041,84";"21.420,32";"23.354,22";"26.856,30"
"12068280";"Lindow (Mark), Stadt";"Gemeinden";"19.063,66";"21.352,80";"22.864,16";"26.604,92"
"12068306";"Märkisch Linden";"Gemeinden";"18.107,26";"20.773,31";"23.451,98";"27.300,32"
"12068320";"Neuruppin, Stadt";"Gemeinden";"19.479,01";"21.950,87";"23.874,53";"27.608,46"
"12068324";"Neustadt (Dosse), Stadt";"Gemeinden";"17.719,21";"20.121,92";"22.264,79";"26.019,07"
"12068353";"Rheinsberg, Stadt";"Gemeinden";"19.347,09";"21.824,33";"23.785,26";"27.189,26"
"12068372";"Rüthnick";"Gemeinden";"19.901,09";"22.544,18";"25.160,36";"29.277,52"
"12068409";"Sieversdorf-Hohenofen";"Gemeinden";"17.442,00";"19.696,40";"21.777,96";"25.228,48"
"12068413";"Storbeck-Frankendorf";"Gemeinden";"18.299,87";"20.881,08";"22.723,97";"26.826,81"
"12068417";"Stüdenitz-Schönermark";"Gemeinden";"18.771,01";"21.129,23";"22.611,73";"26.641,09"
"12068425";"Temnitzquell";"Gemeinden";"17.765,27";"20.057,19";"22.363,23";"25.916,75"
"12068426";"Temnitztal";"Gemeinden";"16.705,83";"19.197,94";"21.328,57";"24.802,51"
"12068437";"Vielitzsee";"Gemeinden";"18.714,80";"20.633,70";"22.793,68";"26.952,09"
"12068452";"Walsleben";"Gemeinden";"17.329,31";"19.590,53";"21.480,69";"24.846,53"
"12068468";"Wittstock/Dosse, Stadt";"Gemeinden";"18.417,69";"20.782,55";"22.890,42";"26.539,18"
"12068477";"Wusterhausen/Dosse";"Gemeinden";"18.132,06";"20.636,98";"22.742,03";"26.289,28"
"12068501";"Zernitz-Lohm";"Gemeinden";"17.048,09";"19.402,70";"21.637,55";"25.104,78"
"12069017";"Beelitz, Stadt";"Gemeinden";"20.289,03";"22.144,94";"24.359,20";"28.441,55"
"12069018";"Beetzsee";"Gemeinden";"21.802,41";"25.257,66";"27.839,55";"32.270,96"
"12069019";"Beetzseeheide";"Gemeinden";"19.125,88";"21.785,13";"22.971,94";"26.775,56"
"12069020";"Bad Belzig, Stadt";"Gemeinden";"18.813,41";"20.949,09";"23.034,36";"26.744,72"
"12069028";"Bensdorf";"Gemeinden";"18.221,53";"20.816,00";"23.311,81";"26.996,92"
"12069052";"Borkheide";"Gemeinden";"23.035,28";"25.818,73";"27.923,41";"32.806,41"
"12069056";"Borkwalde";"Gemeinden";"19.455,22";"21.931,40";"24.269,80";"29.003,26"
"12069076";"Brück, Stadt";"Gemeinden";"19.648,25";"21.690,70";"23.200,32";"27.220,16"
"12069089";"Buckautal";"Gemeinden";"17.818,75";"20.082,74";"22.311,83";"26.515,49"
"12069216";"Golzow";"Gemeinden";"19.042,06";"21.624,57";"23.547,02";"27.601,73"
"12069224";"Görzke";"Gemeinden";"17.597,11";"19.720,70";"21.746,27";"25.222,42"
"12069232";"Gräben";"Gemeinden";"16.465,81";"18.831,29";"20.942,99";"24.309,19"
"12069249";"Groß Kreutz (Havel)";"Gemeinden";"20.057,95";"22.636,84";"24.748,95";"28.844,44"
"12069270";"Havelsee, Stadt";"Gemeinden";"20.438,10";"22.996,36";"24.622,37";"28.794,50"
"12069304";"Kleinmachnow";"Gemeinden";"30.702,76";"34.851,86";"37.749,88";"44.225,41"
"12069306";"Kloster Lehnin";"Gemeinden";"19.530,12";"22.179,49";"24.447,81";"28.364,89"
"12069345";"Linthe";"Gemeinden";"18.549,47";"20.587,41";"23.095,89";"27.460,88"
"12069397";"Michendorf";"Gemeinden";"24.037,55";"27.288,57";"28.919,14";"33.609,13"
"12069402";"Mühlenfließ";"Gemeinden";"18.229,69";"20.759,06";"23.411,08";"27.567,67"
"12069448";"Niemegk, Stadt";"Gemeinden";"19.093,96";"20.726,63";"22.839,71";"26.629,65"
"12069454";"Nuthetal";"Gemeinden";"23.816,73";"26.667,86";"29.144,58";"33.810,58"
"12069460";"Päwesin";"Gemeinden";"18.520,47";"20.555,06";"22.842,74";"26.489,31"
"12069470";"Planebruch";"Gemeinden";"17.869,05";"20.351,58";"22.746,13";"26.466,28"
"12069474";"Planetal";"Gemeinden";"18.258,48";"20.758,60";"22.821,94";"26.684,67"
"12069485";"Rabenstein/Fläming";"Gemeinden";"18.013,50";"20.802,04";"22.922,51";"27.123,21"
"12069537";"Rosenau";"Gemeinden";"18.614,67";"21.027,20";"22.747,76";"26.535,74"
"12069541";"Roskow";"Gemeinden";"18.488,83";"20.904,19";"22.773,09";"26.194,44"
"12069590";"Schwielowsee";"Gemeinden";"24.014,85";"27.312,68";"29.853,40";"34.978,89"
"12069596";"Seddiner See";"Gemeinden";"19.425,26";"21.840,95";"23.703,65";"27.169,33"
"12069604";"Stahnsdorf";"Gemeinden";"25.469,06";"27.705,15";"29.655,89";"34.236,91"
"12069616";"Teltow, Stadt";"Gemeinden";"23.380,30";"25.981,67";"27.465,93";"31.782,36"
"12069632";"Treuenbrietzen, Stadt";"Gemeinden";"18.986,20";"21.500,56";"23.678,38";"27.534,06"
"12069648";"Wenzlow";"Gemeinden";"19.038,72";"21.244,74";"23.261,01";"27.005,85"
"12069656";"Werder (Havel), Stadt";"Gemeinden";"21.322,21";"24.192,27";"26.231,13";"30.686,74"
"12069665";"Wiesenburg/Mark";"Gemeinden";"18.580,81";"20.739,82";"22.906,04";"26.650,97"
"12069680";"Wollin";"Gemeinden";"19.996,80";"22.129,33";"24.155,01";"27.843,11"
"12069688";"Wusterwitz";"Gemeinden";"20.758,21";"23.610,70";"25.741,90";"30.033,39"
"12069696";"Ziesar, Stadt";"Gemeinden";"18.264,82";"20.460,54";"22.393,30";"26.098,81"
"12070008";"Bad Wilsnack, Stadt";"Gemeinden";"20.291,46";"22.859,07";"25.015,08";"29.252,03"
"12070028";"Berge";"Gemeinden";"18.296,84";"20.430,76";"22.836,98";"26.309,95"
"12070052";"Breese";"Gemeinden";"19.746,60";"22.161,04";"24.160,00";"27.812,65"
"12070060";"Cumlosen";"Gemeinden";"18.645,19";"21.352,23";"23.754,29";"27.801,80"
"12070096";"Gerdshagen";"Gemeinden";"18.682,15";"21.396,49";"23.690,65";"27.818,39"
"12070125";"Groß Pankow (Prignitz)";"Gemeinden";"17.988,73";"20.741,05";"22.582,65";"26.026,38"
"12070145";"Gülitz-Reetz";"Gemeinden";"18.517,88";"21.101,13";"23.319,72";"26.973,85"
"12070149";"Gumtow";"Gemeinden";"18.169,03";"20.521,98";"22.953,01";"26.869,65"
"12070153";"Halenbeck-Rohlsdorf";"Gemeinden";"15.624,41";"18.097,08";"20.490,61";"24.014,15"
"12070173";"Karstädt";"Gemeinden";"18.557,40";"20.997,84";"23.138,22";"26.851,39"
"12070222";"Kümmernitztal";"Gemeinden";"20.983,59";"25.026,06";"28.022,76";"32.051,73"
"12070236";"Lanz";"Gemeinden";"18.213,52";"20.627,84";"22.893,92";"26.706,97"
"12070241";"Legde/Quitzöbel";"Gemeinden";"17.763,24";"20.533,87";"22.799,89";"26.506,83"
"12070244";"Lenzen (Elbe), Stadt";"Gemeinden";"18.638,72";"21.245,37";"23.399,83";"27.060,70"
"12070246";"Lenzerwische";"Gemeinden";"19.037,57";"21.434,92";"23.146,87";"27.280,91"
"12070266";"Marienfließ";"Gemeinden";"17.781,49";"20.664,07";"23.052,25";"26.891,94"
"12070280";"Meyenburg, Stadt";"Gemeinden";"18.558,11";"20.906,88";"22.694,54";"26.249,12"
"12070296";"Perleberg, Stadt";"Gemeinden";"19.292,52";"21.746,95";"23.547,27";"27.249,56"
"12070300";"Pirow";"Gemeinden";"19.201,15";"21.660,43";"23.847,73";"27.802,55"
"12070302";"Plattenburg";"Gemeinden";"17.993,53";"20.466,91";"22.625,59";"26.289,91"
"12070316";"Pritzwalk, Stadt";"Gemeinden";"18.833,28";"21.373,39";"23.371,64";"27.092,35"
"12070325";"Putlitz, Stadt";"Gemeinden";"17.521,62";"19.911,52";"22.123,39";"25.521,10"
"12070348";"Rühstädt";"Gemeinden";"17.629,55";"20.250,27";"22.500,68";"26.070,20"
"12070393";"Triglitz";"Gemeinden";"17.184,97";"19.700,64";"21.919,96";"25.337,90"
"12070416";"Weisen";"Gemeinden";"20.118,67";"22.813,13";"24.044,76";"28.035,81"
"12070424";"Wittenberge, Stadt";"Gemeinden";"19.221,50";"21.599,70";"23.199,71";"26.971,33"
"12071028";"Briesen/Brjazyna";"Gemeinden";"22.168,96";"25.080,42";"26.938,73";"31.003,17"
"12071032";"Burg (Spreewald)/Bórkowy (Blota)";"Gemeinden";"20.959,07";"23.946,28";"26.103,02";"30.320,15"
"12071041";"Dissen-Striesow/Dešno-Strjažow";"Gemeinden";"19.064,39";"21.867,16";"24.324,73";"28.948,39"
"12071044";"Döbern/Derbno, Stadt";"Gemeinden";"18.764,16";"21.252,14";"23.324,72";"27.104,20"
"12071052";"Drachhausen/Hochoza";"Gemeinden";"18.061,71";"20.246,26";"22.606,31";"25.994,39"
"12071057";"Drebkau/Drjowk, Stadt";"Gemeinden";"19.636,62";"22.197,48";"24.082,61";"27.948,56"
"12071060";"Drehnow/Drjenow";"Gemeinden";"19.570,62";"22.277,09";"24.478,63";"28.460,24"
"12071074";"Felixsee/Feliksowy Jazor";"Gemeinden";"18.947,20";"21.758,05";"23.886,88";"28.045,46"
"12071076";"Forst (Lausitz)/Baršc (Lužyca), Stadt";"Gemeinden";"17.700,39";"20.187,80";"22.298,76";"25.794,27"
"12071153";"Groß Schacksdorf-Simmersdorf";"Gemeinden";"16.185,81";"18.507,03";"20.772,82";"24.322,72"
"12071160";"Guben, Stadt";"Gemeinden";"18.558,46";"21.050,36";"23.164,38";"27.017,34"
"12071164";"Guhrow/Góry";"Gemeinden";"19.050,02";"22.165,43";"24.797,92";"28.499,70"
"12071176";"Heinersbrück/Móst";"Gemeinden";"19.025,39";"21.599,60";"23.928,90";"27.945,49"
"12071189";"Jämlitz-Klein Düben";"Gemeinden";"19.011,62";"21.528,69";"23.356,41";"27.172,02"
"12071193";"Jänschwalde/Janšojce";"Gemeinden";"18.626,90";"21.111,37";"22.808,70";"26.805,16"
"12071244";"Kolkwitz/Golkojce";"Gemeinden";"21.558,33";"24.568,18";"26.570,75";"31.081,98"
"12071294";"Neiße-Malxetal/Dolina Nysa-Malksa";"Gemeinden";"18.464,78";"20.875,58";"22.667,41";"26.513,05"
"12071301";"Neuhausen/Spree / Kopance/Sprjewja";"Gemeinden";"20.353,30";"23.438,16";"25.381,23";"29.645,28"
"12071304";"Peitz/Picnjo, Stadt";"Gemeinden";"19.211,67";"21.841,65";"23.962,30";"28.027,64"
"12071337";"Schenkendöbern/Derbno";"Gemeinden";"18.575,86";"21.168,74";"23.195,31";"26.857,84"
"12071341";"Schmogrow-Fehrow/Smogorjow-Prjawoz";"Gemeinden";"17.276,24";"19.687,63";"21.921,50";"25.526,17"
"12071372";"Spremberg/Grodk, Stadt";"Gemeinden";"18.712,83";"21.483,08";"23.622,52";"27.370,13"
"12071384";"Tauer/Turjej";"Gemeinden";"19.407,18";"21.988,65";"24.252,10";"28.402,14"
"12071386";"Teichland/Gatojce";"Gemeinden";"21.240,71";"24.038,07";"26.594,31";"31.066,74"
"12071392";"Tschernitz/Cersk";"Gemeinden";"17.543,35";"20.071,35";"22.357,44";"26.163,54"
"12071401";"Turnow-Preilack/Turnow-Psiluk";"Gemeinden";"19.386,56";"21.821,64";"24.009,39";"28.343,88"
"12071408";"Welzow/Wjelcej, Stadt";"Gemeinden";"18.412,47";"21.285,29";"23.197,96";"26.733,39"
"12071412";"Werben/Wjerbno";"Gemeinden";"19.177,41";"21.921,99";"23.837,39";"27.719,34"
"12071414";"Wiesengrund/Lukojce";"Gemeinden";"17.924,36";"20.475,37";"22.340,63";"25.682,67"
"12072002";"Am Mellensee";"Gemeinden";"20.221,78";"22.784,90";"24.872,15";"29.302,81"
"12072014";"Baruth/Mark, Stadt";"Gemeinden";"21.446,03";"23.003,39";"24.291,23";"28.140,66"
"12072017";"Blankenfelde-Mahlow";"Gemeinden";"21.582,37";"23.767,76";"24.919,73";"29.030,34"
"12072053";"Dahme/Mark, Stadt";"Gemeinden";"18.077,63";"20.580,79";"22.906,05";"26.584,98"
"12072055";"Dahmetal";"Gemeinden";"17.131,41";"18.981,13";"20.610,26";"24.559,54"
"12072120";"Großbeeren";"Gemeinden";"22.600,71";"24.932,41";"26.110,89";"30.133,80"
"12072157";"Ihlow";"Gemeinden";"17.846,64";"19.779,13";"21.919,60";"25.595,93"
"12072169";"Jüterbog, Stadt";"Gemeinden";"18.608,61";"20.874,44";"22.664,24";"26.207,48"
"12072232";"Luckenwalde, Stadt";"Gemeinden";"19.108,89";"21.517,94";"22.788,36";"26.364,86"
"12072240";"Ludwigsfelde, Stadt";"Gemeinden";"20.425,58";"22.604,75";"23.963,25";"27.875,47"
"12072297";"Niedergörsdorf";"Gemeinden";"17.394,25";"19.685,65";"21.588,99";"25.004,88"
"12072298";"Niederer Fläming";"Gemeinden";"17.976,84";"20.953,90";"23.101,54";"27.161,44"
"12072312";"Nuthe-Urstromtal";"Gemeinden";"18.573,69";"21.110,09";"23.091,15";"26.940,28"
"12072340";"Rangsdorf";"Gemeinden";"23.259,56";"26.286,64";"28.340,49";"33.107,96"
"12072426";"Trebbin, Stadt";"Gemeinden";"19.465,42";"22.014,31";"23.976,71";"27.829,21"
"12072477";"Zossen, Stadt";"Gemeinden";"19.020,84";"21.412,88";"22.926,02";"26.843,02"
"12073008";"Angermünde, Stadt";"Gemeinden";"18.649,96";"21.025,32";"23.085,50";"26.762,69"
"12073069";"Boitzenburger Land";"Gemeinden";"17.276,93";"19.909,58";"21.928,22";"25.203,58"
"12073085";"Brüssow, Stadt";"Gemeinden";"17.622,16";"19.981,52";"21.985,84";"25.372,33"
"12073093";"Carmzow-Wallmow";"Gemeinden";"15.762,51";"17.849,88";"20.077,48";"23.479,77"
"12073097";"Casekow";"Gemeinden";"17.062,53";"19.759,43";"22.181,54";"25.911,42"
"12073157";"Flieth-Stegelitz";"Gemeinden";"16.796,75";"19.483,15";"21.617,45";"24.726,40"
"12073189";"Gartz (Oder), Stadt";"Gemeinden";"17.931,40";"20.542,36";"22.906,87";"26.718,49"
"12073201";"Gerswalde";"Gemeinden";"17.597,54";"20.188,51";"22.338,83";"26.072,27"
"12073216";"Göritz";"Gemeinden";"17.476,83";"19.981,58";"22.433,46";"25.804,73"
"12073225";"Gramzow";"Gemeinden";"18.689,18";"21.090,01";"23.080,76";"26.445,42"
"12073261";"Grünow";"Gemeinden";"18.167,16";"20.590,10";"23.322,97";"27.026,15"
"12073309";"Hohenselchow-Groß Pinnow";"Gemeinden";"18.278,82";"20.573,63";"22.670,12";"26.317,47"
"12073384";"Lychen, Stadt";"Gemeinden";"17.044,57";"19.587,08";"21.833,96";"25.193,91"
"12073393";"Mescherin";"Gemeinden";"17.634,86";"19.654,65";"21.237,15";"24.851,98"
"12073396";"Milmersdorf";"Gemeinden";"17.946,07";"20.540,65";"22.806,70";"26.247,03"
"12073404";"Mittenwalde";"Gemeinden";"16.303,78";"18.786,28";"20.801,23";"24.369,86"
"12073429";"Nordwestuckermark";"Gemeinden";"18.392,82";"21.052,70";"23.545,73";"27.298,55"
"12073430";"Oberuckersee";"Gemeinden";"18.489,71";"21.319,47";"23.695,42";"27.359,71"
"12073440";"Pinnow";"Gemeinden";"16.289,68";"18.682,51";"20.870,51";"24.191,52"
"12073452";"Prenzlau, Stadt";"Gemeinden";"17.982,23";"20.293,70";"22.218,14";"25.674,39"
"12073458";"Randowtal";"Gemeinden";"16.463,96";"19.145,96";"21.189,25";"24.321,02"
"12073490";"Schenkenberg";"Gemeinden";"18.107,75";"20.464,02";"22.841,18";"26.160,03"
"12073520";"Schönfeld";"Gemeinden";"15.787,95";"18.052,61";"20.300,51";"23.427,85"
"12073532";"Schwedt/Oder, Stadt";"Gemeinden";"19.803,54";"22.450,30";"24.592,05";"28.937,86"
"12073565";"Tantow";"Gemeinden";"17.450,81";"20.093,73";"21.784,10";"25.133,87"
"12073569";"Temmen-Ringenwalde";"Gemeinden";"17.167,19";"19.709,86";"21.538,33";"24.924,02"
"12073572";"Templin, Stadt";"Gemeinden";"17.944,84";"20.493,19";"22.645,70";"26.173,78"
"12073578";"Uckerfelde";"Gemeinden";"18.518,12";"21.107,63";"23.168,82";"26.913,62"
"12073579";"Uckerland";"Gemeinden";"17.252,08";"19.739,41";"22.023,25";"25.669,11"
"12073645";"Zichow";"Gemeinden";"17.060,47";"19.014,80";"21.282,66";"25.128,41"
"13003000";"Rostock, Hanse- und Universitätsstadt";"Gemeinden";"18.941,81";"21.214,65";"22.896,79";"26.605,71"
"13004000";"Schwerin, Landeshauptstadt";"Gemeinden";"20.119,59";"22.611,07";"24.253,07";"28.285,14"
"13071001";"Alt Schwerin";"Gemeinden";"17.825,81";"20.292,15";"22.539,61";"26.083,38"
"13071002";"Altenhagen";"Gemeinden";"16.734,64";"18.951,20";"21.105,14";"24.394,35"
"13071003";"Altenhof";"Gemeinden";"16.403,07";"18.277,95";"20.129,57";"23.131,92"
"13071004";"Altentreptow, Stadt";"Gemeinden";"18.222,24";"20.916,34";"22.971,15";"26.760,12"
"13071005";"Ankershagen, Schliemanngemeinde";"Gemeinden";"17.115,50";"19.628,62";"21.701,63";"25.495,82"
"13071006";"Bartow";"Gemeinden";"16.496,85";"18.654,99";"20.746,83";"24.075,27"
"13071007";"Basedow";"Gemeinden";"17.168,46";"19.712,40";"22.283,33";"25.910,99"
"13071008";"Beggerow";"Gemeinden";"15.799,16";"17.950,13";"19.875,85";"23.484,81"
"13071009";"Beseritz";"Gemeinden";"15.974,81";"18.287,05";"20.465,39";"23.708,76"
"13071010";"Blankenhof";"Gemeinden";"18.539,62";"21.075,21";"23.652,69";"27.495,80"
"13071011";"Blankensee";"Gemeinden";"17.793,60";"20.296,83";"22.742,85";"26.807,05"
"13071012";"Blumenholz";"Gemeinden";"21.202,26";"23.929,42";"25.950,66";"30.244,36"
"13071013";"Bollewick";"Gemeinden";"17.955,75";"20.495,99";"22.730,37";"26.626,27"
"13071014";"Borrentin";"Gemeinden";"16.154,02";"18.797,85";"21.044,90";"24.810,79"
"13071015";"Bredenfelde";"Gemeinden";"16.730,03";"18.996,19";"20.798,54";"24.142,68"
"13071016";"Breesen";"Gemeinden";"16.209,18";"18.769,34";"20.870,31";"24.696,01"
"13071017";"Breest";"Gemeinden";"16.762,54";"19.256,46";"21.431,74";"25.216,20"
"13071018";"Briggow";"Gemeinden";"18.405,31";"21.285,45";"23.491,95";"27.850,95"
"13071019";"Brunn";"Gemeinden";"15.695,43";"18.043,81";"20.262,34";"23.404,61"
"13071020";"Buchholz";"Gemeinden";"18.644,64";"21.611,09";"24.357,29";"27.553,91"
"13071021";"Burg Stargard, Stadt";"Gemeinden";"19.398,69";"22.448,41";"24.747,10";"28.599,73"
"13071022";"Burow";"Gemeinden";"18.099,63";"20.338,58";"22.175,44";"25.850,42"
"13071023";"Bütow";"Gemeinden";"16.022,69";"18.059,37";"20.237,17";"23.786,72"
"13071025";"Carpin";"Gemeinden";"17.892,05";"20.582,05";"22.659,50";"26.358,42"
"13071026";"Cölpin";"Gemeinden";"17.477,03";"20.063,78";"22.249,99";"26.100,00"
"13071027";"Dargun, Stadt";"Gemeinden";"17.521,39";"20.091,07";"22.314,55";"26.180,16"
"13071028";"Datzetal";"Gemeinden";"17.480,62";"20.001,67";"22.342,96";"26.131,97"
"13071029";"Demmin, Hansestadt";"Gemeinden";"17.946,60";"20.383,71";"22.476,92";"26.105,82"
"13071032";"Faulenrost";"Gemeinden";"17.602,69";"20.361,19";"22.614,65";"26.162,76"
"13071033";"Feldberger Seenlandschaft";"Gemeinden";"17.802,28";"20.510,08";"22.765,49";"26.858,45"
"13071034";"Fincken";"Gemeinden";"16.180,17";"18.157,28";"19.890,78";"23.304,11"
"13071035";"Friedland, Stadt";"Gemeinden";"17.047,08";"19.521,17";"21.559,91";"24.900,80"
"13071036";"Fünfseen";"Gemeinden";"17.961,63";"20.710,14";"22.864,90";"26.848,81"
"13071037";"Galenbeck";"Gemeinden";"16.643,31";"19.180,01";"21.420,18";"25.029,86"
"13071039";"Gielow";"Gemeinden";"16.969,09";"19.250,56";"21.636,77";"24.808,30"
"13071041";"Gnevkow";"Gemeinden";"17.680,58";"20.093,21";"21.852,48";"25.449,13"
"13071042";"Godendorf";"Gemeinden";"19.059,62";"21.423,30";"24.201,64";"27.785,35"
"13071043";"Göhren-Lebbin";"Gemeinden";"17.856,85";"20.233,01";"21.297,37";"36.019,01"
"13071044";"Golchen";"Gemeinden";"19.218,98";"21.419,16";"23.336,46";"26.878,36"
"13071045";"Gotthun";"Gemeinden";"17.044,19";"19.498,75";"21.491,26";"25.252,55"
"13071047";"Grabowhöfe";"Gemeinden";"15.861,41";"18.122,75";"19.753,18";"23.156,43"
"13071048";"Grammentin";"Gemeinden";"18.140,06";"20.871,69";"22.971,60";"26.758,18"
"13071049";"Grapzow";"Gemeinden";"16.460,51";"19.391,60";"21.131,36";"24.677,52"
"13071050";"Grischow";"Gemeinden";"14.345,36";"16.572,63";"18.892,68";"21.939,03"
"13071053";"Groß Kelle";"Gemeinden";"16.684,71";"18.785,57";"20.418,19";"23.786,14"
"13071054";"Groß Miltzow";"Gemeinden";"15.866,45";"18.349,48";"21.750,04";"25.478,40"
"13071055";"Groß Nemerow";"Gemeinden";"20.111,87";"22.828,07";"25.310,80";"29.881,15"
"13071056";"Groß Plasten";"Gemeinden";"16.006,35";"18.473,92";"20.435,39";"23.604,02"
"13071057";"Groß Teetzleben";"Gemeinden";"17.473,35";"19.986,07";"22.282,31";"26.118,82"
"13071058";"Grünow";"Gemeinden";"16.020,33";"18.577,00";"20.895,16";"24.598,39"
"13071059";"Gültz";"Gemeinden";"16.457,64";"18.506,65";"20.683,54";"24.236,26"
"13071060";"Gülzow";"Gemeinden";"15.440,19";"17.725,48";"19.201,14";"22.354,41"
"13071063";"Hohen Wangelin";"Gemeinden";"17.119,89";"19.376,86";"21.146,42";"24.648,55"
"13071064";"Hohenbollentin";"Gemeinden";"21.152,99";"23.996,19";"26.180,26";"30.434,05"
"13071065";"Hohenmocker";"Gemeinden";"16.096,79";"18.563,50";"20.916,45";"23.924,05"
"13071066";"Hohenzieritz";"Gemeinden";"16.693,05";"18.940,59";"20.999,30";"24.661,94"
"13071067";"Holldorf";"Gemeinden";"19.877,67";"22.569,80";"24.953,95";"29.002,32"
"13071068";"Ivenack";"Gemeinden";"15.437,01";"17.946,24";"19.714,99";"22.740,72"
"13071069";"Jabel";"Gemeinden";"17.026,19";"19.975,32";"22.359,38";"25.755,26"
"13071070";"Jürgenstorf";"Gemeinden";"14.691,84";"17.042,08";"18.936,01";"22.026,66"
"13071071";"Kargow";"Gemeinden";"17.607,26";"19.787,24";"21.972,36";"24.973,88"
"13071072";"Kentzlin";"Gemeinden";"18.743,56";"21.729,26";"23.248,32";"27.634,21"
"13071073";"Kieve";"Gemeinden";"17.713,02";"20.360,67";"22.191,82";"25.691,17"
"13071074";"Kittendorf";"Gemeinden";"17.386,23";"19.540,88";"21.703,18";"24.971,56"
"13071075";"Klein Vielen";"Gemeinden";"18.198,51";"20.799,87";"22.708,84";"26.863,29"
"13071076";"Kletzin";"Gemeinden";"17.236,34";"20.000,38";"22.402,34";"25.895,16"
"13071077";"Klink";"Gemeinden";"18.944,56";"21.562,19";"23.746,70";"27.823,87"
"13071078";"Klocksin";"Gemeinden";"16.302,53";"18.531,94";"20.415,48";"23.880,44"
"13071079";"Knorrendorf";"Gemeinden";"16.656,96";"19.361,45";"21.328,51";"24.713,61"
"13071080";"Kratzeburg";"Gemeinden";"18.195,52";"20.882,07";"23.077,64";"27.342,27"
"13071081";"Kriesow";"Gemeinden";"15.990,21";"18.047,51";"20.105,10";"24.138,30"
"13071083";"Kublank";"Gemeinden";"16.273,21";"18.619,29";"21.033,74";"25.404,13"
"13071084";"Kummerow, Seegemeinde";"Gemeinden";"16.948,81";"19.517,40";"21.534,63";"25.203,76"
"13071087";"Lärz";"Gemeinden";"17.236,58";"19.385,84";"21.807,43";"25.018,87"
"13071088";"Leizen";"Gemeinden";"16.304,00";"18.867,68";"21.067,41";"25.011,62"
"13071089";"Lindenberg";"Gemeinden";"17.209,55";"19.591,69";"22.175,85";"25.738,42"
"13071090";"Lindetal";"Gemeinden";"17.362,61";"19.974,18";"22.301,29";"25.965,37"
"13071092";"Malchin, Stadt";"Gemeinden";"18.355,47";"21.017,81";"23.116,78";"26.821,34"
"13071093";"Malchow, Inselstadt";"Gemeinden";"17.944,87";"20.500,43";"22.447,20";"26.172,71"
"13071096";"Meesiger";"Gemeinden";"16.318,23";"18.539,68";"20.995,52";"23.768,59"
"13071097";"Melz";"Gemeinden";"17.752,78";"20.022,75";"22.707,86";"26.561,01"
"13071099";"Mirow, Stadt";"Gemeinden";"18.671,54";"21.284,30";"23.205,89";"27.400,00"
"13071100";"Möllenbeck";"Gemeinden";"16.967,32";"19.835,46";"21.883,30";"25.336,93"
"13071101";"Möllenhagen";"Gemeinden";"16.460,44";"18.870,37";"20.847,10";"24.347,13"
"13071102";"Mölln";"Gemeinden";"16.621,54";"18.988,48";"20.935,97";"24.409,24"
"13071103";"Moltzow";"Gemeinden";"16.812,51";"19.589,18";"22.029,25";"25.369,97"
"13071104";"Neddemin";"Gemeinden";"18.955,06";"21.031,61";"23.791,51";"28.072,48"
"13071105";"Neetzka";"Gemeinden";"18.066,55";"19.488,60";"20.717,94";"24.142,97"
"13071107";"Neubrandenburg, Vier-Tore-Stadt";"Gemeinden";"19.598,82";"21.770,94";"23.563,42";"27.232,53"
"13071108";"Neuenkirchen";"Gemeinden";"19.319,63";"22.172,05";"24.421,19";"28.553,49"
"13071109";"Neukalen, Peenestadt";"Gemeinden";"16.963,75";"19.449,52";"21.889,41";"25.375,71"
"13071110";"Neustrelitz, Residenzstadt";"Gemeinden";"19.092,65";"21.659,46";"23.733,66";"27.696,62"
"13071111";"Neverin";"Gemeinden";"19.637,97";"22.398,16";"24.921,74";"29.155,81"
"13071112";"Nossendorf";"Gemeinden";"16.106,90";"18.849,18";"21.149,27";"24.575,21"
"13071113";"Nossentiner Hütte";"Gemeinden";"17.385,94";"20.566,64";"22.236,59";"25.985,30"
"13071114";"Penkow";"Gemeinden";"16.351,79";"18.542,21";"20.197,63";"0,00"
"13071115";"Penzlin, Stadt";"Gemeinden";"17.634,85";"20.270,69";"22.484,01";"26.362,96"
"13071117";"Pragsdorf";"Gemeinden";"18.270,12";"20.715,37";"22.322,85";"26.383,86"
"13071118";"Priborn";"Gemeinden";"16.799,07";"18.911,25";"20.792,27";"23.999,78"
"13071119";"Priepert";"Gemeinden";"18.087,45";"20.917,33";"23.027,17";"26.997,23"
"13071120";"Pripsleben";"Gemeinden";"14.514,60";"16.630,88";"18.430,77";"21.771,20"
"13071122";"Rechlin";"Gemeinden";"17.848,41";"20.390,12";"22.274,65";"26.210,96"
"13071123";"Ritzerow";"Gemeinden";"15.816,72";"18.327,88";"20.180,52";"23.449,37"
"13071124";"Röbel/Müritz, Stadt";"Gemeinden";"18.855,49";"21.206,94";"23.100,33";"26.855,72"
"13071125";"Röckwitz";"Gemeinden";"17.652,23";"20.037,07";"22.004,95";"25.562,20"
"13071127";"Rosenow";"Gemeinden";"17.600,09";"20.319,90";"22.430,57";"26.445,11"
"13071128";"Sarow";"Gemeinden";"15.681,53";"18.429,62";"20.566,88";"24.142,26"
"13071130";"Schönbeck";"Gemeinden";"18.259,93";"21.018,79";"22.885,02";"26.888,74"
"13071131";"Schönfeld";"Gemeinden";"17.082,03";"19.222,01";"20.792,19";"24.425,04"
"13071132";"Schönhausen";"Gemeinden";"16.526,52";"18.644,76";"20.533,86";"24.018,87"
"13071133";"Schwarz";"Gemeinden";"17.691,84";"20.348,74";"22.051,15";"25.475,36"
"13071135";"Siedenbollentin";"Gemeinden";"16.500,65";"19.126,01";"21.808,37";"25.467,60"
"13071136";"Siedenbrünzow";"Gemeinden";"15.412,87";"18.308,57";"20.381,49";"23.467,19"
"13071137";"Sietow";"Gemeinden";"17.596,49";"19.943,69";"22.491,74";"26.250,78"
"13071138";"Silz";"Gemeinden";"18.611,53";"21.368,85";"23.474,50";"27.098,21"
"13071139";"Sommersdorf";"Gemeinden";"16.480,68";"19.078,59";"21.374,43";"24.909,62"
"13071140";"Sponholz";"Gemeinden";"18.165,33";"20.568,80";"22.447,18";"26.128,90"
"13071141";"Staven";"Gemeinden";"17.304,84";"19.653,35";"21.542,77";"24.741,29"
"13071142";"Stavenhagen, Reuterstadt, Stadt";"Gemeinden";"17.443,43";"19.863,00";"22.004,68";"25.343,94"
"13071143";"Stuer";"Gemeinden";"15.929,52";"18.679,15";"20.819,58";"24.517,89"
"13071144";"Torgelow am See";"Gemeinden";"17.333,44";"19.885,27";"22.010,14";"25.936,20"
"13071145";"Trollenhagen";"Gemeinden";"18.312,01";"21.011,15";"23.805,04";"27.950,61"
"13071146";"Tützpatz";"Gemeinden";"17.938,18";"20.307,19";"22.372,33";"26.421,15"
"13071147";"Userin";"Gemeinden";"18.362,08";"20.748,60";"23.696,30";"27.727,10"
"13071148";"Utzedel";"Gemeinden";"16.425,51";"18.714,14";"20.785,11";"23.835,85"
"13071150";"Verchen";"Gemeinden";"17.703,91";"20.073,38";"22.469,00";"25.991,61"
"13071153";"Voigtsdorf";"Gemeinden";"19.426,89";"21.249,55";"23.518,15";"27.439,05"
"13071154";"Vollrathsruhe";"Gemeinden";"15.910,23";"17.975,03";"19.965,77";"23.787,63"
"13071155";"Walow";"Gemeinden";"16.595,94";"19.343,54";"21.557,01";"25.940,83"
"13071156";"Waren (Müritz), Stadt";"Gemeinden";"19.831,02";"22.367,17";"24.177,25";"28.166,75"
"13071157";"Warrenzin";"Gemeinden";"17.063,56";"19.510,25";"21.820,18";"25.088,65"
"13071158";"Werder";"Gemeinden";"16.575,17";"19.042,68";"21.124,58";"24.616,97"
"13071159";"Wesenberg, Stadt";"Gemeinden";"17.772,57";"20.544,26";"22.800,73";"26.821,25"
"13071160";"Wildberg";"Gemeinden";"16.179,84";"18.586,64";"20.717,29";"24.005,42"
"13071161";"Woggersin";"Gemeinden";"19.567,68";"22.977,89";"26.140,40";"30.378,16"
"13071162";"Wokuhl-Dabelow";"Gemeinden";"18.327,72";"20.800,59";"23.139,31";"26.820,73"
"13071163";"Wolde";"Gemeinden";"17.271,73";"19.829,65";"22.135,97";"25.683,33"
"13071164";"Woldegk, Windmühlenstadt";"Gemeinden";"17.476,44";"19.955,40";"22.074,66";"25.438,90"
"13071166";"Wulkenzin";"Gemeinden";"20.150,81";"23.570,93";"25.831,30";"30.235,38"
"13071167";"Wustrow";"Gemeinden";"18.021,51";"20.327,84";"22.437,46";"26.322,43"
"13071169";"Zettemin";"Gemeinden";"16.222,35";"18.200,82";"20.149,87";"23.805,09"
"13071170";"Zirzow";"Gemeinden";"17.576,16";"19.805,22";"21.732,35";"25.355,90"
"13071171";"Zislow";"Gemeinden";"21.536,81";"23.403,40";"25.372,79";"30.086,03"
"13071172";"Peenehagen";"Gemeinden";"16.572,22";"18.931,26";"20.873,83";"24.464,91"
"13071173";"Kuckssee";"Gemeinden";"17.287,39";"19.664,65";"22.057,62";"25.722,03"
"13071174";"Schloen-Dratow";"Gemeinden";"16.109,25";"18.452,55";"20.348,84";"23.471,42"
"13071175";"Eldetal";"Gemeinden";"17.236,33";"19.248,66";"21.167,94";"24.822,72"
"13071176";"Südmüritz";"Gemeinden";"17.402,35";"19.700,35";"21.227,58";"24.817,48"
"13072001";"Admannshagen-Bargeshagen";"Gemeinden";"21.108,98";"24.401,18";"26.886,60";"31.163,10"
"13072002";"Alt Bukow";"Gemeinden";"15.181,77";"17.401,52";"19.218,19";"22.063,03"
"13072003";"Alt Sührkow";"Gemeinden";"16.706,58";"18.940,15";"20.760,77";"24.254,61"
"13072004";"Altkalen";"Gemeinden";"15.665,40";"18.155,83";"20.286,96";"23.450,58"
"13072005";"Am Salzhaff";"Gemeinden";"18.468,96";"20.793,56";"23.345,13";"26.570,36"
"13072006";"Bad Doberan, Stadt";"Gemeinden";"20.310,27";"22.907,37";"24.759,03";"28.801,19"
"13072007";"Bartenshagen-Parkentin";"Gemeinden";"20.546,56";"23.703,05";"26.188,99";"30.744,21"
"13072008";"Bastorf";"Gemeinden";"17.268,63";"19.837,21";"22.034,53";"25.306,06"
"13072009";"Baumgarten";"Gemeinden";"16.568,73";"19.589,21";"21.381,94";"24.822,45"
"13072010";"Behren-Lübchin";"Gemeinden";"15.733,83";"18.267,25";"20.559,34";"24.141,26"
"13072011";"Benitz";"Gemeinden";"17.995,44";"20.746,92";"22.805,30";"26.759,16"
"13072012";"Bentwisch";"Gemeinden";"19.207,20";"22.079,85";"24.706,15";"28.370,64"
"13072013";"Bernitt";"Gemeinden";"16.177,98";"18.703,84";"20.720,55";"23.922,13"
"13072014";"Biendorf";"Gemeinden";"16.492,27";"18.615,18";"20.709,22";"24.158,22"
"13072015";"Blankenhagen";"Gemeinden";"19.633,19";"22.588,16";"24.277,94";"28.196,41"
"13072017";"Börgerende-Rethwisch, Seebad";"Gemeinden";"19.906,21";"22.842,55";"25.691,56";"29.987,75"
"13072018";"Bröbberow";"Gemeinden";"18.106,50";"21.192,40";"23.766,50";"27.767,17"
"13072019";"Broderstorf";"Gemeinden";"21.611,63";"24.724,52";"26.779,36";"30.863,48"
"13072020";"Bützow, Stadt";"Gemeinden";"19.058,86";"21.507,59";"23.420,49";"26.876,01"
"13072021";"Cammin";"Gemeinden";"18.791,98";"21.465,00";"24.479,37";"28.708,64"
"13072022";"Carinerland";"Gemeinden";"14.475,52";"16.807,50";"18.872,90";"22.037,36"
"13072023";"Dahmen";"Gemeinden";"16.548,22";"18.640,18";"20.636,89";"24.158,59"
"13072024";"Dalkendorf";"Gemeinden";"16.542,42";"18.540,36";"20.775,64";"24.427,98"
"13072026";"Dobbin-Linstow";"Gemeinden";"16.400,26";"19.128,30";"20.990,74";"24.834,68"
"13072027";"Dolgen am See";"Gemeinden";"16.644,95";"19.172,95";"21.060,23";"24.533,93"
"13072028";"Dreetz";"Gemeinden";"16.605,17";"19.246,51";"21.316,80";"24.766,01"
"13072029";"Dummerstorf";"Gemeinden";"19.343,65";"22.258,55";"24.430,57";"28.298,63"
"13072030";"Elmenhorst/Lichtenhagen";"Gemeinden";"21.915,98";"25.378,18";"27.861,55";"32.291,13"
"13072031";"Finkenthal";"Gemeinden";"17.711,93";"20.822,67";"23.653,19";"27.853,22"
"13072032";"Gelbensande";"Gemeinden";"17.824,58";"20.516,82";"22.511,28";"26.161,41"
"13072033";"Glasewitz";"Gemeinden";"14.062,64";"16.197,78";"18.107,86";"20.707,40"
"13072034";"Gnewitz";"Gemeinden";"15.312,19";"17.617,99";"19.380,96";"22.816,02"
"13072035";"Gnoien, Warbelstadt";"Gemeinden";"17.340,47";"19.717,95";"21.671,99";"24.884,28"
"13072036";"Graal-Müritz, Ostseeheilbad";"Gemeinden";"22.308,40";"25.612,46";"27.838,57";"32.977,80"
"13072037";"Grammow";"Gemeinden";"15.720,22";"17.607,07";"19.807,04";"23.229,03"
"13072038";"Groß Roge";"Gemeinden";"16.623,48";"19.256,91";"21.524,11";"25.193,62"
"13072039";"Groß Schwiesow";"Gemeinden";"15.674,80";"17.654,20";"20.100,90";"23.551,49"
"13072040";"Groß Wokern";"Gemeinden";"16.071,83";"18.451,08";"20.658,04";"24.013,68"
"13072041";"Groß Wüstenfelde";"Gemeinden";"17.353,15";"19.798,57";"22.244,42";"25.813,09"
"13072042";"Gülzow-Prüzen";"Gemeinden";"17.142,03";"18.754,28";"20.411,29";"23.636,54"
"13072043";"Güstrow, Barlachstadt";"Gemeinden";"18.617,30";"20.755,94";"22.554,02";"26.156,04"
"13072044";"Gutow";"Gemeinden";"17.128,12";"19.558,32";"22.466,19";"26.479,20"
"13072045";"Hohen Demzin";"Gemeinden";"15.795,14";"18.048,88";"20.117,01";"23.544,38"
"13072046";"Hohen Sprenz";"Gemeinden";"20.050,48";"21.983,87";"24.019,06";"28.058,07"
"13072047";"Hohenfelde";"Gemeinden";"19.291,57";"21.497,22";"23.856,51";"27.803,02"
"13072048";"Hoppenrade";"Gemeinden";"16.359,23";"18.760,28";"20.574,04";"24.018,26"
"13072049";"Jördenstorf";"Gemeinden";"17.777,40";"20.814,71";"23.596,22";"27.197,52"
"13072050";"Jürgenshagen";"Gemeinden";"18.683,09";"21.553,25";"23.659,43";"27.545,68"
"13072051";"Kassow";"Gemeinden";"15.429,25";"18.011,55";"20.179,78";"23.263,37"
"13072053";"Klein Belitz";"Gemeinden";"17.008,93";"19.506,13";"21.700,97";"25.174,09"
"13072055";"Klein Upahl";"Gemeinden";"20.149,33";"22.926,81";"24.687,26";"28.427,68"
"13072056";"Krakow am See, Stadt";"Gemeinden";"19.377,65";"21.895,80";"24.080,27";"27.721,47"
"13072057";"Kritzmow";"Gemeinden";"21.863,41";"25.180,27";"27.748,30";"32.443,10"
"13072058";"Kröpelin, Stadt";"Gemeinden";"17.424,30";"19.812,75";"21.784,77";"25.291,43"
"13072059";"Kuchelmiß";"Gemeinden";"15.663,78";"17.759,78";"20.150,97";"24.001,86"
"13072060";"Kühlungsborn, Ostseebad, Stadt";"Gemeinden";"20.614,84";"23.799,33";"25.749,72";"29.913,02"
"13072061";"Kuhs";"Gemeinden";"17.568,38";"19.859,96";"22.210,56";"26.293,36"
"13072062";"Laage, Stadt";"Gemeinden";"18.550,43";"21.141,37";"23.237,82";"27.004,34"
"13072063";"Lalendorf";"Gemeinden";"17.047,58";"19.402,94";"21.489,18";"24.940,47"
"13072064";"Lambrechtshagen";"Gemeinden";"20.535,06";"23.450,70";"26.031,07";"30.433,58"
"13072066";"Lelkendorf";"Gemeinden";"15.459,50";"17.857,22";"19.991,14";"23.369,19"
"13072067";"Lohmen";"Gemeinden";"16.708,55";"19.390,28";"21.502,49";"25.412,11"
"13072069";"Lüssow";"Gemeinden";"17.329,48";"19.825,50";"22.104,38";"25.608,70"
"13072071";"Mistorf";"Gemeinden";"15.334,07";"17.640,39";"19.543,40";"22.715,87"
"13072072";"Mönchhagen";"Gemeinden";"21.111,33";"24.564,24";"26.666,04";"31.097,15"
"13072073";"Mühl Rosin";"Gemeinden";"19.476,85";"22.306,58";"25.543,82";"29.726,26"
"13072074";"Neubukow, Schliemannstadt";"Gemeinden";"17.650,00";"20.160,48";"22.026,75";"25.789,88"
"13072075";"Nienhagen, Ostseebad";"Gemeinden";"23.171,58";"26.487,37";"28.675,28";"33.937,02"
"13072076";"Nustrow";"Gemeinden";"18.023,24";"20.440,86";"22.495,75";"27.239,44"
"13072077";"Papendorf";"Gemeinden";"19.563,51";"22.611,13";"25.043,57";"28.872,71"
"13072078";"Penzin";"Gemeinden";"17.367,72";"20.478,04";"22.754,89";"26.651,22"
"13072079";"Plaaz";"Gemeinden";"16.258,48";"18.761,85";"21.090,86";"24.727,64"
"13072080";"Pölchow";"Gemeinden";"21.103,05";"24.025,35";"26.235,03";"31.006,85"
"13072081";"Poppendorf";"Gemeinden";"19.401,53";"22.408,61";"24.588,63";"28.512,02"
"13072082";"Prebberede";"Gemeinden";"17.055,33";"19.205,28";"21.209,33";"24.929,25"
"13072083";"Reddelich";"Gemeinden";"17.314,89";"19.604,47";"21.735,63";"25.377,53"
"13072084";"Reimershagen";"Gemeinden";"16.475,87";"18.830,37";"20.324,60";"23.612,49"
"13072085";"Rerik, Ostseebad, Stadt";"Gemeinden";"19.978,31";"22.858,96";"25.388,76";"29.372,37"
"13072086";"Retschow";"Gemeinden";"17.469,33";"20.229,13";"22.733,00";"26.618,51"
"13072087";"Roggentin";"Gemeinden";"22.417,69";"25.648,20";"27.966,00";"32.705,17"
"13072088";"Rövershagen";"Gemeinden";"20.879,97";"23.906,84";"26.322,68";"30.256,42"
"13072089";"Rühn";"Gemeinden";"18.345,86";"21.448,77";"23.906,66";"27.310,33"
"13072090";"Rukieten";"Gemeinden";"18.804,41";"21.540,45";"23.738,14";"28.200,80"
"13072091";"Sanitz";"Gemeinden";"19.897,26";"23.021,75";"25.156,80";"29.537,59"
"13072092";"Sarmstorf";"Gemeinden";"17.146,82";"19.578,42";"21.815,92";"25.282,66"
"13072093";"Satow";"Gemeinden";"19.705,19";"22.418,16";"24.815,35";"28.769,43"
"13072094";"Schorssow";"Gemeinden";"15.483,88";"17.297,16";"19.020,97";"22.030,21"
"13072095";"Schwaan, Stadt";"Gemeinden";"18.710,23";"21.266,01";"23.444,81";"27.343,69"
"13072096";"Schwasdorf";"Gemeinden";"14.696,33";"16.532,30";"18.771,27";"21.626,89"
"13072097";"Selpin";"Gemeinden";"16.177,07";"18.372,97";"20.295,68";"23.426,77"
"13072098";"Stäbelow";"Gemeinden";"23.187,62";"26.535,56";"28.895,11";"33.610,86"
"13072099";"Steffenshagen";"Gemeinden";"18.292,02";"20.708,01";"23.060,14";"27.330,06"
"13072101";"Steinhagen";"Gemeinden";"14.851,80";"17.094,44";"19.196,70";"22.430,71"
"13072102";"Stubbendorf";"Gemeinden";"14.294,98";"16.094,42";"17.848,03";"20.793,94"
"13072103";"Sukow-Levitzow";"Gemeinden";"18.171,81";"20.778,04";"22.654,79";"26.370,23"
"13072104";"Tarnow";"Gemeinden";"16.458,87";"18.684,26";"20.673,96";"24.153,40"
"13072105";"Tessin, Blumenstadt";"Gemeinden";"18.525,52";"20.934,30";"22.943,16";"26.755,45"
"13072106";"Teterow, Bergringstadt";"Gemeinden";"18.440,80";"20.824,86";"22.705,13";"26.094,64"
"13072107";"Thelkow";"Gemeinden";"19.038,32";"21.549,30";"23.652,28";"28.392,39"
"13072108";"Thulendorf";"Gemeinden";"22.578,66";"25.382,25";"28.148,44";"32.468,51"
"13072109";"Thürkow";"Gemeinden";"15.678,75";"17.931,12";"20.100,35";"23.521,00"
"13072110";"Vorbeck";"Gemeinden";"17.862,14";"20.614,35";"23.384,07";"27.459,25"
"13072111";"Walkendorf";"Gemeinden";"16.085,33";"18.448,69";"20.144,14";"23.443,30"
"13072112";"Wardow";"Gemeinden";"16.350,42";"18.917,64";"21.246,87";"24.692,42"
"13072113";"Warnkenhagen";"Gemeinden";"18.338,79";"20.943,36";"23.042,13";"26.272,60"
"13072114";"Warnow";"Gemeinden";"17.060,53";"19.664,72";"21.703,45";"25.088,66"
"13072116";"Wiendorf";"Gemeinden";"18.209,11";"20.969,36";"23.357,28";"27.435,73"
"13072117";"Wittenbeck";"Gemeinden";"19.038,87";"21.435,33";"23.586,52";"27.976,07"
"13072118";"Zarnewanz";"Gemeinden";"16.936,97";"19.209,76";"21.558,64";"25.285,07"
"13072119";"Zehna";"Gemeinden";"16.323,40";"18.478,47";"20.396,12";"24.127,26"
"13072120";"Zepelin";"Gemeinden";"16.958,75";"19.447,25";"21.276,72";"24.857,93"
"13072121";"Ziesendorf";"Gemeinden";"18.982,55";"21.945,87";"24.476,61";"27.939,09"
"13073001";"Ahrenshagen-Daskow";"Gemeinden";"17.087,24";"19.486,29";"21.745,65";"25.444,21"
"13073002";"Ahrenshoop, Ostseebad";"Gemeinden";"20.881,81";"23.653,04";"26.166,70";"30.862,22"
"13073003";"Altefähr";"Gemeinden";"19.694,08";"22.443,62";"25.039,48";"29.501,98"
"13073004";"Altenkirchen";"Gemeinden";"15.989,19";"17.802,96";"19.470,45";"22.383,90"
"13073005";"Altenpleen";"Gemeinden";"17.036,14";"19.550,62";"21.754,10";"25.313,95"
"13073006";"Baabe, Ostseebad";"Gemeinden";"19.263,81";"21.419,68";"23.725,31";"27.588,91"
"13073007";"Bad Sülze, Stadt";"Gemeinden";"18.333,05";"20.784,31";"22.746,41";"26.365,24"
"13073009";"Barth, Stadt";"Gemeinden";"17.312,76";"19.552,24";"21.438,34";"24.839,83"
"13073010";"Bergen auf Rügen, Stadt";"Gemeinden";"17.981,54";"20.361,86";"22.235,80";"25.792,16"
"13073011";"Binz, Ostseebad";"Gemeinden";"19.276,38";"21.772,18";"23.962,86";"27.955,31"
"13073012";"Born a. Darß";"Gemeinden";"19.351,23";"22.028,71";"24.088,69";"27.949,56"
"13073013";"Breege";"Gemeinden";"18.036,39";"20.782,51";"22.671,87";"26.638,07"
"13073014";"Buschvitz";"Gemeinden";"18.138,33";"20.441,13";"22.965,62";"26.826,71"
"13073015";"Dettmannsdorf";"Gemeinden";"17.297,89";"19.481,95";"21.847,07";"25.110,67"
"13073016";"Deyelsdorf";"Gemeinden";"16.565,25";"19.527,92";"21.449,25";"24.660,89"
"13073017";"Dierhagen, Ostseebad";"Gemeinden";"19.781,63";"22.734,81";"24.844,28";"28.442,98"
"13073018";"Divitz-Spoldershagen";"Gemeinden";"16.018,06";"18.312,49";"20.329,48";"23.604,57"
"13073019";"Dranske";"Gemeinden";"16.972,94";"19.237,05";"21.031,06";"24.235,35"
"13073020";"Drechow";"Gemeinden";"18.334,22";"20.713,31";"22.256,10";"25.632,92"
"13073021";"Dreschvitz";"Gemeinden";"15.088,96";"17.220,90";"19.170,82";"22.409,70"
"13073022";"Eixen";"Gemeinden";"16.109,81";"18.394,13";"20.461,75";"23.612,75"
"13073023";"Elmenhorst";"Gemeinden";"16.283,52";"18.417,14";"20.247,90";"24.199,78"
"13073024";"Franzburg, Stadt";"Gemeinden";"17.797,32";"20.333,52";"22.380,85";"25.658,57"
"13073025";"Fuhlendorf";"Gemeinden";"17.404,32";"19.938,19";"21.821,48";"25.688,02"
"13073027";"Garz/Rügen, Stadt";"Gemeinden";"17.310,08";"19.812,54";"21.993,32";"25.719,67"
"13073028";"Gingst";"Gemeinden";"17.332,71";"19.747,31";"21.699,02";"25.312,29"
"13073029";"Glewitz";"Gemeinden";"17.431,07";"20.080,29";"22.268,74";"26.310,83"
"13073030";"Glowe, Seebad";"Gemeinden";"19.324,02";"21.571,75";"24.325,80";"28.854,61"
"13073031";"Göhren, Ostseebad";"Gemeinden";"18.615,84";"20.444,62";"22.356,31";"26.068,02"
"13073032";"Grammendorf";"Gemeinden";"16.791,34";"19.105,01";"21.365,27";"25.116,30"
"13073033";"Gransebieth";"Gemeinden";"16.016,10";"18.675,52";"20.941,58";"24.074,84"
"13073034";"Gremersdorf-Buchholz";"Gemeinden";"15.284,95";"17.641,88";"19.591,77";"22.310,25"
"13073035";"Grimmen, Stadt";"Gemeinden";"18.532,46";"21.387,48";"23.246,75";"27.077,26"
"13073036";"Groß Kordshagen";"Gemeinden";"18.128,12";"20.915,07";"22.931,91";"27.044,85"
"13073037";"Groß Mohrdorf";"Gemeinden";"16.731,67";"19.481,56";"21.504,92";"25.532,06"
"13073038";"Gustow";"Gemeinden";"18.307,71";"21.084,99";"22.778,93";"26.871,46"
"13073039";"Hugoldsdorf";"Gemeinden";"15.658,88";"17.172,01";"18.231,72";"20.784,35"
"13073040";"Insel Hiddensee, Seebad";"Gemeinden";"18.204,30";"21.018,30";"22.840,10";"26.623,59"
"13073041";"Jakobsdorf";"Gemeinden";"16.776,26";"19.277,86";"21.622,34";"25.170,05"
"13073042";"Karnin";"Gemeinden";"17.601,48";"19.916,47";"22.128,18";"25.612,03"
"13073043";"Kenz-Küstrow";"Gemeinden";"17.222,63";"19.607,56";"21.832,55";"25.784,04"
"13073044";"Klausdorf";"Gemeinden";"18.218,47";"21.146,27";"23.460,85";"27.489,67"
"13073045";"Kluis";"Gemeinden";"17.032,33";"19.312,15";"21.362,96";"24.345,58"
"13073046";"Kramerhof";"Gemeinden";"17.625,49";"20.484,37";"22.906,09";"27.104,08"
"13073048";"Lancken-Granitz";"Gemeinden";"15.064,89";"17.484,29";"19.220,80";"22.354,29"
"13073049";"Lietzow";"Gemeinden";"16.229,21";"18.762,50";"20.653,03";"23.868,97"
"13073050";"Lindholz";"Gemeinden";"17.051,11";"19.285,34";"21.129,91";"24.802,98"
"13073051";"Löbnitz";"Gemeinden";"16.600,59";"19.105,10";"20.802,24";"24.632,59"
"13073052";"Lohme";"Gemeinden";"18.413,79";"21.183,04";"23.746,16";"27.698,83"
"13073053";"Lüdershagen";"Gemeinden";"17.733,69";"20.053,59";"22.081,54";"25.940,47"
"13073054";"Lüssow";"Gemeinden";"17.541,13";"20.277,80";"22.377,81";"25.815,23"
"13073055";"Marlow, Stadt";"Gemeinden";"17.953,75";"20.421,07";"22.669,01";"26.466,78"
"13073057";"Millienhagen-Oebelitz";"Gemeinden";"15.586,79";"17.863,99";"19.167,84";"22.323,29"
"13073059";"Neuenkirchen";"Gemeinden";"17.690,34";"20.234,19";"21.757,92";"25.799,99"
"13073060";"Niepars";"Gemeinden";"17.556,24";"20.276,28";"22.451,02";"26.171,11"
"13073061";"Pantelitz";"Gemeinden";"19.020,12";"21.815,14";"23.733,27";"27.764,74"
"13073062";"Papenhagen";"Gemeinden";"17.245,15";"20.093,77";"22.019,62";"25.816,24"
"13073063";"Parchtitz";"Gemeinden";"17.091,71";"19.557,85";"21.949,11";"25.531,38"
"13073064";"Patzig";"Gemeinden";"16.102,52";"18.677,74";"20.707,31";"24.143,95"
"13073065";"Poseritz";"Gemeinden";"18.376,00";"21.062,88";"22.847,30";"26.853,90"
"13073066";"Preetz";"Gemeinden";"17.330,11";"20.069,70";"22.566,08";"26.388,49"
"13073067";"Prerow, Ostseebad";"Gemeinden";"19.762,65";"22.475,09";"24.596,58";"28.473,58"
"13073068";"Prohn";"Gemeinden";"19.356,53";"22.320,39";"24.384,61";"28.284,16"
"13073069";"Pruchten";"Gemeinden";"18.823,96";"21.422,03";"23.351,21";"27.268,10"
"13073070";"Putbus, Stadt";"Gemeinden";"18.203,02";"20.909,75";"23.103,08";"26.971,06"
"13073071";"Putgarten";"Gemeinden";"18.514,71";"20.916,80";"22.990,61";"26.770,61"
"13073072";"Ralswiek";"Gemeinden";"16.256,68";"18.676,77";"20.400,17";"24.224,49"
"13073073";"Rambin";"Gemeinden";"18.047,11";"20.769,67";"22.990,29";"26.695,63"
"13073074";"Rappin";"Gemeinden";"16.263,21";"18.986,42";"21.341,54";"24.964,11"
"13073075";"Ribnitz-Damgarten, Bernsteinstadt";"Gemeinden";"18.471,78";"21.028,40";"23.134,63";"26.900,94"
"13073076";"Richtenberg, Stadt";"Gemeinden";"18.171,42";"20.610,95";"22.866,98";"26.266,81"
"13073077";"Saal";"Gemeinden";"16.411,77";"18.667,25";"20.778,13";"24.284,06"
"13073078";"Sagard";"Gemeinden";"16.628,49";"19.058,82";"20.898,86";"24.285,94"
"13073079";"Samtens";"Gemeinden";"16.425,99";"18.883,40";"20.894,41";"24.445,01"
"13073080";"Sassnitz, Stadt";"Gemeinden";"18.327,53";"20.817,78";"22.633,32";"26.398,47"
"13073081";"Schaprode";"Gemeinden";"18.197,74";"20.688,25";"22.622,98";"26.159,22"
"13073082";"Schlemmin";"Gemeinden";"18.055,21";"20.079,20";"21.908,79";"25.362,59"
"13073083";"Sehlen";"Gemeinden";"17.271,53";"20.065,16";"21.935,95";"25.673,04"
"13073084";"Sellin, Ostseebad";"Gemeinden";"17.165,58";"19.461,49";"21.340,84";"24.714,25"
"13073085";"Semlow";"Gemeinden";"16.050,08";"18.211,69";"20.369,95";"23.656,95"
"13073086";"Splietsdorf";"Gemeinden";"18.103,30";"20.383,73";"22.633,28";"26.771,20"
"13073087";"Steinhagen";"Gemeinden";"19.700,12";"22.907,78";"25.537,81";"29.747,88"
"13073088";"Stralsund, Hansestadt";"Gemeinden";"19.370,81";"21.411,30";"23.135,40";"26.710,42"
"13073089";"Süderholz";"Gemeinden";"17.596,46";"20.393,52";"22.399,88";"26.034,91"
"13073090";"Sundhagen";"Gemeinden";"17.652,59";"20.377,30";"22.496,11";"26.322,15"
"13073092";"Trent";"Gemeinden";"16.585,57";"18.887,32";"20.305,05";"23.509,04"
"13073093";"Tribsees, Stadt";"Gemeinden";"17.389,78";"19.925,16";"21.989,89";"25.632,77"
"13073094";"Trinwillershagen";"Gemeinden";"16.282,17";"18.845,62";"20.524,21";"23.726,32"
"13073095";"Ummanz";"Gemeinden";"17.313,36";"20.286,87";"22.674,43";"26.412,74"
"13073096";"Velgast";"Gemeinden";"16.795,52";"19.093,63";"21.121,15";"24.214,09"
"13073097";"Weitenhagen";"Gemeinden";"15.988,19";"18.073,98";"20.137,76";"23.492,79"
"13073098";"Wendisch Baggendorf";"Gemeinden";"16.125,63";"18.154,46";"19.849,92";"23.139,86"
"13073099";"Wendorf";"Gemeinden";"17.140,08";"19.986,11";"22.390,27";"25.884,16"
"13073100";"Wieck a. Darß";"Gemeinden";"19.261,60";"22.233,48";"24.829,92";"28.753,78"
"13073101";"Wiek";"Gemeinden";"17.689,06";"19.987,55";"21.789,13";"25.002,73"
"13073102";"Wittenhagen";"Gemeinden";"17.214,48";"19.758,65";"21.964,44";"25.780,74"
"13073103";"Wustrow, Ostseebad";"Gemeinden";"21.619,38";"24.512,41";"26.864,07";"31.591,20"
"13073104";"Zarrendorf";"Gemeinden";"18.171,33";"20.958,18";"23.223,59";"27.004,39"
"13073105";"Zingst, Ostseeheilbad";"Gemeinden";"20.776,92";"23.213,65";"25.409,28";"29.393,64"
"13073106";"Zirkow";"Gemeinden";"16.325,63";"18.390,48";"20.458,29";"23.842,48"
"13073107";"Mönchgut, Ostseebad";"Gemeinden";"17.668,08";;"22.649,54";"26.007,88"
"13074001";"Alt Meteln";"Gemeinden";"20.063,26";"22.315,03";"24.347,65";"28.127,39"
"13074002";"Bad Kleinen";"Gemeinden";"18.091,93";"20.640,92";"22.781,82";"26.655,71"
"13074003";"Barnekow";"Gemeinden";"16.934,88";"19.519,73";"21.340,15";"25.237,27"
"13074004";"Benz";"Gemeinden";"17.500,11";"19.907,65";"22.307,33";"26.182,17"
"13074005";"Bernstorf";"Gemeinden";"16.985,83";"18.840,96";"20.768,81";"24.431,27"
"13074006";"Bibow";"Gemeinden";"16.594,42";"18.858,53";"21.041,76";"24.998,98"
"13074007";"Blowatz";"Gemeinden";"16.934,98";"19.435,25";"21.551,42";"25.437,35"
"13074008";"Bobitz";"Gemeinden";"18.387,46";"21.118,88";"23.112,34";"26.984,53"
"13074009";"Boiensdorf";"Gemeinden";"17.534,92";"20.480,16";"23.084,90";"27.052,89"
"13074010";"Boltenhagen, Ostseebad";"Gemeinden";"20.126,79";"22.883,38";"25.002,10";"29.021,40"
"13074012";"Brüsewitz";"Gemeinden";"18.154,30";"20.820,26";"23.163,20";"26.870,07"
"13074013";"Carlow";"Gemeinden";"18.981,70";"21.603,76";"23.932,56";"28.090,54"
"13074014";"Cramonshagen";"Gemeinden";"19.099,90";"21.792,43";"24.439,22";"28.724,33"
"13074015";"Dalberg-Wendelstorf";"Gemeinden";"20.538,44";"23.565,87";"26.308,38";"30.077,48"
"13074016";"Damshagen";"Gemeinden";"18.174,27";"20.356,92";"22.664,79";"26.311,22"
"13074017";"Dassow, Stadt";"Gemeinden";"20.029,86";"22.521,01";"24.668,19";"28.857,47"
"13074018";"Dechow";"Gemeinden";"19.971,85";"21.673,05";"23.216,02";"27.144,15"
"13074019";"Dorf Mecklenburg";"Gemeinden";"18.514,96";"21.427,27";"23.625,40";"27.651,99"
"13074020";"Dragun";"Gemeinden";"18.250,31";"20.902,91";"23.372,89";"26.804,39"
"13074021";"Gadebusch, Stadt";"Gemeinden";"19.601,23";"21.954,20";"24.050,81";"28.034,05"
"13074022";"Gägelow";"Gemeinden";"18.882,89";"21.739,55";"24.076,13";"27.674,10"
"13074023";"Glasin";"Gemeinden";"16.640,58";"19.126,70";"20.870,42";"24.315,97"
"13074024";"Gottesgabe";"Gemeinden";"18.478,47";"21.185,06";"23.273,33";"26.791,09"
"13074025";"Grambow";"Gemeinden";"17.511,13";"20.293,35";"22.399,68";"26.535,07"
"13074026";"Grevesmühlen, Stadt";"Gemeinden";"19.052,57";"21.453,77";"23.297,44";"27.191,86"
"13074027";"Grieben";"Gemeinden";"20.051,36";"21.921,66";"22.863,51";"26.042,15"
"13074028";"Groß Molzahn";"Gemeinden";"19.433,32";"22.201,17";"24.697,31";"28.622,72"
"13074030";"Groß Stieten";"Gemeinden";"16.213,55";"18.818,27";"20.707,36";"24.751,91"
"13074031";"Hohen Viecheln";"Gemeinden";"20.601,88";"22.899,07";"25.532,32";"30.133,58"
"13074032";"Hohenkirchen";"Gemeinden";"18.242,34";"21.089,31";"23.271,87";"26.374,40"
"13074033";"Holdorf";"Gemeinden";"16.744,70";"18.760,23";"20.828,95";"24.110,57"
"13074034";"Hornstorf";"Gemeinden";"16.947,45";"19.562,86";"21.763,74";"25.360,23"
"13074035";"Insel Poel, Ostseebad";"Gemeinden";"20.261,55";"23.186,76";"25.541,32";"29.708,84"
"13074036";"Jesendorf";"Gemeinden";"16.075,32";"18.541,06";"22.251,64";"25.656,23"
"13074037";"Kalkhorst";"Gemeinden";"18.789,71";"21.389,23";"23.342,49";"27.492,34"
"13074038";"Klein Trebbow";"Gemeinden";"18.592,23";"21.651,28";"25.608,80";"29.552,36"
"13074039";"Klütz, Stadt";"Gemeinden";"18.815,19";"21.538,80";"23.370,53";"27.565,77"
"13074040";"Kneese";"Gemeinden";"16.284,43";"18.452,82";"20.309,83";"23.660,32"
"13074042";"Königsfeld";"Gemeinden";"17.921,30";"20.482,44";"22.559,33";"26.406,94"
"13074043";"Krembz";"Gemeinden";"16.691,89";"19.282,55";"21.239,49";"24.898,61"
"13074044";"Krusenhagen";"Gemeinden";"18.686,87";"21.566,84";"24.085,57";"27.756,80"
"13074046";"Lübberstorf";"Gemeinden";"17.285,10";"20.084,18";"22.094,38";"25.981,55"
"13074047";"Lübow";"Gemeinden";"18.346,69";"21.133,69";"23.302,89";"26.713,19"
"13074048";"Lübstorf";"Gemeinden";"22.282,00";"25.038,70";"27.961,84";"32.588,54"
"13074049";"Lüdersdorf";"Gemeinden";"20.386,79";"22.929,90";"25.108,33";"29.431,21"
"13074050";"Lützow";"Gemeinden";"19.768,18";"22.282,17";"24.446,11";"28.187,39"
"13074052";"Menzendorf";"Gemeinden";"14.937,47";"17.252,16";"19.297,41";"22.420,39"
"13074053";"Metelsdorf";"Gemeinden";"18.945,51";"21.753,27";"23.824,32";"27.318,15"
"13074054";"Mühlen Eichsen";"Gemeinden";"17.609,78";"20.316,34";"22.223,93";"25.787,31"
"13074056";"Neuburg";"Gemeinden";"18.541,63";"20.973,72";"23.004,30";"26.813,49"
"13074057";"Neukloster, Stadt";"Gemeinden";"18.148,85";"20.888,13";"22.764,58";"26.414,66"
"13074060";"Passee";"Gemeinden";"15.628,00";"18.305,60";"20.300,47";"23.269,86"
"13074061";"Perlin";"Gemeinden";"16.840,98";"19.389,70";"21.223,50";"25.095,23"
"13074062";"Pingelshagen";"Gemeinden";"21.675,98";"24.650,90";"27.285,68";"31.998,21"
"13074064";"Pokrent";"Gemeinden";"18.479,11";"21.485,24";"23.536,04";"27.625,45"
"13074065";"Rehna, Stadt";"Gemeinden";"17.832,41";"20.537,77";"22.819,42";"26.567,56"
"13074066";"Rieps";"Gemeinden";"18.482,86";"20.887,12";"23.398,26";"26.957,52"
"13074067";"Roduchelstorf";"Gemeinden";"17.361,27";"19.889,32";"22.102,05";"25.934,96"
"13074068";"Roggendorf";"Gemeinden";"17.577,37";"20.083,89";"22.012,27";"25.902,07"
"13074069";"Roggenstorf";"Gemeinden";"18.010,54";"20.396,62";"22.553,89";"25.914,61"
"13074070";"Rögnitz";"Gemeinden";"17.315,86";"19.795,28";"21.894,61";"25.620,40"
"13074071";"Rüting";"Gemeinden";"17.750,39";"19.825,30";"21.844,56";"25.186,29"
"13074072";"Schildetal";"Gemeinden";"17.129,30";"19.470,62";"21.787,40";"25.647,50"
"13074073";"Schlagsdorf";"Gemeinden";"17.038,43";"19.837,13";"21.754,33";"25.226,76"
"13074074";"Schönberg, Stadt";"Gemeinden";"19.377,51";"21.954,70";"23.705,61";"27.715,81"
"13074075";"Seehof";"Gemeinden";"22.420,13";"25.772,02";"28.480,52";"32.983,03"
"13074076";"Selmsdorf";"Gemeinden";"20.349,44";"22.972,30";"24.422,43";"28.156,99"
"13074077";"Testorf-Steinfort";"Gemeinden";"16.911,71";"19.442,87";"21.746,20";"25.309,66"
"13074078";"Thandorf";"Gemeinden";"20.214,60";"22.504,70";"24.763,43";"28.653,52"
"13074079";"Upahl";"Gemeinden";"17.288,50";"19.552,15";"21.837,45";"25.033,55"
"13074080";"Utecht";"Gemeinden";"17.925,32";"21.801,65";"25.215,86";"29.060,08"
"13074081";"Veelböken";"Gemeinden";"16.489,71";"18.973,27";"20.985,95";"24.296,07"
"13074082";"Ventschow";"Gemeinden";"17.179,16";"19.843,11";"21.936,45";"25.140,50"
"13074084";"Warin, Stadt";"Gemeinden";"17.645,87";"20.395,15";"22.765,17";"26.305,51"
"13074085";"Warnow";"Gemeinden";"18.197,94";"20.745,48";"22.876,33";"26.450,95"
"13074087";"Wismar, Hansestadt";"Gemeinden";"19.406,76";"21.690,48";"23.170,81";"26.815,13"
"13074088";"Zickhusen";"Gemeinden";"18.828,93";"21.286,00";"23.226,54";"27.129,77"
"13074089";"Zierow";"Gemeinden";"18.312,16";"21.267,22";"23.609,75";"27.632,90"
"13074090";"Zurow";"Gemeinden";"17.369,88";"19.716,70";"21.965,86";"25.403,40"
"13074091";"Züsow";"Gemeinden";"17.017,69";"19.653,52";"21.753,44";"24.860,11"
"13074092";"Wedendorfersee";"Gemeinden";"18.407,22";"20.676,23";"22.714,50";"26.510,74"
"13074093";"Stepenitztal";"Gemeinden";"17.735,58";"20.251,99";"21.960,34";"25.839,95"
"13074094";"Siemz-Niendorf";"Gemeinden";"18.170,40";"20.692,91";"22.801,10";"26.378,91"
"13075001";"Ahlbeck";"Gemeinden";"17.232,04";"19.385,37";"21.347,52";"25.180,97"
"13075002";"Alt Tellin";"Gemeinden";"17.162,31";"19.431,92";"21.240,06";"24.918,50"
"13075003";"Altwarp, Fischerdorf";"Gemeinden";"17.452,64";"20.181,68";"22.252,77";"26.053,34"
"13075004";"Altwigshagen";"Gemeinden";"16.184,99";"18.400,86";"21.450,90";"24.929,85"
"13075005";"Anklam, Hansestadt";"Gemeinden";"17.709,90";"20.284,32";"22.495,24";"26.018,15"
"13075006";"Bandelin";"Gemeinden";"15.568,01";"17.878,17";"19.958,58";"23.238,33"
"13075007";"Bargischow";"Gemeinden";"15.622,66";"18.261,79";"20.540,34";"23.882,46"
"13075008";"Behrenhoff";"Gemeinden";"15.455,92";"18.053,14";"19.985,29";"23.608,13"
"13075009";"Bentzin";"Gemeinden";"15.572,22";"18.062,12";"19.981,10";"23.526,85"
"13075010";"Benz";"Gemeinden";"18.563,27";"21.059,77";"22.548,02";"26.628,25"
"13075011";"Bergholz";"Gemeinden";"14.719,32";"16.889,52";"18.894,86";"22.048,94"
"13075012";"Blankensee";"Gemeinden";"16.644,90";"18.573,13";"20.762,68";"24.468,27"
"13075013";"Blesewitz";"Gemeinden";"14.849,74";"17.041,53";"19.369,55";"22.786,58"
"13075015";"Boldekow";"Gemeinden";"16.395,40";"19.141,15";"21.116,69";"24.601,55"
"13075016";"Boock";"Gemeinden";"15.657,58";"17.818,49";"20.167,53";"24.054,95"
"13075017";"Brietzig";"Gemeinden";"18.134,07";"19.652,18";"20.936,47";"24.151,98"
"13075018";"Brünzow";"Gemeinden";"17.593,56";"20.111,63";"22.388,60";"25.971,83"
"13075020";"Bugewitz";"Gemeinden";"15.807,28";"17.988,77";"19.859,22";"22.787,10"
"13075021";"Buggenhagen";"Gemeinden";"14.040,29";"15.945,26";"18.157,89";"21.181,78"
"13075022";"Butzow";"Gemeinden";"17.476,99";"20.119,55";"22.532,61";"26.037,83"
"13075023";"Daberkow";"Gemeinden";"15.508,21";"17.932,18";"20.083,30";"23.304,64"
"13075025";"Dargelin";"Gemeinden";"16.344,52";"18.932,25";"20.864,78";"24.519,04"
"13075026";"Dargen";"Gemeinden";"15.985,01";"18.072,04";"19.722,58";"22.715,89"
"13075027";"Dersekow";"Gemeinden";"16.914,72";"19.332,75";"21.408,49";"24.671,72"
"13075029";"Ducherow";"Gemeinden";"16.407,33";"19.075,01";"21.116,92";"24.244,79"
"13075031";"Eggesin, Stadt";"Gemeinden";"18.127,69";"20.756,13";"22.803,29";"26.657,73"
"13075032";"Fahrenwalde";"Gemeinden";"16.048,35";"18.155,30";"20.378,89";"23.596,48"
"13075033";"Ferdinandshof";"Gemeinden";"17.233,75";"19.792,39";"21.763,33";"25.383,15"
"13075034";"Garz";"Gemeinden";"16.940,25";"18.919,24";"19.764,46";"22.487,91"
"13075035";"Glasow";"Gemeinden";"16.662,25";"18.431,00";"19.787,03";"23.050,35"
"13075036";"Görmin";"Gemeinden";"16.276,49";"18.625,97";"20.857,41";"24.078,74"
"13075037";"Grambin";"Gemeinden";"18.360,02";"20.694,11";"22.785,43";"26.136,68"
"13075038";"Grambow";"Gemeinden";"16.904,05";"19.106,51";"21.114,51";"24.990,85"
"13075039";"Greifswald, Universitäts- und Hansestadt";"Gemeinden";"18.797,93";"21.106,16";"22.386,07";"25.907,84"
"13075040";"Gribow";"Gemeinden";"15.159,47";"17.458,33";"19.198,38";"22.264,57"
"13075041";"Groß Kiesow";"Gemeinden";"16.358,21";"18.973,22";"20.947,25";"24.464,80"
"13075042";"Groß Luckow";"Gemeinden";"16.262,26";"18.625,83";"19.784,73";"22.934,51"
"13075043";"Groß Polzin";"Gemeinden";"17.475,32";"19.972,15";"22.302,08";"25.916,34"
"13075044";"Gützkow, Stadt";"Gemeinden";"17.432,94";"20.120,55";"22.192,04";"25.756,98"
"13075045";"Hammer a.d. Uecker";"Gemeinden";"15.602,60";"17.870,23";"20.064,17";"23.306,05"
"13075046";"Hanshagen";"Gemeinden";"19.230,64";"21.913,08";"23.973,76";"27.963,75"
"13075048";"Heinrichswalde";"Gemeinden";"16.805,70";"19.560,87";"21.672,30";"25.140,90"
"13075049";"Heringsdorf, Ostseebad";"Gemeinden";"19.042,96";"21.613,10";"23.593,28";"26.947,20"
"13075050";"Hinrichshagen";"Gemeinden";"16.683,85";"19.399,96";"21.572,38";"25.142,39"
"13075051";"Hintersee";"Gemeinden";"16.940,78";"19.272,96";"21.777,44";"25.838,84"
"13075053";"Iven";"Gemeinden";"16.938,07";"19.538,24";"21.639,58";"25.327,72"
"13075054";"Jarmen, Stadt";"Gemeinden";"17.303,74";"19.682,60";"21.673,00";"25.092,44"
"13075055";"Jatznick";"Gemeinden";"16.921,81";"19.448,76";"21.671,76";"25.158,83"
"13075056";"Kamminke";"Gemeinden";"16.373,24";"18.526,31";"20.120,09";"23.395,04"
"13075058";"Karlshagen, Ostseebad";"Gemeinden";"19.608,19";"22.636,40";"24.710,77";"28.503,26"
"13075059";"Katzow";"Gemeinden";"17.776,62";"20.482,14";"22.397,97";"25.485,52"
"13075060";"Kemnitz";"Gemeinden";"17.545,78";"20.086,95";"22.288,06";"26.085,51"
"13075061";"Klein Bünzow";"Gemeinden";"15.998,96";"18.423,54";"20.503,01";"23.885,69"
"13075063";"Koblentz";"Gemeinden";"15.219,94";"17.084,66";"18.984,66";"22.163,51"
"13075065";"Korswandt";"Gemeinden";"16.803,61";"18.635,03";"20.108,72";"23.588,59"
"13075066";"Koserow, Ostseebad";"Gemeinden";"19.698,33";"22.428,79";"24.507,86";"27.916,31"
"13075067";"Krackow";"Gemeinden";"16.950,00";"19.523,52";"21.402,55";"25.211,84"
"13075068";"Krien";"Gemeinden";"17.186,11";"19.420,61";"21.339,66";"24.881,05"
"13075069";"Kröslin";"Gemeinden";"18.908,08";"21.878,44";"24.142,59";"27.971,11"
"13075070";"Kruckow";"Gemeinden";"16.189,81";"18.725,15";"20.640,79";"24.137,63"
"13075071";"Krugsdorf";"Gemeinden";"15.829,93";"18.577,39";"21.063,71";"24.593,03"
"13075072";"Krummin";"Gemeinden";"18.368,99";"21.180,15";"23.015,98";"27.125,05"
"13075073";"Krusenfelde";"Gemeinden";"15.271,43";"17.668,55";"19.215,00";"22.405,77"
"13075074";"Lassan, Stadt";"Gemeinden";"16.655,24";"19.062,89";"21.457,33";"24.481,09"
"13075075";"Leopoldshagen";"Gemeinden";"15.318,65";"17.460,24";"19.457,39";"22.626,90"
"13075076";"Levenhagen";"Gemeinden";"18.291,34";"20.553,28";"22.672,66";"26.496,38"
"13075078";"Liepgarten";"Gemeinden";"17.081,99";"19.799,66";"21.460,44";"25.129,64"
"13075079";"Löcknitz";"Gemeinden";"18.036,20";"20.593,33";"22.459,92";"26.210,70"
"13075080";"Loddin, Seebad";"Gemeinden";"19.000,63";"21.808,90";"23.625,36";"27.626,05"
"13075081";"Loissin";"Gemeinden";"17.373,66";"19.638,17";"22.026,39";"26.029,12"
"13075082";"Loitz, Stadt";"Gemeinden";"16.731,25";"19.200,02";"21.250,30";"24.828,32"
"13075083";"Lubmin, Seebad";"Gemeinden";"22.760,35";"26.317,31";"28.872,05";"33.951,72"
"13075084";"Lübs";"Gemeinden";"16.803,61";"19.350,41";"21.325,16";"24.876,67"
"13075085";"Luckow";"Gemeinden";"17.112,47";"19.716,01";"21.301,21";"24.489,52"
"13075087";"Lütow";"Gemeinden";"18.110,37";"20.624,43";"22.375,48";"26.067,78"
"13075088";"Medow";"Gemeinden";"16.222,60";"19.031,01";"20.805,10";"24.301,55"
"13075089";"Meiersberg";"Gemeinden";"15.673,06";"18.473,48";"20.679,61";"24.318,31"
"13075090";"Mellenthin";"Gemeinden";"17.169,25";"19.674,70";"21.453,85";"24.696,53"
"13075091";"Mesekenhagen";"Gemeinden";"19.144,39";"22.146,60";"24.608,19";"28.164,23"
"13075092";"Mölschow";"Gemeinden";"17.480,78";"20.155,86";"22.229,64";"25.877,82"
"13075093";"Mönkebude";"Gemeinden";"18.722,98";"21.816,51";"25.058,30";"29.799,87"
"13075094";"Murchin";"Gemeinden";"16.706,30";"19.650,13";"21.867,82";"25.608,50"
"13075095";"Nadrensee";"Gemeinden";"16.450,86";"18.654,13";"20.182,61";"23.891,50"
"13075097";"Neu Boltenhagen";"Gemeinden";"15.625,50";"18.042,01";"19.878,01";"23.447,34"
"13075098";"Neu Kosenow";"Gemeinden";"16.498,38";"19.151,66";"21.427,26";"24.803,88"
"13075101";"Neuenkirchen";"Gemeinden";"20.828,17";"23.857,37";"25.490,98";"29.091,16"
"13075102";"Neuenkirchen";"Gemeinden";"19.241,19";"22.194,51";"24.838,47";"28.778,67"
"13075103";"Nieden";"Gemeinden";"16.685,11";"19.030,37";"21.399,73";"24.747,18"
"13075104";"Papendorf";"Gemeinden";"15.915,92";"18.451,24";"20.577,43";"24.185,50"
"13075105";"Pasewalk, Stadt";"Gemeinden";"17.803,37";"20.131,41";"21.977,28";"25.603,03"
"13075106";"Peenemünde";"Gemeinden";"14.838,04";"16.649,63";"18.917,54";"22.214,21"
"13075107";"Penkun, Stadt";"Gemeinden";"17.812,43";"20.341,77";"22.541,86";"26.463,17"
"13075108";"Plöwen";"Gemeinden";"17.801,72";"20.606,54";"22.893,46";"27.070,88"
"13075109";"Polzow";"Gemeinden";"20.719,26";"23.053,75";"25.177,78";"28.972,74"
"13075110";"Postlow";"Gemeinden";"15.112,03";"17.493,11";"19.140,50";"21.986,12"
"13075111";"Pudagla";"Gemeinden";"17.790,65";"19.526,74";"21.711,77";"24.862,70"
"13075113";"Ramin";"Gemeinden";"15.506,62";"17.926,19";"19.822,45";"23.166,05"
"13075114";"Rankwitz";"Gemeinden";"17.945,76";"20.366,49";"22.769,17";"26.158,45"
"13075115";"Rollwitz";"Gemeinden";"15.875,63";"18.374,82";"20.472,55";"23.821,07"
"13075116";"Rossin";"Gemeinden";"14.292,14";"16.908,67";"18.466,58";"21.524,44"
"13075117";"Rossow";"Gemeinden";"15.235,35";"17.505,49";"19.241,22";"22.591,69"
"13075118";"Rothemühl";"Gemeinden";"17.428,21";"19.938,83";"22.520,97";"25.478,20"
"13075119";"Rothenklempenow";"Gemeinden";"17.407,43";"19.805,78";"21.879,52";"25.217,22"
"13075120";"Rubenow";"Gemeinden";"15.493,01";"17.796,58";"19.850,60";"23.040,87"
"13075121";"Rubkow";"Gemeinden";"16.150,21";"18.639,54";"20.339,29";"23.694,11"
"13075122";"Sarnow";"Gemeinden";"15.642,02";"17.849,88";"20.596,26";"23.852,30"
"13075123";"Sassen-Trantow";"Gemeinden";"17.495,08";"19.924,43";"22.171,93";"25.793,92"
"13075124";"Sauzin";"Gemeinden";"18.620,92";"21.260,82";"23.529,50";"27.275,65"
"13075125";"Schmatzin";"Gemeinden";"17.306,17";"19.788,89";"20.880,81";"23.918,04"
"13075126";"Schönwalde";"Gemeinden";"15.554,57";"18.018,30";"19.776,04";"23.470,95"
"13075127";"Spantekow";"Gemeinden";"17.128,51";"19.859,55";"21.964,22";"25.336,18"
"13075128";"Stolpe an der Peene";"Gemeinden";"16.629,05";"19.192,64";"21.296,19";"24.813,74"
"13075129";"Stolpe auf Usedom";"Gemeinden";"16.233,35";"18.959,97";"20.994,04";"24.706,13"
"13075130";"Strasburg (Uckermark), Stadt";"Gemeinden";"17.502,81";"19.781,31";"21.583,63";"25.237,95"
"13075131";"Torgelow, Stadt";"Gemeinden";"17.109,79";"19.569,87";"21.424,02";"24.924,94"
"13075133";"Trassenheide, Ostseebad";"Gemeinden";"19.331,06";"22.127,85";"24.182,92";"27.741,41"
"13075134";"Tutow";"Gemeinden";"16.416,12";"18.803,00";"20.781,21";"23.923,26"
"13075135";"Ückeritz, Seebad";"Gemeinden";"19.302,27";"21.539,99";"23.833,05";"27.811,12"
"13075136";"Ueckermünde, Seebad , Stadt";"Gemeinden";"17.306,75";"20.139,40";"22.062,34";"25.687,07"
"13075137";"Usedom, Stadt";"Gemeinden";"17.329,39";"19.551,66";"21.521,82";"24.531,02"
"13075138";"Viereck";"Gemeinden";"16.475,04";"18.934,59";"20.885,10";"23.976,42"
"13075139";"Vogelsang-Warsin";"Gemeinden";"16.393,04";"19.004,06";"21.151,70";"24.823,66"
"13075140";"Völschow";"Gemeinden";"16.357,70";"18.713,07";"21.029,53";"24.414,34"
"13075141";"Wackerow";"Gemeinden";"16.503,35";"19.553,52";"21.414,62";"24.778,17"
"13075142";"Weitenhagen";"Gemeinden";"18.572,08";"21.599,53";"23.586,02";"27.869,94"
"13075143";"Wilhelmsburg";"Gemeinden";"16.431,46";"18.934,43";"20.905,39";"24.563,73"
"13075144";"Wolgast, Stadt";"Gemeinden";"17.901,28";"20.151,67";"21.926,77";"25.187,81"
"13075145";"Wrangelsburg";"Gemeinden";"16.534,30";"18.798,45";"20.626,55";"23.489,85"
"13075146";"Wusterhusen";"Gemeinden";"18.471,02";"20.810,80";"22.740,82";"26.568,39"
"13075147";"Zemitz";"Gemeinden";"14.667,99";"17.223,23";"19.126,77";"21.969,37"
"13075148";"Zempin, Seebad";"Gemeinden";"18.658,02";"21.232,82";"23.295,25";"27.210,44"
"13075149";"Zerrenthin";"Gemeinden";"16.142,80";"18.322,51";"20.129,58";"23.372,69"
"13075150";"Ziethen";"Gemeinden";"18.545,91";"20.199,71";"22.143,72";"25.538,31"
"13075151";"Zinnowitz, Ostseebad";"Gemeinden";"20.635,36";"23.560,60";"25.476,22";"29.313,97"
"13075152";"Zirchow";"Gemeinden";"15.033,64";"16.467,40";"18.234,01";"21.499,01"
"13075154";"Züssow";"Gemeinden";"17.410,98";"19.635,06";"21.140,59";"24.290,16"
"13075155";"Neetzow-Liepen";"Gemeinden";"16.534,38";"19.032,03";"20.950,06";"24.665,20"
"13075156";"Karlsburg";"Gemeinden";"17.499,57";"20.052,36";"22.115,50";"25.741,02"
"13076001";"Alt Krenzlin";"Gemeinden";"19.987,99";"22.033,39";"24.219,99";"28.274,75"
"13076002";"Alt Zachun";"Gemeinden";"17.932,58";"20.558,34";"22.667,01";"25.819,24"
"13076003";"Balow";"Gemeinden";"16.925,94";"19.342,38";"21.561,90";"25.535,84"
"13076004";"Bandenitz";"Gemeinden";"20.914,22";"23.695,39";"25.178,06";"29.892,33"
"13076005";"Banzkow";"Gemeinden";"18.843,13";"21.426,30";"23.870,59";"27.809,91"
"13076006";"Barkhagen";"Gemeinden";"16.939,85";"19.286,34";"21.476,84";"25.021,13"
"13076007";"Barnin";"Gemeinden";"19.941,00";"22.907,01";"25.101,99";"29.248,88"
"13076008";"Belsch";"Gemeinden";"19.386,77";"21.666,49";"24.075,34";"27.428,74"
"13076009";"Bengerstorf";"Gemeinden";"18.425,84";"20.520,17";"22.274,45";"26.171,13"
"13076010";"Besitz";"Gemeinden";"18.695,78";"21.548,12";"23.720,15";"27.564,16"
"13076011";"Blankenberg";"Gemeinden";"18.144,37";"20.618,44";"22.338,47";"25.934,36"
"13076012";"Blievenstorf";"Gemeinden";"16.925,68";"19.158,14";"21.321,51";"25.280,04"
"13076013";"Bobzin";"Gemeinden";"18.289,51";"20.896,79";"23.640,60";"27.843,64"
"13076014";"Boizenburg/ Elbe, Stadt";"Gemeinden";"19.917,33";"21.942,90";"23.483,38";"27.220,35"
"13076015";"Borkow";"Gemeinden";"15.248,09";"17.563,69";"19.336,04";"22.642,18"
"13076016";"Brahlstorf";"Gemeinden";"17.908,46";"20.131,10";"21.853,49";"25.506,24"
"13076017";"Brenz";"Gemeinden";"16.241,81";"18.337,75";"20.326,44";"23.760,58"
"13076018";"Bresegard bei Eldena";"Gemeinden";"19.398,77";"21.962,66";"24.749,20";"28.496,16"
"13076019";"Bresegard bei Picher";"Gemeinden";"16.816,42";"19.119,24";"20.629,68";"23.975,63"
"13076020";"Brüel, Stadt";"Gemeinden";"18.140,58";"20.808,00";"22.601,89";"26.608,18"
"13076021";"Brunow";"Gemeinden";"16.372,80";"19.068,52";"21.479,42";"24.987,14"
"13076023";"Bülow";"Gemeinden";"17.183,78";"19.573,92";"22.178,25";"25.780,62"
"13076024";"Cambs";"Gemeinden";"20.026,99";"22.981,28";"25.351,13";"29.670,01"
"13076025";"Crivitz, Stadt";"Gemeinden";"18.755,28";"21.454,99";"23.147,13";"27.006,84"
"13076026";"Dabel";"Gemeinden";"18.965,01";"21.831,23";"24.195,44";"28.086,51"
"13076027";"Dambeck";"Gemeinden";"20.004,03";"21.632,04";"23.438,99";"27.269,02"
"13076029";"Demen";"Gemeinden";"20.153,65";"22.763,50";"24.893,54";"29.132,97"
"13076030";"Dersenow";"Gemeinden";"17.145,52";"19.422,46";"21.350,53";"24.714,73"
"13076032";"Dobbertin";"Gemeinden";"15.435,22";"17.739,55";"19.358,41";"22.776,31"
"13076033";"Dobin am See";"Gemeinden";"20.233,51";"22.830,01";"25.063,20";"29.325,54"
"13076034";"Dömitz, Stadt";"Gemeinden";"18.953,92";"21.313,57";"23.161,05";"26.957,76"
"13076035";"Domsühl";"Gemeinden";"18.624,52";"20.934,54";"22.914,89";"26.763,49"
"13076036";"Dümmer";"Gemeinden";"18.792,06";"21.705,41";"24.215,91";"28.357,14"
"13076037";"Eldena";"Gemeinden";"19.675,62";"21.978,69";"24.273,55";"28.482,71"
"13076038";"Friedrichsruhe";"Gemeinden";"18.260,85";"20.738,54";"21.773,17";"25.804,29"
"13076039";"Gallin";"Gemeinden";"18.683,46";"20.223,15";"21.985,88";"25.103,13"
"13076040";"Gallin-Kuppentin";"Gemeinden";"16.510,45";"18.897,37";"21.062,87";"24.213,66"
"13076041";"Gammelin";"Gemeinden";"18.588,00";"21.365,52";"23.797,23";"27.829,03"
"13076044";"Gneven";"Gemeinden";"22.465,81";"25.545,55";"28.109,54";"32.323,64"
"13076046";"Göhlen";"Gemeinden";"18.517,72";"20.674,97";"22.693,28";"26.332,69"
"13076048";"Goldberg, Stadt";"Gemeinden";"18.022,24";"20.589,59";"22.397,28";"25.955,56"
"13076049";"Gorlosen";"Gemeinden";"18.334,11";"20.646,56";"22.605,40";"26.335,01"
"13076050";"Grabow, Stadt";"Gemeinden";"18.705,91";"21.289,25";"23.247,98";"26.916,94"
"13076051";"Granzin";"Gemeinden";"16.598,66";"19.162,07";"20.930,96";"24.560,88"
"13076053";"Grebs-Niendorf";"Gemeinden";"15.207,06";"17.310,58";"19.290,64";"22.457,73"
"13076054";"Gresse";"Gemeinden";"19.172,40";"20.145,22";"20.595,08";"23.907,89"
"13076055";"Greven";"Gemeinden";"17.498,12";"19.869,84";"22.211,31";"25.748,31"
"13076056";"Groß Godems";"Gemeinden";"18.209,00";"20.940,88";"22.975,32";"26.163,25"
"13076057";"Groß Krams";"Gemeinden";"15.285,84";"17.610,24";"19.286,31";"22.590,03"
"13076058";"Groß Laasch";"Gemeinden";"18.493,17";"21.090,16";"23.455,10";"26.814,06"
"13076060";"Hagenow, Stadt";"Gemeinden";"19.339,71";"21.685,45";"22.917,62";"26.502,33"
"13076062";"Hohen Pritz";"Gemeinden";"16.202,27";"18.816,52";"20.751,44";"24.778,15"
"13076063";"Holthusen";"Gemeinden";"20.795,14";"22.599,84";"24.723,79";"29.150,63"
"13076064";"Hoort";"Gemeinden";"18.441,63";"20.891,33";"22.943,47";"27.083,13"
"13076065";"Hülseburg";"Gemeinden";"17.285,18";"20.040,80";"21.824,72";"25.445,99"
"13076067";"Karenz";"Gemeinden";"15.863,27";"17.732,39";"20.031,22";"23.339,93"
"13076068";"Karrenzin";"Gemeinden";"17.459,97";"19.842,71";"22.143,20";"26.300,55"
"13076069";"Karstädt";"Gemeinden";"17.312,36";"19.896,88";"21.502,56";"25.136,77"
"13076070";"Kirch Jesar";"Gemeinden";"17.786,86";"20.588,12";"22.677,59";"26.307,75"
"13076071";"Klein Rogahn";"Gemeinden";"20.018,73";"22.715,29";"24.693,65";"28.998,80"
"13076072";"Kobrow";"Gemeinden";"25.560,14";"33.308,06";"39.114,31";"46.176,73"
"13076073";"Kogel";"Gemeinden";"20.017,74";"22.410,94";"24.174,95";"28.595,00"
"13076075";"Kreien";"Gemeinden";"18.135,89";"20.762,59";"22.950,59";"26.973,85"
"13076076";"Kremmin";"Gemeinden";"17.533,38";"19.877,90";"21.669,01";"25.664,58"
"13076077";"Kritzow";"Gemeinden";"16.090,45";"18.916,16";"21.161,51";"24.200,09"
"13076078";"Kuhlen-Wendorf";"Gemeinden";"17.624,39";"20.177,58";"22.156,39";"25.523,56"
"13076079";"Kuhstorf";"Gemeinden";"18.631,96";"21.351,14";"23.754,43";"27.489,56"
"13076080";"Langen Brütz";"Gemeinden";"19.023,19";"21.606,19";"23.530,73";"27.545,76"
"13076082";"Leezen";"Gemeinden";"19.975,62";"22.973,24";"25.252,83";"28.905,74"
"13076085";"Lewitzrand";"Gemeinden";"18.350,89";"20.971,44";"23.215,50";"27.217,13"
"13076086";"Lübesse";"Gemeinden";"19.231,99";"22.005,32";"24.369,74";"28.347,60"
"13076087";"Lüblow";"Gemeinden";"19.965,85";"22.190,85";"24.471,53";"29.153,06"
"13076088";"Lübtheen, Stadt";"Gemeinden";"18.526,46";"20.749,87";"22.562,44";"25.912,56"
"13076089";"Lübz, Stadt";"Gemeinden";"18.867,36";"21.430,65";"23.179,74";"27.023,28"
"13076090";"Ludwigslust, Stadt";"Gemeinden";"19.937,93";"22.671,25";"24.283,68";"28.265,16"
"13076092";"Lüttow-Valluhn";"Gemeinden";"18.935,39";"20.528,05";"22.493,09";"26.084,96"
"13076093";"Malk Göhren";"Gemeinden";"16.404,63";"18.845,67";"20.563,98";"23.582,50"
"13076094";"Malliß";"Gemeinden";"18.018,13";"20.058,96";"22.004,30";"25.561,12"
"13076096";"Mestlin";"Gemeinden";"16.828,14";"19.166,43";"21.133,14";"24.677,71"
"13076097";"Milow";"Gemeinden";"17.454,81";"19.927,14";"21.881,83";"25.841,59"
"13076098";"Möllenbeck";"Gemeinden";"16.022,27";"18.238,22";"20.015,36";"23.082,89"
"13076099";"Moraas";"Gemeinden";"19.897,48";"22.121,77";"24.682,22";"28.247,82"
"13076100";"Muchow";"Gemeinden";"17.460,95";"19.673,62";"21.477,26";"24.894,20"
"13076101";"Mustin";"Gemeinden";"16.907,60";"19.143,81";"20.852,44";"24.397,72"
"13076102";"Neu Gülze";"Gemeinden";"19.414,63";"21.826,04";"23.956,02";"28.231,83"
"13076103";"Neu Kaliß";"Gemeinden";"19.061,01";"21.755,18";"24.018,36";"28.582,00"
"13076104";"Neu Poserin";"Gemeinden";"18.782,94";"21.282,41";"23.326,92";"27.333,47"
"13076105";"Neustadt-Glewe, Stadt";"Gemeinden";"19.374,96";"21.617,20";"22.768,72";"26.508,43"
"13076106";"Nostorf";"Gemeinden";"14.625,71";"17.876,53";"19.813,16";"22.658,48"
"13076107";"Pampow";"Gemeinden";"21.654,29";"24.642,23";"26.611,82";"30.817,78"
"13076108";"Parchim, Stadt";"Gemeinden";"18.535,81";"21.157,13";"22.829,42";"26.558,72"
"13076109";"Passow";"Gemeinden";"17.488,64";"20.250,87";"22.236,69";"26.171,56"
"13076110";"Pätow-Steegen";"Gemeinden";"18.831,37";"21.423,99";"23.263,71";"26.836,60"
"13076111";"Picher";"Gemeinden";"18.014,51";"20.372,60";"22.525,04";"25.569,33"
"13076112";"Pinnow";"Gemeinden";"21.351,80";"24.590,60";"27.250,62";"32.452,60"
"13076113";"Plate";"Gemeinden";"20.394,62";"23.234,55";"25.456,80";"30.183,46"
"13076114";"Plau am See, Stadt";"Gemeinden";"18.875,56";"21.928,70";"24.170,89";"28.335,64"
"13076115";"Prislich";"Gemeinden";"17.285,48";"19.739,90";"22.222,00";"26.141,94"
"13076116";"Pritzier";"Gemeinden";"19.198,38";"21.968,59";"23.957,06";"28.733,83"
"13076117";"Raben Steinfeld";"Gemeinden";"24.098,01";"27.641,47";"29.305,05";"34.460,30"
"13076118";"Rastow";"Gemeinden";"18.781,34";"21.535,35";"23.310,13";"27.526,52"
"13076119";"Redefin";"Gemeinden";"18.560,37";"20.645,13";"22.534,20";"26.329,50"
"13076120";"Rom";"Gemeinden";"18.331,08";"20.892,86";"23.059,25";"26.842,07"
"13076121";"Schossin";"Gemeinden";"22.204,44";"25.434,67";"28.196,32";"32.447,09"
"13076122";"Schwanheide";"Gemeinden";"19.213,50";"21.026,87";"22.715,10";"26.652,40"
"13076125";"Siggelkow";"Gemeinden";"18.034,97";"20.390,67";"22.369,06";"25.919,62"
"13076126";"Spornitz";"Gemeinden";"17.638,83";"19.963,62";"22.159,58";"25.624,21"
"13076128";"Sternberg, Stadt";"Gemeinden";"18.029,46";"20.373,76";"22.411,96";"26.211,33"
"13076129";"Stolpe";"Gemeinden";"18.202,10";"20.571,72";"22.718,28";"26.613,16"
"13076130";"Stralendorf";"Gemeinden";"19.022,09";"21.547,26";"23.713,41";"27.246,04"
"13076131";"Strohkirchen";"Gemeinden";"16.983,84";"19.171,91";"21.461,10";"25.118,19"
"13076133";"Sukow";"Gemeinden";"19.587,29";"22.542,47";"24.799,75";"29.083,85"
"13076134";"Sülstorf";"Gemeinden";"19.336,33";"22.218,61";"23.991,64";"28.066,41"
"13076135";"Techentin";"Gemeinden";"17.681,54";"20.316,30";"22.459,27";"26.019,51"
"13076136";"Teldau";"Gemeinden";"17.897,02";"20.013,36";"21.303,19";"23.982,24"
"13076138";"Tessin b. Boizenburg";"Gemeinden";"19.250,12";"21.818,70";"23.856,80";"27.775,00"
"13076140";"Tramm";"Gemeinden";"18.699,79";"20.969,14";"22.972,74";"26.380,34"
"13076141";"Uelitz";"Gemeinden";"20.191,38";"23.092,31";"24.709,99";"28.251,90"
"13076142";"Vellahn";"Gemeinden";"18.508,17";"20.975,03";"23.264,95";"27.056,62"
"13076143";"Vielank";"Gemeinden";"20.064,70";"22.781,86";"24.783,01";"28.935,82"
"13076145";"Warlitz";"Gemeinden";"16.072,09";"17.874,32";"19.851,94";"23.261,28"
"13076146";"Warlow";"Gemeinden";"19.950,01";"22.794,08";"24.825,39";"29.551,73"
"13076147";"Warsow";"Gemeinden";"18.243,81";"20.665,66";"23.150,92";"26.758,16"
"13076148";"Weitendorf";"Gemeinden";"16.385,50";"19.016,88";"20.425,47";"23.874,22"
"13076151";"Werder";"Gemeinden";"17.734,10";"20.487,91";"22.233,52";"25.958,53"
"13076152";"Wittenburg, Stadt";"Gemeinden";"19.047,55";"21.521,89";"22.653,86";"26.169,84"
"13076153";"Wittendörp";"Gemeinden";"17.889,27";"20.451,47";"22.303,95";"25.491,88"
"13076154";"Wittenförden";"Gemeinden";"22.478,65";"25.700,87";"27.848,27";"32.644,69"
"13076155";"Witzin";"Gemeinden";"17.576,86";"19.808,59";"21.650,38";"25.357,66"
"13076156";"Wöbbelin";"Gemeinden";"19.481,07";"22.062,75";"24.189,21";"28.423,54"
"13076158";"Zapel";"Gemeinden";"17.486,87";"20.211,75";"22.172,25";"26.453,49"
"13076159";"Zarrentin am Schaalsee, Stadt";"Gemeinden";"20.042,80";"21.836,40";"23.818,04";"27.957,01"
"13076160";"Ziegendorf";"Gemeinden";"16.750,74";"19.367,55";"21.315,42";"24.966,49"
"13076161";"Zierzow";"Gemeinden";"18.091,91";"20.237,08";"22.527,20";"26.512,39"
"13076162";"Zölkow";"Gemeinden";"17.184,41";"19.261,19";"20.555,80";"23.865,41"
"13076163";"Zülow";"Gemeinden";"20.446,74";"23.179,99";"25.075,19";"28.814,53"
"13076164";"Obere Warnow";"Gemeinden";"17.206,39";"19.693,34";"21.786,79";"25.610,89"
"13076165";"Gehlsbach";"Gemeinden";"17.053,72";"19.338,20";"21.198,38";"25.110,75"
"13076166";"Ganzlin";"Gemeinden";"17.179,93";"18.730,92";"20.778,90";"24.324,65"
"13076167";"Kloster Tempzin";"Gemeinden";"15.952,28";"18.545,71";"20.467,68";"23.583,24"
"13076168";"Ruhner Berge";"Gemeinden";"17.290,04";"19.901,86";"21.766,08";"25.346,08"
"13076169";"Toddin";"Gemeinden";"18.142,97";"20.359,38";"22.201,16";"25.456,26"
"14511000";"Chemnitz, Stadt";"Gemeinden";"19.774,49";"22.117,52";"23.615,56";"27.237,29"
"14521010";"Amtsberg";"Gemeinden";"19.308,52";"22.264,94";"24.246,52";"27.844,56"
"14521020";"Annaberg-Buchholz, Stadt";"Gemeinden";"18.291,14";"20.867,31";"22.657,39";"26.114,66"
"14521035";"Aue-Bad Schlema, Stadt";"Gemeinden";"18.872,00";"21.332,65";"23.325,53";"26.621,72"
"14521040";"Auerbach";"Gemeinden";"18.827,80";"21.709,18";"23.824,17";"27.594,99"
"14521060";"Bärenstein";"Gemeinden";"17.701,45";"20.157,62";"22.210,21";"25.785,50"
"14521080";"Bockau";"Gemeinden";"19.400,55";"22.392,11";"24.346,17";"28.152,93"
"14521090";"Börnichen/Erzgeb.";"Gemeinden";"18.307,00";"20.583,12";"22.125,73";"25.521,33"
"14521110";"Breitenbrunn/Erzgeb.";"Gemeinden";"19.296,00";"22.197,45";"23.907,41";"27.269,40"
"14521120";"Burkhardtsdorf";"Gemeinden";"19.752,17";"22.372,12";"24.398,00";"27.785,48"
"14521130";"Crottendorf";"Gemeinden";"19.030,98";"21.617,58";"23.528,02";"26.877,13"
"14521140";"Deutschneudorf";"Gemeinden";"18.108,40";"20.776,26";"22.618,64";"25.675,98"
"14521150";"Drebach";"Gemeinden";"17.815,10";"20.528,84";"22.442,59";"26.288,84"
"14521160";"Ehrenfriedersdorf, Stadt";"Gemeinden";"18.260,50";"21.057,74";"23.044,04";"26.403,17"
"14521170";"Eibenstock, Stadt";"Gemeinden";"17.919,64";"20.638,15";"22.689,95";"26.322,52"
"14521180";"Elterlein, Stadt";"Gemeinden";"17.994,97";"20.741,84";"22.852,97";"26.665,36"
"14521200";"Gelenau/Erzgeb.";"Gemeinden";"18.424,81";"21.228,87";"23.616,06";"27.521,74"
"14521210";"Geyer, Stadt";"Gemeinden";"18.485,44";"21.174,05";"23.020,87";"26.544,56"
"14521220";"Gornau/Erzgeb.";"Gemeinden";"20.201,31";"23.296,27";"25.453,19";"29.477,71"
"14521230";"Gornsdorf";"Gemeinden";"19.020,22";"21.658,74";"23.397,97";"26.837,10"
"14521240";"Großolbersdorf";"Gemeinden";"18.451,66";"21.270,17";"23.284,26";"26.686,39"
"14521250";"Großrückerswalde";"Gemeinden";"17.193,87";"19.574,40";"21.302,81";"24.676,23"
"14521260";"Grünhain-Beierfeld, Stadt";"Gemeinden";"19.365,70";"22.247,21";"24.119,48";"27.795,01"
"14521270";"Grünhainichen";"Gemeinden";"18.558,98";"21.112,65";"22.838,06";"26.757,21"
"14521280";"Heidersdorf";"Gemeinden";"17.194,33";"19.929,99";"22.652,34";"26.000,44"
"14521290";"Hohndorf";"Gemeinden";"18.981,36";"21.746,57";"23.751,79";"27.476,09"
"14521310";"Jahnsdorf/Erzgeb.";"Gemeinden";"20.211,86";"23.173,17";"25.080,64";"28.755,86"
"14521320";"Johanngeorgenstadt, Stadt";"Gemeinden";"17.392,66";"20.114,39";"22.022,92";"25.425,06"
"14521330";"Jöhstadt, Stadt";"Gemeinden";"16.789,38";"19.092,47";"21.116,16";"24.524,90"
"14521340";"Königswalde";"Gemeinden";"17.335,95";"19.964,17";"21.845,73";"25.155,58"
"14521355";"Lauter-Bernsbach, Stadt";"Gemeinden";"18.850,77";"21.869,57";"23.988,32";"27.620,90"
"14521370";"Lößnitz, Stadt";"Gemeinden";"17.796,10";"20.417,00";"22.556,24";"26.082,62"
"14521380";"Lugau/Erzgeb., Stadt";"Gemeinden";"19.425,22";"22.342,09";"24.501,04";"28.161,99"
"14521390";"Marienberg, Stadt";"Gemeinden";"18.632,15";"21.185,79";"23.002,30";"26.465,02"
"14521400";"Mildenau";"Gemeinden";"17.533,49";"20.249,12";"22.380,46";"26.186,36"
"14521410";"Neukirchen/Erzgeb.";"Gemeinden";"20.769,40";"23.863,09";"26.073,94";"29.773,71"
"14521420";"Niederdorf";"Gemeinden";"18.362,21";"20.764,64";"22.551,53";"25.929,81"
"14521430";"Niederwürschnitz";"Gemeinden";"19.036,57";"21.691,69";"24.055,60";"27.930,94"
"14521440";"Oberwiesenthal, Kurort, Stadt";"Gemeinden";"18.571,07";"21.113,90";"23.166,32";"26.827,53"
"14521450";"Oelsnitz/Erzgeb., Stadt";"Gemeinden";"18.430,47";"21.118,22";"23.173,25";"26.896,60"
"14521460";"Olbernhau, Stadt";"Gemeinden";"18.154,51";"20.760,63";"22.750,43";"26.213,09"
"14521495";"Pockau-Lengefeld, Stadt";"Gemeinden";"17.800,62";"20.428,85";"22.505,26";"26.285,24"
"14521500";"Raschau-Markersbach";"Gemeinden";"18.703,07";"21.437,75";"23.500,26";"26.966,06"
"14521510";"Scheibenberg, Stadt";"Gemeinden";"18.276,07";"20.697,62";"22.535,59";"26.032,93"
"14521520";"Schlettau, Stadt";"Gemeinden";"18.145,52";"20.883,89";"23.046,19";"26.495,71"
"14521530";"Schneeberg, Stadt";"Gemeinden";"18.434,36";"21.078,18";"23.073,09";"26.450,60"
"14521540";"Schönheide";"Gemeinden";"19.419,82";"22.171,64";"23.851,86";"27.226,21"
"14521550";"Schwarzenberg/Erzgeb., Stadt";"Gemeinden";"18.688,48";"21.322,60";"23.186,80";"26.690,65"
"14521560";"Sehmatal";"Gemeinden";"18.427,70";"20.955,69";"22.929,63";"26.437,27"
"14521570";"Seiffen/Erzgeb., Kurort";"Gemeinden";"17.684,74";"20.006,90";"21.689,09";"24.770,51"
"14521590";"Stollberg/Erzgeb., Stadt";"Gemeinden";"19.834,11";"22.561,55";"24.416,46";"28.030,13"
"14521600";"Stützengrün";"Gemeinden";"19.318,63";"22.112,76";"24.217,76";"27.777,45"
"14521610";"Tannenberg";"Gemeinden";"16.381,93";"19.074,13";"20.945,22";"24.311,07"
"14521620";"Thalheim/Erzgeb., Stadt";"Gemeinden";"18.864,62";"21.549,59";"23.603,16";"27.054,58"
"14521630";"Thermalbad Wiesenbad";"Gemeinden";"17.769,55";"20.377,72";"22.411,69";"25.748,52"
"14521640";"Thum, Stadt";"Gemeinden";"18.961,92";"21.739,88";"23.721,98";"27.390,78"
"14521670";"Wolkenstein, Stadt";"Gemeinden";"18.143,96";"20.986,81";"22.984,60";"26.365,84"
"14521690";"Zschopau, Stadt, Motorradstadt";"Gemeinden";"18.122,66";"20.807,83";"23.130,28";"26.528,86"
"14521700";"Zschorlau";"Gemeinden";"20.004,57";"23.018,05";"25.145,39";"29.170,41"
"14521710";"Zwönitz, Stadt";"Gemeinden";"19.112,08";"22.155,62";"24.129,01";"27.796,43"
"14522010";"Altmittweida";"Gemeinden";"19.560,10";"22.185,16";"24.796,50";"28.894,66"
"14522020";"Augustusburg, Stadt";"Gemeinden";"20.316,13";"23.078,95";"25.264,85";"29.215,57"
"14522035";"Bobritzsch-Hilbersdorf";"Gemeinden";"18.752,99";"21.689,98";"23.712,34";"27.659,12"
"14522050";"Brand-Erbisdorf, Stadt";"Gemeinden";"18.886,61";"21.381,65";"23.319,78";"27.038,80"
"14522060";"Burgstädt, Stadt";"Gemeinden";"19.914,81";"22.512,79";"24.286,14";"28.205,88"
"14522070";"Claußnitz";"Gemeinden";"20.473,29";"23.179,43";"24.861,92";"28.653,52"
"14522080";"Döbeln, Stadt";"Gemeinden";"18.641,03";"21.273,58";"23.202,56";"26.946,96"
"14522090";"Dorfchemnitz";"Gemeinden";"17.539,40";"19.915,96";"22.370,54";"25.697,75"
"14522110";"Eppendorf";"Gemeinden";"18.594,07";"21.204,87";"23.292,43";"26.873,78"
"14522120";"Erlau";"Gemeinden";"20.141,33";"22.887,30";"24.533,82";"28.491,54"
"14522140";"Flöha, Stadt";"Gemeinden";"18.550,19";"21.119,77";"23.426,08";"27.086,65"
"14522150";"Frankenberg/Sa., Stadt, Garnisonsstadt";"Gemeinden";"18.900,60";"21.454,22";"23.445,29";"27.107,67"
"14522170";"Frauenstein, Stadt";"Gemeinden";"18.011,08";"20.474,07";"22.389,41";"26.134,39"
"14522180";"Freiberg, Stadt, Universitätsstadt";"Gemeinden";"19.680,83";"21.863,73";"23.112,37";"26.607,46"
"14522190";"Geringswalde, Stadt";"Gemeinden";"19.083,08";"21.567,89";"23.246,42";"26.794,08"
"14522200";"Großhartmannsdorf";"Gemeinden";"17.337,25";"19.985,51";"22.238,11";"25.370,78"
"14522210";"Großschirma, Stadt";"Gemeinden";"18.899,10";"21.673,41";"23.694,57";"27.365,03"
"14522220";"Großweitzschen";"Gemeinden";"18.631,06";"21.356,33";"23.340,78";"27.044,70"
"14522230";"Hainichen, Stadt";"Gemeinden";"19.406,21";"21.955,84";"23.744,23";"27.507,72"
"14522240";"Halsbrücke";"Gemeinden";"19.098,31";"22.104,85";"24.049,23";"27.546,39"
"14522250";"Hartha, Stadt";"Gemeinden";"19.393,87";"22.237,69";"24.164,66";"28.036,25"
"14522260";"Hartmannsdorf";"Gemeinden";"20.339,40";"23.049,42";"24.510,78";"28.607,24"
"14522275";"Jahnatal";"Gemeinden";"17.532,65";"19.863,56";"21.896,41";"25.186,97"
"14522280";"Königsfeld";"Gemeinden";"17.200,91";"20.054,24";"21.986,25";"25.611,48"
"14522290";"Königshain-Wiederau";"Gemeinden";"18.585,47";"21.050,01";"23.129,50";"26.846,40"
"14522300";"Kriebstein";"Gemeinden";"18.367,63";"21.197,36";"23.347,79";"27.259,63"
"14522310";"Leisnig, Stadt";"Gemeinden";"18.812,07";"21.492,12";"23.280,73";"27.080,13"
"14522320";"Leubsdorf";"Gemeinden";"17.623,90";"20.188,76";"22.334,40";"26.006,42"
"14522330";"Lichtenau";"Gemeinden";"20.344,87";"23.156,03";"25.604,91";"29.968,90"
"14522340";"Lichtenberg/Erzgeb.";"Gemeinden";"18.068,89";"20.917,50";"22.661,90";"26.078,41"
"14522350";"Lunzenau, Stadt";"Gemeinden";"18.833,95";"21.453,88";"23.290,47";"26.752,20"
"14522360";"Mittweida, Stadt, Hochschulstadt";"Gemeinden";"19.271,48";"21.758,49";"23.102,87";"26.943,33"
"14522380";"Mühlau";"Gemeinden";"20.146,91";"23.170,47";"24.183,94";"27.890,29"
"14522390";"Mulda/Sa.";"Gemeinden";"17.616,65";"19.859,74";"21.375,44";"25.048,07"
"14522400";"Neuhausen/Erzgeb.";"Gemeinden";"18.659,23";"21.348,05";"23.429,67";"27.076,60"
"14522420";"Niederwiesa";"Gemeinden";"21.700,34";"24.554,57";"26.309,77";"30.584,37"
"14522430";"Oberschöna";"Gemeinden";"18.908,43";"21.593,15";"23.946,74";"27.781,03"
"14522440";"Oederan, Stadt";"Gemeinden";"18.721,86";"21.383,94";"23.329,00";"27.061,72"
"14522460";"Penig, Stadt";"Gemeinden";"19.793,46";"22.698,61";"24.374,46";"28.261,14"
"14522470";"Rechenberg-Bienenmühle";"Gemeinden";"17.551,15";"19.969,09";"21.885,11";"25.228,40"
"14522480";"Reinsberg";"Gemeinden";"17.440,93";"20.249,45";"22.494,34";"26.494,88"
"14522490";"Rochlitz, Stadt";"Gemeinden";"20.402,05";"22.887,57";"24.794,87";"28.926,38"
"14522500";"Rossau";"Gemeinden";"18.941,22";"21.860,62";"23.566,04";"27.295,30"
"14522510";"Roßwein, Stadt";"Gemeinden";"17.672,90";"20.394,18";"22.346,70";"25.884,53"
"14522520";"Sayda, Stadt";"Gemeinden";"17.169,92";"19.619,85";"21.616,97";"25.155,76"
"14522530";"Seelitz";"Gemeinden";"18.295,73";"20.506,00";"22.532,83";"26.307,52"
"14522540";"Striegistal";"Gemeinden";"17.218,94";"19.843,98";"22.091,19";"25.340,00"
"14522550";"Taura";"Gemeinden";"19.862,85";"22.634,61";"24.646,80";"28.895,08"
"14522570";"Waldheim, Stadt";"Gemeinden";"18.098,73";"20.726,28";"22.659,99";"26.106,49"
"14522580";"Wechselburg";"Gemeinden";"18.347,81";"20.712,12";"22.790,56";"26.589,78"
"14522590";"Weißenborn/Erzgeb.";"Gemeinden";"19.660,90";"22.391,05";"24.580,74";"28.379,30"
"14522600";"Zettlitz";"Gemeinden";"18.062,61";"20.594,18";"22.567,68";"26.120,25"
"14523010";"Adorf/Vogtl., Stadt";"Gemeinden";"19.115,00";"21.544,63";"23.282,90";"26.821,83"
"14523020";"Auerbach/Vogtl., Stadt";"Gemeinden";"19.351,37";"22.018,53";"24.014,97";"27.710,53"
"14523030";"Bad Brambach";"Gemeinden";"19.079,00";"21.459,62";"23.395,11";"27.024,17"
"14523040";"Bad Elster, Stadt";"Gemeinden";"21.135,62";"23.746,27";"25.441,10";"29.295,67"
"14523050";"Bergen";"Gemeinden";"20.240,51";"22.352,25";"24.396,63";"27.889,35"
"14523060";"Bösenbrunn";"Gemeinden";"16.421,67";"18.733,32";"20.792,18";"24.306,64"
"14523080";"Eichigt";"Gemeinden";"18.023,07";"20.327,20";"21.856,21";"25.354,47"
"14523090";"Ellefeld";"Gemeinden";"17.672,92";"20.210,35";"22.243,49";"25.607,58"
"14523100";"Elsterberg, Stadt";"Gemeinden";"18.198,01";"20.758,70";"22.815,37";"26.595,16"
"14523120";"Falkenstein/Vogtl., Stadt";"Gemeinden";"18.894,48";"21.537,42";"23.370,86";"27.205,32"
"14523130";"Grünbach";"Gemeinden";"18.759,86";"21.577,98";"23.258,13";"27.480,30"
"14523150";"Heinsdorfergrund";"Gemeinden";"18.071,50";"21.200,27";"22.810,10";"26.251,35"
"14523160";"Klingenthal, Stadt";"Gemeinden";"19.439,62";"22.008,74";"23.997,97";"27.643,21"
"14523170";"Lengenfeld, Stadt";"Gemeinden";"18.789,18";"21.521,42";"23.555,59";"27.260,12"
"14523190";"Limbach";"Gemeinden";"19.197,05";"22.391,24";"24.519,79";"28.654,31"
"14523200";"Markneukirchen, Stadt";"Gemeinden";"18.919,01";"21.443,56";"23.471,45";"27.093,64"
"14523230";"Mühlental";"Gemeinden";"16.289,60";"18.752,23";"20.977,51";"24.565,20"
"14523245";"Muldenhammer";"Gemeinden";"18.495,49";"21.143,12";"23.287,92";"26.940,05"
"14523260";"Netzschkau, Stadt";"Gemeinden";"19.563,48";"22.379,18";"23.997,87";"27.903,78"
"14523270";"Neuensalz";"Gemeinden";"18.395,03";"21.027,72";"23.248,62";"27.294,53"
"14523280";"Neumark";"Gemeinden";"19.285,89";"22.435,47";"24.610,25";"28.496,43"
"14523290";"Neustadt/Vogtl.";"Gemeinden";"15.916,61";"18.406,23";"20.343,08";"23.872,11"
"14523300";"Oelsnitz/Vogtl., Stadt";"Gemeinden";"18.957,17";"21.390,25";"23.133,66";"26.802,51"
"14523310";"Pausa-Mühltroff, Stadt";"Gemeinden";"18.357,46";"20.902,39";"23.044,19";"26.721,36"
"14523320";"Plauen, Stadt";"Gemeinden";"19.612,16";"22.117,13";"23.350,80";"27.028,79"
"14523330";"Pöhl";"Gemeinden";"19.454,37";"22.413,54";"24.903,82";"28.672,75"
"14523340";"Reichenbach im Vogtland, Stadt";"Gemeinden";"18.709,64";"21.095,93";"22.988,79";"26.671,83"
"14523360";"Rodewisch, Stadt";"Gemeinden";"19.226,18";"21.915,76";"23.956,51";"27.939,61"
"14523365";"Rosenbach/Vogtl.";"Gemeinden";"18.837,19";"21.465,73";"23.517,48";"27.045,14"
"14523370";"Schöneck/Vogtl., Stadt";"Gemeinden";"18.615,54";"21.308,39";"23.394,27";"27.000,88"
"14523380";"Steinberg";"Gemeinden";"19.354,84";"22.025,16";"23.806,60";"27.950,19"
"14523410";"Theuma";"Gemeinden";"19.505,66";"22.541,79";"25.171,71";"29.082,22"
"14523420";"Tirpersdorf";"Gemeinden";"19.696,52";"22.260,81";"24.420,90";"28.138,42"
"14523430";"Treuen, Stadt";"Gemeinden";"19.311,06";"22.122,36";"23.929,55";"27.636,77"
"14523440";"Triebel/Vogtl.";"Gemeinden";"17.232,28";"19.643,96";"21.664,81";"24.919,19"
"14523450";"Weischlitz";"Gemeinden";"18.912,10";"21.563,36";"23.281,95";"27.003,02"
"14523460";"Werda";"Gemeinden";"18.858,12";"21.496,95";"23.295,59";"27.128,83"
"14524010";"Bernsdorf";"Gemeinden";"23.575,69";"25.850,55";"27.281,25";"31.117,32"
"14524020";"Callenberg";"Gemeinden";"18.617,78";"21.476,51";"23.678,75";"27.254,38"
"14524030";"Crimmitschau, Stadt";"Gemeinden";"18.056,95";"20.875,55";"22.871,22";"26.611,37"
"14524040";"Crinitzberg";"Gemeinden";"18.523,47";"21.339,35";"23.747,62";"27.457,40"
"14524050";"Dennheritz";"Gemeinden";"20.367,05";"23.184,34";"25.490,97";"29.687,09"
"14524060";"Fraureuth";"Gemeinden";"19.319,74";"22.031,63";"24.255,48";"28.288,68"
"14524070";"Gersdorf";"Gemeinden";"19.591,17";"22.408,75";"24.711,74";"28.492,63"
"14524080";"Glauchau, Stadt";"Gemeinden";"18.726,31";"21.448,03";"23.530,09";"27.403,82"
"14524090";"Hartenstein, Stadt";"Gemeinden";"19.633,32";"22.523,82";"24.798,33";"28.687,44"
"14524100";"Hartmannsdorf b. Kirchberg";"Gemeinden";"17.610,30";"20.041,77";"22.168,81";"25.685,97"
"14524110";"Hirschfeld";"Gemeinden";"19.697,14";"22.051,05";"23.842,70";"27.868,18"
"14524120";"Hohenstein-Ernstthal, Stadt";"Gemeinden";"19.856,24";"22.641,80";"24.676,33";"28.719,81"
"14524130";"Kirchberg, Stadt";"Gemeinden";"19.305,75";"22.100,43";"24.278,41";"28.076,35"
"14524140";"Langenbernsdorf";"Gemeinden";"18.406,82";"21.344,49";"23.774,05";"28.048,09"
"14524150";"Langenweißbach";"Gemeinden";"17.776,94";"20.665,17";"22.619,44";"26.386,04"
"14524160";"Lichtenstein/Sa., Stadt";"Gemeinden";"19.350,30";"22.116,90";"24.260,19";"28.206,53"
"14524170";"Lichtentanne";"Gemeinden";"21.290,12";"24.575,37";"26.677,46";"30.944,13"
"14524180";"Limbach-Oberfrohna, Stadt";"Gemeinden";"20.066,16";"22.706,23";"24.738,70";"28.553,71"
"14524190";"Meerane, Stadt";"Gemeinden";"19.130,32";"21.751,72";"23.674,39";"27.637,02"
"14524200";"Mülsen";"Gemeinden";"20.347,17";"23.300,59";"25.663,22";"29.789,50"
"14524210";"Neukirchen/Pleiße";"Gemeinden";"18.555,24";"21.378,47";"23.450,83";"26.900,46"
"14524220";"Niederfrohna";"Gemeinden";"19.810,06";"22.638,64";"25.294,62";"29.465,65"
"14524230";"Oberlungwitz, Stadt";"Gemeinden";"19.754,62";"22.722,50";"24.772,30";"28.606,48"
"14524240";"Oberwiera";"Gemeinden";"19.753,07";"22.319,89";"24.165,53";"28.251,72"
"14524250";"Reinsdorf";"Gemeinden";"20.526,98";"23.402,70";"25.524,59";"29.591,08"
"14524260";"Remse";"Gemeinden";"18.732,27";"21.329,72";"23.831,01";"27.542,93"
"14524270";"Schönberg";"Gemeinden";"18.544,90";"20.900,95";"23.567,72";"27.369,22"
"14524280";"St. Egidien";"Gemeinden";"19.059,35";"21.529,67";"23.480,62";"27.221,28"
"14524290";"Waldenburg, Stadt";"Gemeinden";"19.194,19";"21.987,87";"24.372,30";"28.341,31"
"14524300";"Werdau, Stadt";"Gemeinden";"18.724,33";"21.359,65";"23.552,28";"27.347,36"
"14524310";"Wildenfels, Stadt";"Gemeinden";"20.372,72";"23.233,44";"25.149,45";"29.236,20"
"14524320";"Wilkau-Haßlau, Stadt";"Gemeinden";"19.352,46";"22.166,79";"24.258,19";"28.198,64"
"14524330";"Zwickau, Stadt, Hochschulstadt";"Gemeinden";"20.088,11";"22.528,08";"24.018,51";"27.686,63"
"14612000";"Dresden, Stadt";"Gemeinden";"19.965,08";"22.199,50";"23.565,38";"27.261,59"
"14625010";"Arnsdorf";"Gemeinden";"19.686,56";"22.626,57";"24.315,99";"28.090,71"
"14625020";"Bautzen / Budyšin, Stadt";"Gemeinden";"19.673,78";"22.187,72";"23.711,27";"27.310,12"
"14625030";"Bernsdorf, Stadt";"Gemeinden";"17.302,88";"19.901,08";"22.014,30";"25.379,59"
"14625040";"Bischofswerda, Stadt";"Gemeinden";"18.407,83";"21.091,62";"22.825,33";"26.277,69"
"14625060";"Burkau / Porchow";"Gemeinden";"19.144,78";"21.946,92";"24.135,97";"28.052,67"
"14625080";"Crostwitz / Chróscicy";"Gemeinden";"18.069,29";"20.700,51";"22.653,70";"26.767,07"
"14625090";"Cunewalde";"Gemeinden";"19.455,21";"22.399,55";"24.254,52";"27.807,97"
"14625100";"Demitz-Thumitz";"Gemeinden";"19.735,36";"22.418,37";"23.816,53";"27.326,31"
"14625110";"Doberschau-Gaußig / Dobruša-Huska";"Gemeinden";"19.604,27";"22.473,94";"24.174,46";"28.224,99"
"14625120";"Elsterheide / Halštrowska Hola";"Gemeinden";"18.697,56";"21.469,28";"23.675,45";"27.349,97"
"14625130";"Elstra / Halštrow, Stadt";"Gemeinden";"18.487,06";"21.021,50";"22.862,32";"26.383,72"
"14625140";"Frankenthal";"Gemeinden";"18.451,01";"21.002,24";"22.871,95";"26.433,89"
"14625150";"Göda / Hodzij";"Gemeinden";"19.406,77";"22.334,64";"24.012,01";"27.827,96"
"14625160";"Großdubrau / Wulka Dubrawa";"Gemeinden";"19.240,31";"21.970,61";"23.548,38";"27.488,45"
"14625170";"Großharthau";"Gemeinden";"17.760,36";"20.390,86";"22.331,39";"25.967,66"
"14625180";"Großnaundorf";"Gemeinden";"20.179,84";"22.612,58";"24.421,93";"28.428,64"
"14625190";"Großpostwitz/O.L. / Budestecy";"Gemeinden";"19.918,23";"22.765,87";"24.896,49";"29.069,14"
"14625200";"Großröhrsdorf, Stadt";"Gemeinden";"19.442,49";"21.974,70";"23.861,49";"27.618,60"
"14625220";"Haselbachtal";"Gemeinden";"18.946,23";"21.682,08";"23.654,77";"27.270,73"
"14625230";"Hochkirch / Bukecy";"Gemeinden";"18.619,93";"21.249,02";"23.317,33";"26.611,79"
"14625240";"Hoyerswerda / Wojerecy, Stadt";"Gemeinden";"19.214,57";"21.826,76";"23.745,07";"27.198,12"
"14625250";"Kamenz / Kamjenc, Stadt";"Gemeinden";"17.879,49";"20.372,21";"22.374,77";"25.775,37"
"14625270";"Königsbrück, Stadt";"Gemeinden";"19.606,69";"22.223,72";"23.799,72";"27.436,54"
"14625280";"Königswartha / Rakecy";"Gemeinden";"17.335,30";"20.008,07";"22.013,89";"25.385,58"
"14625290";"Kubschütz / Kubšicy";"Gemeinden";"17.468,10";"20.285,30";"22.364,15";"25.932,09"
"14625300";"Laußnitz";"Gemeinden";"19.997,12";"22.413,66";"24.537,55";"28.362,84"
"14625310";"Lauta, Stadt";"Gemeinden";"17.255,31";"19.908,72";"21.886,79";"25.200,70"
"14625320";"Lichtenberg";"Gemeinden";"19.487,48";"22.264,97";"24.254,58";"28.025,17"
"14625330";"Lohsa / Laz";"Gemeinden";"18.409,75";"21.243,99";"23.351,39";"26.817,51"
"14625340";"Malschwitz / Malešecy";"Gemeinden";"18.593,98";"21.494,27";"23.337,13";"26.761,04"
"14625350";"Nebelschütz / Njebjelcicy";"Gemeinden";"17.377,36";"19.900,33";"22.102,51";"25.481,83"
"14625360";"Neschwitz / Njeswacidlo";"Gemeinden";"18.654,38";"21.515,43";"23.659,47";"27.245,73"
"14625370";"Neukirch";"Gemeinden";"18.148,65";"20.650,98";"22.934,45";"26.393,30"
"14625380";"Neukirch/Lausitz";"Gemeinden";"19.228,44";"21.954,64";"23.911,45";"27.629,88"
"14625390";"Obergurig / Hornja Hórka";"Gemeinden";"20.458,41";"23.696,49";"25.871,25";"30.350,79"
"14625410";"Ohorn";"Gemeinden";"20.324,59";"23.052,65";"24.980,62";"28.915,45"
"14625420";"Oßling / Wóslink";"Gemeinden";"18.045,28";"20.785,11";"22.789,90";"26.657,53"
"14625430";"Ottendorf-Okrilla";"Gemeinden";"20.901,47";"23.806,12";"25.785,81";"29.990,20"
"14625440";"Panschwitz-Kuckau / Pancicy-Kukow";"Gemeinden";"18.512,64";"21.013,18";"22.165,64";"25.989,24"
"14625450";"Pulsnitz, Stadt";"Gemeinden";"19.482,39";"22.130,13";"24.140,05";"28.052,45"
"14625460";"Puschwitz / Bóšicy";"Gemeinden";"16.455,97";"18.878,28";"21.302,84";"24.624,81"
"14625470";"Räckelwitz / Worklecy";"Gemeinden";"17.638,37";"20.273,93";"22.360,00";"26.058,38"
"14625480";"Radeberg, Stadt";"Gemeinden";"21.376,06";"24.208,82";"25.400,27";"29.321,02"
"14625490";"Radibor / Radwor";"Gemeinden";"18.203,37";"20.857,23";"22.965,06";"26.312,05"
"14625500";"Ralbitz-Rosenthal / Ralbicy-Róžant";"Gemeinden";"16.572,83";"19.148,70";"21.339,45";"25.008,90"
"14625510";"Rammenau";"Gemeinden";"19.112,87";"21.635,59";"23.641,80";"27.400,46"
"14625525";"Schirgiswalde-Kirschau, Stadt";"Gemeinden";"19.196,39";"21.965,65";"24.071,50";"27.563,96"
"14625530";"Schmölln-Putzkau";"Gemeinden";"19.258,78";"21.934,69";"23.599,43";"27.369,76"
"14625550";"Schwepnitz";"Gemeinden";"18.806,26";"21.447,77";"23.587,18";"27.443,43"
"14625560";"Sohland a. d. Spree";"Gemeinden";"18.756,51";"21.450,98";"23.267,20";"26.585,25"
"14625570";"Spreetal / Sprjewiny Dol";"Gemeinden";"17.674,40";"20.523,32";"22.871,23";"26.403,47"
"14625580";"Steina";"Gemeinden";"19.709,80";"22.775,38";"25.005,83";"28.794,20"
"14625590";"Steinigtwolmsdorf";"Gemeinden";"18.576,23";"21.379,04";"23.033,28";"26.440,89"
"14625600";"Wachau";"Gemeinden";"20.208,32";"23.251,77";"25.109,19";"29.344,53"
"14625610";"Weißenberg / Wóspork, Stadt";"Gemeinden";"18.542,22";"21.411,04";"23.350,13";"27.063,43"
"14625630";"Wilthen, Stadt";"Gemeinden";"18.997,61";"21.818,54";"23.649,19";"27.270,45"
"14625640";"Wittichenau / Kulow, Stadt";"Gemeinden";"17.639,02";"20.443,98";"22.564,31";"25.926,26"
"14626010";"Bad Muskau / Mužakow, Stadt";"Gemeinden";"18.032,74";"20.706,37";"22.716,69";"26.312,45"
"14626020";"Beiersdorf";"Gemeinden";"18.968,42";"21.926,48";"24.170,42";"27.812,72"
"14626030";"Bernstadt a. d. Eigen, Stadt";"Gemeinden";"17.198,71";"19.796,52";"22.036,89";"25.162,55"
"14626050";"Bertsdorf-Hörnitz";"Gemeinden";"17.663,20";"20.304,04";"22.138,29";"25.258,78"
"14626060";"Boxberg/O.L. / Hamor";"Gemeinden";"18.319,51";"20.893,65";"22.797,16";"26.178,44"
"14626070";"Dürrhennersdorf";"Gemeinden";"18.152,42";"20.795,14";"22.775,08";"26.550,84"
"14626085";"Ebersbach-Neugersdorf, Stadt";"Gemeinden";"18.562,50";"21.344,92";"23.397,94";"26.855,80"
"14626100";"Gablenz / Jablonc";"Gemeinden";"19.260,51";"22.257,70";"24.160,40";"28.118,01"
"14626110";"Görlitz, Stadt";"Gemeinden";"18.986,67";"21.399,67";"23.044,34";"26.602,73"
"14626120";"Groß Düben / Dzewin";"Gemeinden";"18.529,84";"21.277,01";"23.488,67";"27.205,74"
"14626140";"Großschönau";"Gemeinden";"18.113,29";"20.575,29";"22.725,38";"26.320,42"
"14626150";"Großschweidnitz";"Gemeinden";"17.202,04";"19.407,98";"21.622,91";"24.466,26"
"14626160";"Hähnichen";"Gemeinden";"17.486,09";"20.078,88";"21.978,99";"25.415,51"
"14626170";"Hainewalde";"Gemeinden";"18.127,56";"20.905,85";"22.516,97";"25.591,49"
"14626180";"Herrnhut, Stadt";"Gemeinden";"16.834,86";"19.416,45";"21.368,14";"24.510,89"
"14626190";"Hohendubrau / Wysoka Dubrawa";"Gemeinden";"17.559,15";"20.113,91";"22.228,72";"25.655,95"
"14626200";"Horka";"Gemeinden";"18.338,28";"20.588,83";"22.582,94";"26.067,84"
"14626210";"Jonsdorf, Kurort";"Gemeinden";"19.248,29";"21.977,76";"23.842,27";"27.407,30"
"14626230";"Kodersdorf";"Gemeinden";"18.659,05";"21.502,64";"23.581,37";"27.295,07"
"14626240";"Königshain";"Gemeinden";"19.363,80";"22.083,99";"24.047,03";"28.055,77"
"14626245";"Kottmar";"Gemeinden";"18.270,41";"21.015,22";"22.997,32";"26.561,47"
"14626250";"Krauschwitz i.d. O.L. / Krušwica";"Gemeinden";"18.874,45";"21.783,18";"23.562,67";"27.056,69"
"14626260";"Kreba-Neudorf / Chrjebja-Nowa Wjes";"Gemeinden";"17.736,85";"20.146,16";"22.417,63";"25.957,83"
"14626270";"Lawalde";"Gemeinden";"18.852,46";"21.890,18";"24.374,53";"28.322,19"
"14626280";"Leutersdorf";"Gemeinden";"19.165,63";"21.650,16";"23.811,10";"27.353,44"
"14626290";"Löbau, Stadt";"Gemeinden";"18.006,69";"20.622,25";"22.520,37";"26.051,76"
"14626300";"Markersdorf";"Gemeinden";"19.412,96";"22.178,83";"24.242,34";"28.043,25"
"14626310";"Mittelherwigsdorf";"Gemeinden";"18.320,73";"21.250,93";"23.556,34";"27.201,71"
"14626320";"Mücka / Mikow";"Gemeinden";"17.512,88";"20.464,04";"22.502,15";"26.098,55"
"14626330";"Neißeaue";"Gemeinden";"18.245,70";"20.893,95";"22.974,58";"26.761,46"
"14626350";"Neusalza-Spremberg, Stadt";"Gemeinden";"18.307,55";"21.033,94";"22.880,41";"26.370,75"
"14626370";"Niesky, Stadt";"Gemeinden";"19.019,04";"21.854,18";"23.797,98";"27.309,26"
"14626390";"Oderwitz";"Gemeinden";"18.812,08";"21.576,86";"23.345,23";"27.231,81"
"14626400";"Olbersdorf";"Gemeinden";"17.855,90";"20.381,83";"22.293,31";"25.577,46"
"14626410";"Oppach";"Gemeinden";"16.802,64";"19.407,90";"21.585,80";"24.662,46"
"14626420";"Ostritz, Stadt";"Gemeinden";"17.661,70";"20.235,48";"22.183,50";"25.682,22"
"14626430";"Oybin";"Gemeinden";"18.636,75";"21.263,87";"23.293,47";"26.608,67"
"14626440";"Quitzdorf am See / Kwetanecy pri jezoru";"Gemeinden";"17.643,51";"20.116,02";"22.419,90";"25.713,99"
"14626450";"Reichenbach/O.L., Stadt";"Gemeinden";"17.906,88";"20.303,32";"22.124,20";"25.365,06"
"14626460";"Rietschen / Recicy";"Gemeinden";"17.812,06";"20.431,46";"22.718,00";"26.349,79"
"14626470";"Rosenbach";"Gemeinden";"17.242,87";"20.116,54";"21.939,52";"25.297,18"
"14626480";"Rothenburg/O.L., Stadt";"Gemeinden";"17.463,45";"20.041,38";"22.181,18";"25.789,98"
"14626490";"Schleife / Slepo";"Gemeinden";"20.053,27";"22.671,52";"24.924,48";"28.624,77"
"14626500";"Schönau-Berzdorf a. d. Eigen";"Gemeinden";"17.523,88";"20.109,64";"22.137,55";"25.355,02"
"14626510";"Schönbach";"Gemeinden";"17.828,73";"20.616,95";"22.874,44";"25.995,52"
"14626520";"Schöpstal";"Gemeinden";"20.350,38";"23.078,76";"25.402,59";"29.666,74"
"14626530";"Seifhennersdorf, Stadt";"Gemeinden";"18.593,43";"20.891,20";"22.587,66";"25.953,09"
"14626560";"Trebendorf / Trjebin";"Gemeinden";"17.745,73";"20.257,74";"22.173,83";"25.588,95"
"14626570";"Vierkirchen";"Gemeinden";"17.597,28";"20.352,08";"22.358,90";"25.832,88"
"14626580";"Waldhufen";"Gemeinden";"17.842,96";"20.423,22";"22.765,66";"26.177,56"
"14626590";"Weißkeißel / Wuskidz";"Gemeinden";"17.544,02";"20.330,74";"22.172,57";"25.690,89"
"14626600";"Weißwasser/O.L., Stadt / Bela Woda";"Gemeinden";"17.683,67";"20.182,24";"22.328,45";"25.686,87"
"14626610";"Zittau, Stadt";"Gemeinden";"17.777,36";"20.019,67";"21.837,58";"25.120,14"
"14627010";"Coswig, Stadt";"Gemeinden";"20.094,87";"22.787,58";"24.605,31";"28.396,72"
"14627020";"Diera-Zehren";"Gemeinden";"19.230,41";"22.068,12";"24.417,30";"28.292,51"
"14627030";"Ebersbach";"Gemeinden";"19.081,57";"21.849,33";"23.621,75";"27.160,79"
"14627040";"Glaubitz";"Gemeinden";"19.856,51";"22.726,59";"24.352,38";"27.979,57"
"14627050";"Gröditz, Stadt";"Gemeinden";"18.073,15";"20.734,16";"22.924,69";"26.346,32"
"14627060";"Großenhain, Stadt";"Gemeinden";"18.075,30";"20.638,91";"22.743,28";"26.305,78"
"14627070";"Hirschstein";"Gemeinden";"17.852,23";"20.791,03";"22.876,02";"26.466,87"
"14627080";"Käbschütztal";"Gemeinden";"17.895,81";"20.624,29";"22.553,88";"26.109,78"
"14627100";"Klipphausen";"Gemeinden";"19.051,90";"21.906,40";"24.272,74";"27.748,13"
"14627110";"Lampertswalde";"Gemeinden";"17.803,72";"20.488,62";"22.646,47";"26.062,52"
"14627130";"Lommatzsch, Stadt";"Gemeinden";"18.917,51";"21.557,36";"23.527,77";"27.250,99"
"14627140";"Meißen, Stadt";"Gemeinden";"19.176,00";"21.665,90";"23.099,80";"26.707,34"
"14627150";"Moritzburg";"Gemeinden";"21.394,21";"24.720,65";"27.490,70";"32.001,45"
"14627170";"Niederau";"Gemeinden";"18.668,32";"21.346,52";"23.369,33";"26.915,64"
"14627180";"Nossen, Stadt";"Gemeinden";"18.469,87";"21.095,51";"23.089,38";"26.901,92"
"14627190";"Nünchritz";"Gemeinden";"20.649,44";"23.983,81";"26.066,70";"29.967,80"
"14627200";"Priestewitz";"Gemeinden";"17.810,33";"20.485,20";"22.746,15";"26.023,84"
"14627210";"Radebeul, Stadt";"Gemeinden";"23.088,29";"26.332,54";"28.115,42";"32.318,64"
"14627220";"Radeburg, Stadt";"Gemeinden";"20.094,30";"22.915,63";"24.934,32";"29.026,15"
"14627230";"Riesa, Stadt";"Gemeinden";"19.216,01";"21.871,97";"23.853,57";"27.450,59"
"14627240";"Röderaue";"Gemeinden";"19.047,41";"21.975,42";"24.203,17";"27.867,94"
"14627250";"Schönfeld";"Gemeinden";"18.402,58";"21.228,49";"23.325,31";"26.976,26"
"14627260";"Stauchitz";"Gemeinden";"18.123,24";"20.859,33";"22.758,85";"26.188,37"
"14627270";"Strehla, Stadt";"Gemeinden";"18.617,16";"21.410,06";"23.483,80";"27.275,62"
"14627290";"Thiendorf";"Gemeinden";"18.608,92";"21.109,94";"23.345,47";"27.075,27"
"14627310";"Weinböhla";"Gemeinden";"20.823,39";"23.830,50";"25.982,62";"30.272,56"
"14627340";"Wülknitz";"Gemeinden";"18.376,85";"21.475,62";"23.214,10";"27.302,42"
"14627360";"Zeithain";"Gemeinden";"18.966,84";"21.574,31";"23.762,22";"27.123,88"
"14628010";"Altenberg, Stadt";"Gemeinden";"19.004,27";"21.473,77";"23.482,86";"27.352,21"
"14628020";"Bad Gottleuba-Berggießhübel, Stadt";"Gemeinden";"19.479,51";"22.097,81";"23.977,66";"27.703,58"
"14628030";"Bad Schandau, Stadt";"Gemeinden";"19.007,68";"21.619,46";"23.372,26";"27.264,75"
"14628040";"Bahretal";"Gemeinden";"18.893,37";"21.451,87";"23.522,54";"27.586,27"
"14628050";"Bannewitz";"Gemeinden";"21.605,12";"24.689,74";"27.186,14";"31.687,36"
"14628060";"Dippoldiswalde, Stadt";"Gemeinden";"19.854,80";"22.463,45";"24.204,12";"28.041,02"
"14628070";"Dohma";"Gemeinden";"20.077,16";"22.832,41";"24.764,34";"28.404,64"
"14628080";"Dohna, Stadt";"Gemeinden";"20.526,22";"23.284,56";"25.510,61";"29.439,74"
"14628090";"Dorfhain";"Gemeinden";"20.229,45";"22.937,94";"24.793,59";"28.683,23"
"14628100";"Dürrröhrsdorf-Dittersbach";"Gemeinden";"18.415,45";"21.144,14";"23.285,16";"27.046,66"
"14628110";"Freital, Stadt";"Gemeinden";"20.172,25";"22.930,97";"24.613,84";"28.709,92"
"14628130";"Glashütte, Stadt";"Gemeinden";"19.841,72";"22.576,92";"24.243,68";"27.974,23"
"14628140";"Gohrisch";"Gemeinden";"19.297,82";"22.182,96";"24.291,46";"28.049,74"
"14628150";"Hartmannsdorf-Reichenau";"Gemeinden";"19.297,46";"21.398,12";"23.722,92";"27.055,07"
"14628160";"Heidenau, Stadt";"Gemeinden";"18.585,38";"20.797,09";"22.350,13";"26.016,61"
"14628170";"Hermsdorf/Erzgeb.";"Gemeinden";"18.258,12";"20.456,71";"22.541,86";"25.637,44"
"14628190";"Hohnstein, Stadt";"Gemeinden";"17.672,40";"20.029,48";"22.125,49";"25.765,71"
"14628205";"Klingenberg";"Gemeinden";"18.971,22";"21.507,95";"23.320,17";"26.789,91"
"14628210";"Königstein/Sächs. Schw., Stadt";"Gemeinden";"18.249,32";"21.121,66";"23.125,30";"26.721,79"
"14628220";"Kreischa";"Gemeinden";"22.591,78";"24.725,38";"26.242,38";"30.647,92"
"14628230";"Liebstadt, Stadt";"Gemeinden";"19.028,66";"21.675,21";"23.949,77";"27.643,27"
"14628240";"Lohmen";"Gemeinden";"18.835,39";"21.784,34";"23.664,06";"27.392,25"
"14628250";"Müglitztal";"Gemeinden";"18.483,34";"21.099,10";"23.348,37";"27.157,42"
"14628260";"Neustadt in Sachsen, Stadt";"Gemeinden";"18.839,74";"21.660,55";"23.831,72";"27.600,19"
"14628270";"Pirna, Stadt";"Gemeinden";"19.822,04";"22.451,48";"23.869,03";"27.629,06"
"14628300";"Rabenau, Stadt";"Gemeinden";"20.336,96";"23.223,60";"25.303,00";"29.362,50"
"14628310";"Rathen, Kurort";"Gemeinden";"19.088,67";"21.290,19";"23.308,27";"27.157,49"
"14628320";"Rathmannsdorf";"Gemeinden";"18.347,26";"21.023,73";"22.803,45";"26.590,45"
"14628330";"Reinhardtsdorf-Schöna";"Gemeinden";"18.261,63";"21.205,75";"23.597,53";"27.030,59"
"14628340";"Rosenthal-Bielatal";"Gemeinden";"18.690,87";"21.430,03";"23.240,75";"26.755,65"
"14628360";"Sebnitz, Stadt";"Gemeinden";"18.437,35";"20.949,83";"22.784,80";"26.301,93"
"14628370";"Stadt Wehlen, Stadt";"Gemeinden";"19.342,84";"21.735,21";"23.192,06";"27.317,50"
"14628380";"Stolpen, Stadt";"Gemeinden";"18.558,01";"21.217,60";"23.258,75";"26.930,51"
"14628390";"Struppen";"Gemeinden";"19.287,68";"22.140,95";"24.262,63";"28.152,83"
"14628400";"Tharandt, Stadt";"Gemeinden";"20.999,24";"23.722,99";"25.545,06";"30.060,05"
"14628410";"Wilsdruff, Stadt";"Gemeinden";"20.662,67";"23.597,42";"25.612,05";"29.657,62"
"14713000";"Leipzig, Stadt";"Gemeinden";"19.246,20";"21.545,31";"22.934,43";"26.348,99"
"14729010";"Bad Lausick, Stadt";"Gemeinden";"19.792,66";"22.601,56";"24.598,16";"28.421,60"
"14729020";"Belgershain";"Gemeinden";"21.133,95";"23.856,03";"25.911,86";"30.222,46"
"14729030";"Bennewitz";"Gemeinden";"19.937,65";"22.797,48";"24.931,51";"28.990,45"
"14729040";"Böhlen, Stadt";"Gemeinden";"18.486,26";"21.220,32";"23.476,80";"27.017,34"
"14729050";"Borna, Stadt";"Gemeinden";"18.569,57";"20.968,06";"22.793,48";"26.396,61"
"14729060";"Borsdorf";"Gemeinden";"21.731,86";"24.574,87";"26.595,99";"30.576,00"
"14729070";"Brandis, Stadt";"Gemeinden";"21.512,05";"24.565,78";"26.715,01";"30.976,73"
"14729080";"Colditz, Stadt";"Gemeinden";"18.965,22";"21.575,81";"23.677,24";"27.281,90"
"14729100";"Elstertrebnitz";"Gemeinden";"18.603,02";"21.566,11";"23.641,88";"27.796,40"
"14729140";"Frohburg, Stadt";"Gemeinden";"19.049,96";"21.848,61";"24.181,74";"27.978,48"
"14729150";"Geithain, Stadt";"Gemeinden";"19.017,89";"21.567,68";"23.716,25";"27.593,82"
"14729160";"Grimma, Stadt";"Gemeinden";"19.095,02";"21.550,41";"23.445,00";"26.967,05"
"14729170";"Groitzsch, Stadt";"Gemeinden";"18.648,06";"21.473,36";"23.458,53";"27.236,24"
"14729190";"Großpösna";"Gemeinden";"20.883,61";"24.060,07";"26.802,99";"30.846,65"
"14729220";"Kitzscher, Stadt";"Gemeinden";"18.188,24";"20.622,65";"22.517,00";"25.913,87"
"14729245";"Lossatal";"Gemeinden";"17.044,26";"19.828,36";"22.134,40";"25.666,58"
"14729250";"Machern";"Gemeinden";"23.637,52";"26.725,34";"28.670,09";"33.029,12"
"14729260";"Markkleeberg, Stadt";"Gemeinden";"22.001,45";"25.343,30";"27.797,23";"32.195,22"
"14729270";"Markranstädt, Stadt";"Gemeinden";"20.462,04";"23.487,48";"25.536,40";"29.406,71"
"14729300";"Naunhof, Stadt";"Gemeinden";"21.764,65";"24.542,14";"26.561,94";"30.694,03"
"14729320";"Neukieritzsch";"Gemeinden";"18.194,10";"20.738,59";"22.788,62";"26.467,87"
"14729330";"Otterwisch";"Gemeinden";"19.466,32";"21.945,89";"23.723,41";"27.091,96"
"14729340";"Parthenstein";"Gemeinden";"21.676,17";"24.982,83";"27.142,02";"31.540,91"
"14729350";"Pegau, Stadt";"Gemeinden";"19.477,59";"21.998,90";"24.143,57";"27.792,92"
"14729360";"Regis-Breitingen, Stadt";"Gemeinden";"18.492,57";"21.105,73";"22.823,95";"26.499,40"
"14729370";"Rötha, Stadt";"Gemeinden";"18.852,74";"21.744,70";"23.733,05";"27.564,52"
"14729380";"Thallwitz";"Gemeinden";"20.418,96";"23.386,76";"25.451,16";"29.200,92"
"14729400";"Trebsen/Mulde, Stadt";"Gemeinden";"19.630,83";"22.291,80";"24.166,77";"28.183,77"
"14729410";"Wurzen, Stadt";"Gemeinden";"18.825,73";"21.265,48";"22.520,13";"25.970,12"
"14729430";"Zwenkau, Stadt";"Gemeinden";"19.824,02";"22.680,59";"24.837,44";"28.823,47"
"14730010";"Arzberg";"Gemeinden";"17.138,66";"19.515,78";"21.511,03";"25.056,75"
"14730020";"Bad Düben, Stadt";"Gemeinden";"19.636,78";"22.306,46";"24.361,99";"28.289,94"
"14730030";"Beilrode";"Gemeinden";"18.236,14";"20.929,67";"23.143,06";"26.829,25"
"14730045";"Belgern-Schildau, Stadt";"Gemeinden";"17.806,70";"20.219,14";"22.410,60";"25.928,70"
"14730050";"Cavertitz";"Gemeinden";"19.108,47";"21.028,52";"23.175,78";"26.630,86"
"14730060";"Dahlen, Stadt";"Gemeinden";"18.362,77";"21.084,80";"23.191,69";"26.917,96"
"14730070";"Delitzsch, Stadt";"Gemeinden";"18.971,37";"21.469,73";"23.542,53";"27.365,41"
"14730080";"Doberschütz";"Gemeinden";"18.690,21";"21.355,75";"23.767,21";"27.714,69"
"14730090";"Dommitzsch, Stadt";"Gemeinden";"18.401,85";"21.191,87";"23.110,09";"26.728,46"
"14730100";"Dreiheide";"Gemeinden";"18.334,53";"21.328,43";"23.877,12";"27.756,11"
"14730110";"Eilenburg, Stadt";"Gemeinden";"18.225,49";"20.783,03";"22.598,07";"26.319,45"
"14730120";"Elsnig";"Gemeinden";"17.646,22";"20.172,65";"22.359,72";"25.821,89"
"14730140";"Jesewitz";"Gemeinden";"20.831,78";"23.974,99";"25.879,99";"30.190,92"
"14730150";"Krostitz";"Gemeinden";"20.529,62";"23.485,18";"25.649,67";"29.802,42"
"14730160";"Laußig";"Gemeinden";"18.112,07";"20.518,84";"22.831,16";"26.400,25"
"14730170";"Liebschützberg";"Gemeinden";"18.159,16";"20.944,84";"23.051,26";"26.724,60"
"14730180";"Löbnitz";"Gemeinden";"19.601,12";"22.103,13";"24.173,40";"27.808,07"
"14730190";"Mockrehna";"Gemeinden";"18.012,93";"20.553,56";"22.555,20";"26.084,66"
"14730200";"Mügeln, Stadt";"Gemeinden";"18.225,90";"20.897,89";"22.966,66";"26.517,54"
"14730210";"Naundorf";"Gemeinden";"17.821,62";"20.256,66";"22.293,16";"25.492,25"
"14730230";"Oschatz, Stadt";"Gemeinden";"19.054,27";"21.541,40";"23.330,13";"27.017,86"
"14730250";"Rackwitz";"Gemeinden";"19.216,59";"21.687,59";"23.780,94";"27.447,29"
"14730270";"Schkeuditz, Stadt";"Gemeinden";"19.922,41";"22.457,73";"24.305,96";"28.405,65"
"14730280";"Schönwölkau";"Gemeinden";"18.406,05";"21.227,01";"23.501,61";"27.345,75"
"14730300";"Taucha, Stadt";"Gemeinden";"21.725,47";"24.493,13";"26.728,36";"31.138,26"
"14730310";"Torgau, Stadt";"Gemeinden";"18.026,22";"20.490,77";"22.307,77";"25.857,22"
"14730320";"Trossin";"Gemeinden";"18.840,48";"21.451,66";"23.738,84";"27.180,74"
"14730330";"Wermsdorf";"Gemeinden";"19.025,59";"21.912,91";"23.699,25";"27.381,50"
"14730340";"Wiedemar";"Gemeinden";"18.629,88";"21.289,00";"23.579,11";"27.380,96"
"14730360";"Zschepplin";"Gemeinden";"18.353,33";"20.925,83";"23.101,36";"26.800,44"
"15001000";"Dessau-Roßlau, Stadt";"Gemeinden";"20.337,09";"22.939,55";"24.748,75";"28.506,41"
"15002000";"Halle (Saale), Stadt";"Gemeinden";"18.740,26";"21.132,26";"22.647,23";"26.061,28"
"15003000";"Magdeburg, Landeshauptstadt";"Gemeinden";"19.480,71";"21.859,66";"23.497,79";"27.207,36"
"15081026";"Apenburg-Winterfeld, Flecken";"Gemeinden";"18.987,25";"21.205,03";"23.648,24";"27.680,16"
"15081030";"Arendsee (Altmark), Stadt";"Gemeinden";"17.796,40";"20.094,08";"22.274,39";"25.744,80"
"15081045";"Beetzendorf";"Gemeinden";"17.673,56";"20.222,09";"22.543,47";"26.096,03"
"15081095";"Dähre";"Gemeinden";"18.860,35";"21.180,44";"23.387,92";"27.201,11"
"15081105";"Diesdorf, Flecken";"Gemeinden";"19.032,01";"21.533,70";"24.152,94";"27.698,47"
"15081135";"Gardelegen, Hansestadt";"Gemeinden";"18.268,42";"20.689,00";"23.008,06";"26.667,98"
"15081225";"Jübar";"Gemeinden";"19.832,82";"22.312,44";"24.421,22";"28.329,31"
"15081240";"Kalbe (Milde), Stadt";"Gemeinden";"17.779,86";"20.224,35";"22.546,20";"26.007,16"
"15081280";"Klötze, Stadt";"Gemeinden";"19.352,58";"21.960,29";"24.418,97";"28.404,92"
"15081290";"Kuhfelde";"Gemeinden";"18.443,10";"20.882,77";"23.364,86";"26.605,58"
"15081440";"Rohrberg";"Gemeinden";"17.502,92";"20.106,67";"22.581,72";"26.380,77"
"15081455";"Salzwedel, Hansestadt";"Gemeinden";"18.800,87";"21.276,08";"23.449,90";"26.949,95"
"15081545";"Wallstawe";"Gemeinden";"18.104,98";"20.501,06";"22.866,30";"26.478,63"
"15082005";"Aken (Elbe), Stadt";"Gemeinden";"18.707,09";"21.346,61";"23.574,24";"27.200,34"
"15082015";"Bitterfeld-Wolfen, Stadt";"Gemeinden";"18.879,93";"21.258,56";"23.194,20";"26.805,80"
"15082180";"Köthen (Anhalt), Stadt";"Gemeinden";"18.289,56";"20.471,00";"21.745,96";"25.319,62"
"15082241";"Muldestausee";"Gemeinden";"20.190,75";"23.179,98";"25.598,39";"29.574,97"
"15082256";"Osternienburger Land";"Gemeinden";"17.641,21";"20.206,77";"22.569,56";"25.962,11"
"15082301";"Raguhn-Jeßnitz, Stadt";"Gemeinden";"19.654,87";"22.395,40";"24.483,40";"28.334,86"
"15082340";"Sandersdorf-Brehna, Stadt";"Gemeinden";"20.116,82";"22.972,87";"25.221,74";"29.178,83"
"15082377";"Südliches Anhalt, Stadt";"Gemeinden";"18.308,63";"20.619,60";"22.725,23";"26.959,52"
"15082430";"Zerbst/Anhalt, Stadt";"Gemeinden";"18.793,17";"20.966,76";"22.840,08";"27.167,71"
"15082440";"Zörbig, Stadt";"Gemeinden";"19.224,27";"22.004,55";"24.142,27";"28.243,89"
"15083020";"Altenhausen";"Gemeinden";"19.666,04";"22.233,89";"24.287,19";"28.297,16"
"15083025";"Am Großen Bruch";"Gemeinden";"17.841,93";"20.226,77";"22.286,26";"26.173,18"
"15083030";"Angern";"Gemeinden";"18.988,98";"21.811,78";"24.070,94";"28.138,34"
"15083035";"Ausleben";"Gemeinden";"17.770,55";"20.338,07";"22.517,63";"26.268,12"
"15083040";"Barleben";"Gemeinden";"20.792,36";"23.781,54";"25.985,84";"30.298,98"
"15083060";"Beendorf";"Gemeinden";"19.750,37";"22.409,28";"24.500,32";"28.419,34"
"15083115";"Bülstringen";"Gemeinden";"20.512,09";"23.061,12";"25.018,98";"29.399,00"
"15083120";"Burgstall";"Gemeinden";"18.631,55";"21.522,17";"23.641,34";"27.601,62"
"15083125";"Calvörde";"Gemeinden";"18.528,37";"20.916,97";"23.052,64";"26.371,65"
"15083130";"Colbitz";"Gemeinden";"20.868,53";"23.759,75";"25.971,50";"30.171,39"
"15083190";"Eilsleben";"Gemeinden";"18.446,55";"21.010,03";"23.025,66";"26.659,83"
"15083205";"Erxleben";"Gemeinden";"18.217,28";"20.536,55";"22.555,04";"26.347,73"
"15083230";"Flechtingen";"Gemeinden";"18.932,08";"21.568,29";"23.844,20";"27.972,67"
"15083245";"Gröningen, Stadt";"Gemeinden";"17.447,74";"19.923,19";"22.046,07";"25.744,79"
"15083270";"Haldensleben, Stadt";"Gemeinden";"19.053,96";"21.681,59";"23.624,39";"27.461,86"
"15083275";"Harbke";"Gemeinden";"16.252,27";"18.720,22";"20.690,20";"24.328,75"
"15083298";"Hohe Börde";"Gemeinden";"19.697,34";"22.632,31";"25.066,61";"29.160,91"
"15083320";"Hötensleben";"Gemeinden";"18.998,61";"21.664,42";"24.003,21";"28.020,41"
"15083323";"Ingersleben";"Gemeinden";"18.989,93";"21.526,90";"23.683,40";"27.195,12"
"15083355";"Kroppenstedt, Stadt";"Gemeinden";"18.695,02";"21.191,77";"22.320,65";"26.274,97"
"15083361";"Loitsche-Heinrichsberg";"Gemeinden";"18.949,05";"21.596,80";"23.475,06";"27.379,73"
"15083390";"Niedere Börde";"Gemeinden";"20.036,70";"22.752,09";"25.092,78";"29.036,05"
"15083411";"Oebisfelde-Weferlingen, Stadt";"Gemeinden";"18.607,44";"21.214,15";"23.354,89";"27.210,13"
"15083415";"Oschersleben (Bode), Stadt";"Gemeinden";"18.382,61";"20.854,61";"22.871,51";"26.484,77"
"15083440";"Rogätz";"Gemeinden";"19.968,83";"22.510,61";"25.111,35";"29.435,21"
"15083485";"Sommersdorf";"Gemeinden";"18.321,51";"20.986,08";"23.344,83";"27.233,06"
"15083490";"Sülzetal";"Gemeinden";"19.690,12";"22.738,99";"25.286,66";"29.313,24"
"15083505";"Ummendorf";"Gemeinden";"17.552,20";"20.208,71";"22.681,53";"26.313,61"
"15083515";"Völpke";"Gemeinden";"18.960,98";"21.471,37";"23.575,77";"27.472,41"
"15083531";"Wanzleben-Börde, Stadt";"Gemeinden";"18.640,13";"21.309,69";"23.466,67";"27.362,93"
"15083535";"Wefensleben";"Gemeinden";"19.455,34";"22.174,14";"24.065,51";"27.849,18"
"15083557";"Westheide";"Gemeinden";"18.768,43";"21.304,35";"23.708,24";"27.207,90"
"15083565";"Wolmirstedt, Stadt";"Gemeinden";"19.681,55";"22.433,83";"24.588,50";"28.831,74"
"15083580";"Zielitz";"Gemeinden";"20.887,22";"23.643,49";"26.053,95";"30.214,82"
"15084012";"An der Poststraße";"Gemeinden";"16.519,24";"19.285,54";"21.541,64";"24.501,90"
"15084013";"Meineweh";"Gemeinden";"18.166,57";"20.105,45";"21.930,97";"25.140,56"
"15084015";"Bad Bibra, Stadt";"Gemeinden";"19.000,37";"21.564,96";"23.891,77";"28.081,11"
"15084025";"Balgstädt";"Gemeinden";"18.491,73";"21.046,50";"23.271,03";"27.074,81"
"15084115";"Droyßig";"Gemeinden";"19.911,23";"22.447,96";"24.783,42";"28.478,57"
"15084125";"Eckartsberga, Stadt";"Gemeinden";"17.388,74";"19.839,82";"21.987,88";"25.312,35"
"15084130";"Elsteraue";"Gemeinden";"19.759,25";"22.439,20";"24.609,89";"28.369,67"
"15084132";"Finne";"Gemeinden";"16.809,59";"19.538,72";"21.881,55";"25.280,64"
"15084133";"Finneland";"Gemeinden";"18.710,96";"21.353,93";"23.384,19";"26.985,81"
"15084135";"Freyburg (Unstrut), Stadt";"Gemeinden";"19.531,61";"22.187,69";"24.554,25";"28.268,55"
"15084150";"Gleina";"Gemeinden";"19.331,77";"22.280,82";"24.024,04";"28.079,18"
"15084170";"Goseck";"Gemeinden";"19.001,50";"21.421,69";"23.767,61";"27.439,31"
"15084207";"Gutenborn";"Gemeinden";"19.476,48";"22.499,07";"24.781,34";"28.921,89"
"15084235";"Hohenmölsen, Stadt";"Gemeinden";"19.058,19";"21.762,93";"24.124,80";"28.026,55"
"15084246";"Kaiserpfalz";"Gemeinden";"17.150,14";"19.631,44";"21.896,54";"25.476,04"
"15084250";"Karsdorf";"Gemeinden";"16.733,72";"19.354,92";"21.220,81";"24.468,19"
"15084275";"Kretzschau";"Gemeinden";"19.403,11";"22.450,36";"24.645,73";"28.376,81"
"15084282";"Lanitz-Hassel-Tal";"Gemeinden";"17.361,14";"20.209,26";"22.411,59";"26.281,26"
"15084285";"Laucha an der Unstrut, Stadt";"Gemeinden";"19.002,87";"21.739,43";"23.664,35";"27.628,80"
"15084315";"Lützen, Stadt";"Gemeinden";"19.277,42";"22.069,17";"24.246,41";"28.065,43"
"15084335";"Mertendorf";"Gemeinden";"18.064,47";"20.813,08";"22.923,72";"26.834,95"
"15084341";"Molauer Land";"Gemeinden";"16.897,14";"19.550,34";"21.934,31";"25.527,19"
"15084355";"Naumburg (Saale), Stadt";"Gemeinden";"18.997,21";"21.625,81";"23.716,11";"27.462,19"
"15084360";"Nebra (Unstrut), Stadt";"Gemeinden";"18.829,41";"21.492,61";"23.748,91";"27.229,43"
"15084375";"Osterfeld, Stadt";"Gemeinden";"18.956,40";"21.753,55";"23.916,41";"27.866,97"
"15084442";"Schnaudertal";"Gemeinden";"18.345,09";"20.982,44";"22.949,07";"26.891,34"
"15084445";"Schönburg";"Gemeinden";"19.196,47";"22.072,83";"24.116,73";"28.254,48"
"15084470";"Stößen, Stadt";"Gemeinden";"18.914,43";"21.806,68";"23.850,02";"27.402,80"
"15084490";"Teuchern, Stadt";"Gemeinden";"18.154,49";"20.834,89";"23.030,81";"26.676,23"
"15084550";"Weißenfels, Stadt";"Gemeinden";"18.662,18";"21.193,78";"22.878,02";"26.371,65"
"15084560";"Wethau";"Gemeinden";"18.120,45";"20.792,02";"22.752,51";"26.882,09"
"15084565";"Wetterzeube";"Gemeinden";"19.587,73";"22.226,08";"24.360,79";"28.422,21"
"15084590";"Zeitz, Stadt";"Gemeinden";"18.070,65";"20.622,10";"22.732,24";"26.128,89"
"15085040";"Ballenstedt, Stadt";"Gemeinden";"19.407,48";"22.206,70";"24.155,64";"28.252,80"
"15085055";"Blankenburg (Harz), Stadt";"Gemeinden";"19.296,44";"21.740,09";"23.916,53";"28.274,64"
"15085090";"Ditfurt";"Gemeinden";"18.066,73";"20.689,78";"22.722,81";"26.345,72"
"15085110";"Falkenstein/Harz, Stadt";"Gemeinden";"18.654,41";"21.592,95";"23.680,82";"27.593,26"
"15085125";"Groß Quenstedt";"Gemeinden";"18.494,06";"20.445,81";"22.697,32";"26.808,14"
"15085135";"Halberstadt, Stadt";"Gemeinden";"19.399,40";"21.966,00";"23.985,06";"27.811,74"
"15085140";"Harsleben / Harschlewe";"Gemeinden";"19.121,03";"21.931,34";"24.345,82";"28.253,50"
"15085145";"Harzgerode, Stadt";"Gemeinden";"19.563,76";"22.164,49";"24.163,89";"27.902,44"
"15085160";"Hedersleben";"Gemeinden";"18.142,63";"20.377,91";"23.000,21";"26.700,10"
"15085185";"Huy";"Gemeinden";"18.784,43";"21.477,83";"23.659,04";"27.359,23"
"15085190";"Ilsenburg (Harz), Stadt";"Gemeinden";"20.295,59";"23.221,22";"25.071,92";"29.153,74"
"15085227";"Nordharz";"Gemeinden";"18.964,53";"21.541,29";"23.725,43";"27.417,70"
"15085228";"Oberharz am Brocken, Stadt";"Gemeinden";"19.621,22";"22.121,42";"24.682,78";"28.306,16"
"15085230";"Osterwieck, Stadt";"Gemeinden";"19.329,21";"22.096,78";"24.346,41";"28.217,78"
"15085235";"Quedlinburg, Welterbestadt";"Gemeinden";"19.237,68";"21.801,76";"24.038,87";"27.952,57"
"15085285";"Schwanebeck, Stadt";"Gemeinden";"18.550,20";"21.007,01";"23.071,22";"26.707,12"
"15085287";"Selke-Aue";"Gemeinden";"19.039,05";"22.088,04";"23.804,51";"27.981,22"
"15085330";"Thale, Stadt";"Gemeinden";"19.034,46";"21.584,66";"23.604,43";"27.469,21"
"15085365";"Wegeleben, Stadt";"Gemeinden";"18.507,26";"21.116,69";"22.986,19";"26.657,20"
"15085370";"Wernigerode, Stadt";"Gemeinden";"20.238,43";"22.867,94";"24.660,11";"28.750,99"
"15086005";"Biederitz";"Gemeinden";"21.431,22";"24.400,52";"26.886,94";"31.448,92"
"15086015";"Burg, Stadt";"Gemeinden";"18.725,07";"21.180,28";"23.093,33";"26.797,32"
"15086035";"Elbe-Parey";"Gemeinden";"18.108,51";"20.545,62";"22.634,90";"26.222,51"
"15086040";"Genthin, Stadt";"Gemeinden";"18.660,12";"20.860,06";"22.865,46";"26.665,82"
"15086055";"Gommern, Stadt";"Gemeinden";"20.772,76";"23.574,51";"25.744,19";"29.940,19"
"15086080";"Jerichow, Stadt";"Gemeinden";"17.298,31";"19.884,65";"21.889,79";"25.463,49"
"15086140";"Möckern, Stadt";"Gemeinden";"18.240,07";"20.659,51";"22.738,18";"26.671,82"
"15086145";"Möser";"Gemeinden";"21.760,64";"24.975,63";"27.449,67";"32.244,23"
"15087010";"Ahlsdorf";"Gemeinden";"18.805,73";"21.664,90";"23.693,66";"27.704,95"
"15087015";"Allstedt, Stadt";"Gemeinden";"17.479,97";"20.086,45";"22.275,35";"25.831,12"
"15087031";"Arnstein, Stadt";"Gemeinden";"17.684,98";"20.280,02";"22.600,17";"26.157,91"
"15087045";"Benndorf";"Gemeinden";"18.380,08";"20.766,61";"22.896,76";"26.845,80"
"15087055";"Berga";"Gemeinden";"17.797,83";"20.412,06";"22.395,49";"26.350,48"
"15087070";"Blankenheim";"Gemeinden";"17.585,41";"20.321,80";"22.753,09";"26.432,38"
"15087075";"Bornstedt";"Gemeinden";"16.883,37";"19.070,60";"21.104,68";"24.833,67"
"15087101";"Brücken-Hackpfüffel";"Gemeinden";"16.598,12";"19.307,05";"21.971,79";"25.761,46"
"15087125";"Edersleben";"Gemeinden";"18.868,63";"21.385,65";"23.816,94";"27.493,15"
"15087130";"Eisleben, Lutherstadt";"Gemeinden";"18.139,49";"20.375,08";"22.408,94";"26.001,90"
"15087165";"Gerbstedt, Stadt";"Gemeinden";"17.658,73";"20.242,44";"22.389,84";"25.973,29"
"15087205";"Helbra";"Gemeinden";"18.892,18";"21.462,85";"23.538,41";"27.305,73"
"15087210";"Hergisdorf";"Gemeinden";"18.275,63";"20.738,07";"23.054,44";"26.908,00"
"15087220";"Hettstedt, Stadt";"Gemeinden";"18.127,15";"20.719,95";"22.885,40";"26.450,35"
"15087250";"Kelbra (Kyffhäuser), Stadt";"Gemeinden";"17.065,97";"19.655,45";"21.629,18";"25.157,91"
"15087260";"Klostermansfeld";"Gemeinden";"19.505,03";"22.269,22";"24.187,26";"27.824,58"
"15087275";"Mansfeld, Stadt";"Gemeinden";"18.766,10";"21.344,69";"23.412,48";"27.107,83"
"15087370";"Sangerhausen, Stadt";"Gemeinden";"18.293,76";"20.842,77";"22.845,46";"26.435,90"
"15087386";"Seegebiet Mansfelder Land";"Gemeinden";"18.883,97";"21.479,31";"23.770,07";"27.569,11"
"15087412";"Südharz";"Gemeinden";"17.986,96";"20.525,94";"22.641,93";"26.138,45"
"15087440";"Wallhausen";"Gemeinden";"17.802,92";"20.625,07";"23.076,31";"26.822,89"
"15087470";"Wimmelburg";"Gemeinden";"19.098,68";"21.596,93";"23.956,71";"27.417,84"
"15088020";"Bad Dürrenberg, Solestadt";"Gemeinden";"19.390,66";"21.811,07";"23.741,39";"27.570,06"
"15088025";"Bad Lauchstädt, Goethestadt";"Gemeinden";"19.961,01";"22.843,23";"24.837,33";"29.027,61"
"15088030";"Barnstädt";"Gemeinden";"18.569,94";"20.853,46";"22.943,17";"26.778,77"
"15088065";"Braunsbedra, Stadt";"Gemeinden";"17.983,65";"20.529,11";"22.724,85";"26.260,61"
"15088100";"Farnstädt";"Gemeinden";"18.240,66";"20.905,84";"23.294,63";"26.947,46"
"15088150";"Kabelsketal";"Gemeinden";"19.799,09";"22.528,63";"24.552,14";"28.482,82"
"15088195";"Landsberg, Stadt";"Gemeinden";"19.591,43";"22.356,73";"24.522,32";"28.331,18"
"15088205";"Leuna, Stadt";"Gemeinden";"19.532,97";"22.121,34";"24.256,69";"28.059,09"
"15088216";"Wettin-Löbejün, Stadt";"Gemeinden";"18.723,23";"21.406,48";"23.470,75";"27.314,62"
"15088220";"Merseburg, Stadt";"Gemeinden";"19.504,41";"21.748,57";"23.378,17";"27.063,91"
"15088235";"Mücheln (Geiseltal), Stadt";"Gemeinden";"17.909,29";"20.465,93";"22.522,70";"26.677,40"
"15088250";"Nemsdorf-Göhrendorf";"Gemeinden";"18.283,11";"21.029,26";"23.245,00";"27.032,31"
"15088265";"Obhausen";"Gemeinden";"17.957,49";"20.481,74";"22.551,02";"26.209,96"
"15088295";"Petersberg";"Gemeinden";"19.604,60";"22.479,11";"24.878,16";"28.783,49"
"15088305";"Querfurt, Stadt";"Gemeinden";"18.822,27";"21.409,68";"23.530,44";"27.309,36"
"15088319";"Salzatal";"Gemeinden";"19.647,51";"22.511,68";"24.800,07";"28.724,20"
"15088330";"Schkopau";"Gemeinden";"20.634,88";"23.418,02";"25.560,54";"29.601,75"
"15088340";"Schraplau, Stadt";"Gemeinden";"19.047,01";"21.330,57";"23.328,61";"26.638,81"
"15088355";"Steigra";"Gemeinden";"19.384,96";"21.921,79";"23.806,80";"27.787,62"
"15088365";"Teutschenthal";"Gemeinden";"19.641,28";"22.563,11";"24.843,42";"28.814,10"
"15089005";"Alsleben (Saale), Stadt";"Gemeinden";"18.799,78";"21.420,94";"23.659,54";"27.282,67"
"15089015";"Aschersleben, Stadt";"Gemeinden";"18.819,01";"21.339,69";"23.368,33";"27.092,46"
"15089026";"Barby, Stadt";"Gemeinden";"17.583,26";"20.060,03";"22.138,70";"25.907,13"
"15089030";"Bernburg (Saale), Stadt";"Gemeinden";"18.753,92";"21.238,49";"23.396,70";"26.905,55"
"15089041";"Bördeaue";"Gemeinden";"18.211,53";"20.760,03";"22.972,13";"26.396,27"
"15089042";"Bördeland";"Gemeinden";"18.832,33";"21.556,84";"23.507,61";"27.285,80"
"15089043";"Börde-Hakel";"Gemeinden";"17.307,75";"19.722,14";"21.570,66";"25.187,40"
"15089045";"Borne";"Gemeinden";"18.384,99";"20.787,76";"22.955,41";"26.421,23"
"15089055";"Calbe (Saale), Stadt";"Gemeinden";"17.394,09";"19.791,80";"22.176,95";"25.717,38"
"15089075";"Egeln, Stadt";"Gemeinden";"18.185,72";"20.547,26";"22.538,34";"26.208,91"
"15089130";"Giersleben";"Gemeinden";"17.431,69";"19.887,84";"22.255,73";"25.876,55"
"15089165";"Güsten, Stadt";"Gemeinden";"17.768,11";"20.191,49";"22.362,15";"25.858,82"
"15089175";"Hecklingen, Stadt";"Gemeinden";"17.680,19";"20.155,96";"22.539,35";"26.023,37"
"15089185";"Ilberstedt";"Gemeinden";"17.519,38";"20.192,17";"22.325,54";"25.305,62"
"15089195";"Könnern, Stadt";"Gemeinden";"17.825,47";"20.463,70";"22.681,56";"26.259,57"
"15089235";"Nienburg (Saale), Stadt";"Gemeinden";"18.432,84";"20.986,50";"23.417,65";"26.938,99"
"15089245";"Plötzkau";"Gemeinden";"17.270,42";"19.776,04";"21.776,06";"25.068,43"
"15089305";"Schönebeck (Elbe), Stadt";"Gemeinden";"18.116,27";"20.584,51";"22.862,86";"26.637,12"
"15089307";"Seeland, Stadt";"Gemeinden";"17.744,99";"19.999,38";"22.325,83";"26.219,79"
"15089310";"Staßfurt, Stadt";"Gemeinden";"18.090,23";"20.618,15";"22.847,50";"26.355,39"
"15089365";"Wolmirsleben";"Gemeinden";"18.515,94";"20.971,23";"23.038,47";"26.548,26"
"15090003";"Aland";"Gemeinden";"17.134,26";"19.644,77";"21.410,62";"24.559,71"
"15090007";"Altmärkische Höhe";"Gemeinden";"17.324,46";"19.726,75";"21.693,91";"25.091,14"
"15090008";"Altmärkische Wische";"Gemeinden";"18.310,12";"20.707,61";"22.829,75";"26.343,85"
"15090010";"Arneburg, Stadt";"Gemeinden";"19.581,39";"22.176,58";"24.451,75";"28.278,78"
"15090070";"Bismark (Altmark), Stadt";"Gemeinden";"16.362,73";"18.390,25";"20.946,52";"24.440,07"
"15090135";"Eichstedt (Altmark)";"Gemeinden";"17.461,01";"20.179,35";"22.620,91";"26.213,99"
"15090180";"Goldbeck";"Gemeinden";"19.304,93";"21.835,05";"23.270,91";"26.862,14"
"15090220";"Hassel";"Gemeinden";"19.439,54";"22.348,99";"24.484,91";"28.568,98"
"15090225";"Havelberg, Hansestadt";"Gemeinden";"17.686,45";"20.049,46";"22.173,75";"25.457,94"
"15090245";"Hohenberg-Krusemark";"Gemeinden";"17.872,16";"20.177,51";"22.612,89";"26.062,62"
"15090270";"Iden";"Gemeinden";"16.575,72";"19.005,15";"21.592,08";"25.035,31"
"15090285";"Kamern";"Gemeinden";"17.028,25";"19.596,73";"21.841,15";"25.287,19"
"15090310";"Klietz";"Gemeinden";"17.639,96";"20.337,38";"22.356,03";"25.486,48"
"15090415";"Osterburg (Altmark), Hansestadt";"Gemeinden";"19.130,02";"21.909,30";"23.751,87";"27.602,96"
"15090435";"Rochau";"Gemeinden";"17.600,14";"20.318,34";"22.446,22";"26.325,09"
"15090445";"Sandau (Elbe), Stadt";"Gemeinden";"17.244,02";"19.839,73";"22.200,62";"25.980,86"
"15090485";"Schollene";"Gemeinden";"16.958,49";"19.295,89";"21.582,01";"24.847,60"
"15090500";"Schönhausen (Elbe)";"Gemeinden";"17.816,71";"20.326,67";"22.761,08";"26.418,76"
"15090520";"Seehausen (Altmark), Hansestadt";"Gemeinden";"18.377,45";"21.018,24";"23.138,84";"26.782,72"
"15090535";"Stendal, Hansestadt";"Gemeinden";"18.268,96";"20.694,24";"22.686,43";"26.386,42"
"15090546";"Tangerhütte, Stadt";"Gemeinden";"18.500,72";"21.151,04";"23.290,79";"27.020,90"
"15090550";"Tangermünde, Stadt";"Gemeinden";"18.622,66";"21.399,53";"23.649,88";"27.504,06"
"15090610";"Werben (Elbe), Hansestadt";"Gemeinden";"17.237,18";"19.911,75";"22.124,32";"25.779,60"
"15090631";"Wust-Fischbeck";"Gemeinden";"17.276,08";"19.736,79";"21.876,96";"25.365,19"
"15090635";"Zehrental";"Gemeinden";"16.829,39";"19.252,14";"21.289,06";"24.956,94"
"15091010";"Annaburg, Stadt";"Gemeinden";"17.283,23";"19.545,89";"21.732,66";"25.189,02"
"15091020";"Bad Schmiedeberg, Stadt";"Gemeinden";"18.013,42";"20.457,30";"22.637,22";"26.176,58"
"15091060";"Coswig (Anhalt), Stadt";"Gemeinden";"18.772,34";"21.513,23";"23.508,94";"27.382,42"
"15091110";"Gräfenhainichen, Stadt";"Gemeinden";"18.260,45";"20.990,89";"23.297,91";"26.972,25"
"15091145";"Jessen (Elster), Stadt";"Gemeinden";"18.137,00";"20.469,16";"22.675,97";"26.452,47"
"15091160";"Kemberg, Stadt";"Gemeinden";"18.216,34";"20.810,08";"23.182,48";"26.928,42"
"15091241";"Oranienbaum-Wörlitz, Stadt";"Gemeinden";"18.944,54";"21.703,15";"23.964,66";"27.748,88"
"15091375";"Wittenberg, Lutherstadt";"Gemeinden";"19.092,92";"21.686,74";"23.732,81";"27.570,68"
"15091391";"Zahna-Elster, Stadt";"Gemeinden";"18.971,25";"21.706,47";"23.976,51";"28.076,07"
"16051000";"Erfurt, Stadt";"Gemeinden";"20.018,35";"22.329,47";"23.737,88";"27.319,22"
"16052000";"Gera, Stadt";"Gemeinden";"19.660,54";"22.023,48";"23.900,12";"27.416,11"
"16053000";"Jena, Stadt";"Gemeinden";"19.658,21";"22.031,89";"23.831,73";"27.736,90"
"16054000";"Suhl, Stadt";"Gemeinden";"20.420,66";"23.102,69";"24.632,79";"28.361,29"
"16055000";"Weimar, Stadt";"Gemeinden";"19.710,44";"22.236,83";"23.449,70";"27.201,29"
"16061001";"Arenshausen";"Gemeinden";"18.501,67";"20.857,75";"22.341,93";"25.540,36"
"16061002";"Asbach-Sickenberg";"Gemeinden";"17.428,14";"19.769,14";"22.150,28";"25.052,32"
"16061003";"Berlingerode";"Gemeinden";"17.685,78";"20.418,16";"22.887,34";"26.199,11"
"16061007";"Birkenfelde";"Gemeinden";"18.847,46";"20.874,88";"22.829,93";"0,00"
"16061012";"Bodenrode-Westhausen";"Gemeinden";"18.211,69";"20.487,78";"22.956,27";"26.494,48"
"16061014";"Bornhagen";"Gemeinden";"17.040,58";"18.638,83";"20.515,98";"23.433,66"
"16061015";"Brehme";"Gemeinden";"18.909,18";"21.622,20";"23.964,49";"27.803,01"
"16061017";"Breitenworbis";"Gemeinden";"18.548,48";"21.417,78";"23.476,71";"27.189,47"
"16061018";"Büttstedt";"Gemeinden";"17.625,49";"20.288,01";"22.367,27";"26.371,19"
"16061019";"Buhla";"Gemeinden";"17.569,77";"20.052,50";"22.316,78";"25.943,06"
"16061021";"Burgwalde";"Gemeinden";"16.304,32";"18.926,32";"21.225,83";"24.711,92"
"16061023";"Dieterode";"Gemeinden";"17.192,69";"19.189,44";"19.855,76";"22.811,69"
"16061024";"Dietzenrode/Vatterode";"Gemeinden";"16.142,75";"17.908,36";"19.694,85";"23.084,31"
"16061026";"Ecklingerode";"Gemeinden";"17.749,00";"20.278,89";"22.446,71";"26.132,92"
"16061027";"Effelder";"Gemeinden";"17.979,07";"20.582,40";"22.935,00";"26.310,19"
"16061028";"Eichstruth";"Gemeinden";"17.491,22";"19.629,61";"21.471,75";"0,00"
"16061031";"Ferna";"Gemeinden";"17.884,61";"20.941,43";"22.997,68";"26.635,95"
"16061032";"Freienhagen";"Gemeinden";"19.728,85";"22.258,24";"24.440,75";"28.452,57"
"16061033";"Fretterode";"Gemeinden";"16.258,94";"18.390,65";"20.158,22";"23.264,38"
"16061034";"Geisleden";"Gemeinden";"18.139,67";"20.886,38";"22.582,63";"25.814,44"
"16061035";"Geismar";"Gemeinden";"17.778,07";"20.005,56";"22.026,34";"25.210,39"
"16061036";"Gerbershausen";"Gemeinden";"18.993,78";"21.651,35";"23.769,04";"27.836,50"
"16061037";"Gernrode";"Gemeinden";"18.161,00";"20.957,03";"23.487,89";"27.344,45"
"16061039";"Glasehausen";"Gemeinden";"17.730,48";"19.857,01";"21.787,49";"0,00"
"16061041";"Großbartloff";"Gemeinden";"17.113,78";"19.804,39";"21.756,32";"25.042,88"
"16061044";"Haynrode";"Gemeinden";"18.311,21";"20.815,88";"23.298,26";"26.720,89"
"16061045";"Heilbad Heiligenstadt, Stadt";"Gemeinden";"20.094,09";"22.897,60";"24.662,82";"30.400,72"
"16061047";"Heuthen";"Gemeinden";"17.717,49";"20.210,70";"22.215,92";"25.947,85"
"16061048";"Hohengandern";"Gemeinden";"19.396,78";"21.169,25";"22.909,37";"26.583,98"
"16061049";"Hohes Kreuz";"Gemeinden";"17.273,51";"19.669,71";"21.742,01";"0,00"
"16061056";"Kella";"Gemeinden";"18.920,61";"21.263,32";"23.099,26";"27.059,96"
"16061057";"Kirchgandern";"Gemeinden";"18.727,75";"20.918,08";"22.923,44";"27.058,84"
"16061058";"Kirchworbis";"Gemeinden";"18.256,27";"20.853,61";"23.174,49";"27.169,88"
"16061062";"Krombach";"Gemeinden";"17.237,01";"19.874,33";"22.782,28";"26.703,12"
"16061063";"Küllstedt";"Gemeinden";"17.127,66";"19.716,92";"21.798,51";"24.910,30"
"16061065";"Lenterode";"Gemeinden";"19.776,67";"22.517,97";"23.834,84";"0,00"
"16061066";"Lindewerra";"Gemeinden";"16.672,56";"19.531,74";"21.974,86";"25.707,52"
"16061067";"Lutter";"Gemeinden";"17.968,14";"20.406,76";"22.402,39";"0,00"
"16061068";"Mackenrode";"Gemeinden";"14.705,20";"16.890,53";"18.936,81";"0,00"
"16061069";"Marth";"Gemeinden";"17.980,02";"20.370,12";"22.574,86";"26.150,18"
"16061074";"Niederorschel";"Gemeinden";"18.283,43";"21.023,93";"23.331,11";"26.800,83"
"16061075";"Pfaffschwende";"Gemeinden";"18.021,84";"20.925,73";"22.758,67";"26.343,27"
"16061076";"Reinholterode";"Gemeinden";"18.076,58";"20.859,00";"23.218,80";"26.344,18"
"16061077";"Röhrig";"Gemeinden";"15.485,39";"17.406,92";"19.749,93";"0,00"
"16061078";"Rohrberg";"Gemeinden";"19.004,26";"21.356,84";"22.866,41";"26.208,18"
"16061082";"Rustenfelde";"Gemeinden";"17.939,70";"20.239,61";"22.367,59";"26.110,14"
"16061083";"Schachtebich";"Gemeinden";"19.001,05";"21.097,12";"23.345,52";"26.878,60"
"16061084";"Schönhagen";"Gemeinden";"14.222,21";"16.489,26";"18.244,83";"0,00"
"16061085";"Schwobfeld";"Gemeinden";"16.459,21";"18.769,57";"20.126,74";"23.341,42"
"16061086";"Sickerode";"Gemeinden";"16.575,98";"18.751,88";"20.806,62";"24.283,55"
"16061089";"Steinbach";"Gemeinden";"19.105,77";"22.027,28";"23.851,85";"27.225,77"
"16061091";"Steinheuterode";"Gemeinden";"18.186,11";"20.587,59";"22.762,32";"0,00"
"16061094";"Tastungen";"Gemeinden";"17.325,17";"19.410,86";"22.361,60";"25.454,27"
"16061096";"Thalwenden";"Gemeinden";"19.822,45";"22.037,85";"23.821,97";"0,00"
"16061097";"Uder";"Gemeinden";"19.923,38";"21.876,98";"23.988,01";"0,00"
"16061098";"Volkerode";"Gemeinden";"18.276,81";"20.336,43";"23.143,15";"26.883,60"
"16061101";"Wachstedt";"Gemeinden";"17.151,47";"19.563,42";"21.608,54";"24.607,95"
"16061102";"Wahlhausen";"Gemeinden";"16.052,82";"18.386,29";"20.163,84";"22.821,58"
"16061103";"Wehnde";"Gemeinden";"17.595,72";"20.159,26";"22.592,44";"26.445,13"
"16061105";"Wiesenfeld";"Gemeinden";"18.349,21";"20.541,22";"22.167,17";"26.089,47"
"16061107";"Wingerode";"Gemeinden";"18.736,24";"21.738,51";"23.600,96";"27.103,02"
"16061111";"Wüstheuterode";"Gemeinden";"19.546,30";"22.300,04";"24.486,14";"0,00"
"16061113";"Schimberg";"Gemeinden";"17.919,35";"20.558,91";"22.671,19";"26.496,81"
"16061114";"Teistungen";"Gemeinden";"18.578,32";"21.280,93";"23.649,09";"27.020,12"
"16061115";"Leinefelde-Worbis, Stadt";"Gemeinden";"18.396,07";"21.139,92";"23.407,05";"26.855,48"
"16061116";"Am Ohmberg";"Gemeinden";"18.966,54";"21.120,60";"23.095,41";"26.541,18"
"16061117";"Sonnenstein";"Gemeinden";"17.894,38";"20.588,05";"22.656,87";"26.009,72"
"16061118";"Dingelstädt, Stadt";"Gemeinden";"18.323,56";"20.896,90";"22.822,05";"30.697,38"
"16062005";"Ellrich, Stadt";"Gemeinden";"18.169,17";"20.824,10";"22.562,66";"26.231,16"
"16062008";"Görsbach";"Gemeinden";"18.914,97";"21.294,17";"23.312,14";"26.666,40"
"16062009";"Großlohra";"Gemeinden";"19.247,82";"21.916,65";"23.592,74";"27.801,53"
"16062024";"Kehmstedt";"Gemeinden";"18.533,70";"21.062,40";"22.727,97";"25.981,35"
"16062026";"Kleinfurra";"Gemeinden";"17.456,07";"19.983,12";"21.830,12";"25.483,09"
"16062033";"Lipprechterode";"Gemeinden";"18.402,73";"21.382,97";"23.589,52";"27.570,15"
"16062037";"Niedergebra";"Gemeinden";"18.513,26";"21.077,92";"22.924,50";"26.364,39"
"16062041";"Nordhausen, Stadt";"Gemeinden";"18.968,22";"21.446,31";"23.122,20";"26.668,80"
"16062049";"Sollstedt";"Gemeinden";"17.845,71";"20.318,43";"22.121,26";"25.660,13"
"16062054";"Urbach";"Gemeinden";"20.381,47";"22.960,45";"25.065,56";"29.155,65"
"16062062";"Hohenstein";"Gemeinden";"15.124,52";"17.682,80";"19.720,62";"22.657,30"
"16062063";"Werther";"Gemeinden";"18.659,04";"21.113,04";"23.171,99";"26.786,24"
"16062064";"Heringen/Helme, Stadt";"Gemeinden";"17.856,74";"20.267,84";"22.193,73";"25.523,72"
"16062065";"Harztor";"Gemeinden";"19.835,85";"22.466,03";"24.788,17";"28.773,62"
"16062066";"Bleicherode, Stadt";"Gemeinden";"18.898,57";"21.699,21";"23.755,54";"27.506,98"
"16063003";"Bad Salzungen, Stadt";"Gemeinden";"19.011,21";"21.533,99";"23.523,93";"27.360,05"
"16063004";"Barchfeld-Immelborn";"Gemeinden";"19.453,61";"21.982,52";"23.752,22";"27.483,27"
"16063006";"Berka v. d. Hainich";"Gemeinden";"19.366,66";"22.006,51";"24.201,88";"28.192,55"
"16063008";"Bischofroda";"Gemeinden";"18.671,76";"21.323,02";"23.206,73";"27.164,67"
"16063011";"Buttlar";"Gemeinden";"20.013,63";"22.772,90";"25.281,38";"29.471,98"
"16063015";"Dermbach";"Gemeinden";"19.117,09";"21.620,53";"23.478,63";"27.416,99"
"16063023";"Empfertshausen";"Gemeinden";"20.389,59";"23.332,98";"25.492,67";"29.899,30"
"16063028";"Frankenroda";"Gemeinden";"17.347,03";"19.648,25";"21.624,52";"0,00"
"16063032";"Geisa, Stadt";"Gemeinden";"18.903,14";"22.067,92";"23.926,41";"27.800,05"
"16063033";"Gerstengrund";"Gemeinden";"16.755,32";"19.165,09";"20.842,45";"24.129,99"
"16063037";"Hallungen";"Gemeinden";"18.307,33";"20.923,91";"22.912,63";"0,00"
"16063046";"Krauthausen";"Gemeinden";"18.173,97";"20.733,58";"23.210,41";"27.088,48"
"16063049";"Lauterbach";"Gemeinden";"18.649,04";"21.535,97";"23.618,06";"28.083,81"
"16063051";"Leimbach";"Gemeinden";"19.501,01";"22.233,08";"23.760,56";"28.049,05"
"16063058";"Nazza";"Gemeinden";"16.919,54";"19.174,01";"21.347,92";"24.887,30"
"16063062";"Oechsen";"Gemeinden";"18.818,21";"21.653,59";"23.658,19";"28.103,30"
"16063066";"Ruhla, Stadt";"Gemeinden";"19.997,80";"22.371,17";"24.457,51";"28.468,99"
"16063068";"Schleid";"Gemeinden";"17.124,47";"19.658,82";"21.582,90";"25.241,04"
"16063071";"Seebach";"Gemeinden";"21.427,98";"24.059,86";"26.062,00";"30.098,63"
"16063076";"Treffurt, Stadt";"Gemeinden";"18.276,30";"20.921,19";"23.045,75";"26.608,66"
"16063078";"Unterbreizbach";"Gemeinden";"18.972,35";"21.777,63";"23.738,83";"27.841,14"
"16063082";"Vacha, Stadt";"Gemeinden";"19.582,79";"22.292,59";"24.293,08";"28.506,75"
"16063084";"Weilar";"Gemeinden";"18.441,23";"21.062,36";"23.174,92";"26.911,73"
"16063086";"Wiesenthal";"Gemeinden";"18.632,48";"21.238,37";"22.792,70";"26.849,68"
"16063092";"Wutha-Farnroda";"Gemeinden";"18.983,37";"21.354,35";"23.510,09";"27.323,87"
"16063097";"Gerstungen";"Gemeinden";"18.836,27";"21.393,84";"23.449,74";"27.206,21"
"16063098";"Hörselberg-Hainich";"Gemeinden";"19.002,98";"21.465,36";"23.577,82";"27.507,31"
"16063099";"Bad Liebenstein, Stadt";"Gemeinden";"19.954,59";"22.648,91";"24.589,52";"28.817,55"
"16063101";"Krayenberggemeinde";"Gemeinden";"19.172,75";"21.842,36";"23.870,17";"27.473,25"
"16063103";"Werra-Suhl-Tal, Stadt";"Gemeinden";"19.698,34";"22.372,89";"24.589,36";"28.555,80"
"16063104";"Amt Creuzburg, Stadt";"Gemeinden";"19.317,80";"21.974,29";"24.078,14";"29.759,74"
"16063105";"Eisenach, Stadt";"Gemeinden";"20.020,93";"22.486,55";"24.012,47";"27.624,25"
"16064003";"Bad Langensalza, Stadt";"Gemeinden";"18.318,62";"20.791,65";"22.797,64";"26.441,59"
"16064004";"Bad Tennstedt, Stadt";"Gemeinden";"18.566,78";"21.532,27";"23.567,62";"27.402,25"
"16064005";"Ballhausen";"Gemeinden";"18.082,28";"20.493,89";"22.156,10";"25.932,62"
"16064007";"Blankenburg";"Gemeinden";"15.820,04";"18.305,03";"20.439,22";"24.368,07"
"16064009";"Bruchstedt";"Gemeinden";"18.262,51";"20.308,00";"22.045,73";"26.349,37"
"16064019";"Großvargula";"Gemeinden";"18.487,22";"21.517,09";"24.423,14";"27.754,04"
"16064021";"Haussömmern";"Gemeinden";"14.741,12";"16.539,57";"18.538,56";"21.588,47"
"16064022";"Herbsleben";"Gemeinden";"17.639,24";"20.170,70";"22.186,91";"25.746,66"
"16064027";"Hornsömmern";"Gemeinden";"17.279,11";"19.459,55";"21.233,07";"24.984,79"
"16064032";"Kammerforst";"Gemeinden";"18.916,51";"21.332,39";"22.923,30";"26.435,10"
"16064033";"Kirchheilingen";"Gemeinden";"19.292,14";"22.325,83";"25.020,08";"28.837,02"
"16064037";"Körner";"Gemeinden";"17.571,16";"20.093,72";"21.928,19";"25.348,46"
"16064038";"Kutzleben";"Gemeinden";"16.819,18";"19.364,48";"21.568,17";"24.781,73"
"16064043";"Marolterode";"Gemeinden";"19.156,16";"21.866,93";"23.741,38";"28.132,37"
"16064045";"Mittelsömmern";"Gemeinden";"15.450,99";"18.002,45";"20.163,31";"23.439,80"
"16064046";"Mühlhausen/Thüringen, Stadt";"Gemeinden";"18.568,60";"21.081,19";"23.095,41";"27.113,19"
"16064053";"Oppershausen";"Gemeinden";"17.894,20";"20.433,54";"23.344,38";"27.350,67"
"16064055";"Rodeberg";"Gemeinden";"19.349,12";"21.968,94";"24.794,92";"0,00"
"16064058";"Schönstedt";"Gemeinden";"19.160,57";"21.330,30";"23.653,93";"0,00"
"16064061";"Sundhausen";"Gemeinden";"17.088,32";"19.685,06";"21.886,57";"25.192,16"
"16064062";"Tottleben";"Gemeinden";"17.110,51";"19.891,99";"21.886,17";"25.330,42"
"16064064";"Urleben";"Gemeinden";"17.728,09";"20.032,71";"21.886,33";"25.108,47"
"16064071";"Unstruttal";"Gemeinden";"17.166,21";"19.799,13";"21.846,20";"27.125,27"
"16064074";"Südeichsfeld";"Gemeinden";"18.490,75";"21.334,96";"23.392,81";"28.014,81"
"16064075";"Vogtei";"Gemeinden";"19.792,73";"22.497,73";"24.981,14";"29.296,38"
"16064076";"Unstrut-Hainich";"Gemeinden";"18.610,05";"21.162,36";"23.089,73";"33.937,61"
"16064077";"Nottertal-Heilinger Höhen, Stadt";"Gemeinden";"17.856,67";"20.102,43";"22.005,45";"25.280,48"
"16065001";"Abtsbessingen";"Gemeinden";"17.904,79";"20.281,34";"22.117,86";"25.782,61"
"16065003";"Bad Frankenhausen/Kyffhäuser, Stadt";"Gemeinden";"18.141,54";"20.689,18";"22.916,19";"26.425,03"
"16065005";"Bellstedt";"Gemeinden";"18.588,48";"20.161,91";"22.368,16";"25.919,85"
"16065008";"Borxleben";"Gemeinden";"16.060,49";"18.437,66";"20.671,50";"24.010,05"
"16065012";"Clingen, Stadt";"Gemeinden";"18.027,66";"20.815,63";"22.963,89";"26.423,48"
"16065014";"Ebeleben, Stadt";"Gemeinden";"17.261,09";"19.648,94";"21.772,60";"24.947,34"
"16065016";"Etzleben";"Gemeinden";"19.052,10";"21.582,88";"23.300,11";"27.879,06"
"16065018";"Freienbessingen";"Gemeinden";"13.315,45";"15.463,50";"17.790,79";"20.398,66"
"16065019";"Gehofen";"Gemeinden";"16.635,62";"19.176,82";"21.358,73";"24.867,81"
"16065032";"Helbedündorf";"Gemeinden";"17.412,61";"19.832,59";"22.001,14";"25.490,84"
"16065038";"Holzsußra";"Gemeinden";"17.490,27";"19.955,34";"22.009,49";"25.782,20"
"16065042";"Kalbsrieth";"Gemeinden";"16.991,26";"19.745,96";"21.608,37";"24.424,64"
"16065046";"Mönchpfiffel-Nikolausrieth";"Gemeinden";"17.399,26";"19.936,81";"21.889,18";"25.479,67"
"16065048";"Niederbösa";"Gemeinden";"15.714,65";"18.321,04";"20.623,04";"23.879,07"
"16065051";"Oberbösa";"Gemeinden";"19.878,92";"22.736,57";"24.447,50";"28.676,05"
"16065052";"Oberheldrungen";"Gemeinden";"18.087,11";"20.469,91";"22.790,30";"26.028,27"
"16065056";"Reinsdorf";"Gemeinden";"17.576,31";"19.795,85";"21.795,25";"25.425,74"
"16065058";"Rockstedt";"Gemeinden";"20.636,75";"23.413,12";"25.639,82";"29.323,85"
"16065067";"Sondershausen, Stadt";"Gemeinden";"18.909,86";"21.573,71";"23.684,39";"27.390,23"
"16065074";"Topfstedt";"Gemeinden";"17.342,58";"20.050,74";"22.418,97";"25.745,55"
"16065075";"Trebra";"Gemeinden";"16.044,36";"18.697,74";"20.493,05";"23.765,24"
"16065077";"Wasserthaleben";"Gemeinden";"17.539,37";"20.079,29";"22.140,58";"25.505,03"
"16065079";"Westgreußen";"Gemeinden";"15.937,28";"18.254,46";"20.626,59";"24.154,23"
"16065085";"Kyffhäuserland";"Gemeinden";"18.130,44";"20.956,06";"23.182,75";"26.954,85"
"16065086";"Artern, Stadt";"Gemeinden";"18.220,22";"20.830,63";"22.916,23";"26.371,18"
"16065087";"Roßleben-Wiehe, Stadt";"Gemeinden";"17.667,82";"20.292,59";"22.468,93";"25.853,45"
"16065088";"An der Schmücke, Stadt";"Gemeinden";"17.813,17";"20.400,45";"22.347,17";"25.771,50"
"16065089";"Greußen, Stadt";"Gemeinden";"17.638,64";"20.296,66";"22.417,81";"26.070,82"
"16066005";"Belrieth";"Gemeinden";"18.286,44";"20.943,51";"23.024,44";"26.651,53"
"16066012";"Birx";"Gemeinden";"15.724,28";"17.946,73";"19.331,75";"22.029,01"
"16066013";"Breitungen/Werra";"Gemeinden";"19.172,49";"21.694,06";"23.671,66";"27.111,63"
"16066015";"Christes";"Gemeinden";"18.389,33";"20.837,56";"22.919,03";"26.838,86"
"16066016";"Dillstädt";"Gemeinden";"18.427,70";"20.551,94";"22.885,76";"26.715,78"
"16066017";"Einhausen";"Gemeinden";"18.397,71";"20.792,60";"22.156,83";"25.779,18"
"16066018";"Ellingshausen";"Gemeinden";"19.622,04";"21.705,48";"23.717,48";"26.906,17"
"16066019";"Erbenhausen";"Gemeinden";"17.115,54";"19.294,25";"20.750,81";"23.499,32"
"16066022";"Fambach";"Gemeinden";"18.423,77";"21.116,75";"23.090,96";"26.134,49"
"16066023";"Floh-Seligenthal";"Gemeinden";"20.160,07";"22.842,65";"24.948,32";"29.143,62"
"16066024";"Frankenheim/Rhön";"Gemeinden";"16.521,78";"18.690,51";"20.535,17";"23.779,49"
"16066025";"Friedelshausen";"Gemeinden";"17.216,58";"19.649,71";"21.463,58";"24.500,62"
"16066038";"Kühndorf";"Gemeinden";"18.676,06";"21.453,34";"23.274,23";"27.257,85"
"16066039";"Leutersdorf";"Gemeinden";"18.424,41";"20.703,18";"22.785,84";"26.504,49"
"16066041";"Mehmels";"Gemeinden";"17.823,37";"19.825,34";"21.679,07";"24.622,10"
"16066042";"Meiningen, Stadt";"Gemeinden";"19.635,15";"22.110,19";"23.784,50";"28.254,27"
"16066045";"Neubrunn";"Gemeinden";"18.294,48";"20.810,86";"22.949,35";"27.386,78"
"16066047";"Oberhof, Stadt";"Gemeinden";"19.490,95";"20.958,62";"22.934,94";"26.617,16"
"16066049";"Obermaßfeld-Grimmenthal";"Gemeinden";"17.829,07";"19.669,48";"21.638,32";"24.927,78"
"16066052";"Oberweid";"Gemeinden";"18.188,42";"20.705,77";"22.397,44";"25.480,71"
"16066056";"Rippershausen";"Gemeinden";"17.765,67";"20.214,13";"22.280,90";"25.682,53"
"16066057";"Ritschenhausen";"Gemeinden";"18.778,54";"20.613,34";"22.220,18";"25.532,78"
"16066058";"Rohr";"Gemeinden";"19.438,52";"22.012,61";"24.077,52";"27.838,32"
"16066059";"Rosa";"Gemeinden";"19.848,29";"22.456,69";"24.043,89";"27.828,14"
"16066061";"Roßdorf";"Gemeinden";"18.826,84";"21.186,89";"23.267,04";"26.604,98"
"16066063";"Schmalkalden, Stadt";"Gemeinden";"18.799,03";"21.155,67";"22.696,66";"26.241,51"
"16066064";"Schwallungen";"Gemeinden";"18.322,42";"21.001,77";"22.741,86";"26.167,51"
"16066065";"Schwarza";"Gemeinden";"19.712,96";"22.419,62";"24.091,57";"27.431,82"
"16066069";"Steinbach-Hallenberg, Stadt";"Gemeinden";"20.050,16";"22.462,58";"24.380,07";"27.880,54"
"16066073";"Sülzfeld";"Gemeinden";"19.970,49";"22.689,67";"24.343,00";"0,00"
"16066074";"Brotterode-Trusetal, Stadt";"Gemeinden";"20.057,23";"22.542,39";"24.639,07";"28.565,59"
"16066076";"Untermaßfeld";"Gemeinden";"17.890,38";"20.584,16";"22.274,76";"25.754,23"
"16066079";"Utendorf";"Gemeinden";"18.264,69";"20.755,03";"22.493,00";"26.065,92"
"16066081";"Vachdorf";"Gemeinden";"19.319,72";"21.800,30";"23.515,93";"27.440,60"
"16066086";"Wasungen, Stadt";"Gemeinden";"17.881,51";"20.332,82";"22.092,68";"25.377,25"
"16066092";"Zella-Mehlis, Stadt";"Gemeinden";"20.085,37";"22.983,10";"24.649,38";"28.546,36"
"16066093";"Rhönblick";"Gemeinden";"15.589,26";"18.094,80";"20.309,91";"23.548,45"
"16066094";"Grabfeld";"Gemeinden";"18.564,19";"21.220,68";"23.303,76";"26.985,29"
"16066095";"Kaltennordheim, Stadt";"Gemeinden";"18.321,29";"20.865,71";"22.856,35";"26.297,75"
"16067004";"Bienstädt";"Gemeinden";"19.423,24";"22.401,11";"24.136,72";"28.001,79"
"16067009";"Dachwig";"Gemeinden";"18.959,92";"21.466,41";"23.323,26";"26.581,80"
"16067011";"Döllstädt";"Gemeinden";"18.535,43";"21.173,36";"23.012,43";"26.398,40"
"16067013";"Emleben";"Gemeinden";"18.572,23";"21.349,09";"23.237,55";"26.402,10"
"16067016";"Eschenbergen";"Gemeinden";"19.555,35";"22.260,15";"23.964,67";"27.913,06"
"16067019";"Friedrichroda, Stadt";"Gemeinden";"19.892,85";"22.485,61";"23.853,04";"27.710,61"
"16067022";"Friemar";"Gemeinden";"18.809,56";"21.509,74";"23.226,59";"26.327,71"
"16067026";"Gierstädt";"Gemeinden";"19.060,58";"21.839,58";"23.802,69";"27.620,27"
"16067029";"Gotha, Stadt";"Gemeinden";"18.793,59";"21.114,60";"22.711,87";"26.181,15"
"16067033";"Großfahner";"Gemeinden";"18.453,13";"20.788,76";"22.739,48";"26.115,08"
"16067036";"Herrenhof";"Gemeinden";"20.722,33";"23.377,39";"24.790,12";"0,00"
"16067044";"Luisenthal";"Gemeinden";"18.914,34";"21.246,35";"22.813,57";"26.070,31"
"16067047";"Molschleben";"Gemeinden";"18.240,26";"20.905,33";"22.958,79";"26.730,29"
"16067052";"Nottleben";"Gemeinden";"17.618,12";"19.997,86";"22.292,92";"25.908,44"
"16067053";"Ohrdruf, Stadt";"Gemeinden";"18.787,30";"21.328,54";"23.153,79";"26.755,15"
"16067055";"Pferdingsleben";"Gemeinden";"18.187,18";"19.965,65";"22.402,99";"26.028,18"
"16067059";"Schwabhausen";"Gemeinden";"19.534,57";"22.328,84";"23.741,39";"27.586,11"
"16067063";"Sonneborn";"Gemeinden";"18.813,23";"21.315,16";"23.299,98";"26.935,01"
"16067064";"Bad Tabarz";"Gemeinden";"20.820,67";"23.516,01";"24.734,22";"28.722,61"
"16067065";"Tambach-Dietharz/Thür. Wald, Stadt";"Gemeinden";"20.486,01";"23.229,29";"24.523,72";"28.427,04"
"16067067";"Tonna";"Gemeinden";"17.591,29";"20.070,64";"21.872,04";"25.159,45"
"16067068";"Tröchtelborn";"Gemeinden";"19.930,93";"22.460,13";"25.079,92";"29.152,83"
"16067071";"Tüttleben";"Gemeinden";"20.357,69";"22.795,24";"24.083,35";"27.670,66"
"16067072";"Waltershausen, Stadt";"Gemeinden";"19.367,16";"21.955,71";"23.778,65";"27.319,87"
"16067082";"Zimmernsupra";"Gemeinden";"19.351,49";"21.590,71";"23.916,70";"27.054,06"
"16067087";"Nesse-Apfelstädt";"Gemeinden";"20.297,67";"22.917,07";"24.695,17";"28.678,23"
"16067088";"Hörsel";"Gemeinden";"19.094,37";"21.737,11";"23.955,06";"27.763,69"
"16067089";"Drei Gleichen";"Gemeinden";"19.616,11";"22.431,50";"24.445,26";"28.196,62"
"16067091";"Nessetal";"Gemeinden";"18.961,57";"21.495,77";"23.344,92";"27.040,54"
"16067092";"Georgenthal";"Gemeinden";"19.607,45";"22.189,92";"24.066,82";"30.715,37"
"16068001";"Alperstedt";"Gemeinden";"18.358,72";"21.227,67";"23.204,98";"26.830,27"
"16068002";"Andisleben";"Gemeinden";"17.700,88";"20.127,32";"22.177,15";"25.979,75"
"16068005";"Büchel";"Gemeinden";"18.825,25";"21.138,88";"22.837,88";"26.597,39"
"16068007";"Eckstedt";"Gemeinden";"18.598,44";"21.254,53";"23.327,53";"27.385,47"
"16068009";"Elxleben";"Gemeinden";"22.005,10";"24.343,24";"25.765,62";"30.088,32"
"16068013";"Gangloffsömmern";"Gemeinden";"17.643,94";"20.311,23";"22.214,44";"25.969,85"
"16068014";"Gebesee, Stadt";"Gemeinden";"19.548,63";"22.221,46";"22.831,03";"26.497,75"
"16068015";"Griefstedt";"Gemeinden";"18.033,42";"20.560,40";"22.302,40";"26.289,27"
"16068017";"Großmölsen";"Gemeinden";"19.349,84";"21.836,70";"23.806,08";"27.743,71"
"16068019";"Großneuhausen";"Gemeinden";"18.626,47";"21.290,44";"23.659,40";"27.414,25"
"16068021";"Großrudestedt";"Gemeinden";"19.438,79";"22.314,07";"24.057,00";"28.148,76"
"16068022";"Günstedt";"Gemeinden";"18.257,27";"20.843,53";"23.145,36";"26.866,07"
"16068025";"Haßleben";"Gemeinden";"18.303,46";"20.960,42";"22.438,22";"26.005,84"
"16068032";"Kleinmölsen";"Gemeinden";"20.312,88";"23.542,73";"25.228,21";"28.984,27"
"16068033";"Kleinneuhausen";"Gemeinden";"18.963,57";"21.874,61";"22.867,57";"26.559,68"
"16068034";"Kölleda, Stadt";"Gemeinden";"18.799,39";"21.364,38";"23.416,95";"27.030,42"
"16068036";"Markvippach";"Gemeinden";"17.333,50";"20.233,16";"22.055,87";"26.090,06"
"16068037";"Nöda";"Gemeinden";"20.370,61";"22.524,43";"24.091,97";"28.181,35"
"16068039";"Ollendorf";"Gemeinden";"20.483,64";"23.148,81";"24.998,18";"29.881,22"
"16068041";"Ostramondra";"Gemeinden";"18.109,71";"20.742,16";"22.542,88";"26.030,40"
"16068042";"Rastenberg, Stadt";"Gemeinden";"18.452,54";"20.810,42";"22.367,25";"25.885,37"
"16068044";"Riethnordhausen";"Gemeinden";"19.533,98";"22.141,57";"24.242,51";"27.886,26"
"16068045";"Ringleben";"Gemeinden";"18.350,55";"21.105,22";"23.311,89";"27.224,17"
"16068048";"Schloßvippach";"Gemeinden";"19.846,54";"22.551,11";"24.563,80";"28.309,02"
"16068049";"Schwerstedt";"Gemeinden";"17.773,33";"20.316,27";"21.937,20";"25.364,01"
"16068051";"Sömmerda, Stadt";"Gemeinden";"19.298,80";"21.951,73";"23.481,58";"27.125,82"
"16068052";"Sprötau";"Gemeinden";"17.137,38";"19.590,65";"21.314,46";"24.973,21"
"16068053";"Straußfurt";"Gemeinden";"17.666,81";"20.413,93";"22.071,87";"25.780,39"
"16068055";"Udestedt";"Gemeinden";"19.259,85";"21.853,22";"23.665,94";"27.691,66"
"16068056";"Vogelsberg";"Gemeinden";"19.948,83";"22.653,97";"23.986,92";"27.378,13"
"16068057";"Walschleben";"Gemeinden";"19.756,26";"22.458,41";"24.570,61";"28.173,20"
"16068058";"Weißensee, Stadt";"Gemeinden";"18.603,13";"21.129,55";"22.889,67";"26.464,37"
"16068059";"Werningshausen";"Gemeinden";"18.126,05";"21.139,42";"22.857,25";"26.689,72"
"16068061";"Witterda";"Gemeinden";"21.867,77";"24.872,57";"26.595,06";"31.219,01"
"16068062";"Wundersleben";"Gemeinden";"18.477,38";"21.432,07";"23.099,22";"27.462,83"
"16068063";"Buttstädt";"Gemeinden";"17.592,61";"20.197,82";"22.078,45";"25.680,88"
"16068064";"Kindelbrück";"Gemeinden";"17.576,20";"19.974,40";"21.470,98";"25.053,49"
"16069001";"Ahlstädt";"Gemeinden";"17.525,11";"19.092,90";"20.596,88";"23.957,82"
"16069003";"Beinerstadt";"Gemeinden";"18.985,03";"20.842,42";"22.561,97";"26.530,48"
"16069004";"Bischofrod";"Gemeinden";"16.678,71";"19.256,96";"21.094,33";"24.351,50"
"16069006";"Brünn/Thür.";"Gemeinden";"18.325,49";"20.976,12";"22.501,53";"26.823,64"
"16069008";"Dingsleben";"Gemeinden";"19.800,79";"21.309,60";"23.661,01";"26.828,69"
"16069009";"Ehrenberg";"Gemeinden";"17.378,75";"19.610,74";"21.658,97";"25.142,36"
"16069011";"Eichenberg";"Gemeinden";"17.631,60";"19.757,29";"21.643,93";"24.751,12"
"16069012";"Eisfeld, Stadt";"Gemeinden";"18.821,28";"21.214,43";"22.996,02";"26.656,72"
"16069016";"Grimmelshausen";"Gemeinden";"18.765,16";"21.044,28";"22.719,64";"26.404,43"
"16069017";"Grub";"Gemeinden";"18.577,65";"20.947,32";"22.734,81";"25.831,61"
"16069021";"Henfstädt";"Gemeinden";"17.621,10";"20.022,42";"22.355,14";"25.852,76"
"16069024";"Hildburghausen, Stadt";"Gemeinden";"19.207,98";"21.445,11";"22.588,54";"26.010,93"
"16069025";"Kloster Veßra";"Gemeinden";"16.817,21";"19.112,95";"21.189,63";"24.508,85"
"16069026";"Lengfeld";"Gemeinden";"20.439,52";"22.567,91";"23.944,21";"27.646,99"
"16069028";"Marisfeld";"Gemeinden";"18.315,28";"20.951,42";"22.722,61";"26.410,70"
"16069035";"Oberstadt";"Gemeinden";"17.524,73";"19.941,57";"21.783,46";"24.933,11"
"16069037";"Reurieth";"Gemeinden";"18.318,67";"21.063,16";"23.107,48";"26.389,20"
"16069041";"Schlechtsart";"Gemeinden";"17.836,02";"19.835,72";"21.458,02";"24.196,06"
"16069042";"Schleusegrund";"Gemeinden";"19.417,50";"21.757,57";"23.518,54";"27.365,51"
"16069043";"Schleusingen, Stadt";"Gemeinden";"18.696,26";"21.324,23";"23.751,71";"27.280,98"
"16069044";"Schmeheim";"Gemeinden";"20.648,65";"23.318,73";"25.226,33";"29.146,45"
"16069046";"Schweickershausen";"Gemeinden";"18.122,25";"21.011,14";"22.441,69";"25.977,44"
"16069047";"St.Bernhard";"Gemeinden";"16.443,96";"18.771,36";"20.686,00";"23.894,98"
"16069049";"Straufhain";"Gemeinden";"17.553,76";"20.091,73";"22.026,17";"25.457,10"
"16069051";"Themar, Stadt";"Gemeinden";"18.331,47";"20.686,79";"22.292,53";"25.795,71"
"16069052";"Ummerstadt, Stadt";"Gemeinden";"19.281,61";"21.555,67";"23.640,70";"27.672,16"
"16069053";"Veilsdorf";"Gemeinden";"18.784,07";"21.351,65";"23.087,49";"26.551,62"
"16069056";"Westhausen";"Gemeinden";"20.171,72";"21.883,89";"22.980,96";"26.384,52"
"16069058";"Auengrund";"Gemeinden";"18.539,19";"23.031,01";"24.036,48";"28.115,92"
"16069061";"Masserberg";"Gemeinden";"18.470,03";"21.059,33";"23.137,70";"26.712,06"
"16069062";"Römhild, Stadt";"Gemeinden";"18.230,27";"20.994,17";"22.809,16";"25.986,47"
"16069063";"Heldburg, Stadt";"Gemeinden";"18.408,48";"20.903,58";"22.861,64";"26.592,54"
"16070001";"Alkersleben";"Gemeinden";"18.403,18";"20.847,50";"23.033,90";"26.750,35"
"16070004";"Arnstadt, Stadt";"Gemeinden";"19.320,92";"21.876,96";"23.019,94";"26.602,71"
"16070006";"Bösleben-Wüllersleben";"Gemeinden";"18.437,39";"21.058,67";"22.931,11";"26.755,26"
"16070008";"Dornheim";"Gemeinden";"19.038,29";"21.366,73";"23.503,90";"27.435,51"
"16070011";"Elgersburg";"Gemeinden";"18.846,44";"21.687,45";"23.686,21";"27.204,13"
"16070012";"Elleben";"Gemeinden";"20.359,03";"23.738,87";"26.050,75";"30.307,53"
"16070013";"Elxleben";"Gemeinden";"21.046,89";"23.727,95";"25.825,00";"29.971,58"
"16070028";"Amt Wachsenburg";"Gemeinden";"19.744,64";"22.516,63";"24.451,28";"28.438,28"
"16070029";"Ilmenau, Stadt";"Gemeinden";"18.960,69";"21.497,82";"23.554,30";"27.009,88"
"16070034";"Martinroda";"Gemeinden";"18.684,79";"21.188,27";"23.320,01";"27.009,18"
"16070041";"Osthausen-Wülfershausen";"Gemeinden";"17.584,98";"20.237,08";"22.488,40";"26.309,70"
"16070043";"Plaue, Stadt";"Gemeinden";"18.650,19";"21.312,83";"23.548,73";"27.335,44"
"16070048";"Stadtilm, Stadt";"Gemeinden";"17.820,52";"20.432,62";"22.581,13";"25.926,16"
"16070054";"Witzleben";"Gemeinden";"17.867,34";"20.499,94";"22.950,93";"26.982,76"
"16070057";"Geratal";"Gemeinden";"19.276,71";"22.003,38";"24.032,53";"27.699,12"
"16070058";"Großbreitenbach, Stadt";"Gemeinden";"18.561,89";"21.154,10";"23.109,69";"26.541,09"
"16071001";"Apolda, Stadt";"Gemeinden";"18.601,09";"21.018,42";"22.663,95";"26.149,58"
"16071003";"Bad Berka, Stadt";"Gemeinden";"20.338,41";"23.568,57";"25.723,18";"29.493,29"
"16071004";"Bad Sulza, Stadt";"Gemeinden";"17.243,41";"19.868,40";"21.976,85";"25.555,77"
"16071005";"Ballstedt";"Gemeinden";"16.323,41";"19.096,92";"21.676,56";"24.645,61"
"16071008";"Blankenhain, Stadt";"Gemeinden";"18.456,67";"21.255,04";"23.181,15";"26.632,20"
"16071009";"Buchfart";"Gemeinden";"20.520,58";"22.476,52";"24.582,72";"28.325,18"
"16071013";"Döbritschen";"Gemeinden";"18.769,26";"22.141,42";"24.474,68";"28.139,66"
"16071015";"Eberstedt";"Gemeinden";"17.347,04";"20.100,09";"22.329,61";"26.187,19"
"16071017";"Ettersburg";"Gemeinden";"19.012,91";"22.626,38";"25.702,83";"29.570,29"
"16071019";"Frankendorf";"Gemeinden";"18.605,82";"20.327,28";"22.427,68";"25.980,13"
"16071022";"Großheringen";"Gemeinden";"18.834,97";"21.535,36";"23.675,38";"27.144,17"
"16071025";"Großschwabhausen";"Gemeinden";"18.388,89";"21.085,69";"23.341,45";"27.063,70"
"16071027";"Hammerstedt";"Gemeinden";"16.964,69";"19.169,09";"21.067,59";"24.666,54"
"16071031";"Hetschburg";"Gemeinden";"18.624,99";"21.121,34";"23.205,40";"26.732,62"
"16071032";"Hohenfelden";"Gemeinden";"17.621,70";"20.404,36";"22.241,20";"26.023,00"
"16071037";"Kapellendorf";"Gemeinden";"18.124,38";"20.938,61";"23.650,26";"26.946,01"
"16071038";"Kiliansroda";"Gemeinden";"16.651,59";"19.480,87";"21.667,56";"25.244,45"
"16071042";"Kleinschwabhausen";"Gemeinden";"17.019,29";"19.503,15";"21.686,60";"24.929,73"
"16071043";"Klettbach";"Gemeinden";"19.712,61";"22.627,59";"25.324,58";"29.166,57"
"16071046";"Kranichfeld, Stadt";"Gemeinden";"18.732,60";"21.402,35";"23.399,88";"27.171,26"
"16071049";"Lehnstedt";"Gemeinden";"16.995,42";"18.960,34";"20.744,45";"23.489,17"
"16071053";"Magdala, Stadt";"Gemeinden";"18.531,99";"21.365,02";"23.857,99";"27.763,01"
"16071055";"Mechelroda";"Gemeinden";"18.739,97";"21.830,46";"23.778,78";"27.140,30"
"16071056";"Mellingen";"Gemeinden";"19.934,70";"22.584,12";"25.363,77";"30.053,69"
"16071059";"Nauendorf";"Gemeinden";"19.938,60";"23.135,63";"25.696,00";"29.995,81"
"16071061";"Neumark, Stadt";"Gemeinden";"18.102,73";"20.628,58";"22.112,76";"25.761,17"
"16071064";"Niedertrebra";"Gemeinden";"18.234,26";"21.008,95";"23.409,27";"26.989,77"
"16071069";"Obertrebra";"Gemeinden";"17.329,90";"19.901,90";"20.703,77";"24.140,06"
"16071071";"Oettern";"Gemeinden";"16.309,08";"18.214,20";"19.796,17";"22.836,21"
"16071079";"Rittersdorf";"Gemeinden";"16.481,05";"18.911,15";"20.962,31";"24.077,68"
"16071083";"Schmiedehausen";"Gemeinden";"17.895,50";"20.663,42";"22.495,27";"25.392,42"
"16071087";"Tonndorf";"Gemeinden";"18.639,59";"21.071,50";"22.507,65";"25.944,15"
"16071089";"Umpferstedt";"Gemeinden";"17.390,29";"20.177,08";"21.975,36";"25.595,76"
"16071093";"Vollersroda";"Gemeinden";"17.356,47";"19.666,59";"21.944,36";"25.582,74"
"16071095";"Wiegendorf";"Gemeinden";"16.685,25";"19.229,30";"21.029,46";"24.374,18"
"16071101";"Ilmtal-Weinstraße";"Gemeinden";"18.346,63";"21.095,20";"23.364,98";"27.068,04"
"16071102";"Am Ettersberg";"Gemeinden";"18.046,91";"20.479,67";"22.660,10";"26.085,79"
"16071103";"Grammetal";"Gemeinden";"18.276,73";"20.943,01";"23.235,52";"27.076,49"
"16072006";"Goldisthal";"Gemeinden";"17.220,27";"19.734,86";"21.383,92";"24.626,50"
"16072011";"Lauscha, Stadt";"Gemeinden";"19.142,22";"21.780,76";"23.601,01";"26.948,93"
"16072013";"Neuhaus am Rennweg, Stadt";"Gemeinden";"19.337,57";"21.718,95";"23.139,26";"26.846,57"
"16072015";"Schalkau, Stadt";"Gemeinden";"19.102,57";"21.394,44";"22.963,59";"26.711,84"
"16072018";"Sonneberg, Stadt";"Gemeinden";"19.706,80";"21.556,14";"22.771,33";"26.255,92"
"16072019";"Steinach, Stadt";"Gemeinden";"20.460,10";"23.080,96";"24.244,88";"28.256,62"
"16072023";"Frankenblick";"Gemeinden";"19.535,28";"22.019,18";"23.501,18";"27.122,67"
"16072024";"Föritztal";"Gemeinden";"19.752,90";"22.414,49";"24.309,01";"27.877,78"
"16073001";"Allendorf";"Gemeinden";"21.442,41";"23.674,18";"25.406,43";"29.321,89"
"16073002";"Altenbeuthen";"Gemeinden";"17.168,97";"19.119,09";"20.770,61";"23.853,23"
"16073005";"Bad Blankenburg, Stadt";"Gemeinden";"19.211,61";"21.823,21";"23.391,79";"26.909,18"
"16073006";"Bechstedt";"Gemeinden";"17.439,54";"19.820,14";"21.782,37";"25.316,79"
"16073013";"Cursdorf";"Gemeinden";"18.301,17";"21.167,71";"23.237,75";"27.055,43"
"16073014";"Deesbach";"Gemeinden";"17.153,81";"19.616,42";"21.878,67";"25.035,85"
"16073017";"Döschnitz";"Gemeinden";"16.550,05";"19.011,50";"21.156,94";"24.558,67"
"16073028";"Gräfenthal, Stadt";"Gemeinden";"19.119,07";"21.555,28";"23.277,39";"27.012,02"
"16073035";"Hohenwarte";"Gemeinden";"20.133,76";"21.672,52";"22.317,02";"25.602,94"
"16073037";"Katzhütte";"Gemeinden";"16.894,04";"19.602,76";"21.515,36";"25.235,62"
"16073038";"Kaulsdorf";"Gemeinden";"19.987,21";"22.698,46";"24.142,61";"27.957,10"
"16073046";"Lehesten, Stadt";"Gemeinden";"18.064,49";"20.462,42";"21.686,31";"25.542,07"
"16073055";"Meura";"Gemeinden";"18.111,09";"20.192,01";"21.505,42";"25.048,66"
"16073067";"Probstzella";"Gemeinden";"18.467,35";"21.298,61";"23.394,56";"27.059,01"
"16073074";"Rohrbach";"Gemeinden";"21.865,89";"24.552,79";"26.073,94";"30.238,13"
"16073076";"Rudolstadt, Stadt";"Gemeinden";"19.317,46";"21.885,47";"23.864,68";"27.526,74"
"16073077";"Saalfeld/Saale, Stadt";"Gemeinden";"19.140,13";"21.647,67";"23.649,61";"27.328,66"
"16073082";"Schwarzburg";"Gemeinden";"19.154,51";"21.892,70";"23.624,28";"27.562,16"
"16073084";"Sitzendorf";"Gemeinden";"18.806,81";"21.181,81";"23.327,03";"26.759,08"
"16073094";"Unterweißbach";"Gemeinden";"19.142,50";"21.409,19";"23.100,43";"26.622,62"
"16073106";"Leutenberg, Stadt";"Gemeinden";"19.889,36";"22.497,26";"24.218,00";"27.959,80"
"16073107";"Drognitz";"Gemeinden";"19.201,75";"21.259,28";"23.127,01";"27.180,83"
"16073109";"Uhlstädt-Kirchhasel";"Gemeinden";"18.799,49";"21.714,83";"23.528,77";"27.437,03"
"16073111";"Unterwellenborn";"Gemeinden";"19.950,40";"22.449,31";"24.512,22";"28.162,04"
"16073112";"Königsee, Stadt";"Gemeinden";"18.789,27";"21.485,27";"23.593,38";"27.210,92"
"16073113";"Schwarzatal, Stadt";"Gemeinden";"19.743,70";"22.415,61";"24.194,03";"28.058,93"
"16074001";"Albersdorf";"Gemeinden";"19.142,72";"21.756,74";"23.720,15";"27.572,21"
"16074002";"Altenberga";"Gemeinden";"20.057,48";"22.651,95";"24.626,18";"28.604,22"
"16074003";"Bad Klosterlausnitz";"Gemeinden";"22.321,76";"25.318,04";"26.853,57";"31.339,09"
"16074004";"Bibra";"Gemeinden";"17.540,02";"20.147,93";"21.998,05";"25.862,45"
"16074005";"Bobeck";"Gemeinden";"18.219,62";"20.435,78";"22.166,19";"25.625,52"
"16074007";"Bremsnitz";"Gemeinden";"17.246,06";"19.558,15";"21.681,96";"24.823,83"
"16074008";"Bucha";"Gemeinden";"19.986,29";"23.086,64";"25.342,86";"29.836,21"
"16074009";"Bürgel, Stadt";"Gemeinden";"20.155,07";"22.801,65";"24.874,76";"28.668,09"
"16074011";"Dornburg-Camburg, Stadt";"Gemeinden";"19.748,64";"22.385,88";"24.510,62";"28.645,79"
"16074012";"Crossen an der Elster";"Gemeinden";"19.516,73";"22.190,64";"23.945,23";"27.624,34"
"16074016";"Eichenberg";"Gemeinden";"18.566,78";"21.148,92";"23.008,76";"27.162,25"
"16074017";"Eineborn";"Gemeinden";"18.149,54";"20.542,27";"22.537,46";"26.189,91"
"16074018";"Eisenberg, Stadt";"Gemeinden";"18.550,28";"20.916,65";"22.408,87";"25.826,25"
"16074019";"Frauenprießnitz";"Gemeinden";"16.983,88";"19.418,17";"21.468,71";"24.359,10"
"16074021";"Freienorla";"Gemeinden";"20.117,78";"22.475,97";"24.571,23";"28.513,03"
"16074022";"Geisenhain";"Gemeinden";"17.457,87";"19.599,88";"21.827,20";"25.145,40"
"16074024";"Gneus";"Gemeinden";"20.396,11";"22.825,01";"24.742,89";"28.323,17"
"16074025";"Gösen";"Gemeinden";"19.307,24";"21.580,96";"23.677,48";"27.652,66"
"16074026";"Golmsdorf";"Gemeinden";"20.819,92";"23.801,70";"26.273,69";"29.975,29"
"16074028";"Graitschen b. Bürgel";"Gemeinden";"21.480,23";"24.323,03";"25.225,87";"29.359,78"
"16074029";"Großbockedra";"Gemeinden";"17.448,54";"19.833,42";"21.614,98";"25.774,17"
"16074031";"Großeutersdorf";"Gemeinden";"18.328,81";"20.792,37";"23.006,34";"26.393,48"
"16074032";"Großlöbichau";"Gemeinden";"19.329,61";"22.283,60";"24.983,10";"28.501,39"
"16074033";"Großpürschütz";"Gemeinden";"20.722,85";"23.793,72";"26.476,12";"31.379,03"
"16074034";"Gumperda";"Gemeinden";"21.396,27";"23.217,63";"24.646,03";"28.363,77"
"16074036";"Hainichen";"Gemeinden";"21.139,19";"22.292,50";"24.600,99";"28.876,39"
"16074037";"Hainspitz";"Gemeinden";"19.100,53";"21.938,17";"23.439,89";"26.991,40"
"16074038";"Hartmannsdorf";"Gemeinden";"18.965,97";"21.800,05";"23.513,97";"26.779,19"
"16074039";"Heideland";"Gemeinden";"18.924,86";"21.581,40";"23.407,02";"27.038,81"
"16074041";"Hermsdorf, Stadt";"Gemeinden";"19.287,95";"21.865,77";"23.176,82";"26.789,63"
"16074042";"Hummelshain";"Gemeinden";"18.927,46";"21.349,79";"23.325,22";"27.151,94"
"16074043";"Jenalöbnitz";"Gemeinden";"19.857,76";"22.355,93";"24.730,30";"28.380,88"
"16074044";"Kahla, Stadt";"Gemeinden";"18.188,03";"20.384,31";"22.099,33";"25.640,86"
"16074045";"Karlsdorf";"Gemeinden";"18.327,93";"19.625,28";"19.751,36";"22.925,24"
"16074046";"Kleinbockedra";"Gemeinden";"19.101,36";"22.226,42";"24.083,57";"27.685,56"
"16074047";"Kleinebersdorf";"Gemeinden";"19.602,74";"22.457,18";"24.128,10";"27.668,95"
"16074048";"Kleineutersdorf";"Gemeinden";"20.116,98";"22.775,32";"24.649,57";"28.534,82"
"16074049";"Laasdorf";"Gemeinden";"20.117,33";"22.860,22";"24.737,54";"28.239,88"
"16074051";"Lehesten";"Gemeinden";"19.722,13";"22.102,27";"24.186,68";"27.900,93"
"16074052";"Lindig";"Gemeinden";"17.533,94";"19.877,27";"21.810,56";"25.558,57"
"16074053";"Lippersdorf-Erdmannsdorf";"Gemeinden";"20.005,61";"22.101,42";"24.993,35";"28.957,00"
"16074054";"Löberschütz";"Gemeinden";"19.880,50";"22.333,65";"24.034,83";"28.280,42"
"16074055";"Mertendorf";"Gemeinden";"17.469,11";"18.589,38";"19.727,07";"22.874,36"
"16074056";"Meusebach";"Gemeinden";"19.121,44";"21.505,66";"23.332,00";"27.069,34"
"16074057";"Milda";"Gemeinden";"18.441,75";"21.443,68";"23.743,39";"28.029,28"
"16074058";"Möckern";"Gemeinden";"19.486,95";"21.604,89";"22.964,10";"26.418,73"
"16074059";"Mörsdorf";"Gemeinden";"19.657,08";"20.942,78";"22.997,52";"26.867,74"
"16074061";"Nausnitz";"Gemeinden";"18.134,58";"19.581,74";"20.721,13";"23.603,93"
"16074063";"Neuengönna";"Gemeinden";"19.356,32";"22.280,01";"23.679,30";"27.550,58"
"16074064";"Oberbodnitz";"Gemeinden";"19.115,22";"21.544,76";"23.662,73";"27.402,06"
"16074065";"Orlamünde, Stadt";"Gemeinden";"18.635,69";"21.493,62";"23.454,28";"27.021,70"
"16074066";"Ottendorf";"Gemeinden";"18.532,66";"21.043,37";"23.390,57";"26.833,78"
"16074067";"Petersberg";"Gemeinden";"18.323,46";"20.470,01";"22.890,99";"26.974,35"
"16074068";"Poxdorf";"Gemeinden";"16.692,26";"19.152,78";"20.398,19";"24.275,40"
"16074071";"Rattelsdorf";"Gemeinden";"18.676,67";"19.578,15";"21.591,41";"24.808,14"
"16074072";"Rauda";"Gemeinden";"18.664,59";"20.892,03";"22.749,63";"25.708,09"
"16074073";"Rauschwitz";"Gemeinden";"17.420,55";"19.963,79";"21.246,92";"25.019,26"
"16074074";"Rausdorf";"Gemeinden";"21.615,20";"24.901,29";"27.472,41";"32.149,68"
"16074075";"Reichenbach";"Gemeinden";"20.763,56";"23.771,07";"25.913,44";"29.450,41"
"16074076";"Reinstädt";"Gemeinden";"16.672,88";"19.136,91";"21.413,39";"24.814,69"
"16074077";"Renthendorf";"Gemeinden";"18.746,79";"20.962,29";"22.822,13";"26.640,16"
"16074079";"Rothenstein";"Gemeinden";"20.062,73";"23.116,68";"24.968,40";"28.570,24"
"16074081";"Ruttersdorf-Lotschen";"Gemeinden";"19.890,07";"22.709,50";"25.487,09";"29.027,89"
"16074082";"Scheiditz";"Gemeinden";"20.441,55";"23.663,24";"26.184,14";"30.068,01"
"16074084";"Schleifreisen";"Gemeinden";"19.056,43";"21.093,04";"23.085,06";"26.788,15"
"16074085";"Schlöben";"Gemeinden";"19.350,34";"22.085,06";"24.187,56";"28.346,26"
"16074086";"Schöngleina";"Gemeinden";"16.523,09";"18.979,72";"21.189,34";"24.446,78"
"16074087";"Schöps";"Gemeinden";"18.475,91";"21.491,56";"23.165,20";"26.873,28"
"16074089";"Seitenroda";"Gemeinden";"17.954,54";"20.090,81";"22.598,39";"26.620,06"
"16074091";"Serba";"Gemeinden";"17.589,82";"20.328,00";"22.219,44";"25.900,65"
"16074092";"Silbitz";"Gemeinden";"19.463,05";"21.534,32";"23.065,48";"26.514,07"
"16074093";"St.Gangloff";"Gemeinden";"19.677,87";"22.227,71";"23.766,62";"27.698,59"
"16074094";"Stadtroda, Stadt";"Gemeinden";"19.114,10";"21.727,84";"23.725,11";"27.653,60"
"16074095";"Sulza";"Gemeinden";"21.957,95";"23.563,61";"26.227,07";"30.132,34"
"16074096";"Tautenburg";"Gemeinden";"20.456,88";"23.605,95";"26.494,90";"30.849,57"
"16074097";"Tautendorf";"Gemeinden";"16.713,95";"18.502,44";"20.287,70";"23.339,06"
"16074098";"Tautenhain";"Gemeinden";"20.537,68";"23.576,06";"25.785,34";"29.403,20"
"16074099";"Thierschneck";"Gemeinden";"15.471,70";"17.806,91";"19.704,20";"23.102,30"
"16074101";"Tissa";"Gemeinden";"18.938,10";"20.967,11";"22.698,73";"26.336,49"
"16074102";"Trockenborn-Wolfersdorf";"Gemeinden";"20.286,89";"22.850,12";"24.586,63";"29.022,46"
"16074103";"Tröbnitz";"Gemeinden";"17.251,14";"19.729,87";"21.720,46";"25.787,00"
"16074104";"Unterbodnitz";"Gemeinden";"17.922,64";"19.553,40";"21.727,21";"25.281,39"
"16074105";"Waldeck";"Gemeinden";"20.173,07";"22.410,42";"24.489,21";"29.125,88"
"16074106";"Walpernhain";"Gemeinden";"18.091,42";"20.490,89";"22.253,70";"25.762,42"
"16074107";"Waltersdorf";"Gemeinden";"19.386,69";"22.192,86";"24.344,18";"28.233,46"
"16074108";"Weißbach";"Gemeinden";"15.670,76";"17.294,99";"18.810,92";"21.477,51"
"16074109";"Weißenborn";"Gemeinden";"20.006,14";"22.734,95";"24.566,28";"28.796,26"
"16074112";"Wichmar";"Gemeinden";"19.346,31";"21.496,79";"23.362,37";"26.753,68"
"16074113";"Zimmern";"Gemeinden";"18.452,23";"20.417,52";"22.409,60";"26.122,59"
"16074114";"Zöllnitz";"Gemeinden";"20.146,59";"22.704,25";"24.886,03";"29.937,19"
"16074116";"Schkölen, Stadt";"Gemeinden";"18.213,24";"20.680,34";"22.385,09";"25.706,93"
"16075006";"Bodelwitz";"Gemeinden";"19.061,05";"21.652,65";"24.132,85";"27.347,39"
"16075014";"Dittersdorf";"Gemeinden";"17.674,67";"20.357,96";"22.608,51";"26.174,96"
"16075016";"Döbritz";"Gemeinden";"18.816,87";"21.242,28";"23.008,47";"27.016,28"
"16075019";"Dreitzsch";"Gemeinden";"17.195,64";"19.467,51";"21.726,26";"25.003,84"
"16075023";"Eßbach";"Gemeinden";"19.653,00";"22.219,13";"24.578,08";"27.828,39"
"16075029";"Geroda";"Gemeinden";"17.233,13";"19.624,91";"21.580,50";"25.721,03"
"16075031";"Gertewitz";"Gemeinden";"17.334,25";"19.960,19";"21.698,60";"25.037,60"
"16075033";"Görkwitz";"Gemeinden";"17.549,75";"20.441,77";"22.716,10";"26.133,52"
"16075034";"Göschitz";"Gemeinden";"15.123,29";"16.981,34";"19.012,28";"21.845,97"
"16075035";"Gössitz";"Gemeinden";"16.525,61";"19.225,88";"21.455,21";"25.440,13"
"16075039";"Grobengereuth";"Gemeinden";"16.137,48";"18.637,55";"20.575,37";"23.713,78"
"16075046";"Hirschberg, Stadt";"Gemeinden";"18.382,91";"20.863,17";"22.422,97";"25.886,69"
"16075047";"Keila";"Gemeinden";"15.794,50";"17.611,60";"19.585,91";"22.480,02"
"16075048";"Kirschkau";"Gemeinden";"17.307,40";"19.558,59";"21.769,52";"25.322,40"
"16075051";"Kospoda";"Gemeinden";"18.842,41";"20.957,85";"22.834,89";"26.530,19"
"16075054";"Langenorla";"Gemeinden";"18.070,26";"20.295,20";"21.966,72";"25.042,71"
"16075056";"Lausnitz b. Neustadt an der Orla";"Gemeinden";"17.035,44";"19.290,02";"20.615,38";"23.724,24"
"16075057";"Lemnitz";"Gemeinden";"16.607,10";"19.151,53";"21.761,65";"25.382,35"
"16075062";"Bad Lobenstein, Stadt";"Gemeinden";"18.748,63";"21.024,58";"22.710,19";"26.081,82"
"16075063";"Löhma";"Gemeinden";"19.783,66";"22.471,89";"23.313,60";"27.027,30"
"16075065";"Miesitz";"Gemeinden";"16.961,27";"19.443,24";"21.727,87";"25.507,12"
"16075066";"Mittelpöllnitz";"Gemeinden";"19.099,70";"21.947,06";"24.475,17";"28.345,05"
"16075068";"Moßbach";"Gemeinden";"18.919,20";"21.553,07";"23.017,55";"26.521,65"
"16075069";"Moxa";"Gemeinden";"17.560,23";"19.038,37";"20.685,70";"23.705,72"
"16075072";"Neundorf (bei Schleiz)";"Gemeinden";"18.894,73";"21.273,62";"23.323,08";"26.995,61"
"16075073";"Neustadt an der Orla, Stadt";"Gemeinden";"18.427,24";"20.790,25";"22.826,72";"26.191,99"
"16075074";"Nimritz";"Gemeinden";"19.860,90";"22.675,43";"23.784,35";"28.070,19"
"16075075";"Oberoppurg";"Gemeinden";"17.268,32";"19.673,70";"21.312,29";"24.041,33"
"16075076";"Oettersdorf";"Gemeinden";"17.631,43";"20.301,09";"22.513,04";"26.132,82"
"16075077";"Oppurg";"Gemeinden";"17.853,32";"20.273,87";"21.939,26";"25.715,79"
"16075079";"Paska";"Gemeinden";"17.753,59";"19.273,59";"20.718,62";"24.137,70"
"16075081";"Peuschen";"Gemeinden";"19.233,77";"21.320,25";"23.286,28";"26.629,66"
"16075083";"Plothen";"Gemeinden";"18.881,66";"20.015,95";"21.662,86";"25.197,71"
"16075084";"Pörmitz";"Gemeinden";"16.387,54";"18.644,08";"20.581,15";"23.465,14"
"16075085";"Pößneck, Stadt";"Gemeinden";"19.000,36";"21.353,78";"22.568,57";"26.054,87"
"16075087";"Quaschwitz";"Gemeinden";"16.358,90";"18.008,25";"19.736,79";"23.003,52"
"16075088";"Ranis, Stadt";"Gemeinden";"20.057,65";"22.410,96";"23.675,82";"27.167,89"
"16075093";"Rosendorf";"Gemeinden";"17.073,61";"18.315,00";"19.853,58";"23.222,90"
"16075098";"Schleiz, Stadt";"Gemeinden";"18.873,21";"21.474,33";"22.817,87";"26.138,21"
"16075099";"Schmieritz";"Gemeinden";"19.003,37";"21.321,93";"22.886,64";"26.592,88"
"16075101";"Schmorda";"Gemeinden";"17.120,69";"19.054,02";"21.421,33";"24.611,16"
"16075102";"Schöndorf";"Gemeinden";"17.798,43";"20.290,21";"22.283,04";"25.538,64"
"16075103";"Seisla";"Gemeinden";"16.938,66";"19.463,86";"21.372,92";"24.803,00"
"16075105";"Solkwitz";"Gemeinden";"17.716,14";"19.554,45";"21.564,61";"25.167,01"
"16075109";"Tegau";"Gemeinden";"16.343,87";"18.688,05";"20.709,62";"23.573,31"
"16075114";"Tömmelsdorf";"Gemeinden";"15.892,88";"18.128,00";"19.971,38";"23.434,07"
"16075116";"Triptis, Stadt";"Gemeinden";"19.425,27";"21.938,61";"23.748,18";"27.302,98"
"16075119";"Volkmannsdorf";"Gemeinden";"17.688,99";"20.436,92";"21.955,37";"25.054,40"
"16075121";"Weira";"Gemeinden";"19.190,65";"21.865,95";"23.833,76";"27.017,31"
"16075124";"Wernburg";"Gemeinden";"19.760,42";"21.992,50";"23.755,98";"27.440,90"
"16075125";"Wilhelmsdorf";"Gemeinden";"19.200,36";"21.808,97";"23.894,08";"27.576,76"
"16075127";"Ziegenrück, Stadt";"Gemeinden";"17.679,64";"20.209,73";"22.228,68";"25.274,95"
"16075129";"Krölpa";"Gemeinden";"19.340,92";"21.906,08";"23.520,03";"26.827,80"
"16075131";"Gefell, Stadt";"Gemeinden";"17.782,02";"20.254,19";"21.749,92";"25.293,07"
"16075132";"Tanna, Stadt";"Gemeinden";"18.132,13";"20.759,61";"22.569,72";"25.901,77"
"16075133";"Wurzbach, Stadt";"Gemeinden";"17.880,92";"20.370,03";"21.920,21";"25.316,57"
"16075134";"Remptendorf";"Gemeinden";"18.260,24";"20.724,96";"22.654,69";"26.103,55"
"16075135";"Saalburg-Ebersdorf, Stadt";"Gemeinden";"19.771,88";"22.686,15";"24.662,75";"28.532,49"
"16075136";"Rosenthal am Rennsteig";"Gemeinden";"19.072,35";"21.483,37";"23.310,53";"26.972,11"
"16076003";"Bad Köstritz, Stadt";"Gemeinden";"20.211,97";"23.330,65";"25.585,38";"29.907,92"
"16076004";"Berga/Elster, Stadt";"Gemeinden";"18.980,83";"21.708,47";"23.348,06";"0,00"
"16076006";"Bethenhausen";"Gemeinden";"17.617,63";"20.031,48";"21.732,21";"25.289,92"
"16076007";"Bocka";"Gemeinden";"18.788,32";"21.686,10";"23.925,36";"27.735,25"
"16076008";"Brahmenau";"Gemeinden";"21.207,52";"24.379,84";"27.052,83";"31.449,12"
"16076009";"Braunichswalde";"Gemeinden";"19.729,82";"22.598,32";"24.525,11";"28.638,30"
"16076012";"Caaschwitz";"Gemeinden";"17.786,09";"20.272,95";"22.147,28";"25.820,70"
"16076014";"Crimla";"Gemeinden";"19.763,31";"22.149,56";"23.995,16";"27.507,54"
"16076017";"Endschütz";"Gemeinden";"18.335,56";"20.927,72";"22.722,96";"26.408,20"
"16076019";"Gauern";"Gemeinden";"16.881,11";"19.119,47";"21.205,12";"24.833,09"
"16076022";"Greiz, Stadt";"Gemeinden";"19.169,37";"21.820,12";"23.822,84";"27.348,93"
"16076023";"Großenstein";"Gemeinden";"18.528,37";"21.251,14";"23.149,91";"27.341,87"
"16076027";"Hilbersdorf";"Gemeinden";"19.742,78";"21.875,53";"22.803,85";"26.883,95"
"16076028";"Hirschfeld";"Gemeinden";"15.829,25";"18.021,09";"20.134,73";"22.865,34"
"16076029";"Hohenleuben, Stadt";"Gemeinden";"16.657,07";"19.155,24";"20.800,50";"24.320,53"
"16076033";"Hundhaupten";"Gemeinden";"20.392,69";"23.248,93";"25.289,83";"28.796,32"
"16076034";"Kauern";"Gemeinden";"18.865,14";"21.380,34";"23.283,88";"27.184,14"
"16076036";"Korbußen";"Gemeinden";"20.684,10";"23.530,29";"24.574,51";"28.108,20"
"16076039";"Langenwetzendorf";"Gemeinden";"19.000,21";"21.684,36";"23.677,63";"27.383,97"
"16076041";"Langenwolschendorf";"Gemeinden";"18.746,68";"21.204,11";"23.213,91";"26.655,12"
"16076042";"Lederhose";"Gemeinden";"17.465,42";"20.165,68";"21.924,72";"26.031,89"
"16076043";"Linda b. Weida";"Gemeinden";"19.108,42";"21.727,90";"24.892,79";"29.042,48"
"16076044";"Lindenkreuz";"Gemeinden";"18.161,91";"20.666,00";"21.999,53";"26.213,77"
"16076049";"Münchenbernsdorf, Stadt";"Gemeinden";"19.161,99";"21.838,37";"23.782,93";"27.580,15"
"16076055";"Paitzdorf";"Gemeinden";"18.190,04";"20.549,86";"22.632,07";"26.431,26"
"16076058";"Pölzig";"Gemeinden";"18.959,23";"21.751,71";"23.576,71";"27.317,36"
"16076059";"Reichstädt";"Gemeinden";"19.876,86";"22.605,85";"24.441,98";"28.477,69"
"16076061";"Ronneburg, Stadt";"Gemeinden";"17.903,39";"20.475,12";"22.225,51";"25.699,41"
"16076062";"Rückersdorf";"Gemeinden";"19.079,23";"21.577,38";"23.587,13";"26.882,40"
"16076064";"Saara";"Gemeinden";"22.178,02";"25.390,27";"28.159,90";"32.760,28"
"16076067";"Schwaara";"Gemeinden";"18.416,71";"20.938,34";"23.167,19";"26.646,48"
"16076068";"Schwarzbach";"Gemeinden";"18.245,30";"20.303,73";"21.548,39";"24.799,77"
"16076069";"Seelingstädt";"Gemeinden";"18.689,52";"20.879,97";"22.616,28";"26.017,65"
"16076074";"Teichwitz";"Gemeinden";"17.495,06";"19.680,96";"21.379,39";"24.572,58"
"16076079";"Weida, Stadt";"Gemeinden";"18.923,74";"21.638,75";"23.490,78";"27.115,78"
"16076081";"Weißendorf";"Gemeinden";"17.280,43";"20.389,60";"22.202,81";"26.101,89"
"16076084";"Wünschendorf/Elster";"Gemeinden";"19.954,16";"22.745,60";"24.348,08";"0,00"
"16076086";"Zedlitz";"Gemeinden";"21.185,75";"23.659,66";"25.584,93";"29.567,56"
"16076087";"Zeulenroda-Triebes, Stadt";"Gemeinden";"18.550,80";"21.201,91";"23.121,36";"26.519,80"
"16076088";"Harth-Pöllnitz";"Gemeinden";"18.738,64";"21.578,44";"23.381,74";"26.990,91"
"16076089";"Kraftsdorf";"Gemeinden";"20.306,71";"23.293,01";"25.183,09";"29.280,01"
"16076092";"Auma-Weidatal, Stadt";"Gemeinden";"17.608,92";"20.123,44";"22.049,04";"25.468,52"
"16076093";"Mohlsdorf-Teichwolframsdorf";"Gemeinden";"18.939,59";"21.563,15";"23.570,08";"27.051,98"
"16077001";"Altenburg, Stadt";"Gemeinden";"18.958,59";"21.425,76";"23.348,56";"26.663,89"
"16077003";"Dobitschen";"Gemeinden";"19.165,68";"21.505,93";"23.227,40";"26.824,64"
"16077005";"Fockendorf";"Gemeinden";"20.330,16";"22.940,35";"25.475,61";"29.755,74"
"16077007";"Gerstenberg";"Gemeinden";"19.148,11";"21.635,00";"23.476,62";"27.031,45"
"16077008";"Göhren";"Gemeinden";"19.412,07";"22.111,34";"24.273,25";"28.235,42"
"16077009";"Göllnitz";"Gemeinden";"18.143,06";"20.742,31";"22.671,84";"26.594,50"
"16077011";"Göpfersdorf";"Gemeinden";"19.022,99";"21.469,13";"23.378,49";"27.057,85"
"16077012";"Gößnitz, Stadt";"Gemeinden";"19.488,77";"21.797,63";"23.385,16";"26.820,29"
"16077015";"Haselbach";"Gemeinden";"16.571,54";"19.168,76";"20.937,79";"24.063,79"
"16077016";"Heukewalde";"Gemeinden";"19.090,36";"21.408,35";"24.042,89";"28.188,44"
"16077017";"Heyersdorf";"Gemeinden";"20.255,85";"22.266,87";"24.627,44";"28.560,47"
"16077018";"Jonaswalde";"Gemeinden";"18.618,14";"20.793,57";"23.322,00";"27.205,53"
"16077022";"Kriebitzsch";"Gemeinden";"18.811,66";"21.804,98";"23.897,52";"27.475,51"
"16077023";"Langenleuba-Niederhain";"Gemeinden";"18.806,52";"21.428,24";"23.352,01";"26.852,29"
"16077026";"Löbichau";"Gemeinden";"17.857,22";"20.385,92";"22.344,94";"25.645,29"
"16077027";"Lödla";"Gemeinden";"21.033,97";"24.190,53";"26.261,10";"30.237,90"
"16077028";"Lucka, Stadt";"Gemeinden";"19.694,78";"22.353,86";"24.641,45";"28.418,26"
"16077031";"Mehna";"Gemeinden";"17.661,97";"19.854,00";"21.373,80";"25.211,56"
"16077032";"Meuselwitz, Stadt";"Gemeinden";"18.740,39";"21.356,59";"23.378,64";"26.805,58"
"16077034";"Monstab";"Gemeinden";"19.401,15";"22.036,57";"24.362,16";"28.317,37"
"16077036";"Nobitz";"Gemeinden";"18.983,81";"21.719,87";"24.172,98";"27.703,56"
"16077039";"Ponitz";"Gemeinden";"18.744,09";"21.346,15";"23.526,45";"27.455,62"
"16077041";"Posterstein";"Gemeinden";"19.587,37";"22.735,52";"25.047,71";"29.116,15"
"16077042";"Rositz";"Gemeinden";"18.694,16";"21.256,79";"23.204,60";"26.706,00"
"16077043";"Schmölln, Stadt";"Gemeinden";"18.914,93";"21.327,57";"23.219,63";"26.816,36"
"16077044";"Starkenberg";"Gemeinden";"19.178,85";"22.015,86";"23.861,00";"27.435,59"
"16077047";"Thonhausen";"Gemeinden";"19.201,01";"22.045,95";"23.899,45";"28.218,82"
"16077048";"Treben";"Gemeinden";"19.809,41";"22.787,35";"25.270,48";"29.253,46"
"16077049";"Vollmershain";"Gemeinden";"18.523,03";"21.513,15";"24.229,35";"27.573,44"
"16077052";"Windischleuba";"Gemeinden";"20.123,98";"22.980,82";"25.334,14";"29.590,31"
