Kennziffer;Raumeinheit;Aggregat;Gästeübernachtungen in Beherbergungsbetrieben;Gästeübernachtungen in Beherbergungsbetrieben;Gästeübernachtungen in Beherbergungsbetrieben;Gästeübernachtungen in Beherbergungsbetrieben;Gästeübernachtungen in Beherbergungsbetrieben
;;;2009;2013;2017;2021;2023
"01001000";"Flensburg, Stadt";"Gemeinden";"1,79";"2,75";"3,52";"3,18";"4,28"
"01002000";"Kiel, Landeshauptstadt";"Gemeinden";"2,05";"2,52";"2,93";"2,68";"4,32"
"01003000";"Lübeck, Hansestadt";"Gemeinden";"5,34";"6,45";"7,79";"8,12";"10,15"
"01004000";"Neumünster, Stadt";"Gemeinden";"1,38";"1,79";"2,41";"1,43";"2,37"
"01051001";"Albersdorf";"Gemeinden";"0,00";"3,76";;"0,00";
"01051002";"Arkebek";"Gemeinden";"0,00";;;"0,00";"0,00"
"01051003";"Averlak";"Gemeinden";"0,00";;;"0,00";"0,00"
"01051004";"Bargenstedt";"Gemeinden";"0,00";;;"0,00";
"01051005";"Barkenholm";"Gemeinden";"0,00";;;"0,00";"0,00"
"01051006";"Barlt";"Gemeinden";"0,00";;;"0,00";"0,00"
"01051008";"Bergewöhrden";"Gemeinden";"0,00";;;"0,00";"0,00"
"01051010";"Brickeln";"Gemeinden";"0,00";;;"0,00";"0,00"
"01051011";"Brunsbüttel, Stadt";"Gemeinden";"1,30";"1,69";"2,55";"1,45";"3,48"
"01051012";"Buchholz";"Gemeinden";"0,00";;;"0,00";"0,00"
"01051013";"Büsum";"Gemeinden";"168,77";"162,93";"212,17";"210,63";"263,08"
"01051014";"Büsumer Deichhausen";"Gemeinden";"103,68";"86,61";"88,89";"72,75";"57,40"
"01051015";"Bunsoh";"Gemeinden";"0,00";;;"0,00";"0,00"
"01051016";"Burg (Dithmarschen)";"Gemeinden";"0,00";;;"0,00";
"01051017";"Busenwurth";"Gemeinden";"0,00";;;"0,00";"0,00"
"01051019";"Dellstedt";"Gemeinden";"0,00";;;"0,00";"0,00"
"01051020";"Delve";"Gemeinden";"0,00";;;"0,00";"0,00"
"01051021";"Diekhusen-Fahrstedt";"Gemeinden";"0,00";;;"0,00";"0,00"
"01051022";"Dingen";"Gemeinden";"0,00";;;"0,00";"0,00"
"01051023";"Dörpling";"Gemeinden";"0,00";;;"0,00";"0,00"
"01051024";"Eddelak";"Gemeinden";"0,00";;;"0,00";"0,00"
"01051026";"Eggstedt";"Gemeinden";"0,00";;;"0,00";"0,00"
"01051027";"Elpersbüttel";"Gemeinden";"5,41";"7,18";"8,52";"5,80";
"01051028";"Epenwöhrden";"Gemeinden";"0,00";;;"0,00";"0,00"
"01051030";"Fedderingen";"Gemeinden";"0,00";;;"0,00";
"01051032";"Frestedt";"Gemeinden";"0,00";;;"0,00";"0,00"
"01051033";"Friedrichsgabekoog";"Gemeinden";"0,00";;;"0,00";"0,00"
"01051034";"Friedrichskoog";"Gemeinden";"61,50";"65,83";"73,04";"62,81";"70,67"
"01051035";"Gaushorn";"Gemeinden";"0,00";;;"0,00";"0,00"
"01051036";"Glüsing";"Gemeinden";"0,00";;;"0,00";"0,00"
"01051037";"Großenrade";"Gemeinden";"0,00";;;"0,00";"0,00"
"01051038";"Groven";"Gemeinden";"0,00";;;"0,00";"0,00"
"01051039";"Gudendorf";"Gemeinden";"0,00";;;"0,00";"0,00"
"01051043";"Hedwigenkoog";"Gemeinden";"58,65";"57,86";"65,62";"81,16";"103,36"
"01051044";"Heide, Stadt";"Gemeinden";"2,02";"1,98";"2,01";"1,16";"1,58"
"01051045";"Hellschen-Heringsand-Unterschaar";"Gemeinden";"0,00";;;"0,00";
"01051046";"Helse";"Gemeinden";"0,00";;;"0,00";"0,00"
"01051047";"Hemme";"Gemeinden";"0,00";;;"0,00";"0,00"
"01051048";"Hemmingstedt";"Gemeinden";"0,00";;;"0,00";"0,00"
"01051049";"Hennstedt";"Gemeinden";"0,00";;;"0,00";
"01051050";"Hillgroven";"Gemeinden";"0,00";;;"0,00";
"01051051";"Hochdonn";"Gemeinden";"0,00";;;"0,00";"0,00"
"01051052";"Hövede";"Gemeinden";"0,00";;;"0,00";"0,00"
"01051053";"Hollingstedt";"Gemeinden";"0,00";;;"0,00";"0,00"
"01051054";"Immenstedt";"Gemeinden";"0,00";;;"0,00";"0,00"
"01051057";"Kaiser-Wilhelm-Koog";"Gemeinden";"20,53";"12,93";"17,55";"5,18";"5,89"
"01051058";"Karolinenkoog";"Gemeinden";"0,00";;;"0,00";
"01051060";"Kleve";"Gemeinden";"0,00";;;"0,00";
"01051061";"Krempel";"Gemeinden";"0,00";;;"0,00";"0,00"
"01051062";"Kronprinzenkoog";"Gemeinden";"5,70";"4,79";;"0,00";
"01051063";"Krumstedt";"Gemeinden";"0,00";;;"0,00";"0,00"
"01051064";"Kuden";"Gemeinden";"0,00";;;"0,00";"0,00"
"01051065";"Lehe";"Gemeinden";"0,00";;;"0,00";"0,00"
"01051067";"Lieth";"Gemeinden";"0,00";;;"0,00";"0,00"
"01051068";"Linden";"Gemeinden";"0,00";;;"0,00";"0,00"
"01051069";"Lohe-Rickelshof";"Gemeinden";"0,00";;;"0,00";
"01051071";"Lunden";"Gemeinden";"0,00";;;"0,00";
"01051072";"Marne, Stadt";"Gemeinden";"0,00";;;"0,00";"1,49"
"01051073";"Marnerdeich";"Gemeinden";"0,00";;;"0,00";"0,00"
"01051074";"Meldorf, Stadt";"Gemeinden";"0,00";"1,32";"1,46";"1,25";"1,43"
"01051075";"Neuenkirchen";"Gemeinden";"0,00";;;"0,00";"0,00"
"01051076";"Neufeld";"Gemeinden";"0,00";;;"0,00";"0,00"
"01051077";"Neufelderkoog";"Gemeinden";"0,00";;"27,60";"22,11";
"01051078";"Nindorf";"Gemeinden";"0,00";;;"0,00";"0,00"
"01051079";"Norddeich";"Gemeinden";"0,00";;;"0,00";
"01051080";"Norderheistedt";"Gemeinden";"0,00";;;"0,00";"0,00"
"01051081";"Norderwöhrden";"Gemeinden";"0,00";;;"0,00";
"01051082";"Nordhastedt";"Gemeinden";"2,72";;;"0,00";
"01051083";"Odderade";"Gemeinden";"0,00";;;"0,00";"0,00"
"01051084";"Oesterdeichstrich";"Gemeinden";"0,00";;;"0,00";
"01051085";"Offenbüttel";"Gemeinden";"0,00";;;"0,00";
"01051086";"Osterrade";"Gemeinden";"0,00";;;"0,00";"0,00"
"01051087";"Ostrohe";"Gemeinden";"0,00";;;"0,00";"0,00"
"01051088";"Pahlen";"Gemeinden";"0,00";;;"0,00";"0,00"
"01051089";"Quickborn";"Gemeinden";"0,00";;;"0,00";"0,00"
"01051090";"Ramhusen";"Gemeinden";"0,00";;;"0,00";"0,00"
"01051092";"Rehm-Flehde-Bargen";"Gemeinden";"0,00";;;"0,00";"0,00"
"01051093";"Reinsbüttel";"Gemeinden";"9,75";"8,61";;"0,00";
"01051096";"Sankt Annen";"Gemeinden";"0,00";;;"0,00";"0,00"
"01051097";"Sankt Michaelisdonn";"Gemeinden";"0,00";;;"0,00";
"01051098";"Sarzbüttel";"Gemeinden";"0,00";;;"0,00";"0,00"
"01051099";"Schafstedt";"Gemeinden";"0,00";;"13,64";"8,80";"14,20"
"01051100";"Schalkholz";"Gemeinden";"0,00";;;"0,00";"0,00"
"01051102";"Schlichting";"Gemeinden";"0,00";;;"0,00";"0,00"
"01051103";"Schmedeswurth";"Gemeinden";"0,00";;;"0,00";
"01051104";"Schrum";"Gemeinden";"0,00";;;"0,00";"0,00"
"01051105";"Schülp";"Gemeinden";"0,00";;;"0,00";
"01051107";"Stelle-Wittenwurth";"Gemeinden";"0,00";;;"0,00";"0,00"
"01051108";"Strübbel";"Gemeinden";"0,00";;;"0,00";"0,00"
"01051109";"Süderdeich";"Gemeinden";"0,00";;;"0,00";
"01051110";"Süderhastedt";"Gemeinden";"0,00";;;"0,00";"0,00"
"01051113";"Wöhrden";"Gemeinden";"3,46";"5,37";"4,38";"4,10";
"01051114";"Tellingstedt";"Gemeinden";"0,00";;;"0,00";
"01051117";"Tielenhemme";"Gemeinden";"0,00";;;"0,00";"0,00"
"01051118";"Trennewurth";"Gemeinden";"0,00";;;"0,00";"0,00"
"01051119";"Volsemenhusen";"Gemeinden";"0,00";;;"0,00";"0,00"
"01051120";"Wallen";"Gemeinden";"0,00";;;"0,00";"0,00"
"01051121";"Warwerort";"Gemeinden";"16,19";;"14,43";"22,98";"38,68"
"01051122";"Weddingstedt";"Gemeinden";"0,00";;;"0,00";
"01051125";"Welmbüttel";"Gemeinden";"0,00";;;"0,00";"0,00"
"01051126";"Wennbüttel";"Gemeinden";"0,00";;;"0,00";
"01051127";"Wesselburen, Stadt";"Gemeinden";"0,00";;;"0,00";
"01051128";"Wesselburener Deichhausen";"Gemeinden";"0,00";;;"0,00";
"01051129";"Wesselburenerkoog";"Gemeinden";"44,15";;;"0,00";
"01051130";"Wesseln";"Gemeinden";"0,00";;;"0,00";"0,00"
"01051131";"Westerborstel";"Gemeinden";"0,00";;;"0,00";"0,00"
"01051132";"Westerdeichstrich";"Gemeinden";"23,38";"27,89";"30,88";"33,98";"30,36"
"01051133";"Wiemerstedt";"Gemeinden";"0,00";;;"0,00";"0,00"
"01051134";"Windbergen";"Gemeinden";"0,00";;;"0,00";
"01051135";"Wolmersdorf";"Gemeinden";"0,00";;;"0,00";"0,00"
"01051136";"Wrohm";"Gemeinden";"0,00";;;"0,00";
"01051137";"Nordermeldorf";"Gemeinden";"12,31";"7,12";"7,09";"8,60";"11,11"
"01051138";"Tensbüttel-Röst";"Gemeinden";"0,00";;;"0,00";"0,00"
"01051139";"Süderdorf";"Gemeinden";"0,00";;;"0,00";
"01051140";"Oesterwurth";"Gemeinden";"0,00";;;"0,00";"0,00"
"01051141";"Süderheistedt";"Gemeinden";"0,00";;;"0,00";"0,00"
"01053001";"Albsfelde";"Gemeinden";"0,00";;;"0,00";"0,00"
"01053002";"Alt-Mölln";"Gemeinden";"0,00";;;"0,00";"0,00"
"01053003";"Aumühle";"Gemeinden";"2,15";"2,16";"2,30";"2,47";"2,40"
"01053004";"Bäk";"Gemeinden";"17,13";"13,86";"13,73";"0,00";
"01053005";"Bälau";"Gemeinden";"0,00";;;"0,00";"0,00"
"01053006";"Basedow";"Gemeinden";"0,00";;;"0,00";"0,00"
"01053007";"Basthorst";"Gemeinden";"0,00";;;"0,00";
"01053008";"Behlendorf";"Gemeinden";"0,00";;;"0,00";"0,00"
"01053009";"Berkenthin";"Gemeinden";"3,12";"2,73";"4,33";"4,01";"4,21"
"01053010";"Besenthal";"Gemeinden";"0,00";;;"0,00";"0,00"
"01053011";"Bliestorf";"Gemeinden";"0,00";;;"0,00";
"01053012";"Börnsen";"Gemeinden";"0,00";;;"0,00";
"01053013";"Borstorf";"Gemeinden";"0,00";;;"0,00";"0,00"
"01053014";"Breitenfelde";"Gemeinden";"0,00";;;"0,00";
"01053015";"Bröthen";"Gemeinden";"0,00";;;"0,00";"0,00"
"01053016";"Brunsmark";"Gemeinden";"0,00";;;"0,00";"0,00"
"01053017";"Brunstorf";"Gemeinden";"0,00";;;"0,00";
"01053018";"Buchholz";"Gemeinden";"0,00";;;"0,00";
"01053019";"Buchhorst";"Gemeinden";"0,00";;;"0,00";"0,00"
"01053020";"Büchen";"Gemeinden";"0,00";;;"0,00";
"01053021";"Dahmker";"Gemeinden";"0,00";;;"0,00";"0,00"
"01053022";"Dalldorf";"Gemeinden";"0,00";;;"0,00";"0,00"
"01053023";"Dassendorf";"Gemeinden";"0,00";;;"0,00";"0,00"
"01053024";"Düchelsdorf";"Gemeinden";"0,00";;;"0,00";"0,00"
"01053025";"Duvensee";"Gemeinden";"0,00";;;"0,00";"0,00"
"01053026";"Einhaus";"Gemeinden";"0,00";;;"0,00";
"01053027";"Elmenhorst";"Gemeinden";"0,00";;;"0,00";"0,00"
"01053028";"Escheburg";"Gemeinden";"0,00";;;"0,00";"0,00"
"01053029";"Fitzen";"Gemeinden";"0,00";;;"0,00";"0,00"
"01053030";"Fredeburg";"Gemeinden";"0,00";;;"0,00";"0,00"
"01053031";"Fuhlenhagen";"Gemeinden";"0,00";;;"0,00";"0,00"
"01053032";"Geesthacht, Stadt";"Gemeinden";"1,07";"1,22";"1,10";"0,90";"1,76"
"01053033";"Giesensdorf";"Gemeinden";"0,00";;;"0,00";"0,00"
"01053034";"Göldenitz";"Gemeinden";"0,00";;;"0,00";"0,00"
"01053035";"Göttin";"Gemeinden";"0,00";;;"0,00";"0,00"
"01053036";"Grabau";"Gemeinden";"0,00";;;"0,00";"0,00"
"01053037";"Grambek";"Gemeinden";"0,00";;;"0,00";"0,00"
"01053038";"Grinau";"Gemeinden";"0,00";;;"0,00";"0,00"
"01053039";"Groß Boden";"Gemeinden";"0,00";;;"0,00";"0,00"
"01053040";"Groß Disnack";"Gemeinden";"0,00";;;"0,00";"0,00"
"01053041";"Groß Grönau";"Gemeinden";"0,00";;;"0,00";
"01053042";"Groß Pampau";"Gemeinden";"0,00";;;"0,00";"0,00"
"01053043";"Groß Sarau";"Gemeinden";"0,00";;;"3,96";
"01053044";"Groß Schenkenberg";"Gemeinden";"0,00";;;"0,00";"0,00"
"01053045";"Grove";"Gemeinden";"0,00";;;"0,00";"0,00"
"01053046";"Gudow";"Gemeinden";"4,84";"5,67";"6,19";"0,00";
"01053047";"Gülzow";"Gemeinden";"0,00";;;"0,00";"0,00"
"01053048";"Güster";"Gemeinden";"0,00";;;"0,00";"0,00"
"01053049";"Hamfelde";"Gemeinden";"0,00";;;"0,00";"0,00"
"01053050";"Hamwarde";"Gemeinden";"0,00";;;"0,00";
"01053051";"Harmsdorf";"Gemeinden";"0,00";;;"0,00";"0,00"
"01053052";"Havekost";"Gemeinden";"0,00";;;"0,00";"0,00"
"01053053";"Hohenhorn";"Gemeinden";"0,00";;;"0,00";"0,00"
"01053054";"Hollenbek";"Gemeinden";"0,00";;;"0,00";
"01053056";"Hornbek";"Gemeinden";"0,00";;;"0,00";"0,00"
"01053057";"Horst";"Gemeinden";"0,00";;;"0,00";
"01053058";"Juliusburg";"Gemeinden";"0,00";;;"0,00";"0,00"
"01053059";"Kankelau";"Gemeinden";"0,00";;;"0,00";"0,00"
"01053060";"Kasseburg";"Gemeinden";"0,00";;;"0,00";
"01053061";"Kastorf";"Gemeinden";"0,00";;;"0,00";"0,00"
"01053062";"Kittlitz";"Gemeinden";"0,00";;;"0,00";
"01053064";"Klein Pampau";"Gemeinden";"0,00";;;"0,00";"0,00"
"01053066";"Klein Zecher";"Gemeinden";"0,00";;;"0,00";"0,00"
"01053067";"Klempau";"Gemeinden";"0,00";;;"0,00";"0,00"
"01053068";"Klinkrade";"Gemeinden";"0,00";;;"0,00";"0,00"
"01053069";"Koberg";"Gemeinden";"0,00";;;"0,00";"0,00"
"01053070";"Köthel";"Gemeinden";"0,00";;;"0,00";"0,00"
"01053071";"Kollow";"Gemeinden";"0,00";;;"0,00";"0,00"
"01053072";"Kröppelshagen-Fahrendorf";"Gemeinden";"0,00";;;"0,00";"0,00"
"01053073";"Krüzen";"Gemeinden";"0,00";;;"0,00";"0,00"
"01053074";"Krukow";"Gemeinden";"0,00";;;"0,00";"0,00"
"01053075";"Krummesse";"Gemeinden";"0,00";;;"0,00";
"01053076";"Kuddewörde";"Gemeinden";"0,00";;;"0,00";
"01053077";"Kühsen";"Gemeinden";"0,00";;;"0,00";"0,00"
"01053078";"Kulpin";"Gemeinden";"0,00";;;"0,00";"0,00"
"01053079";"Labenz";"Gemeinden";"0,00";;;"0,00";
"01053080";"Langenlehsten";"Gemeinden";"0,00";;;"0,00";"0,00"
"01053081";"Lankau";"Gemeinden";"0,00";;;"0,00";
"01053082";"Lanze";"Gemeinden";"0,00";;;"0,00";"0,00"
"01053083";"Lauenburg/ Elbe, Stadt";"Gemeinden";"4,50";"3,73";"3,98";"2,64";"4,42"
"01053084";"Lehmrade";"Gemeinden";"0,00";;;"0,00";
"01053085";"Linau";"Gemeinden";"0,00";;;"0,00";"0,00"
"01053086";"Lüchow";"Gemeinden";"0,00";;;"0,00";"0,00"
"01053087";"Lütau";"Gemeinden";"0,00";;;"0,00";
"01053088";"Mechow";"Gemeinden";"0,00";;;"0,00";"0,00"
"01053089";"Möhnsen";"Gemeinden";"0,00";;;"0,00";"0,00"
"01053090";"Mölln, Stadt";"Gemeinden";"11,03";"11,55";"11,51";"7,25";"8,92"
"01053091";"Mühlenrade";"Gemeinden";"0,00";;;"0,00";"0,00"
"01053092";"Müssen";"Gemeinden";"0,00";;;"0,00";
"01053093";"Mustin";"Gemeinden";"0,00";;;"0,00";"0,00"
"01053094";"Niendorf bei Berkenthin";"Gemeinden";"0,00";;;"0,00";"0,00"
"01053095";"Niendorf/ Stecknitz";"Gemeinden";"0,00";;;"0,00";"0,00"
"01053096";"Nusse";"Gemeinden";"0,00";;;"0,00";"0,00"
"01053097";"Panten";"Gemeinden";"0,00";;;"0,00";"0,00"
"01053098";"Pogeez";"Gemeinden";"0,00";;;"0,00";"0,00"
"01053099";"Poggensee";"Gemeinden";"0,00";;;"0,00";"0,00"
"01053100";"Ratzeburg, Stadt";"Gemeinden";"9,14";"9,07";"10,03";"10,41";"12,48"
"01053101";"Ritzerau";"Gemeinden";"0,00";;;"0,00";"0,00"
"01053102";"Römnitz";"Gemeinden";"0,00";;;"0,00";
"01053103";"Rondeshagen";"Gemeinden";"0,00";;;"0,00";"0,00"
"01053104";"Roseburg";"Gemeinden";"0,00";;;"0,00";"0,00"
"01053105";"Sachsenwald (Forstgutsbez.),gemfr.Geb.";"Gemeinden";"0,00";;;;
"01053106";"Sahms";"Gemeinden";"0,00";;;"0,00";"0,00"
"01053107";"Salem";"Gemeinden";"0,00";;"20,66";"4,25";"2,53"
"01053108";"Sandesneben";"Gemeinden";"0,00";;;"0,00";"0,00"
"01053109";"Schiphorst";"Gemeinden";"0,00";;;"0,00";"0,00"
"01053110";"Schmilau";"Gemeinden";"18,26";"15,34";;"0,00";"14,15"
"01053111";"Schnakenbek";"Gemeinden";"0,00";;;"0,00";"0,00"
"01053112";"Schönberg";"Gemeinden";"0,00";;;"0,00";
"01053113";"Schretstaken";"Gemeinden";"0,00";;;"0,00";"0,00"
"01053114";"Schürensöhlen";"Gemeinden";"0,00";;;"0,00";"0,00"
"01053115";"Schulendorf";"Gemeinden";"0,00";;;"0,00";"0,00"
"01053116";"Schwarzenbek, Stadt";"Gemeinden";"0,79";"1,15";"1,26";"0,57";"1,02"
"01053117";"Seedorf";"Gemeinden";"11,80";"19,28";"22,81";"18,32";"22,94"
"01053118";"Siebenbäumen";"Gemeinden";"0,00";;;"0,00";"0,00"
"01053119";"Siebeneichen";"Gemeinden";"0,00";;;"0,00";"0,00"
"01053120";"Sierksrade";"Gemeinden";"0,00";;;"0,00";"0,00"
"01053121";"Sirksfelde";"Gemeinden";"0,00";;;"0,00";"0,00"
"01053122";"Steinhorst";"Gemeinden";"0,00";;;"0,00";"0,00"
"01053123";"Sterley";"Gemeinden";"0,00";;;"0,00";"0,00"
"01053124";"Stubben";"Gemeinden";"0,00";;;"0,00";"0,00"
"01053125";"Talkau";"Gemeinden";"0,00";;;"0,00";"0,00"
"01053126";"Tramm";"Gemeinden";"0,00";;;"0,00";"0,00"
"01053127";"Walksfelde";"Gemeinden";"0,00";;;"0,00";"0,00"
"01053128";"Wangelau";"Gemeinden";"0,00";;;"0,00";"0,00"
"01053129";"Wentorf bei Hamburg";"Gemeinden";"0,00";;;"0,00";
"01053130";"Wentorf (Amt Sandesneben)";"Gemeinden";"0,00";;;"0,00";"0,00"
"01053131";"Wiershop";"Gemeinden";"0,00";;;"0,00";"0,00"
"01053132";"Witzeeze";"Gemeinden";"0,00";;;"0,00";"0,00"
"01053133";"Wohltorf";"Gemeinden";"0,00";;;"0,00";
"01053134";"Woltersdorf";"Gemeinden";"0,00";;;"0,00";"0,00"
"01053135";"Worth";"Gemeinden";"0,00";;;"0,00";"0,00"
"01053136";"Ziethen";"Gemeinden";"0,00";;;"0,00";"0,00"
"01054001";"Achtrup";"Gemeinden";"0,00";;;"0,00";"0,00"
"01054002";"Ahrenshöft";"Gemeinden";"0,00";;;"0,00";"0,00"
"01054003";"Ahrenviöl";"Gemeinden";"0,00";;;"0,00";"0,00"
"01054004";"Ahrenviölfeld";"Gemeinden";"0,00";;;"0,00";"0,00"
"01054005";"Alkersum";"Gemeinden";"22,24";"23,18";"44,15";"38,86";"52,18"
"01054006";"Almdorf";"Gemeinden";"0,00";;;"0,00";
"01054007";"Arlewatt";"Gemeinden";"0,00";;;"0,00";"0,00"
"01054009";"Aventoft";"Gemeinden";"0,00";;;"0,00";"5,54"
"01054010";"Bargum";"Gemeinden";"0,00";;;"0,00";
"01054011";"Behrendorf";"Gemeinden";"0,00";;;"0,00";"0,00"
"01054012";"Bohmstedt";"Gemeinden";"0,00";;;"0,00";
"01054013";"Bondelum";"Gemeinden";"0,00";;;"0,00";"0,00"
"01054014";"Bordelum";"Gemeinden";"58,94";"59,09";"67,16";"21,54";"66,90"
"01054015";"Borgsum";"Gemeinden";"16,52";;"40,00";"49,88";"52,61"
"01054016";"Bosbüll";"Gemeinden";"0,00";;;"0,00";"0,00"
"01054017";"Braderup";"Gemeinden";"0,00";;;"0,00";"0,00"
"01054018";"Bramstedtlund";"Gemeinden";"0,00";;;"0,00";"0,00"
"01054019";"Bredstedt, Stadt";"Gemeinden";"2,01";"2,75";"3,68";"2,18";"3,20"
"01054020";"Breklum";"Gemeinden";"6,58";"5,67";"7,52";"0,00";"5,52"
"01054022";"Dagebüll";"Gemeinden";"48,26";"52,59";"151,61";"166,58";"158,53"
"01054023";"Drage";"Gemeinden";"0,00";;;"0,00";"0,00"
"01054024";"Drelsdorf";"Gemeinden";"0,00";;;"0,00";"0,00"
"01054025";"Dunsum";"Gemeinden";"0,00";;"95,49";"0,00";
"01054026";"Elisabeth-Sophien-Koog";"Gemeinden";"0,00";;;"0,00";
"01054027";"Ellhöft";"Gemeinden";"0,00";;;"0,00";"0,00"
"01054032";"Fresendelf";"Gemeinden";"0,00";;;"0,00";"0,00"
"01054033";"Friedrichstadt, Stadt";"Gemeinden";"18,40";"17,62";"20,53";"14,99";"18,24"
"01054034";"Friedrich-Wilhelm-Lübke-Koog";"Gemeinden";"0,00";;;"0,00";"0,00"
"01054035";"Garding, Kirchspiel";"Gemeinden";"24,08";"21,16";"28,01";"23,65";"31,74"
"01054036";"Garding, Stadt";"Gemeinden";"1,73";"1,69";"3,36";"4,45";"2,84"
"01054037";"Goldebek";"Gemeinden";"0,00";;;"0,00";"0,00"
"01054038";"Goldelund";"Gemeinden";"0,00";;;"0,00";"0,00"
"01054039";"Gröde";"Gemeinden";"0,00";;;"0,00";
"01054040";"Grothusenkoog";"Gemeinden";"0,00";;;"0,00";
"01054041";"Haselund";"Gemeinden";"0,00";;;"0,00";"0,00"
"01054042";"Hattstedt";"Gemeinden";"0,00";;;"0,00";
"01054043";"Hattstedtermarsch";"Gemeinden";"0,00";;;"0,00";
"01054045";"Högel";"Gemeinden";"0,00";;;"0,00";
"01054046";"Hörnum (Sylt)";"Gemeinden";"202,73";"305,46";"312,18";"314,84";"433,98"
"01054048";"Holm";"Gemeinden";"0,00";;;"0,00";"0,00"
"01054050";"Hallig Hooge";"Gemeinden";"481,64";"301,35";"333,66";"188,71";"209,41"
"01054052";"Horstedt";"Gemeinden";"0,00";;;"0,00";"0,00"
"01054054";"Hude";"Gemeinden";"0,00";;;"0,00";"0,00"
"01054055";"Humptrup";"Gemeinden";"0,00";;;"0,00";
"01054056";"Husum, Stadt";"Gemeinden";"7,50";"7,76";"8,36";"7,86";"9,32"
"01054057";"Immenstedt";"Gemeinden";"0,00";;;"0,00";
"01054059";"Joldelund";"Gemeinden";"0,00";;;"0,00";"0,00"
"01054061";"Kampen (Sylt)";"Gemeinden";"325,93";"328,27";"345,84";"317,63";"341,58"
"01054062";"Karlum";"Gemeinden";"0,00";;;"0,00";"0,00"
"01054063";"Katharinenheerd";"Gemeinden";"0,00";;;"16,22";"17,82"
"01054065";"Klanxbüll";"Gemeinden";"0,00";;;"0,00";"0,00"
"01054068";"Klixbüll";"Gemeinden";"0,00";;;"0,00";"0,00"
"01054070";"Koldenbüttel";"Gemeinden";"0,00";;;"0,00";"0,00"
"01054071";"Kolkerheide";"Gemeinden";"0,00";;;"0,00";"0,00"
"01054072";"Kotzenbüll";"Gemeinden";"0,00";;"19,46";"19,76";
"01054073";"Ladelund";"Gemeinden";"0,00";;;"0,00";"0,00"
"01054074";"Langeneß";"Gemeinden";"109,82";"165,40";"123,84";"101,00";"132,75"
"01054075";"Langenhorn";"Gemeinden";"0,00";;;"0,00";"1,91"
"01054076";"Leck";"Gemeinden";"0,00";"1,67";;"0,00";"2,05"
"01054077";"Lexgaard";"Gemeinden";"0,00";;;"0,00";"0,00"
"01054078";"List auf Sylt";"Gemeinden";"68,50";"160,81";"169,72";"179,57";"244,44"
"01054079";"Löwenstedt";"Gemeinden";"0,00";;;"0,00";"0,00"
"01054080";"Lütjenholm";"Gemeinden";"0,00";;;"0,00";"0,00"
"01054083";"Midlum";"Gemeinden";"16,95";"7,72";"28,78";"22,77";"21,57"
"01054084";"Mildstedt";"Gemeinden";"0,00";;;"0,00";
"01054085";"Nebel";"Gemeinden";"276,53";"284,70";"306,89";"273,38";"340,58"
"01054086";"Neukirchen";"Gemeinden";"3,58";"5,78";;"0,00";"8,59"
"01054087";"Nieblum";"Gemeinden";"94,00";"106,38";"227,27";"276,10";"331,13"
"01054088";"Niebüll, Stadt";"Gemeinden";"5,61";"7,67";"7,33";"6,21";"7,71"
"01054089";"Norddorf auf Amrum";"Gemeinden";"498,78";"557,25";"652,90";"561,97";"709,07"
"01054090";"Norderfriedrichskoog";"Gemeinden";"0,00";;;"0,00";
"01054091";"Nordstrand";"Gemeinden";"25,99";"25,35";"23,58";"21,34";"30,47"
"01054092";"Norstedt";"Gemeinden";"0,00";;;"0,00";"0,00"
"01054093";"Ockholm";"Gemeinden";"18,69";;;"0,00";
"01054094";"Oevenum";"Gemeinden";"19,15";"28,05";"71,78";"72,05";"72,54"
"01054095";"Oldenswort";"Gemeinden";"8,32";"8,84";"14,46";"18,05";"17,76"
"01054096";"Oldersbek";"Gemeinden";"0,00";;;"0,00";"0,00"
"01054097";"Olderup";"Gemeinden";"0,00";;;"0,00";"0,00"
"01054098";"Oldsum";"Gemeinden";"20,50";"11,40";"38,46";"49,43";"58,07"
"01054099";"Ostenfeld (Husum)";"Gemeinden";"0,00";;;"0,00";
"01054100";"Osterhever";"Gemeinden";"27,12";"36,62";"44,28";"33,51";"73,22"
"01054101";"Oster-Ohrstedt";"Gemeinden";"0,00";;;"0,00";"0,00"
"01054103";"Pellworm";"Gemeinden";"83,48";"71,83";"82,34";"90,52";"93,62"
"01054104";"Poppenbüll";"Gemeinden";"19,56";"12,22";"12,76";"18,01";"15,80"
"01054105";"Ramstedt";"Gemeinden";"0,00";;;"0,00";"0,00"
"01054106";"Rantrum";"Gemeinden";"0,00";;;"0,00";
"01054108";"Reußenköge";"Gemeinden";"25,01";"23,00";;"38,57";"39,36"
"01054109";"Risum-Lindholm";"Gemeinden";"0,00";;;"0,00";
"01054110";"Rodenäs";"Gemeinden";"8,86";"14,10";"15,65";"0,00";
"01054113";"Sankt Peter-Ording";"Gemeinden";"293,70";"317,58";"343,67";"383,52";"468,12"
"01054116";"Schwabstedt";"Gemeinden";"0,00";;;"0,00";
"01054118";"Schwesing";"Gemeinden";"0,00";;;"0,00";"0,00"
"01054119";"Seeth";"Gemeinden";"0,00";;;"0,00";"0,00"
"01054120";"Simonsberg";"Gemeinden";"14,94";"22,34";"20,93";"22,97";"23,11"
"01054121";"Sönnebüll";"Gemeinden";"0,00";;;"0,00";"0,00"
"01054123";"Sollwitt";"Gemeinden";"0,00";;;"0,00";"0,00"
"01054124";"Sprakebüll";"Gemeinden";"0,00";;;"0,00";
"01054125";"Stadum";"Gemeinden";"0,00";;;"0,00";"0,00"
"01054126";"Stedesand";"Gemeinden";"0,00";;;"0,00";
"01054128";"Struckum";"Gemeinden";"0,00";;;"0,00";
"01054129";"Süderende";"Gemeinden";"59,40";"63,90";"73,86";"62,47";"61,56"
"01054130";"Süderhöft";"Gemeinden";"0,00";;;"0,00";"0,00"
"01054131";"Süderlügum";"Gemeinden";"6,63";"6,62";"7,63";"5,07";"6,62"
"01054132";"Südermarsch";"Gemeinden";"0,00";;;"0,00";
"01054134";"Tating";"Gemeinden";"24,55";"22,94";"21,88";"37,80";"42,54"
"01054135";"Tetenbüll";"Gemeinden";"17,95";"10,27";"14,19";"13,30";"17,41"
"01054136";"Tinningstedt";"Gemeinden";"0,00";;;"0,00";
"01054138";"Tönning, Stadt";"Gemeinden";"17,52";"17,73";"16,92";"12,13";"17,31"
"01054140";"Tümlauer Koog";"Gemeinden";"201,46";"213,99";"224,27";"328,24";"250,44"
"01054141";"Uelvesbüll";"Gemeinden";"0,00";;"6,91";"24,26";"15,22"
"01054142";"Uphusum";"Gemeinden";"0,00";;;"0,00";"0,00"
"01054143";"Utersum";"Gemeinden";"279,76";"279,10";"322,13";"265,19";"306,25"
"01054144";"Viöl";"Gemeinden";"0,00";;;"0,00";"0,00"
"01054145";"Vollerwiek";"Gemeinden";"97,48";"122,31";"111,05";"85,82";"66,52"
"01054146";"Vollstedt";"Gemeinden";"0,00";;;"0,00";"0,00"
"01054148";"Welt";"Gemeinden";"32,53";"29,40";"46,47";"68,74";"68,95"
"01054149";"Wenningstedt-Braderup (Sylt)";"Gemeinden";"265,61";"256,60";"342,81";"464,18";"581,34"
"01054150";"Westerhever";"Gemeinden";"104,91";"146,35";"231,96";"190,74";"137,35"
"01054152";"Wester-Ohrstedt";"Gemeinden";"0,00";;;"0,00";
"01054154";"Westre";"Gemeinden";"0,00";;;"0,00";"0,00"
"01054156";"Winnert";"Gemeinden";"0,00";;;"0,00";
"01054157";"Wisch";"Gemeinden";"0,00";;;"0,00";"0,00"
"01054158";"Witsum";"Gemeinden";"0,00";;;"0,00";
"01054159";"Wittbek";"Gemeinden";"0,00";;;"0,00";"0,00"
"01054160";"Wittdün auf Amrum";"Gemeinden";"263,69";"227,94";"210,16";"213,27";"282,48"
"01054161";"Witzwort";"Gemeinden";"0,00";;;"0,00";
"01054162";"Wobbenbüll";"Gemeinden";"0,00";;;"0,00";"0,00"
"01054163";"Wrixum";"Gemeinden";"26,19";"17,01";"36,18";"46,47";"43,30"
"01054164";"Wyk auf Föhr, Stadt";"Gemeinden";"125,69";"118,85";"157,08";"193,93";"199,96"
"01054165";"Galmsbüll";"Gemeinden";"0,54";;;"0,00";
"01054166";"Emmelsbüll-Horsbüll";"Gemeinden";"5,91";"5,43";"13,74";"14,12";"17,27"
"01054167";"Enge-Sande";"Gemeinden";"0,00";;;"0,00";
"01054168";"Sylt";"Gemeinden";"150,50";"152,92";"184,45";"194,89";"210,98"
"01055001";"Ahrensbök";"Gemeinden";"0,42";"0,17";"0,25";"0,13";
"01055002";"Altenkrempe";"Gemeinden";"0,00";;;"0,00";
"01055004";"Bad Schwartau, Stadt";"Gemeinden";"5,65";"5,70";"5,82";"4,66";"5,54"
"01055006";"Beschendorf";"Gemeinden";"0,00";;;"0,00";
"01055007";"Bosau";"Gemeinden";"14,87";"10,78";"13,69";"9,47";"6,75"
"01055010";"Dahme";"Gemeinden";"186,03";"165,69";"196,92";"429,48";"462,49"
"01055011";"Damlos";"Gemeinden";"0,00";;;"0,00";"0,00"
"01055012";"Eutin, Stadt";"Gemeinden";"2,35";"2,85";"1,88";"0,92";"1,66"
"01055014";"Göhl";"Gemeinden";"0,00";;;"0,00";
"01055015";"Gremersdorf";"Gemeinden";"9,78";"12,87";"20,15";"16,09";"16,20"
"01055016";"Grömitz";"Gemeinden";"97,48";"115,56";"141,98";"163,27";"190,89"
"01055017";"Großenbrode";"Gemeinden";"59,03";"63,11";"104,52";"197,56";"152,33"
"01055018";"Grube";"Gemeinden";"21,95";"4,46";"4,35";"8,83";"8,38"
"01055020";"Harmsdorf";"Gemeinden";"0,00";;;"0,00";
"01055021";"Heiligenhafen, Stadt";"Gemeinden";"9,43";"11,54";"43,08";"58,61";"66,52"
"01055022";"Heringsdorf";"Gemeinden";"8,85";"27,90";"38,15";"43,53";"50,73"
"01055023";"Kabelhorst";"Gemeinden";"0,00";;;"0,00";
"01055024";"Kasseedorf";"Gemeinden";"1,15";"0,82";;"0,00";
"01055025";"Kellenhusen (Ostsee)";"Gemeinden";"263,83";"239,44";"222,48";"373,65";"384,24"
"01055027";"Lensahn";"Gemeinden";"0,00";;;"0,00";
"01055028";"Malente";"Gemeinden";"34,26";"35,09";"36,26";"27,10";"33,75"
"01055029";"Manhagen";"Gemeinden";"6,13";"6,67";;"0,00";"0,00"
"01055031";"Neukirchen";"Gemeinden";"9,83";"8,51";"12,16";"12,90";"6,64"
"01055032";"Neustadt in Holstein, Stadt";"Gemeinden";"8,96";"10,80";"17,29";"19,39";"20,92"
"01055033";"Oldenburg in Holstein, Stadt";"Gemeinden";"1,23";"1,03";"1,01";"0,69";"1,02"
"01055035";"Ratekau";"Gemeinden";"5,44";"4,71";"4,40";"3,08";"5,23"
"01055036";"Riepsdorf";"Gemeinden";"1,86";"0,99";"3,48";"8,94";"8,68"
"01055037";"Schashagen";"Gemeinden";"12,92";"16,31";"19,42";"29,38";"36,37"
"01055038";"Schönwalde am Bungsberg";"Gemeinden";"10,91";"7,93";"6,79";"2,95";"2,98"
"01055039";"Sierksdorf";"Gemeinden";"47,08";"57,58";"82,71";"88,88";"93,38"
"01055040";"Stockelsdorf";"Gemeinden";"1,87";;;"0,00";
"01055041";"Süsel";"Gemeinden";"1,49";"1,86";"2,62";"1,33";"5,50"
"01055042";"Timmendorfer Strand";"Gemeinden";"99,73";"103,67";"123,24";"131,67";"165,12"
"01055043";"Wangels";"Gemeinden";"0,00";;;"0,00";
"01055044";"Scharbeutz";"Gemeinden";"30,02";"31,73";"40,12";"65,57";"74,20"
"01055046";"Fehmarn, Stadt";"Gemeinden";"73,83";"79,70";"92,94";"90,29";"94,59"
"01056001";"Appen";"Gemeinden";"0,00";;;"0,00";
"01056002";"Barmstedt, Stadt";"Gemeinden";"2,55";"3,91";"2,08";"0,62";"1,98"
"01056003";"Bevern";"Gemeinden";"0,00";;;"0,00";"0,00"
"01056004";"Bilsen";"Gemeinden";"0,00";;;"0,00";
"01056005";"Bönningstedt";"Gemeinden";"0,00";;;"0,00";"0,00"
"01056006";"Bokel";"Gemeinden";"0,00";;;"0,00";
"01056008";"Bokholt-Hanredder";"Gemeinden";"0,00";;;"0,00";"0,00"
"01056009";"Borstel-Hohenraden";"Gemeinden";"0,00";;;"0,00";"0,00"
"01056010";"Brande-Hörnerkirchen";"Gemeinden";"0,00";;;"0,00";
"01056011";"Bullenkuhlen";"Gemeinden";"0,00";;;"0,00";"0,00"
"01056013";"Ellerbek";"Gemeinden";"0,00";;;"0,00";"0,00"
"01056014";"Ellerhoop";"Gemeinden";"0,00";;;"0,00";"0,00"
"01056015";"Elmshorn, Stadt";"Gemeinden";"0,84";"0,94";"1,14";"1,23";"2,15"
"01056016";"Groß Nordende";"Gemeinden";"0,00";;;"0,00";"0,00"
"01056017";"Groß Offenseth-Aspern";"Gemeinden";"0,00";;;"0,00";"0,00"
"01056018";"Halstenbek";"Gemeinden";"0,00";;;"0,00";"0,00"
"01056019";"Haselau";"Gemeinden";"0,00";;;"0,00";
"01056020";"Haseldorf";"Gemeinden";"0,00";;;"0,00";"0,00"
"01056021";"Hasloh";"Gemeinden";"0,00";;;"0,00";"0,00"
"01056022";"Heede";"Gemeinden";"0,00";;;"0,00";"0,00"
"01056023";"Heidgraben";"Gemeinden";"0,00";;;"0,00";"0,00"
"01056024";"Heist";"Gemeinden";"1,53";"2,76";;"0,00";
"01056025";"Helgoland";"Gemeinden";"152,98";"155,54";"168,78";"134,39";"191,93"
"01056026";"Hemdingen";"Gemeinden";"0,00";;;"0,00";
"01056027";"Hetlingen";"Gemeinden";"0,00";;;"0,00";"0,00"
"01056028";"Holm";"Gemeinden";"0,00";;;"0,00";
"01056029";"Klein Nordende";"Gemeinden";"0,00";;;"0,00";"0,00"
"01056030";"Klein Offenseth-Sparrieshoop";"Gemeinden";"0,00";;;"0,00";"0,00"
"01056031";"Kölln-Reisiek";"Gemeinden";"0,00";;;"0,00";"0,00"
"01056032";"Kummerfeld";"Gemeinden";"0,00";;;"0,00";"0,00"
"01056033";"Seester";"Gemeinden";"0,00";;;"0,00";
"01056034";"Langeln";"Gemeinden";"0,00";;;"0,00";"0,00"
"01056035";"Lutzhorn";"Gemeinden";"0,00";;;"0,00";
"01056036";"Moorrege";"Gemeinden";"0,00";;;"0,00";"0,00"
"01056037";"Neuendeich";"Gemeinden";"0,00";;;"0,00";"0,00"
"01056038";"Osterhorn";"Gemeinden";"0,00";;;"0,00";"0,00"
"01056039";"Pinneberg, Stadt";"Gemeinden";"0,63";"0,81";"0,92";"0,44";"0,86"
"01056040";"Prisdorf";"Gemeinden";"0,00";;;"0,00";
"01056041";"Quickborn, Stadt";"Gemeinden";"2,53";"3,52";"4,72";"2,16";"4,21"
"01056042";"Raa-Besenbek";"Gemeinden";"0,00";;;"0,00";"0,00"
"01056043";"Rellingen";"Gemeinden";"2,32";"2,28";"2,03";"0,99";
"01056044";"Schenefeld, Stadt";"Gemeinden";"0,00";;;"0,00";
"01056045";"Seestermühe";"Gemeinden";"0,00";;;"0,00";"0,00"
"01056046";"Seeth-Ekholt";"Gemeinden";"0,00";;;"0,00";"0,00"
"01056047";"Tangstedt";"Gemeinden";"0,00";;;"0,00";
"01056048";"Tornesch, Stadt";"Gemeinden";"0,00";;;"0,00";
"01056049";"Uetersen, Stadt";"Gemeinden";"1,05";"1,07";;"0,00";
"01056050";"Wedel, Stadt";"Gemeinden";"1,77";"1,64";"1,72";"1,14";"1,93"
"01056051";"Westerhorn";"Gemeinden";"0,00";;;"0,00";"0,00"
"01057001";"Ascheberg (Holstein)";"Gemeinden";"8,69";"9,11";;"0,00";
"01057002";"Barmissen";"Gemeinden";"0,00";;;"0,00";"0,00"
"01057003";"Barsbek";"Gemeinden";"0,00";;;"0,00";"0,00"
"01057004";"Behrensdorf (Ostsee)";"Gemeinden";"46,87";"47,89";"46,67";"38,41";"31,64"
"01057005";"Belau";"Gemeinden";"0,00";;;"0,00";"0,00"
"01057006";"Bendfeld";"Gemeinden";"0,00";;;"0,00";"0,00"
"01057007";"Blekendorf";"Gemeinden";"13,62";"14,92";"15,10";"21,23";"19,59"
"01057008";"Bönebüttel";"Gemeinden";"0,00";;;"0,00";
"01057009";"Bösdorf";"Gemeinden";"29,71";"39,86";"40,85";"38,56";"45,98"
"01057010";"Boksee";"Gemeinden";"0,00";;;"0,00";"0,00"
"01057011";"Bothkamp";"Gemeinden";"0,00";;;"0,00";
"01057012";"Brodersdorf";"Gemeinden";"0,00";;;"0,00";
"01057013";"Dannau";"Gemeinden";"0,00";;;"0,00";"0,00"
"01057015";"Dersau";"Gemeinden";"25,77";"23,68";"13,99";"0,00";
"01057016";"Dobersdorf";"Gemeinden";"0,00";;;"0,00";"0,00"
"01057017";"Dörnick";"Gemeinden";"0,00";;;"0,00";"0,00"
"01057018";"Fahren";"Gemeinden";"0,00";;;"0,00";"0,00"
"01057020";"Fiefbergen";"Gemeinden";"0,00";;;"0,00";"0,00"
"01057021";"Giekau";"Gemeinden";"0,00";;;"0,00";"0,00"
"01057022";"Grebin";"Gemeinden";"0,59";;;"0,00";"0,00"
"01057023";"Großbarkau";"Gemeinden";"0,00";;;"0,00";"0,00"
"01057024";"Großharrie";"Gemeinden";"0,00";;;"0,00";
"01057025";"Heikendorf";"Gemeinden";"0,00";;;"0,00";
"01057026";"Helmstorf";"Gemeinden";"0,00";;;"0,00";"0,00"
"01057027";"Högsdorf";"Gemeinden";"0,00";;;"0,00";"0,00"
"01057028";"Höhndorf";"Gemeinden";"0,00";;;"0,00";"0,00"
"01057029";"Hohenfelde";"Gemeinden";"14,41";"16,31";"20,52";"19,02";"19,94"
"01057030";"Hohwacht (Ostsee)";"Gemeinden";"139,32";"153,36";"169,35";"206,50";"243,24"
"01057031";"Honigsee";"Gemeinden";"0,00";;;"0,00";"0,00"
"01057032";"Kalübbe";"Gemeinden";"0,00";;;"0,00";"0,00"
"01057033";"Kirchbarkau";"Gemeinden";"0,00";;;"0,00";"0,00"
"01057034";"Kirchnüchel";"Gemeinden";"0,00";;;"0,00";"0,00"
"01057035";"Klamp";"Gemeinden";"0,00";;;"0,00";"0,00"
"01057037";"Klein Barkau";"Gemeinden";"0,00";;;"0,00";"0,00"
"01057038";"Kletkamp";"Gemeinden";"0,00";;;"0,00";
"01057039";"Köhn";"Gemeinden";"0,00";;;"0,00";"0,00"
"01057040";"Krokau";"Gemeinden";"0,00";;;"0,00";
"01057041";"Krummbek";"Gemeinden";"0,00";;;"0,00";
"01057042";"Kühren";"Gemeinden";"0,00";;;"0,00";
"01057043";"Laboe";"Gemeinden";"15,72";"19,73";"27,12";"27,23";"26,74"
"01057044";"Lammershagen";"Gemeinden";"0,00";;;"0,00";"0,00"
"01057045";"Lebrade";"Gemeinden";"0,00";;;"0,00";"0,00"
"01057046";"Lehmkuhlen";"Gemeinden";"0,00";;"4,94";"0,00";
"01057047";"Löptin";"Gemeinden";"0,00";;;"0,00";"0,00"
"01057048";"Lütjenburg, Stadt";"Gemeinden";"0,00";;;"0,00";
"01057049";"Lutterbek";"Gemeinden";"0,00";;;"0,00";
"01057050";"Martensrade";"Gemeinden";"0,00";;;"0,00";
"01057051";"Mönkeberg";"Gemeinden";"0,00";;;"0,00";"0,00"
"01057052";"Mucheln";"Gemeinden";"0,00";;;"0,00";"0,00"
"01057053";"Nehmten";"Gemeinden";"0,00";;;"0,00";
"01057054";"Nettelsee";"Gemeinden";"0,00";;;"0,00";"0,00"
"01057055";"Panker";"Gemeinden";"2,68";"7,40";"6,94";"4,39";"10,24"
"01057056";"Passade";"Gemeinden";"0,00";;;"0,00";
"01057057";"Plön, Stadt";"Gemeinden";"9,48";"17,10";"16,61";"11,99";"18,81"
"01057058";"Pohnsdorf";"Gemeinden";"0,00";;;"0,00";"0,00"
"01057059";"Postfeld";"Gemeinden";"0,00";;;"0,00";"0,00"
"01057060";"Prasdorf";"Gemeinden";"9,73";;"31,63";"45,98";"50,31"
"01057062";"Preetz, Stadt";"Gemeinden";"0,00";;;"0,00";
"01057063";"Probsteierhagen";"Gemeinden";"0,00";;;"0,00";"0,00"
"01057065";"Rantzau";"Gemeinden";"0,00";;;"0,00";"0,00"
"01057066";"Rastorf";"Gemeinden";"0,00";;;"0,00";
"01057067";"Rathjensdorf";"Gemeinden";"0,00";;;"0,00";"0,00"
"01057068";"Rendswühren";"Gemeinden";"0,00";;;"0,00";
"01057069";"Ruhwinkel";"Gemeinden";"3,14";"3,98";;"0,00";
"01057070";"Schellhorn";"Gemeinden";"0,00";;;"0,00";
"01057071";"Schillsdorf";"Gemeinden";"0,00";;;"0,00";"0,00"
"01057072";"Schlesen";"Gemeinden";"0,00";;;"0,00";"0,00"
"01057073";"Schönberg (Holstein)";"Gemeinden";"34,66";"41,36";"51,12";"61,31";"64,48"
"01057074";"Schönkirchen";"Gemeinden";"0,00";;;"0,00";
"01057076";"Schwartbuck";"Gemeinden";"0,00";;;"0,00";
"01057077";"Selent";"Gemeinden";"0,00";;;"0,00";
"01057078";"Stakendorf";"Gemeinden";"6,23";"1,73";;"0,00";
"01057079";"Stein";"Gemeinden";"17,21";"9,51";"99,30";"105,79";"114,42"
"01057080";"Stolpe";"Gemeinden";"0,00";;;"0,00";
"01057081";"Stoltenberg";"Gemeinden";"0,00";;;"0,00";"0,00"
"01057082";"Tröndel";"Gemeinden";"0,00";;;"0,00";"0,00"
"01057083";"Tasdorf";"Gemeinden";"0,00";;;"0,00";"0,00"
"01057084";"Wahlstorf";"Gemeinden";"0,00";;;"0,00";
"01057085";"Wankendorf";"Gemeinden";"0,00";;;"0,00";
"01057086";"Warnau";"Gemeinden";"0,00";;;"0,00";
"01057087";"Wendtorf";"Gemeinden";"10,71";"12,03";;"0,00";
"01057088";"Wisch";"Gemeinden";"17,80";"14,67";"17,78";"16,49";"17,59"
"01057089";"Wittmoldt";"Gemeinden";"0,00";;;"0,00";
"01057090";"Fargau-Pratjau";"Gemeinden";"0,00";;;"0,00";
"01057091";"Schwentinental, Stadt";"Gemeinden";"0,00";;;"0,00";
"01058001";"Achterwehr";"Gemeinden";"0,00";;"2,10";"2,17";"2,43"
"01058003";"Alt Duvenstedt";"Gemeinden";"0,00";;;"0,00";
"01058004";"Altenhof";"Gemeinden";"0,00";;;"0,00";"0,00"
"01058005";"Altenholz";"Gemeinden";"0,00";;;"0,00";
"01058007";"Arpsdorf";"Gemeinden";"0,00";;;"0,00";
"01058008";"Ascheffel";"Gemeinden";"0,00";;;"0,00";
"01058009";"Aukrug";"Gemeinden";"19,47";"22,27";"21,90";"15,92";"18,04"
"01058010";"Bargstall";"Gemeinden";"0,00";;;"0,00";"0,00"
"01058011";"Bargstedt";"Gemeinden";"0,00";;;"0,00";"0,00"
"01058012";"Barkelsby";"Gemeinden";"0,00";;;"0,00";
"01058013";"Beldorf";"Gemeinden";"0,00";;;"0,00";
"01058014";"Bendorf";"Gemeinden";"0,00";;;"0,00";"0,00"
"01058015";"Beringstedt";"Gemeinden";"0,00";;;"0,00";
"01058016";"Bissee";"Gemeinden";"0,00";;;"0,00";
"01058018";"Blumenthal";"Gemeinden";"0,00";;;"0,00";"0,00"
"01058019";"Böhnhusen";"Gemeinden";"0,00";;;"0,00";"0,00"
"01058021";"Bokel";"Gemeinden";"0,00";;;"0,00";
"01058022";"Bordesholm";"Gemeinden";"0,00";;;"0,00";
"01058023";"Borgdorf-Seedorf";"Gemeinden";"0,00";;;"0,00";"0,00"
"01058024";"Borgstedt";"Gemeinden";"0,00";;;"0,00";"0,00"
"01058025";"Bornholt";"Gemeinden";"0,00";;"16,28";"11,92";
"01058026";"Bovenau";"Gemeinden";"0,00";;;"0,00";
"01058027";"Brammer";"Gemeinden";"0,00";;;"0,00";"0,00"
"01058028";"Bredenbek";"Gemeinden";"0,00";;;"0,00";"0,00"
"01058029";"Breiholz";"Gemeinden";"0,00";;;"0,00";
"01058030";"Brekendorf";"Gemeinden";"0,00";;;"0,00";
"01058031";"Brinjahe";"Gemeinden";"0,00";;;"0,00";"0,00"
"01058032";"Brodersby";"Gemeinden";"249,08";"276,61";"307,51";"245,24";"268,75"
"01058033";"Brügge";"Gemeinden";"0,00";;;"0,00";"0,00"
"01058034";"Büdelsdorf, Stadt";"Gemeinden";"0,00";;;"0,00";
"01058035";"Bünsdorf";"Gemeinden";"0,00";;;"17,46";"32,19"
"01058036";"Christiansholm";"Gemeinden";"0,00";;;"0,00";"0,00"
"01058037";"Dänischenhagen";"Gemeinden";"0,00";;;"0,00";"0,00"
"01058038";"Dätgen";"Gemeinden";"0,00";;;"0,00";
"01058039";"Damendorf";"Gemeinden";"0,00";;;"0,00";"0,00"
"01058040";"Damp";"Gemeinden";"0,00";;;"0,00";
"01058042";"Dörphof";"Gemeinden";"18,02";"15,07";"30,22";"24,09";"36,96"
"01058043";"Eckernförde, Stadt";"Gemeinden";"3,65";"4,59";"6,48";"7,57";"8,48"
"01058044";"Ehndorf";"Gemeinden";"0,00";;;"0,00";"0,00"
"01058045";"Eisendorf";"Gemeinden";"0,00";;;"0,00";"0,00"
"01058046";"Ellerdorf";"Gemeinden";"0,00";;;"0,00";"0,00"
"01058047";"Elsdorf-Westermühlen";"Gemeinden";"0,00";;;"0,00";"0,00"
"01058048";"Embühren";"Gemeinden";"0,00";;;"0,00";"0,00"
"01058049";"Emkendorf";"Gemeinden";"0,00";;;"0,00";"0,00"
"01058050";"Felde";"Gemeinden";"0,00";;;"0,00";"0,00"
"01058051";"Felm";"Gemeinden";"0,00";;;"0,00";"0,00"
"01058052";"Fleckeby";"Gemeinden";"0,00";;;"0,00";"0,00"
"01058053";"Flintbek";"Gemeinden";"0,00";;;"0,00";"0,00"
"01058054";"Fockbek";"Gemeinden";"1,62";"1,76";"1,70";"1,49";"1,66"
"01058055";"Friedrichsgraben";"Gemeinden";"0,00";;;"0,00";
"01058056";"Friedrichsholm";"Gemeinden";"0,00";;;"0,00";"0,00"
"01058057";"Gammelby";"Gemeinden";"0,00";;;"0,00";
"01058058";"Gettorf";"Gemeinden";"0,00";;;"0,00";
"01058059";"Gnutz";"Gemeinden";"0,00";;;"0,00";"0,00"
"01058061";"Gokels";"Gemeinden";"0,00";;;"0,00";"0,00"
"01058062";"Grauel";"Gemeinden";"0,00";;;"0,00";"0,00"
"01058063";"Grevenkrug";"Gemeinden";"0,00";;;"0,00";
"01058064";"Groß Buchwald";"Gemeinden";"0,00";;;"0,00";"0,00"
"01058065";"Groß Vollstedt";"Gemeinden";"0,00";;;"0,00";
"01058066";"Groß Wittensee";"Gemeinden";"26,47";"23,74";"26,95";"20,61";"18,66"
"01058067";"Güby";"Gemeinden";"0,00";;"13,66";"10,80";"11,25"
"01058068";"Haale";"Gemeinden";"0,00";;;"0,00";"0,00"
"01058069";"Haby";"Gemeinden";"0,00";;;"0,00";
"01058070";"Hamdorf";"Gemeinden";"0,00";;;"0,00";
"01058071";"Hamweddel";"Gemeinden";"0,00";;;"0,00";"0,00"
"01058072";"Hanerau-Hademarschen";"Gemeinden";"2,14";"2,02";;"0,00";
"01058073";"Haßmoor";"Gemeinden";"0,00";;;"0,00";
"01058074";"Heinkenborstel";"Gemeinden";"0,00";;;"0,00";
"01058075";"Hörsten";"Gemeinden";"0,00";;;"0,00";"0,00"
"01058076";"Hoffeld";"Gemeinden";"0,00";;;"0,00";"0,00"
"01058077";"Hohenwestedt";"Gemeinden";"1,52";"1,47";"1,56";"0,00";
"01058078";"Hohn";"Gemeinden";"0,00";;;"0,00";"0,00"
"01058080";"Holtsee";"Gemeinden";"0,00";;;"0,00";
"01058081";"Holzbunge";"Gemeinden";"0,00";;;"0,00";"0,00"
"01058082";"Holzdorf";"Gemeinden";"4,43";"5,46";"4,42";"0,00";
"01058083";"Hütten";"Gemeinden";"0,00";;;"0,00";"0,00"
"01058084";"Hummelfeld";"Gemeinden";"0,00";;;"0,00";
"01058085";"Jahrsdorf";"Gemeinden";"0,00";;;"0,00";"0,00"
"01058086";"Jevenstedt";"Gemeinden";"1,90";"1,89";"2,59";"2,00";"1,76"
"01058087";"Karby";"Gemeinden";"6,40";"5,05";;"0,00";
"01058088";"Klein Wittensee";"Gemeinden";"19,42";"21,86";;"0,00";
"01058089";"Königshügel";"Gemeinden";"0,00";;;"0,00";"0,00"
"01058090";"Kosel";"Gemeinden";"0,00";"11,19";"12,83";"12,42";"12,92"
"01058091";"Krogaspe";"Gemeinden";"0,00";;;"0,00";
"01058092";"Kronshagen";"Gemeinden";"0,00";;;"0,00";
"01058093";"Krummwisch";"Gemeinden";"0,00";;;"0,00";"0,00"
"01058094";"Langwedel";"Gemeinden";"0,00";;;"0,00";
"01058096";"Lindau";"Gemeinden";"0,00";;;"0,00";"0,00"
"01058097";"Lohe-Föhrden";"Gemeinden";"0,00";;;"0,00";"0,00"
"01058098";"Loop";"Gemeinden";"0,00";;;"0,00";"0,00"
"01058099";"Loose";"Gemeinden";"0,00";;;"0,00";"0,00"
"01058100";"Lütjenwestedt";"Gemeinden";"0,00";;;"0,00";"0,00"
"01058101";"Luhnstedt";"Gemeinden";"0,00";;;"0,00";"0,00"
"01058102";"Goosefeld";"Gemeinden";"0,00";;;"0,00";
"01058103";"Meezen";"Gemeinden";"0,00";;;"0,00";
"01058104";"Melsdorf";"Gemeinden";"0,00";;;"0,00";"0,00"
"01058105";"Mielkendorf";"Gemeinden";"0,00";;;"0,00";"0,00"
"01058106";"Mörel";"Gemeinden";"0,00";;;"0,00";"0,00"
"01058107";"Molfsee";"Gemeinden";"0,00";;;"0,00";
"01058108";"Mühbrook";"Gemeinden";"0,00";;;"0,00";
"01058109";"Negenharrie";"Gemeinden";"0,00";;;"0,00";"0,00"
"01058110";"Neudorf-Bornstein";"Gemeinden";"0,00";;;"0,00";"0,00"
"01058111";"Neu Duvenstedt";"Gemeinden";"0,00";;;"0,00";"0,00"
"01058112";"Neuwittenbek";"Gemeinden";"0,00";;;"0,00";"0,00"
"01058113";"Nienborstel";"Gemeinden";"0,00";;;"0,00";"0,00"
"01058115";"Nindorf";"Gemeinden";"0,00";;;"0,00";"0,00"
"01058116";"Noer";"Gemeinden";"0,00";;;"0,00";
"01058117";"Nortorf, Stadt";"Gemeinden";"0,00";"2,02";"2,61";"1,81";
"01058118";"Nübbel";"Gemeinden";"0,00";;;"0,00";"0,00"
"01058119";"Oldenbüttel";"Gemeinden";"0,00";;;"0,00";"0,00"
"01058120";"Oldenhütten";"Gemeinden";"0,00";;;"0,00";"0,00"
"01058121";"Osdorf";"Gemeinden";"0,00";;;"0,00";
"01058122";"Ostenfeld (Rendsburg)";"Gemeinden";"0,00";;;"0,00";"0,00"
"01058123";"Osterby";"Gemeinden";"0,00";;;"0,00";
"01058124";"Osterrönfeld";"Gemeinden";"0,00";;;"1,82";
"01058125";"Osterstedt";"Gemeinden";"0,00";;;"0,00";
"01058126";"Ottendorf";"Gemeinden";"0,00";;;"0,00";"0,00"
"01058127";"Owschlag";"Gemeinden";"0,00";;;"0,00";
"01058128";"Padenstedt";"Gemeinden";"0,00";;;"7,98";"9,08"
"01058129";"Prinzenmoor";"Gemeinden";"0,00";;;"0,00";"0,00"
"01058130";"Quarnbek";"Gemeinden";"0,00";;;"0,00";"0,00"
"01058131";"Rade b. Hohenwestedt";"Gemeinden";"0,00";;;"0,00";"0,00"
"01058132";"Rade b. Rendsburg";"Gemeinden";"0,00";;;"0,00";
"01058133";"Reesdorf";"Gemeinden";"0,00";;;"0,00";"0,00"
"01058134";"Remmels";"Gemeinden";"0,00";;;"0,00";"0,00"
"01058135";"Rendsburg, Stadt";"Gemeinden";"1,53";"2,55";"3,26";"3,60";"4,45"
"01058136";"Rickert";"Gemeinden";"0,00";;;"0,00";"0,00"
"01058137";"Rieseby";"Gemeinden";"0,00";;;"0,00";"0,00"
"01058138";"Rodenbek";"Gemeinden";"0,00";;;"0,00";"0,00"
"01058139";"Rumohr";"Gemeinden";"0,00";;;"0,00";"0,00"
"01058140";"Schacht-Audorf";"Gemeinden";"0,00";;;"0,00";
"01058141";"Schierensee";"Gemeinden";"0,00";;;"0,00";"0,00"
"01058142";"Schinkel";"Gemeinden";"0,00";;;"0,00";"0,00"
"01058143";"Schmalstede";"Gemeinden";"0,00";;;"0,00";"0,00"
"01058144";"Schönbek";"Gemeinden";"0,00";;;"0,00";"0,00"
"01058145";"Schönhorst";"Gemeinden";"0,00";;;"0,00";"0,00"
"01058146";"Schülldorf";"Gemeinden";"0,00";;;"0,00";"0,00"
"01058147";"Schülp b. Nortorf";"Gemeinden";"0,00";;;"0,00";
"01058148";"Schülp b. Rendsburg";"Gemeinden";"0,00";;;"0,00";"0,00"
"01058150";"Schwedeneck";"Gemeinden";"21,47";"22,16";"23,82";"21,54";"23,19"
"01058151";"Seefeld";"Gemeinden";"0,00";;;"0,00";"0,00"
"01058152";"Sehestedt";"Gemeinden";"3,45";;"8,20";"5,78";"5,49"
"01058153";"Sören";"Gemeinden";"0,00";;;"0,00";"0,00"
"01058154";"Sophienhamm";"Gemeinden";"0,00";;;"0,00";"0,00"
"01058155";"Stafstedt";"Gemeinden";"0,00";;;"0,00";"0,00"
"01058156";"Steenfeld";"Gemeinden";"0,00";;"24,92";"18,65";"27,24"
"01058157";"Strande";"Gemeinden";"12,55";"14,81";"21,18";"18,13";"18,63"
"01058158";"Tackesdorf";"Gemeinden";"0,00";;;"0,00";"0,00"
"01058159";"Tappendorf";"Gemeinden";"0,00";;;"0,00";"0,00"
"01058160";"Techelsdorf";"Gemeinden";"0,00";;;"0,00";"0,00"
"01058161";"Thaden";"Gemeinden";"0,00";;;"0,00";"0,00"
"01058162";"Thumby";"Gemeinden";"0,00";;;"0,00";
"01058163";"Timmaspe";"Gemeinden";"0,00";;;"0,00";"0,00"
"01058164";"Todenbüttel";"Gemeinden";"0,00";;;"0,00";
"01058165";"Tüttendorf";"Gemeinden";"0,00";;;"0,00";"0,00"
"01058166";"Waabs";"Gemeinden";"12,99";"8,56";"27,06";"36,61";"28,65"
"01058167";"Wapelfeld";"Gemeinden";"0,00";;;"0,00";"0,00"
"01058168";"Warder";"Gemeinden";"0,00";;;"0,00";
"01058169";"Wasbek";"Gemeinden";"0,00";;;"0,00";
"01058170";"Wattenbek";"Gemeinden";"0,00";;;"0,00";"0,00"
"01058171";"Westensee";"Gemeinden";"0,00";;;"0,00";
"01058172";"Westerrönfeld";"Gemeinden";"0,00";;;"0,00";
"01058173";"Windeby";"Gemeinden";"0,00";;;"0,00";
"01058174";"Winnemark";"Gemeinden";"0,00";;"19,12";"0,00";
"01058175";"Ahlefeld-Bistensee";"Gemeinden";"21,59";"6,73";"7,27";"0,00";
"01059001";"Alt Bennebek";"Gemeinden";"0,00";;;"0,00";"0,00"
"01059002";"Arnis, Stadt";"Gemeinden";"0,00";"14,57";"14,08";"29,38";"22,07"
"01059005";"Bergenhusen";"Gemeinden";"0,00";;;"0,00";
"01059006";"Böel";"Gemeinden";"0,00";;;"0,00";"0,00"
"01059008";"Böklund";"Gemeinden";"0,00";;;"0,00";"0,00"
"01059009";"Börm";"Gemeinden";"0,00";;;"0,00";
"01059010";"Bollingstedt";"Gemeinden";"0,00";;;"0,00";"0,00"
"01059012";"Borgwedel";"Gemeinden";"0,00";;;"0,00";
"01059018";"Busdorf";"Gemeinden";"0,00";;;"0,00";"0,00"
"01059019";"Dannewerk";"Gemeinden";"0,00";;;"0,00";"0,00"
"01059020";"Dörpstedt";"Gemeinden";"0,00";;;"0,00";"0,00"
"01059023";"Ellingstedt";"Gemeinden";"0,00";;;"0,00";"0,00"
"01059024";"Erfde";"Gemeinden";"0,00";;;"0,00";"0,00"
"01059026";"Fahrdorf";"Gemeinden";"0,00";;;"0,00";
"01059032";"Geltorf";"Gemeinden";"0,00";;;"0,00";"0,00"
"01059034";"Grödersby";"Gemeinden";"30,65";"32,57";"25,00";"22,20";"19,90"
"01059035";"Groß Rheide";"Gemeinden";"0,00";;;"0,00";"0,00"
"01059037";"Havetoft";"Gemeinden";"0,00";;;"0,00";"0,00"
"01059039";"Hollingstedt";"Gemeinden";"0,00";;;"0,00";"0,00"
"01059041";"Hüsby";"Gemeinden";"0,00";;;"0,00";"0,00"
"01059042";"Idstedt";"Gemeinden";"0,00";;;"0,00";"0,00"
"01059043";"Jagel";"Gemeinden";"0,00";;;"0,00";
"01059044";"Jübek";"Gemeinden";"0,00";;;"0,00";
"01059045";"Kappeln, Stadt";"Gemeinden";"10,19";"9,04";"15,30";"64,04";"72,49"
"01059049";"Klappholz";"Gemeinden";"0,00";;;"0,00";"0,00"
"01059050";"Klein Bennebek";"Gemeinden";"0,00";;;"0,00";"0,00"
"01059051";"Klein Rheide";"Gemeinden";"0,00";;;"0,00";"0,00"
"01059053";"Kropp";"Gemeinden";"0,00";;;"0,00";
"01059055";"Loit";"Gemeinden";"0,00";;;"0,00";
"01059056";"Lottorf";"Gemeinden";"0,00";;;"0,00";"0,00"
"01059057";"Lürschau";"Gemeinden";"0,00";;;"0,00";
"01059058";"Meggerdorf";"Gemeinden";"0,00";;;"0,00";"0,00"
"01059060";"Mohrkirch";"Gemeinden";"5,75";"3,01";;"0,00";
"01059062";"Neuberend";"Gemeinden";"0,00";;;"0,00";"0,00"
"01059063";"Norderbrarup";"Gemeinden";"0,00";;;"0,00";"0,00"
"01059065";"Nottfeld";"Gemeinden";"0,00";;;"0,00";
"01059067";"Oersberg";"Gemeinden";"0,00";;;"0,00";"0,00"
"01059068";"Rabenkirchen-Faulück";"Gemeinden";"18,13";"19,53";;"0,00";
"01059070";"Rügge";"Gemeinden";"0,00";;;"0,00";"0,00"
"01059072";"Saustrup";"Gemeinden";"0,00";;;"0,00";"0,00"
"01059073";"Schaalby";"Gemeinden";"0,00";;;"0,00";"0,00"
"01059074";"Scheggerott";"Gemeinden";"0,00";;;"0,00";
"01059075";"Schleswig, Stadt";"Gemeinden";"3,79";"4,45";"4,87";"4,00";"4,97"
"01059076";"Schnarup-Thumby";"Gemeinden";"0,00";;;"0,00";"0,00"
"01059077";"Schuby";"Gemeinden";"0,00";;;"0,00";"0,00"
"01059078";"Selk";"Gemeinden";"0,00";;;"0,00";"0,00"
"01059079";"Silberstedt";"Gemeinden";"0,00";;;"0,00";
"01059080";"Steinfeld";"Gemeinden";"0,00";;;"0,00";"0,00"
"01059081";"Stolk";"Gemeinden";"0,00";;;"0,00";"0,00"
"01059082";"Struxdorf";"Gemeinden";"0,00";;;"0,00";"0,00"
"01059083";"Süderbrarup";"Gemeinden";"0,00";;;"0,00";
"01059084";"Süderfahrenstedt";"Gemeinden";"0,00";;;"0,00";"0,00"
"01059086";"Taarstedt";"Gemeinden";"0,00";;;"0,00";"0,00"
"01059087";"Tetenhusen";"Gemeinden";"0,00";;;"0,00";"0,00"
"01059088";"Tielen";"Gemeinden";"0,00";;;"0,00";
"01059090";"Tolk";"Gemeinden";"0,00";;;"0,00";"0,00"
"01059092";"Treia";"Gemeinden";"0,00";;;"0,00";
"01059093";"Uelsby";"Gemeinden";"0,00";;;"0,00";"0,00"
"01059094";"Ulsnis";"Gemeinden";"11,40";"10,91";"16,82";"19,14";"18,59"
"01059095";"Wagersrott";"Gemeinden";"0,00";;;"0,00";
"01059096";"Wohlde";"Gemeinden";"0,00";;;"0,00";"0,00"
"01059097";"Twedt";"Gemeinden";"0,00";;;"0,00";
"01059098";"Nübel";"Gemeinden";"0,00";;;"0,00";"0,00"
"01059102";"Ahneby";"Gemeinden";"0,00";;;"0,00";
"01059103";"Ausacker";"Gemeinden";"0,00";;;"0,00";"0,00"
"01059105";"Böxlund";"Gemeinden";"0,00";;;"0,00";"0,00"
"01059106";"Dollerup";"Gemeinden";"0,00";;;"0,00";"0,00"
"01059107";"Eggebek";"Gemeinden";"0,00";;;"0,00";
"01059109";"Esgrus";"Gemeinden";"1,72";;;"0,00";
"01059112";"Gelting";"Gemeinden";"11,05";"13,96";"21,17";"22,15";"23,40"
"01059113";"Glücksburg (Ostsee), Stadt";"Gemeinden";"22,38";"16,02";"21,98";"22,66";"31,03"
"01059115";"Großenwiehe";"Gemeinden";"0,00";;;"0,00";"0,00"
"01059116";"Großsolt";"Gemeinden";"0,00";;;"0,00";
"01059118";"Grundhof";"Gemeinden";"0,00";;;"0,00";"0,00"
"01059120";"Harrislee";"Gemeinden";"7,79";"10,02";"9,58";"5,72";"9,32"
"01059121";"Hasselberg";"Gemeinden";"52,47";"46,66";"52,06";"51,43";"44,17"
"01059123";"Hörup";"Gemeinden";"0,00";;;"0,00";"0,00"
"01059124";"Holt";"Gemeinden";"0,00";;;"0,00";"0,00"
"01059126";"Hürup";"Gemeinden";"0,00";;;"0,00";"0,00"
"01059127";"Husby";"Gemeinden";"0,00";;;"0,00";
"01059128";"Janneby";"Gemeinden";"0,00";;;"0,00";"0,00"
"01059129";"Jardelund";"Gemeinden";"0,00";;;"0,00";"0,00"
"01059131";"Jerrishoe";"Gemeinden";"0,00";;;"0,00";"0,00"
"01059132";"Jörl";"Gemeinden";"0,00";;;"0,00";"0,00"
"01059136";"Kronsgaard";"Gemeinden";"311,43";"248,44";"284,68";"206,72";"183,95"
"01059137";"Langballig";"Gemeinden";"8,81";"9,82";"2,35";"3,15";"4,97"
"01059138";"Langstedt";"Gemeinden";"0,00";;;"0,00";"0,00"
"01059142";"Maasholm";"Gemeinden";"37,36";"28,51";"34,33";"39,45";"32,95"
"01059143";"Medelby";"Gemeinden";"0,00";;;"0,00";"0,00"
"01059144";"Meyn";"Gemeinden";"0,00";;;"0,00";"0,00"
"01059145";"Munkbrarup";"Gemeinden";"0,00";"4,88";"7,61";"11,75";"11,30"
"01059147";"Nieby";"Gemeinden";"8,44";"18,12";"27,91";"0,00";
"01059148";"Niesgrau";"Gemeinden";"4,49";"3,94";"10,85";"18,40";"22,04"
"01059149";"Nordhackstedt";"Gemeinden";"0,00";;;"0,00";"0,00"
"01059151";"Osterby";"Gemeinden";"0,00";;;"0,00";"0,00"
"01059152";"Pommerby";"Gemeinden";"83,98";"84,57";"102,62";"148,70";"127,82"
"01059154";"Rabel";"Gemeinden";"0,00";;;"0,00";
"01059155";"Rabenholz";"Gemeinden";"0,00";;;"0,00";
"01059157";"Ringsberg";"Gemeinden";"0,00";;;"0,00";"0,00"
"01059158";"Schafflund";"Gemeinden";"0,00";;;"0,00";
"01059159";"Sieverstedt";"Gemeinden";"0,00";;;"0,00";"0,00"
"01059161";"Sörup";"Gemeinden";"0,72";"1,19";"1,73";"1,58";"1,65"
"01059162";"Sollerup";"Gemeinden";"0,00";;;"0,00";"0,00"
"01059163";"Stangheck";"Gemeinden";"0,00";;;"0,00";"0,00"
"01059164";"Steinberg";"Gemeinden";"41,11";"38,03";"39,04";"36,81";"36,21"
"01059167";"Sterup";"Gemeinden";"0,00";"1,68";"2,33";"4,80";
"01059168";"Stoltebüll";"Gemeinden";"10,70";"9,03";"14,58";"16,97";"11,32"
"01059169";"Süderhackstedt";"Gemeinden";"0,00";;;"0,00";"0,00"
"01059171";"Tarp";"Gemeinden";"4,50";"6,37";"6,10";"3,33";"5,19"
"01059173";"Wallsbüll";"Gemeinden";"0,00";;;"0,00";
"01059174";"Wanderup";"Gemeinden";"0,00";;"5,20";"5,30";"5,69"
"01059176";"Wees";"Gemeinden";"0,00";;;"0,00";
"01059177";"Weesby";"Gemeinden";"0,00";;;"0,00";"0,00"
"01059178";"Westerholz";"Gemeinden";"13,25";"6,08";"8,23";"16,78";"9,44"
"01059179";"Lindewitt";"Gemeinden";"0,00";;;"0,00";"0,00"
"01059182";"Freienwill";"Gemeinden";"0,00";;;"0,00";"0,00"
"01059183";"Handewitt";"Gemeinden";"3,68";"4,77";"4,86";"3,51";"4,43"
"01059184";"Oeversee";"Gemeinden";"6,90";"8,95";"8,38";"5,92";"4,52"
"01059185";"Mittelangeln";"Gemeinden";"0,00";;;"0,00";
"01059186";"Steinbergkirche";"Gemeinden";"0,00";"8,87";"8,02";"3,74";"18,27"
"01059187";"Boren";"Gemeinden";"0,00";"17,33";"6,92";"10,94";"8,65"
"01059188";"Stapel";"Gemeinden";"0,00";;;"5,22";"4,63"
"01059189";"Brodersby-Goltoft";"Gemeinden";"0,00";;;"20,23";"27,53"
"01060002";"Alveslohe";"Gemeinden";"0,00";;;"0,00";
"01060003";"Armstedt";"Gemeinden";"0,00";;;"0,00";"0,00"
"01060004";"Bad Bramstedt, Stadt";"Gemeinden";"12,97";"13,25";"10,54";"6,07";"6,43"
"01060005";"Bad Segeberg, Stadt";"Gemeinden";"13,18";"12,71";"12,60";"8,27";"9,61"
"01060006";"Bahrenhof";"Gemeinden";"0,00";;;"0,00";"0,00"
"01060007";"Bark";"Gemeinden";"0,00";;;"0,00";
"01060008";"Bebensee";"Gemeinden";"0,00";;;"0,00";"0,00"
"01060009";"Bimöhlen";"Gemeinden";"0,00";;;"0,00";"0,00"
"01060010";"Blunk";"Gemeinden";"0,00";;;"0,00";
"01060011";"Boostedt";"Gemeinden";"0,00";;;"0,00";"0,00"
"01060012";"Bornhöved";"Gemeinden";"0,00";;;"0,00";"0,00"
"01060013";"Borstel";"Gemeinden";"0,00";;;"0,00";"0,00"
"01060014";"Buchholz (Forstgutsbez.),gemfr. Gebiet";"Gemeinden";"0,00";;;;
"01060015";"Bühnsdorf";"Gemeinden";"0,00";;;"0,00";"0,00"
"01060016";"Daldorf";"Gemeinden";"0,00";;;"0,00";"0,00"
"01060017";"Damsdorf";"Gemeinden";"0,00";;;"0,00";"0,00"
"01060018";"Dreggers";"Gemeinden";"0,00";;;"0,00";"0,00"
"01060019";"Ellerau";"Gemeinden";"0,00";"1,34";"1,28";"0,00";
"01060020";"Fahrenkrug";"Gemeinden";"0,00";;;"0,00";"0,00"
"01060021";"Föhrden-Barl";"Gemeinden";"0,00";;;"0,00";"0,00"
"01060022";"Fredesdorf";"Gemeinden";"0,00";;;"0,00";"0,00"
"01060023";"Fuhlendorf";"Gemeinden";"0,00";;;"0,00";"0,00"
"01060024";"Geschendorf";"Gemeinden";"0,00";;;"0,00";"0,00"
"01060025";"Glasau";"Gemeinden";"0,00";;;"0,00";"0,00"
"01060026";"Gönnebek";"Gemeinden";"0,00";;;"0,00";"0,00"
"01060027";"Großenaspe";"Gemeinden";"0,00";;;"0,00";"0,00"
"01060028";"Groß Kummerfeld";"Gemeinden";"0,00";;;"0,00";"0,00"
"01060029";"Groß Niendorf";"Gemeinden";"0,00";;;"0,00";"0,00"
"01060030";"Groß Rönnau";"Gemeinden";"0,00";;;"0,00";"0,00"
"01060031";"Hagen";"Gemeinden";"0,00";;;"0,00";"0,00"
"01060033";"Hardebek";"Gemeinden";"0,00";;;"0,00";"0,00"
"01060034";"Hartenholm";"Gemeinden";"0,00";;;"0,00";
"01060035";"Hasenkrug";"Gemeinden";"0,00";;;"0,00";"0,00"
"01060036";"Hasenmoor";"Gemeinden";"0,00";;;"0,00";
"01060037";"Heidmoor";"Gemeinden";"0,00";;;"0,00";"0,00"
"01060038";"Heidmühlen";"Gemeinden";"0,00";;;"0,00";
"01060039";"Henstedt-Ulzburg";"Gemeinden";"0,71";"1,11";"1,29";"0,73";"1,39"
"01060040";"Hitzhusen";"Gemeinden";"0,00";;;"0,00";"0,00"
"01060041";"Högersdorf";"Gemeinden";"0,00";;;"0,00";"0,00"
"01060042";"Hüttblek";"Gemeinden";"0,00";;;"0,00";"0,00"
"01060043";"Itzstedt";"Gemeinden";"0,00";;;"0,00";
"01060044";"Kaltenkirchen, Stadt";"Gemeinden";"0,80";"0,90";;"0,00";
"01060045";"Kattendorf";"Gemeinden";"0,00";;;"0,00";
"01060046";"Kayhude";"Gemeinden";"0,00";;;"0,00";"0,00"
"01060047";"Kisdorf";"Gemeinden";"0,00";;;"0,00";"0,00"
"01060048";"Klein Gladebrügge";"Gemeinden";"0,00";;;"0,00";"0,00"
"01060049";"Klein Rönnau";"Gemeinden";"0,00";;;"0,00";"0,00"
"01060050";"Krems II";"Gemeinden";"0,00";;;"0,00";
"01060051";"Kükels";"Gemeinden";"0,00";;;"0,00";"0,00"
"01060052";"Latendorf";"Gemeinden";"0,00";;;"0,00";"0,00"
"01060053";"Leezen";"Gemeinden";"0,00";;;"0,00";
"01060054";"Lentföhrden";"Gemeinden";"0,00";;;"0,00";
"01060056";"Mönkloh";"Gemeinden";"0,00";;;"0,00";"0,00"
"01060057";"Mözen";"Gemeinden";"0,00";;;"0,00";
"01060058";"Nahe";"Gemeinden";"0,00";;;"0,00";"0,00"
"01060059";"Negernbötel";"Gemeinden";"0,00";;;"0,00";"0,00"
"01060060";"Nehms";"Gemeinden";"0,00";;;"0,00";"0,00"
"01060061";"Neuengörs";"Gemeinden";"0,00";;;"0,00";"0,00"
"01060062";"Neversdorf";"Gemeinden";"0,00";;;"0,00";
"01060063";"Norderstedt, Stadt";"Gemeinden";"2,23";"2,42";"2,69";"1,70";"3,00"
"01060064";"Nützen";"Gemeinden";"0,00";;;"0,00";"0,00"
"01060065";"Oering";"Gemeinden";"0,00";;;"0,00";"0,00"
"01060066";"Oersdorf";"Gemeinden";"0,00";;;"0,00";"0,00"
"01060067";"Pronstorf";"Gemeinden";"13,03";"13,00";"13,30";"11,47";"13,96"
"01060068";"Rickling";"Gemeinden";"0,00";;;"0,00";
"01060069";"Rohlstorf";"Gemeinden";"0,00";;;"0,00";"0,00"
"01060070";"Schackendorf";"Gemeinden";"0,00";;;"0,00";
"01060071";"Schieren";"Gemeinden";"0,00";;;"0,00";"0,00"
"01060072";"Schmalensee";"Gemeinden";"0,00";;;"0,00";"0,00"
"01060073";"Schmalfeld";"Gemeinden";"0,00";;;"0,00";
"01060074";"Schwissel";"Gemeinden";"0,00";;;"0,00";"0,00"
"01060075";"Seedorf";"Gemeinden";"0,00";;;"0,00";
"01060076";"Seth";"Gemeinden";"0,00";;;"0,00";"0,00"
"01060077";"Sievershütten";"Gemeinden";"0,00";;;"0,00";"0,00"
"01060079";"Stipsdorf";"Gemeinden";"0,00";;;"0,00";"0,00"
"01060080";"Stocksee";"Gemeinden";"0,00";;;"0,00";"0,00"
"01060081";"Strukdorf";"Gemeinden";"0,00";;;"0,00";"0,00"
"01060082";"Struvenhütten";"Gemeinden";"0,00";;;"0,00";"0,00"
"01060084";"Stuvenborn";"Gemeinden";"0,00";;;"0,00";"0,00"
"01060085";"Sülfeld";"Gemeinden";"0,00";;;"0,00";"0,00"
"01060086";"Tarbek";"Gemeinden";"0,00";;;"0,00";"0,00"
"01060087";"Tensfeld";"Gemeinden";"0,00";;;"0,00";"0,00"
"01060088";"Todesfelde";"Gemeinden";"0,00";;;"0,00";"0,00"
"01060089";"Trappenkamp";"Gemeinden";"0,00";;;"0,00";
"01060090";"Travenhorst";"Gemeinden";"0,00";;;"0,00";"0,00"
"01060091";"Traventhal";"Gemeinden";"0,00";;;"0,00";"0,00"
"01060092";"Wahlstedt, Stadt";"Gemeinden";"0,00";;;"0,00";"0,00"
"01060093";"Wakendorf I";"Gemeinden";"0,00";;;"0,00";"0,00"
"01060094";"Wakendorf II";"Gemeinden";"0,00";;;"0,00";"0,00"
"01060095";"Weddelbrook";"Gemeinden";"0,00";;;"0,00";"0,00"
"01060096";"Weede";"Gemeinden";"0,00";;;"0,00";"0,00"
"01060097";"Wensin";"Gemeinden";"0,00";;;"0,00";"0,00"
"01060098";"Westerrade";"Gemeinden";"0,00";;;"0,00";"0,00"
"01060099";"Wiemersdorf";"Gemeinden";"0,00";;;"0,00";"0,00"
"01060100";"Winsen";"Gemeinden";"0,00";;;"0,00";"0,00"
"01060101";"Wittenborn";"Gemeinden";"0,00";;;"0,00";
"01061001";"Aasbüttel";"Gemeinden";"0,00";;;"0,00";"0,00"
"01061002";"Aebtissinwisch";"Gemeinden";"0,00";;;"0,00";"0,00"
"01061003";"Agethorst";"Gemeinden";"0,00";;;"0,00";"0,00"
"01061004";"Altenmoor";"Gemeinden";"0,00";;;"0,00";"0,00"
"01061005";"Auufer";"Gemeinden";"0,00";;;"0,00";"0,00"
"01061006";"Bahrenfleth";"Gemeinden";"0,00";;;"0,00";"0,00"
"01061007";"Beidenfleth";"Gemeinden";"0,00";;;"0,00";"0,00"
"01061008";"Bekdorf";"Gemeinden";"0,00";;;"0,00";"0,00"
"01061010";"Bekmünde";"Gemeinden";"0,00";;;"0,00";"0,00"
"01061011";"Besdorf";"Gemeinden";"0,00";;;"0,00";"0,00"
"01061012";"Blomesche Wildnis";"Gemeinden";"0,00";;;"0,00";"0,00"
"01061013";"Bokelrehm";"Gemeinden";"0,00";;;"0,00";"0,00"
"01061014";"Bokhorst";"Gemeinden";"0,00";;;"0,00";"0,00"
"01061015";"Borsfleth";"Gemeinden";"0,00";;;"0,00";
"01061016";"Breitenberg";"Gemeinden";"0,00";;;"0,00";
"01061017";"Breitenburg";"Gemeinden";"0,00";;;"0,00";
"01061018";"Brokdorf";"Gemeinden";"0,00";;;"0,00";
"01061019";"Brokstedt";"Gemeinden";"0,00";;;"0,00";"0,00"
"01061020";"Büttel";"Gemeinden";"0,00";;;"0,00";"0,00"
"01061021";"Christinenthal";"Gemeinden";"0,00";;;"0,00";"0,00"
"01061022";"Dägeling";"Gemeinden";"0,00";;;"0,00";"0,00"
"01061023";"Dammfleth";"Gemeinden";"0,00";;;"0,00";"0,00"
"01061024";"Drage";"Gemeinden";"0,00";;;"0,00";"0,00"
"01061025";"Ecklak";"Gemeinden";"0,00";;;"0,00";"0,00"
"01061026";"Elskop";"Gemeinden";"0,00";;;"0,00";
"01061027";"Engelbrechtsche Wildnis";"Gemeinden";"0,00";;;"0,00";"0,00"
"01061028";"Fitzbek";"Gemeinden";"0,00";;;"0,00";"0,00"
"01061029";"Glückstadt, Stadt";"Gemeinden";"2,29";"2,50";"3,36";"2,73";"3,99"
"01061030";"Grevenkop";"Gemeinden";"0,00";;;"0,00";"0,00"
"01061031";"Gribbohm";"Gemeinden";"0,00";;;"0,00";"0,00"
"01061033";"Hadenfeld";"Gemeinden";"0,00";;;"0,00";"0,00"
"01061034";"Heiligenstedten";"Gemeinden";"0,00";;;"0,00";"0,00"
"01061035";"Heiligenstedtenerkamp";"Gemeinden";"0,00";;;"0,00";"0,00"
"01061036";"Hennstedt";"Gemeinden";"0,00";;;"0,00";
"01061037";"Herzhorn";"Gemeinden";"0,00";;;"0,00";"0,00"
"01061038";"Hingstheide";"Gemeinden";"0,00";;;"0,00";"0,00"
"01061039";"Hodorf";"Gemeinden";"0,00";;;"0,00";
"01061040";"Hohenaspe";"Gemeinden";"0,00";;;"0,00";"0,00"
"01061041";"Hohenfelde";"Gemeinden";"0,00";;;"0,00";"0,00"
"01061042";"Hohenlockstedt";"Gemeinden";"0,00";;;"0,00";"0,00"
"01061043";"Holstenniendorf";"Gemeinden";"0,00";;;"0,00";
"01061044";"Horst (Holstein)";"Gemeinden";"0,00";;;"0,00";
"01061045";"Huje";"Gemeinden";"0,00";;;"0,00";"0,00"
"01061046";"Itzehoe, Stadt";"Gemeinden";"1,20";"1,15";"1,11";"0,90";"1,32"
"01061047";"Kaaks";"Gemeinden";"0,00";;;"0,00";"0,00"
"01061048";"Kaisborstel";"Gemeinden";"0,00";;;"0,00";"0,00"
"01061049";"Kellinghusen, Stadt";"Gemeinden";"0,00";;;"0,00";
"01061050";"Kiebitzreihe";"Gemeinden";"0,00";;;"0,00";"0,00"
"01061052";"Kleve";"Gemeinden";"0,00";;;"0,00";"0,00"
"01061053";"Kollmoor";"Gemeinden";"0,00";;;"0,00";"0,00"
"01061054";"Krempdorf";"Gemeinden";"0,00";;;"0,00";"0,00"
"01061055";"Krempe, Stadt";"Gemeinden";"0,00";;;"0,00";"0,00"
"01061056";"Kremperheide";"Gemeinden";"0,00";;;"0,00";
"01061057";"Krempermoor";"Gemeinden";"0,00";;;"0,00";"0,00"
"01061058";"Kronsmoor";"Gemeinden";"0,00";;;"0,00";"0,00"
"01061059";"Krummendiek";"Gemeinden";"0,00";;;"0,00";"0,00"
"01061060";"Kudensee";"Gemeinden";"0,00";;;"0,00";"0,00"
"01061061";"Lägerdorf";"Gemeinden";"0,00";;;"0,00";"0,00"
"01061062";"Landrecht";"Gemeinden";"0,00";;;"0,00";"0,00"
"01061063";"Landscheide";"Gemeinden";"0,00";;;"0,00";"0,00"
"01061064";"Lockstedt";"Gemeinden";"0,00";;;"0,00";
"01061065";"Lohbarbek";"Gemeinden";"0,00";;;"0,00";"0,00"
"01061066";"Looft";"Gemeinden";"0,00";;;"0,00";"0,00"
"01061067";"Mehlbek";"Gemeinden";"0,00";;;"0,00";"0,00"
"01061068";"Moordiek";"Gemeinden";"0,00";;;"0,00";"0,00"
"01061070";"Moorhusen";"Gemeinden";"0,00";;;"0,00";"0,00"
"01061071";"Mühlenbarbek";"Gemeinden";"0,00";;;"0,00";"0,00"
"01061072";"Münsterdorf";"Gemeinden";"0,00";;;"0,00";"0,00"
"01061073";"Neuenbrook";"Gemeinden";"0,00";;;"0,00";"0,00"
"01061074";"Neuendorf b. Elmshorn";"Gemeinden";"0,00";;;"0,00";"0,00"
"01061076";"Nienbüttel";"Gemeinden";"0,00";;;"0,00";"0,00"
"01061077";"Nortorf";"Gemeinden";"0,00";;;"0,00";"0,00"
"01061078";"Nutteln";"Gemeinden";"0,00";;;"0,00";"0,00"
"01061079";"Oelixdorf";"Gemeinden";"0,00";;;"0,00";"0,00"
"01061080";"Oeschebüttel";"Gemeinden";"0,00";;;"0,00";"0,00"
"01061081";"Oldenborstel";"Gemeinden";"0,00";;;"0,00";"0,00"
"01061082";"Oldendorf";"Gemeinden";"0,00";;;"0,00";"0,00"
"01061083";"Ottenbüttel";"Gemeinden";"0,00";;;"0,00";"0,00"
"01061084";"Peissen";"Gemeinden";"0,00";;;"0,00";"0,00"
"01061085";"Pöschendorf";"Gemeinden";"0,00";;;"0,00";"0,00"
"01061086";"Poyenberg";"Gemeinden";"0,00";;;"0,00";
"01061087";"Puls";"Gemeinden";"0,00";;;"0,00";"0,00"
"01061088";"Quarnstedt";"Gemeinden";"0,00";;;"0,00";"0,00"
"01061089";"Rade";"Gemeinden";"0,00";;;"0,00";"0,00"
"01061091";"Reher";"Gemeinden";"0,00";;;"0,00";"0,00"
"01061092";"Rethwisch";"Gemeinden";"0,00";;;"0,00";"0,00"
"01061093";"Rosdorf";"Gemeinden";"0,00";;;"0,00";"0,00"
"01061095";"Sankt Margarethen";"Gemeinden";"5,65";"5,89";;"0,00";
"01061096";"Sarlhusen";"Gemeinden";"0,00";;;"0,00";"0,00"
"01061097";"Schenefeld";"Gemeinden";"0,00";;;"0,00";
"01061098";"Schlotfeld";"Gemeinden";"0,00";;;"0,00";"0,00"
"01061100";"Silzen";"Gemeinden";"0,00";;;"0,00";"0,00"
"01061101";"Sommerland";"Gemeinden";"0,00";;;"0,00";"0,00"
"01061102";"Stördorf";"Gemeinden";"0,00";;;"0,00";"0,00"
"01061103";"Störkathen";"Gemeinden";"0,00";;;"0,00";"0,00"
"01061104";"Süderau";"Gemeinden";"0,00";;;"0,00";"0,00"
"01061105";"Vaale";"Gemeinden";"0,00";;;"0,00";"0,00"
"01061106";"Vaalermoor";"Gemeinden";"0,00";;;"0,00";"0,00"
"01061107";"Wacken";"Gemeinden";"0,00";;;"0,00";"0,00"
"01061108";"Warringholz";"Gemeinden";"0,00";;;"0,00";"0,00"
"01061109";"Westermoor";"Gemeinden";"0,00";;;"0,00";"0,00"
"01061110";"Wewelsfleth";"Gemeinden";"0,00";;;"0,00";
"01061111";"Wiedenborstel";"Gemeinden";"0,00";;;"0,00";"0,00"
"01061112";"Willenscharen";"Gemeinden";"0,00";;;"0,00";"0,00"
"01061113";"Wilster, Stadt";"Gemeinden";"1,41";"1,78";"1,95";"1,21";"1,62"
"01061114";"Winseldorf";"Gemeinden";"0,00";;;"0,00";"0,00"
"01061115";"Wittenbergen";"Gemeinden";"0,00";;;"0,00";"0,00"
"01061116";"Wrist";"Gemeinden";"0,00";;;"0,00";"0,00"
"01061117";"Wulfsmoor";"Gemeinden";"0,00";;;"0,00";"0,00"
"01061118";"Kollmar";"Gemeinden";"0,00";;;"0,00";
"01061119";"Neuendorf-Sachsenbande";"Gemeinden";"0,00";;;"0,00";
"01062001";"Ahrensburg, Stadt";"Gemeinden";"2,13";"2,17";"2,18";"0,85";"1,18"
"01062003";"Badendorf";"Gemeinden";"0,00";;;"0,00";"0,00"
"01062004";"Bad Oldesloe, Stadt";"Gemeinden";"1,18";"2,90";"2,93";"1,38";"2,31"
"01062005";"Bargfeld-Stegen";"Gemeinden";"0,00";;;"0,00";"0,00"
"01062006";"Bargteheide, Stadt";"Gemeinden";"0,00";;;"0,00";
"01062008";"Barnitz";"Gemeinden";"0,00";;;"0,00";"0,00"
"01062009";"Barsbüttel";"Gemeinden";"0,00";;;"0,00";
"01062011";"Braak";"Gemeinden";"0,00";;;"0,00";
"01062014";"Delingsdorf";"Gemeinden";"0,00";;;"0,00";"0,00"
"01062016";"Elmenhorst";"Gemeinden";"0,00";;;"0,00";"0,00"
"01062018";"Glinde, Stadt";"Gemeinden";"0,00";;"1,58";"1,34";"2,15"
"01062019";"Grabau";"Gemeinden";"0,00";;;"0,00";"0,00"
"01062020";"Grande";"Gemeinden";"0,00";;;"0,00";"0,00"
"01062021";"Grönwohld";"Gemeinden";"0,00";;;"0,00";
"01062022";"Großensee";"Gemeinden";"0,00";;;"0,00";"0,00"
"01062023";"Großhansdorf";"Gemeinden";"0,00";;;"0,00";
"01062025";"Hamberge";"Gemeinden";"0,00";;;"0,00";
"01062026";"Hamfelde";"Gemeinden";"0,00";;;"0,00";"0,00"
"01062027";"Hammoor";"Gemeinden";"0,00";;;"0,00";
"01062031";"Heidekamp";"Gemeinden";"0,00";;;"0,00";"0,00"
"01062032";"Heilshoop";"Gemeinden";"0,00";;;"0,00";"0,00"
"01062033";"Hohenfelde";"Gemeinden";"0,00";;;"0,00";"0,00"
"01062035";"Hoisdorf";"Gemeinden";"0,00";;;"1,75";"3,63"
"01062036";"Jersbek";"Gemeinden";"0,00";;;"0,00";"0,00"
"01062039";"Klein Wesenberg";"Gemeinden";"0,00";;;"0,00";"0,00"
"01062040";"Köthel";"Gemeinden";"0,00";;;"0,00";"0,00"
"01062045";"Lütjensee";"Gemeinden";"7,90";"8,31";"8,73";"4,39";"6,28"
"01062046";"Meddewade";"Gemeinden";"0,00";;;"0,00";"0,00"
"01062048";"Mönkhagen";"Gemeinden";"0,00";;;"0,00";"0,00"
"01062050";"Neritz";"Gemeinden";"0,00";;;"0,00";"0,00"
"01062051";"Nienwohld";"Gemeinden";"0,00";;;"0,00";"0,00"
"01062053";"Oststeinbek";"Gemeinden";"0,00";;;"0,00";"0,00"
"01062056";"Pölitz";"Gemeinden";"0,00";;;"0,00";"0,00"
"01062058";"Rausdorf";"Gemeinden";"0,00";;;"0,00";"0,00"
"01062059";"Rehhorst";"Gemeinden";"0,00";;;"0,00";"0,00"
"01062060";"Reinbek, Stadt";"Gemeinden";"1,17";"1,17";"1,42";"1,23";"2,32"
"01062061";"Reinfeld (Holstein), Stadt";"Gemeinden";"2,01";"2,28";"2,12";"1,24";"1,71"
"01062062";"Rethwisch";"Gemeinden";"0,00";;;"0,00";"0,00"
"01062065";"Rümpel";"Gemeinden";"0,00";;;"0,00";"0,00"
"01062069";"Siek";"Gemeinden";"0,00";;;"0,00";
"01062071";"Stapelfeld";"Gemeinden";"0,00";;;"5,78";"8,91"
"01062076";"Tangstedt";"Gemeinden";"0,00";;;"0,00";
"01062078";"Todendorf";"Gemeinden";"0,00";;;"0,00";"0,00"
"01062081";"Tremsbüttel";"Gemeinden";"0,00";;;"0,00";"0,00"
"01062082";"Trittau";"Gemeinden";"0,00";;;"0,00";"0,00"
"01062083";"Westerau";"Gemeinden";"0,00";;;"0,00";"0,00"
"01062086";"Witzhave";"Gemeinden";"0,00";;;"0,00";
"01062087";"Zarpen";"Gemeinden";"0,00";;;"0,00";
"01062088";"Brunsbek";"Gemeinden";"0,00";;;"0,00";"0,00"
"01062089";"Lasbek";"Gemeinden";"0,00";;;"0,00";"0,00"
"01062090";"Ammersbek";"Gemeinden";"0,00";;;"0,00";"0,00"
"01062091";"Steinburg";"Gemeinden";"0,00";;;"0,00";"0,00"
"01062092";"Travenbrück";"Gemeinden";"0,00";;;"0,00";
"01062093";"Feldhorst";"Gemeinden";"0,00";;;"0,00";"0,00"
"01062094";"Wesenberg";"Gemeinden";"0,00";;;"0,00";"0,00"
"02000000";"Hamburg, Freie und Hansestadt";"Gemeinden";"4,57";"6,58";"7,47";"4,03";"8,52"
"03101000";"Braunschweig, Stadt";"Gemeinden";"1,89";"2,17";"2,75";"1,42";"2,77"
"03102000";"Salzgitter, Stadt";"Gemeinden";"1,02";"1,64";"1,49";"1,44";"1,94"
"03103000";"Wolfsburg, Stadt";"Gemeinden";"3,58";"4,00";"4,27";"1,79";"4,28"
"03151001";"Adenbüttel";"Gemeinden";"0,00";;;"0,00";"0,00"
"03151002";"Barwedel";"Gemeinden";"0,00";;;"0,00";"0,00"
"03151003";"Bergfeld";"Gemeinden";"0,00";;;"0,00";"0,00"
"03151004";"Bokensdorf";"Gemeinden";"0,00";;;"0,00";"0,00"
"03151005";"Brome, Flecken";"Gemeinden";"0,00";;;"0,00";
"03151006";"Calberlah";"Gemeinden";"0,00";;;"0,00";"0,00"
"03151007";"Dedelstorf";"Gemeinden";"5,63";"16,70";;"0,00";
"03151008";"Ehra-Lessien";"Gemeinden";"0,00";;;"0,00";
"03151009";"Gifhorn, Stadt";"Gemeinden";"2,51";"2,67";"2,30";"1,25";"2,16"
"03151010";"Groß Oesingen";"Gemeinden";"0,00";;"0,00";"0,00";
"03151011";"Hankensbüttel";"Gemeinden";"4,05";"3,52";;"0,00";
"03151012";"Hillerse";"Gemeinden";"0,00";;;"0,00";
"03151013";"Isenbüttel";"Gemeinden";"8,84";"10,66";"6,69";"6,76";"7,90"
"03151014";"Jembke";"Gemeinden";"0,00";;;"0,00";"0,00"
"03151015";"Leiferde";"Gemeinden";"0,00";;;"0,00";"0,00"
"03151016";"Meine";"Gemeinden";"0,00";;;"0,00";
"03151017";"Meinersen";"Gemeinden";"0,46";"0,53";;"0,00";
"03151018";"Müden (Aller)";"Gemeinden";"0,00";;;"0,00";
"03151019";"Obernholz";"Gemeinden";"0,00";;;"0,00";"0,00"
"03151020";"Osloß";"Gemeinden";"0,00";;;"0,00";"0,00"
"03151021";"Parsau";"Gemeinden";"0,00";;;"0,00";"0,00"
"03151022";"Ribbesbüttel";"Gemeinden";"0,00";;;"0,00";"0,00"
"03151023";"Rötgesbüttel";"Gemeinden";"0,00";;;"0,00";
"03151024";"Rühen";"Gemeinden";"1,49";"3,58";;"0,00";
"03151025";"Sassenburg";"Gemeinden";"2,65";"4,33";"2,25";"1,23";
"03151026";"Schönewörde";"Gemeinden";"0,00";;;"0,00";"0,00"
"03151027";"Schwülper";"Gemeinden";"0,00";;;"0,00";
"03151028";"Sprakensehl";"Gemeinden";"6,19";;;"0,00";
"03151029";"Steinhorst";"Gemeinden";"0,00";"6,36";;"0,00";
"03151030";"Tappenbeck";"Gemeinden";"0,00";;;"0,00";
"03151031";"Tiddische";"Gemeinden";"0,00";;;"0,00";"0,00"
"03151032";"Tülau";"Gemeinden";"0,00";;;"0,00";
"03151033";"Ummern";"Gemeinden";"0,00";;;"0,00";"0,00"
"03151034";"Vordorf";"Gemeinden";"0,00";;;"0,00";"0,00"
"03151035";"Wagenhoff";"Gemeinden";"0,00";;;"0,00";"0,00"
"03151036";"Wahrenholz";"Gemeinden";"1,72";"2,29";"1,42";"0,00";
"03151037";"Wasbüttel";"Gemeinden";"0,00";;;"0,00";"0,00"
"03151038";"Wesendorf";"Gemeinden";"2,14";"2,61";"2,25";"1,96";"2,46"
"03151039";"Weyhausen";"Gemeinden";"8,71";"12,03";;"0,00";
"03151040";"Wittingen, Stadt";"Gemeinden";"0,96";"2,13";"1,90";"1,49";"1,98"
"03151041";"Didderse";"Gemeinden";"0,00";;;"0,00";"0,00"
"03151501";"Giebel, gemfr. Gebiet";"Gemeinden";"0,00";;;;
"03153002";"Bad Harzburg, Stadt";"Gemeinden";"13,42";"15,13";"15,33";"13,16";"20,64"
"03153008";"Liebenburg";"Gemeinden";"0,00";;;"0,00";
"03153012";"Seesen, Stadt";"Gemeinden";"1,99";"3,14";"4,02";"0,96";"1,83"
"03153016";"Braunlage, Stadt";"Gemeinden";"0,00";"132,12";"131,39";"82,02";"162,98"
"03153017";"Goslar, Stadt";"Gemeinden";"0,00";;"14,01";"9,20";"15,94"
"03153018";"Clausthal-Zellerfeld, Berg- und Universitätsstadt";"Gemeinden";"0,00";;"27,86";"23,37";"36,82"
"03153019";"Langelsheim, Stadt";"Gemeinden";"4,82";"5,38";"5,58";"0,00";
"03153504";"Harz (Landkreis Goslar), gemfr. Gebiet";"Gemeinden";"0,00";;;;
"03154001";"Bahrdorf";"Gemeinden";"0,00";;;"0,00";"0,00"
"03154002";"Beierstedt";"Gemeinden";"0,00";;;"0,00";"0,00"
"03154004";"Danndorf";"Gemeinden";"0,00";;;"0,00";"0,00"
"03154005";"Frellstedt";"Gemeinden";"0,00";;;"0,00";"0,00"
"03154006";"Gevensleben";"Gemeinden";"0,00";;;"0,00";"0,00"
"03154007";"Grafhorst";"Gemeinden";"0,00";;;"0,00";
"03154008";"Grasleben";"Gemeinden";"0,00";;;"0,00";"0,00"
"03154009";"Groß Twülpstedt";"Gemeinden";"0,00";;;"0,00";"0,00"
"03154012";"Jerxheim";"Gemeinden";"0,00";;;"0,00";
"03154013";"Königslutter am Elm, Stadt";"Gemeinden";"4,88";"4,64";"3,97";"2,11";"3,84"
"03154014";"Lehre";"Gemeinden";"1,05";"1,07";"0,60";"0,00";
"03154015";"Mariental";"Gemeinden";"0,00";;;"0,00";
"03154016";"Querenhorst";"Gemeinden";"0,00";;;"0,00";"0,00"
"03154017";"Räbke";"Gemeinden";"0,00";;;"0,00";
"03154018";"Rennau";"Gemeinden";"0,00";;;"0,00";"0,00"
"03154019";"Schöningen, Stadt";"Gemeinden";"0,97";"0,87";"1,29";"0,67";"0,69"
"03154021";"Süpplingen";"Gemeinden";"0,00";;;"0,00";"0,00"
"03154022";"Süpplingenburg";"Gemeinden";"0,00";;;"0,00";"0,00"
"03154024";"Velpke";"Gemeinden";"0,00";;;"0,00";
"03154025";"Warberg";"Gemeinden";"0,00";;;"0,00";
"03154026";"Wolsdorf";"Gemeinden";"0,00";;;"0,00";"0,00"
"03154027";"Söllingen";"Gemeinden";"0,00";;;"0,00";"0,00"
"03154028";"Helmstedt, Stadt";"Gemeinden";"0,00";;"2,14";"1,04";"1,86"
"03154501";"Brunsleberfeld, gemfr. Gebiet";"Gemeinden";"0,00";;;;
"03154502";"Helmstedt, gemfr. Gebiet";"Gemeinden";"0,00";;;;
"03154503";"Königslutter, gemfr. Gebiet";"Gemeinden";"0,00";;;;
"03154504";"Mariental, gemfr. Gebiet";"Gemeinden";"0,00";;;;
"03154506";"Schöningen, gemfr. Gebiet";"Gemeinden";"0,00";;;;
"03155001";"Bad Gandersheim, Stadt";"Gemeinden";"23,32";"21,41";"19,50";"13,69";"21,08"
"03155002";"Bodenfelde, Flecken";"Gemeinden";"2,70";"3,64";;"0,00";
"03155003";"Dassel, Stadt";"Gemeinden";"3,65";"3,35";"0,34";"0,00";"0,79"
"03155005";"Hardegsen, Stadt";"Gemeinden";"1,08";"1,54";"1,65";"0,00";"1,17"
"03155006";"Kalefeld";"Gemeinden";"0,00";"0,62";;"0,00";
"03155007";"Katlenburg-Lindau";"Gemeinden";"1,54";"2,10";;"0,00";
"03155009";"Moringen, Stadt";"Gemeinden";"0,00";;;"0,00";
"03155010";"Nörten-Hardenberg, Flecken";"Gemeinden";"2,13";;"3,14";"0,00";
"03155011";"Northeim, Stadt";"Gemeinden";"1,85";"2,02";"1,83";"1,06";"1,90"
"03155012";"Uslar, Stadt";"Gemeinden";"4,54";"4,41";"4,60";"2,84";"4,54"
"03155013";"Einbeck, Stadt";"Gemeinden";"0,00";"1,72";"2,30";"1,36";"3,31"
"03155501";"Solling (Landkreis Northeim), gemfr. Geb.";"Gemeinden";"0,00";;;;
"03157001";"Edemissen";"Gemeinden";"0,00";;;"0,00";
"03157002";"Hohenhameln";"Gemeinden";"0,33";;;"0,00";
"03157005";"Lengede";"Gemeinden";"0,34";;;"0,00";
"03157006";"Peine, Stadt";"Gemeinden";"1,30";"1,33";"1,33";"0,76";"1,11"
"03157007";"Vechelde";"Gemeinden";"0,42";"0,68";"0,44";"0,40";
"03157008";"Wendeburg";"Gemeinden";"0,77";;"0,85";"0,00";
"03157009";"Ilsede";"Gemeinden";"0,00";;;"0,00";
"03158002";"Baddeckenstedt";"Gemeinden";"0,00";;;"0,00";"0,00"
"03158004";"Burgdorf";"Gemeinden";"0,00";;;"0,00";"0,00"
"03158005";"Cramme";"Gemeinden";"0,00";;;"0,00";"0,00"
"03158006";"Cremlingen";"Gemeinden";"0,00";;;"0,00";
"03158007";"Dahlum";"Gemeinden";"0,00";;;"0,00";"0,00"
"03158008";"Denkte";"Gemeinden";"0,00";;;"0,00";"0,00"
"03158009";"Dettum";"Gemeinden";"0,00";;;"0,00";"0,00"
"03158010";"Dorstadt";"Gemeinden";"0,00";;;"0,00";"0,00"
"03158011";"Elbe";"Gemeinden";"0,00";;;"0,00";"0,00"
"03158012";"Erkerode";"Gemeinden";"0,00";;;"0,00";"0,00"
"03158013";"Evessen";"Gemeinden";"0,00";;;"0,00";"0,00"
"03158014";"Flöthe";"Gemeinden";"0,00";;;"0,00";
"03158016";"Haverlah";"Gemeinden";"0,00";;;"0,00";
"03158017";"Hedeper";"Gemeinden";"0,00";;;"0,00";"0,00"
"03158018";"Heere";"Gemeinden";"0,00";;;"0,00";"0,00"
"03158019";"Heiningen";"Gemeinden";"0,00";;;"0,00";
"03158021";"Kissenbrück";"Gemeinden";"0,00";;;"0,00";"0,00"
"03158022";"Kneitlingen";"Gemeinden";"0,00";;;"0,00";"0,00"
"03158023";"Ohrum";"Gemeinden";"0,00";;;"0,00";"0,00"
"03158025";"Roklum";"Gemeinden";"0,00";;;"0,00";"0,00"
"03158027";"Schöppenstedt, Stadt";"Gemeinden";"0,00";;;"0,00";
"03158028";"Sehlde";"Gemeinden";"0,00";;;"0,00";"0,00"
"03158030";"Sickte";"Gemeinden";"0,00";;;"0,00";"0,00"
"03158031";"Uehrde";"Gemeinden";"0,00";;;"0,00";"0,00"
"03158032";"Vahlberg";"Gemeinden";"0,00";;;"0,00";"0,00"
"03158033";"Veltheim (Ohe)";"Gemeinden";"0,00";;;"0,00";"0,00"
"03158035";"Winnigstedt";"Gemeinden";"0,00";;;"0,00";"0,00"
"03158036";"Wittmar";"Gemeinden";"0,00";;;"0,00";"0,00"
"03158037";"Wolfenbüttel, Stadt";"Gemeinden";"1,45";"2,25";"2,08";"1,25";"1,88"
"03158038";"Börßum";"Gemeinden";"0,00";;;"0,00";"0,00"
"03158039";"Schladen-Werla";"Gemeinden";"0,00";;;"0,00";
"03158040";"Remlingen-Semmenstedt";"Gemeinden";"0,00";;;"0,00";"0,00"
"03158501";"Am Großen Rhode, gemfr. Gebiet";"Gemeinden";"0,00";;;;
"03158502";"Barnstorf-Warle, gemfr. Gebiet";"Gemeinden";"0,00";;;;
"03158503";"Voigtsdahlum, gemfr. Gebiet";"Gemeinden";"0,00";;;;
"03159001";"Adelebsen, Flecken";"Gemeinden";"0,00";;;"0,00";
"03159002";"Bad Grund (Harz)";"Gemeinden";"0,00";;"3,94";"4,18";"6,58"
"03159003";"Bad Lauterberg im Harz, Stadt";"Gemeinden";"0,00";;"42,00";"0,00";"37,79"
"03159004";"Bad Sachsa, Stadt";"Gemeinden";"0,00";;"32,81";"21,79";"35,74"
"03159005";"Bilshausen";"Gemeinden";"0,00";;;"0,00";
"03159006";"Bodensee";"Gemeinden";"0,00";;;"0,00";"0,00"
"03159007";"Bovenden, Flecken";"Gemeinden";"0,00";;"0,77";"0,00";
"03159008";"Bühren";"Gemeinden";"0,00";;;"0,00";"0,00"
"03159009";"Dransfeld, Stadt";"Gemeinden";"0,00";;;"0,00";
"03159010";"Duderstadt, Stadt";"Gemeinden";"0,00";;"3,87";"2,30";"4,29"
"03159011";"Ebergötzen";"Gemeinden";"0,00";;;"0,00";
"03159012";"Elbingerode";"Gemeinden";"0,00";;;"0,00";"0,00"
"03159013";"Friedland";"Gemeinden";"0,00";;"1,16";"0,42";"1,19"
"03159014";"Gieboldehausen, Flecken";"Gemeinden";"0,00";;;"0,00";"0,00"
"03159015";"Gleichen";"Gemeinden";"0,00";;;"0,00";
"03159016";"Göttingen, Stadt";"Gemeinden";"0,00";;"4,37";"3,06";"5,41"
"03159017";"Hann. Münden, Stadt";"Gemeinden";"0,00";;"7,29";"4,62";"7,29"
"03159018";"Hattorf am Harz";"Gemeinden";"0,00";;;"0,00";
"03159019";"Herzberg am Harz, Stadt";"Gemeinden";"0,00";;"3,54";"2,16";"2,78"
"03159020";"Hörden am Harz";"Gemeinden";"0,00";;;"0,00";"0,00"
"03159021";"Jühnde";"Gemeinden";"0,00";;;"0,00";"0,00"
"03159022";"Krebeck";"Gemeinden";"0,00";;;"0,00";
"03159023";"Landolfshausen";"Gemeinden";"0,00";;;"0,00";"0,00"
"03159024";"Niemetal";"Gemeinden";"0,00";;;"0,00";
"03159025";"Obernfeld";"Gemeinden";"0,00";;;"0,00";"0,00"
"03159026";"Osterode am Harz, Stadt";"Gemeinden";"0,00";;"2,72";"1,94";"3,34"
"03159027";"Rhumspringe";"Gemeinden";"0,00";;;"0,00";"0,00"
"03159028";"Rollshausen";"Gemeinden";"0,00";;;"0,00";
"03159029";"Rosdorf";"Gemeinden";"0,00";;"1,81";"0,00";
"03159030";"Rüdershausen";"Gemeinden";"0,00";;;"0,00";"0,00"
"03159031";"Scheden";"Gemeinden";"0,00";;;"0,00";"0,00"
"03159032";"Seeburg";"Gemeinden";"0,00";;;"0,00";
"03159033";"Seulingen";"Gemeinden";"0,00";;;"0,00";"0,00"
"03159034";"Staufenberg";"Gemeinden";"0,00";;;"0,00";
"03159035";"Waake";"Gemeinden";"0,00";;;"0,00";"0,00"
"03159036";"Walkenried";"Gemeinden";"0,00";;"23,15";"0,00";"28,03"
"03159037";"Wollbrandshausen";"Gemeinden";"0,00";;;"0,00";"0,00"
"03159038";"Wollershausen";"Gemeinden";"0,00";;;"0,00";"0,00"
"03159039";"Wulften am Harz";"Gemeinden";"0,00";;;"0,00";"0,00"
"03159501";"Harz (Landkreis Göttingen), gemfr. Geb.";"Gemeinden";"0,00";;;;
"03241001";"Hannover, Landeshauptstadt";"Gemeinden";"3,48";"4,02";"4,26";"1,98";"4,53"
"03241002";"Barsinghausen, Stadt";"Gemeinden";"1,16";"0,82";;"0,00";
"03241003";"Burgdorf, Stadt";"Gemeinden";"0,82";"0,57";"0,64";"0,40";"0,57"
"03241004";"Burgwedel, Stadt";"Gemeinden";"1,74";"1,89";"2,57";"1,43";"2,30"
"03241005";"Garbsen, Stadt";"Gemeinden";"1,58";"2,95";"3,01";"2,55";"2,36"
"03241006";"Gehrden, Stadt";"Gemeinden";"0,54";"0,58";;"0,00";
"03241007";"Hemmingen, Stadt";"Gemeinden";"0,96";"2,49";"2,68";"1,75";"2,72"
"03241008";"Isernhagen";"Gemeinden";"2,33";"3,10";"3,10";"1,91";"3,22"
"03241009";"Laatzen, Stadt";"Gemeinden";"4,10";"4,95";"5,01";"2,01";"5,37"
"03241010";"Langenhagen, Stadt";"Gemeinden";"4,88";"5,55";"5,84";"3,75";"5,60"
"03241011";"Lehrte, Stadt";"Gemeinden";"1,69";"2,08";"2,51";"1,55";"2,25"
"03241012";"Neustadt am Rübenberge, Stadt";"Gemeinden";"2,06";"3,08";"3,23";"2,77";"3,91"
"03241013";"Pattensen, Stadt";"Gemeinden";"0,90";"1,46";;"0,55";"1,59"
"03241014";"Ronnenberg, Stadt";"Gemeinden";"0,74";"0,87";"1,29";"0,47";"1,25"
"03241015";"Seelze, Stadt";"Gemeinden";"0,19";"0,14";"0,16";"0,00";
"03241016";"Sehnde, Stadt";"Gemeinden";"2,65";"3,76";"4,64";"3,08";"3,80"
"03241017";"Springe, Stadt";"Gemeinden";"4,68";"5,48";"5,46";"2,70";"4,56"
"03241018";"Uetze";"Gemeinden";"0,27";"2,17";;"0,00";
"03241019";"Wedemark";"Gemeinden";"1,36";"1,50";"1,46";"1,31";"2,00"
"03241020";"Wennigsen (Deister)";"Gemeinden";"1,94";"2,17";"2,76";"0,99";"2,01"
"03241021";"Wunstorf, Stadt";"Gemeinden";"1,07";"2,51";"2,65";"2,05";"2,75"
"03251001";"Affinghausen";"Gemeinden";"0,00";;;"0,00";"0,00"
"03251002";"Asendorf";"Gemeinden";"0,00";;;"0,00";
"03251003";"Bahrenborstel";"Gemeinden";"0,00";;;"0,00";
"03251004";"Barenburg, Flecken";"Gemeinden";"0,00";;;"0,00";
"03251005";"Barnstorf, Flecken";"Gemeinden";"0,00";;;"0,00";
"03251006";"Barver";"Gemeinden";"0,00";;;"0,00";"0,00"
"03251007";"Bassum, Stadt";"Gemeinden";"0,00";"0,70";"0,41";"0,00";"0,78"
"03251008";"Borstel";"Gemeinden";"0,00";;;"0,00";"0,00"
"03251009";"Brockum";"Gemeinden";"0,00";;;"0,00";
"03251011";"Dickel";"Gemeinden";"0,00";;;"0,00";
"03251012";"Diepholz, Stadt";"Gemeinden";"0,48";"0,43";"0,35";"0,42";"0,52"
"03251013";"Drebber";"Gemeinden";"0,00";;;"0,00";
"03251014";"Drentwede";"Gemeinden";"0,00";;;"0,00";"0,00"
"03251015";"Ehrenburg";"Gemeinden";"0,00";;;"0,00";"0,00"
"03251017";"Eydelstedt";"Gemeinden";"0,00";;;"0,00";"0,00"
"03251018";"Freistatt";"Gemeinden";"0,00";;;"0,00";"0,00"
"03251019";"Hemsloh";"Gemeinden";"0,00";;;"0,00";
"03251020";"Hüde";"Gemeinden";"0,00";"14,84";"14,21";"0,00";"32,57"
"03251021";"Kirchdorf";"Gemeinden";"0,00";;;"0,00";
"03251022";"Lembruch";"Gemeinden";"24,94";"31,01";"30,38";"0,00";"280,04"
"03251023";"Lemförde, Flecken";"Gemeinden";"0,00";;;"0,00";
"03251024";"Maasen";"Gemeinden";"0,00";;;"0,00";"0,00"
"03251025";"Marl";"Gemeinden";"0,00";"0,00";;"0,00";"0,00"
"03251026";"Martfeld";"Gemeinden";"0,00";;;"0,00";"0,00"
"03251027";"Mellinghausen";"Gemeinden";"0,00";;;"0,00";
"03251028";"Neuenkirchen";"Gemeinden";"0,00";;;"0,00";"0,00"
"03251029";"Quernheim";"Gemeinden";"0,00";;;"0,00";"0,00"
"03251030";"Rehden";"Gemeinden";"0,00";"3,07";;"0,00";
"03251031";"Scholen";"Gemeinden";"0,00";;;"0,00";
"03251032";"Schwaförden";"Gemeinden";"0,00";;;"0,00";
"03251033";"Schwarme";"Gemeinden";"0,00";;;"0,00";"0,00"
"03251034";"Siedenburg, Flecken";"Gemeinden";"0,00";;;"0,00";
"03251035";"Staffhorst";"Gemeinden";"0,00";;;"0,00";"0,00"
"03251036";"Stemshorn";"Gemeinden";"0,00";;;"0,00";
"03251037";"Stuhr";"Gemeinden";"1,21";"1,68";"1,84";"1,18";"2,04"
"03251038";"Sudwalde";"Gemeinden";"0,00";;;"0,00";
"03251040";"Sulingen, Stadt";"Gemeinden";"0,66";"0,65";"0,73";"0,56";"0,63"
"03251041";"Syke, Stadt";"Gemeinden";"0,64";"0,52";"0,42";"0,00";"0,43"
"03251042";"Twistringen, Stadt";"Gemeinden";"0,36";"0,52";"0,75";"0,59";"0,64"
"03251043";"Varrel";"Gemeinden";"0,00";;;"0,00";"0,00"
"03251044";"Wagenfeld";"Gemeinden";"0,63";"0,68";;"0,00";"1,95"
"03251045";"Wehrbleck";"Gemeinden";"0,00";;;"0,00";"0,00"
"03251046";"Wetschen";"Gemeinden";"0,00";;;"0,00";"0,00"
"03251047";"Weyhe";"Gemeinden";"0,00";"0,12";"0,26";"0,11";"0,40"
"03251049";"Bruchhausen-Vilsen, Flecken";"Gemeinden";"0,00";;;"3,54";"5,83"
"03252001";"Aerzen, Flecken";"Gemeinden";"2,17";"2,39";"2,88";"2,17";"2,40"
"03252002";"Bad Münder am Deister, Stadt";"Gemeinden";"13,35";"13,07";"11,74";"7,32";"8,47"
"03252003";"Bad Pyrmont, Stadt";"Gemeinden";"33,77";"37,04";"34,14";"24,10";"32,60"
"03252004";"Coppenbrügge, Flecken";"Gemeinden";"0,22";"0,46";"0,59";"0,39";"0,66"
"03252005";"Emmerthal";"Gemeinden";"0,82";"0,97";"0,98";"0,00";"4,83"
"03252006";"Hameln, Stadt";"Gemeinden";"2,80";"3,30";"3,62";"2,09";"4,66"
"03252007";"Hessisch Oldendorf, Stadt";"Gemeinden";"1,04";"2,77";"0,68";"0,45";"0,57"
"03252008";"Salzhemmendorf, Flecken";"Gemeinden";"1,23";"3,31";"3,09";"0,00";"3,70"
"03254002";"Alfeld (Leine), Stadt";"Gemeinden";"0,81";"0,89";"0,89";"0,58";"1,10"
"03254003";"Algermissen";"Gemeinden";"0,00";;;"0,00";
"03254005";"Bad Salzdetfurth, Stadt";"Gemeinden";"10,29";"11,08";"11,84";"7,73";"9,27"
"03254008";"Bockenem, Stadt";"Gemeinden";"0,68";"0,82";"0,70";"0,76";"1,27"
"03254011";"Diekholzen";"Gemeinden";"0,00";"1,33";;"0,00";
"03254013";"Eime, Flecken";"Gemeinden";"0,00";;;"0,00";"0,00"
"03254014";"Elze, Stadt";"Gemeinden";"0,39";"0,38";"0,63";"0,55";"0,78"
"03254017";"Giesen";"Gemeinden";"1,58";"3,47";"4,30";"1,63";"3,56"
"03254020";"Harsum";"Gemeinden";"0,00";;;"0,00";
"03254021";"Hildesheim, Stadt";"Gemeinden";"2,03";"2,69";"3,14";"1,80";"3,51"
"03254022";"Holle";"Gemeinden";"0,00";;;"0,00";
"03254026";"Nordstemmen";"Gemeinden";"0,40";"0,46";"0,41";"0,21";"0,35"
"03254028";"Sarstedt, Stadt";"Gemeinden";"0,49";"1,06";"2,16";"1,12";"2,58"
"03254029";"Schellerten";"Gemeinden";"0,48";;;"0,00";
"03254032";"Söhlde";"Gemeinden";"0,00";;;"0,00";"0,57"
"03254041";"Duingen, Flecken";"Gemeinden";"0,00";;;"0,00";
"03254042";"Freden (Leine)";"Gemeinden";"0,00";;;"0,00";"0,00"
"03254043";"Gronau (Leine), Stadt";"Gemeinden";"0,00";;;"0,00";
"03254044";"Lamspringe";"Gemeinden";"0,00";;"0,40";"0,23";
"03254045";"Sibbesse";"Gemeinden";"0,00";;;"0,00";
"03255001";"Arholzen";"Gemeinden";"0,00";;;"0,00";"0,00"
"03255002";"Bevern, Flecken";"Gemeinden";"0,00";;;"0,00";
"03255003";"Bodenwerder, Münchhausenstadt";"Gemeinden";"4,64";"6,63";"6,79";"0,00";"10,67"
"03255004";"Boffzen";"Gemeinden";"0,00";;;"0,00";
"03255005";"Brevörde";"Gemeinden";"0,00";;;"0,00";"0,00"
"03255007";"Deensen";"Gemeinden";"0,00";;;"0,00";"0,00"
"03255008";"Delligsen, Flecken";"Gemeinden";"0,00";;;"0,00";
"03255009";"Derental";"Gemeinden";"0,00";;;"0,00";
"03255010";"Dielmissen";"Gemeinden";"0,00";;;"0,00";"0,00"
"03255012";"Eimen";"Gemeinden";"0,00";;;"0,00";"0,00"
"03255013";"Eschershausen, Stadt";"Gemeinden";"0,00";;;"0,00";"0,00"
"03255014";"Fürstenberg";"Gemeinden";"0,00";;;"0,00";
"03255015";"Golmbach";"Gemeinden";"0,00";;;"0,00";"0,00"
"03255016";"Halle";"Gemeinden";"0,00";;"0,00";"0,00";"0,00"
"03255017";"Hehlen";"Gemeinden";"1,88";"1,91";"1,96";"0,00";
"03255018";"Heinade";"Gemeinden";"0,00";;;"0,00";
"03255019";"Heinsen";"Gemeinden";"0,00";;;"0,00";
"03255020";"Heyen";"Gemeinden";"0,00";;;"0,00";
"03255021";"Holenberg";"Gemeinden";"0,00";;;"0,00";"0,00"
"03255022";"Holzen";"Gemeinden";"0,00";;;"0,00";"0,00"
"03255023";"Holzminden, Stadt";"Gemeinden";"3,38";"4,23";"5,77";"3,50";"4,27"
"03255025";"Kirchbrak";"Gemeinden";"0,00";;;"0,00";"0,00"
"03255026";"Lauenförde, Flecken";"Gemeinden";"0,00";;;"0,00";
"03255027";"Lenne";"Gemeinden";"0,00";;;"0,00";"0,00"
"03255028";"Lüerdissen";"Gemeinden";"0,00";;;"0,00";"0,00"
"03255030";"Negenborn";"Gemeinden";"0,00";;;"0,00";"0,00"
"03255031";"Ottenstein, Flecken";"Gemeinden";"3,31";"4,62";"7,50";"0,00";
"03255032";"Pegestorf";"Gemeinden";"0,00";;;"0,00";"0,00"
"03255033";"Polle, Flecken";"Gemeinden";"0,00";;;"0,00";"0,00"
"03255034";"Stadtoldendorf, Stadt";"Gemeinden";"0,00";;;"0,00";
"03255035";"Vahlbruch";"Gemeinden";"0,00";;;"0,00";"0,00"
"03255036";"Wangelnstedt";"Gemeinden";"0,00";;;"0,00";"0,00"
"03255501";"Boffzen, gemfr. Gebiet";"Gemeinden";"0,00";;;;
"03255502";"Eimen, gemfr. Gebiet";"Gemeinden";"0,00";;;;
"03255503";"Eschershausen, gemfr. Gebiet";"Gemeinden";"0,00";;;;
"03255504";"Grünenplan, gemfr. Gebiet";"Gemeinden";"0,00";;;;
"03255505";"Holzminden, gemfr. Gebiet";"Gemeinden";"0,00";;;;
"03255506";"Merxhausen, gemfr. Gebiet";"Gemeinden";"0,00";;;;
"03255508";"Wenzen, gemfr. Gebiet";"Gemeinden";"0,00";;;;
"03256001";"Balge";"Gemeinden";"0,00";;;"0,00";
"03256002";"Binnen";"Gemeinden";"0,00";;;"0,00";"0,00"
"03256003";"Bücken, Flecken";"Gemeinden";"5,17";;;"0,00";
"03256004";"Diepenau, Flecken";"Gemeinden";"0,00";;;"0,00";"0,00"
"03256005";"Drakenburg, Flecken";"Gemeinden";"0,00";;;"0,00";
"03256006";"Estorf";"Gemeinden";"0,00";"0,00";;"0,00";
"03256007";"Eystrup";"Gemeinden";"0,00";;;"0,00";
"03256008";"Gandesbergen";"Gemeinden";"0,00";;;"0,00";"0,00"
"03256009";"Hämelhausen";"Gemeinden";"0,00";;;"0,00";"0,00"
"03256010";"Hassel (Weser)";"Gemeinden";"0,00";;;"0,00";"0,00"
"03256011";"Haßbergen";"Gemeinden";"0,00";;;"0,00";"0,00"
"03256012";"Heemsen";"Gemeinden";"0,00";;;"0,00";
"03256013";"Hilgermissen";"Gemeinden";"0,00";"1,00";;"0,00";
"03256014";"Hoya, Stadt";"Gemeinden";"0,00";;;"0,00";
"03256015";"Hoyerhagen";"Gemeinden";"0,00";;;"0,00";"0,00"
"03256016";"Husum";"Gemeinden";"0,00";;;"0,00";
"03256017";"Landesbergen";"Gemeinden";"13,06";"19,36";;"0,00";"15,55"
"03256018";"Leese";"Gemeinden";"0,00";;;"0,00";"0,00"
"03256019";"Liebenau, Flecken";"Gemeinden";"0,73";;;"0,00";
"03256020";"Linsburg";"Gemeinden";"0,00";;;"0,00";
"03256021";"Marklohe";"Gemeinden";"0,00";;;"0,00";"0,00"
"03256022";"Nienburg (Weser), Stadt";"Gemeinden";"0,94";"2,34";"2,46";"1,82";"2,52"
"03256023";"Pennigsehl";"Gemeinden";"0,00";;;"0,00";"0,00"
"03256024";"Raddestorf";"Gemeinden";"0,00";;;"0,00";
"03256025";"Rehburg-Loccum, Stadt";"Gemeinden";"4,07";"5,00";"4,76";"0,00";"4,60"
"03256026";"Rodewald";"Gemeinden";"0,00";;;"0,00";"0,00"
"03256027";"Rohrsen";"Gemeinden";"0,00";;;"0,00";"0,00"
"03256028";"Schweringen";"Gemeinden";"0,00";;"0,00";"0,00";"0,00"
"03256029";"Steimbke";"Gemeinden";"1,83";;;"0,00";
"03256030";"Steyerberg, Flecken";"Gemeinden";"0,00";;"1,28";"0,00";
"03256031";"Stöckse";"Gemeinden";"0,00";;;"0,00";"0,00"
"03256032";"Stolzenau";"Gemeinden";"0,82";"0,75";;"0,00";"1,61"
"03256033";"Uchte, Flecken";"Gemeinden";"0,00";;;"0,00";
"03256034";"Warmsen";"Gemeinden";"0,00";;;"0,00";
"03256035";"Warpe";"Gemeinden";"0,00";;"12,00";"0,00";
"03256036";"Wietzen";"Gemeinden";"0,00";;;"0,00";
"03257001";"Ahnsen";"Gemeinden";"0,00";;;"0,00";
"03257002";"Apelern";"Gemeinden";"0,00";;;"0,00";
"03257003";"Auetal";"Gemeinden";"0,00";;;"0,00";"0,00"
"03257004";"Auhagen";"Gemeinden";"0,00";;;"0,00";
"03257005";"Bad Eilsen";"Gemeinden";"86,36";"92,92";"87,34";"69,23";"88,55"
"03257006";"Bad Nenndorf, Stadt";"Gemeinden";"24,09";"23,87";"22,29";"17,34";"20,63"
"03257007";"Beckedorf";"Gemeinden";"0,00";;;"0,00";"0,00"
"03257008";"Buchholz";"Gemeinden";"0,00";;;"0,00";"0,00"
"03257009";"Bückeburg, Stadt";"Gemeinden";"1,81";"2,37";"5,38";"1,87";"4,35"
"03257010";"Hagenburg, Flecken";"Gemeinden";"0,00";;;"0,00";
"03257011";"Haste";"Gemeinden";"0,00";;;"0,00";"0,00"
"03257012";"Heeßen";"Gemeinden";"0,00";;;"0,00";"0,00"
"03257013";"Helpsen";"Gemeinden";"0,00";;;"0,00";
"03257014";"Hespe";"Gemeinden";"0,00";;;"0,00";"0,00"
"03257015";"Heuerßen";"Gemeinden";"0,00";;;"0,00";"0,00"
"03257016";"Hohnhorst";"Gemeinden";"0,00";;;"0,00";"0,00"
"03257017";"Hülsede";"Gemeinden";"0,00";;;"0,00";
"03257018";"Lauenau, Flecken";"Gemeinden";"0,00";;;"0,00";
"03257019";"Lauenhagen";"Gemeinden";"0,00";;;"0,00";"0,00"
"03257020";"Lindhorst";"Gemeinden";"0,00";;;"0,00";"0,00"
"03257021";"Lüdersfeld";"Gemeinden";"0,00";"6,39";;"0,00";
"03257022";"Luhden";"Gemeinden";"0,00";;;"0,00";
"03257023";"Meerbeck";"Gemeinden";"0,00";;;"0,00";
"03257024";"Messenkamp";"Gemeinden";"0,00";;;"0,00";"0,00"
"03257025";"Niedernwöhren";"Gemeinden";"0,00";;;"0,00";"0,00"
"03257026";"Nienstädt";"Gemeinden";"0,00";;;"0,00";
"03257027";"Nordsehl";"Gemeinden";"0,00";;;"0,00";"0,00"
"03257028";"Obernkirchen, Stadt";"Gemeinden";"2,43";"1,85";;"0,00";
"03257029";"Pohle";"Gemeinden";"0,00";;;"0,00";"0,00"
"03257030";"Pollhagen";"Gemeinden";"0,00";;;"0,00";"0,00"
"03257031";"Rinteln, Stadt";"Gemeinden";"3,02";"5,76";"5,22";"4,55";"4,69"
"03257032";"Rodenberg, Stadt";"Gemeinden";"0,00";;;"0,00";"0,00"
"03257033";"Sachsenhagen, Stadt";"Gemeinden";"0,00";;;"0,00";"0,00"
"03257034";"Seggebruch";"Gemeinden";"0,00";;;"0,00";"0,00"
"03257035";"Stadthagen, Stadt";"Gemeinden";"0,64";"1,05";"1,13";"0,70";"0,99"
"03257036";"Suthfeld";"Gemeinden";"0,00";;;"0,00";
"03257037";"Wiedensahl, Flecken";"Gemeinden";"0,00";;;"0,00";
"03257038";"Wölpinghausen";"Gemeinden";"0,00";"5,81";"6,48";"0,00";
"03351001";"Adelheidsdorf";"Gemeinden";"0,00";;;"0,00";"0,00"
"03351002";"Ahnsbeck";"Gemeinden";"0,00";;;"0,00";
"03351003";"Beedenbostel";"Gemeinden";"0,00";;;"0,00";"0,00"
"03351004";"Bergen, Stadt";"Gemeinden";"2,33";"2,83";"3,12";"2,43";"3,80"
"03351005";"Bröckel";"Gemeinden";"0,00";;;"0,00";
"03351006";"Celle, Stadt";"Gemeinden";"3,81";"4,12";"4,26";"2,41";"4,05"
"03351007";"Eicklingen";"Gemeinden";"0,00";;;"0,00";
"03351008";"Eldingen";"Gemeinden";"0,00";;;"0,00";"0,00"
"03351010";"Faßberg";"Gemeinden";"7,59";"14,39";"18,15";"14,75";"15,70"
"03351012";"Hambühren";"Gemeinden";"0,00";;"1,65";"0,00";"2,57"
"03351015";"Hohne";"Gemeinden";"0,00";;;"0,00";
"03351016";"Lachendorf";"Gemeinden";"0,00";;;"0,00";"0,00"
"03351017";"Langlingen";"Gemeinden";"0,00";;;"0,00";
"03351018";"Nienhagen";"Gemeinden";"0,00";;;"0,00";"0,00"
"03351021";"Wathlingen";"Gemeinden";"0,00";;;"0,00";
"03351022";"Wienhausen, Klostergemeinde";"Gemeinden";"0,00";;;"0,00";
"03351023";"Wietze";"Gemeinden";"0,00";"0,87";"0,96";"0,00";"1,25"
"03351024";"Winsen (Aller)";"Gemeinden";"0,59";"4,51";"5,99";"0,00";
"03351025";"Eschede";"Gemeinden";"0,00";;"1,96";"2,37";"3,23"
"03351026";"Südheide";"Gemeinden";"0,00";;"9,87";"7,29";"11,13"
"03351501";"Lohheide, gemfr. Bezirk";"Gemeinden";"0,00";;;"0,00";"0,00"
"03352002";"Armstorf";"Gemeinden";"0,00";;;"0,00";"0,00"
"03352004";"Belum";"Gemeinden";"0,00";;;"0,00";
"03352008";"Bülkau";"Gemeinden";"0,00";;;"0,00";
"03352011";"Cuxhaven, Stadt";"Gemeinden";"24,73";"28,12";"30,95";"24,69";"29,96"
"03352020";"Hechthausen";"Gemeinden";"0,00";;;"0,00";"15,99"
"03352022";"Hemmoor, Stadt";"Gemeinden";"0,00";"3,52";;"0,00";
"03352024";"Hollnseth";"Gemeinden";"0,00";;;"0,00";"0,00"
"03352025";"Ihlienworth";"Gemeinden";"0,00";;;"0,00";"0,00"
"03352029";"Lamstedt";"Gemeinden";"0,00";;;"0,00";"0,00"
"03352032";"Loxstedt";"Gemeinden";"0,58";"0,84";"0,84";"0,57";"0,75"
"03352036";"Mittelstenahe";"Gemeinden";"0,00";;;"0,00";"0,00"
"03352038";"Neuenkirchen";"Gemeinden";"0,00";;;"0,00";
"03352039";"Neuhaus (Oste), Flecken";"Gemeinden";"0,00";;;"0,00";
"03352041";"Nordleda";"Gemeinden";"0,00";;;"0,00";
"03352042";"Oberndorf";"Gemeinden";"0,00";;;"0,00";
"03352043";"Odisheim";"Gemeinden";"0,00";;;"0,00";"0,00"
"03352044";"Osten";"Gemeinden";"0,00";;;"0,00";
"03352045";"Osterbruch";"Gemeinden";"0,00";;;"0,00";"0,00"
"03352046";"Otterndorf, Stadt";"Gemeinden";"20,91";"32,68";"33,15";"0,00";"33,88"
"03352050";"Schiffdorf";"Gemeinden";"0,00";;;"0,00";
"03352051";"Steinau";"Gemeinden";"0,00";;;"0,00";
"03352052";"Stinstedt";"Gemeinden";"0,00";;;"0,00";"0,00"
"03352055";"Wanna";"Gemeinden";"0,00";;;"0,00";"0,00"
"03352056";"Wingst";"Gemeinden";"11,19";"10,71";"19,25";"0,00";"16,89"
"03352059";"Beverstedt";"Gemeinden";"0,00";;;"0,00";
"03352060";"Hagen im Bremischen";"Gemeinden";"0,00";;"2,72";"0,00";"4,31"
"03352061";"Wurster Nordseeküste";"Gemeinden";"0,00";;"28,66";"14,46";"16,10"
"03352062";"Geestland, Stadt";"Gemeinden";"0,00";;"3,00";"1,55";"1,90"
"03352063";"Cadenberge";"Gemeinden";"0,00";;;"0,00";
"03353001";"Appel";"Gemeinden";"0,00";;;"0,00";
"03353002";"Asendorf";"Gemeinden";"0,00";;;"0,00";
"03353003";"Bendestorf";"Gemeinden";"0,00";;;"0,00";
"03353004";"Brackel";"Gemeinden";"0,00";;;"0,00";"0,00"
"03353005";"Buchholz in der Nordheide, Stadt";"Gemeinden";"1,30";"1,56";"1,78";"0,95";"1,63"
"03353006";"Dohren";"Gemeinden";"0,00";;;"0,00";"0,00"
"03353007";"Drage";"Gemeinden";"0,00";;;"0,00";
"03353008";"Drestedt";"Gemeinden";"0,00";;;"0,00";"0,00"
"03353009";"Egestorf";"Gemeinden";"18,77";"20,13";"17,93";"0,00";"29,69"
"03353010";"Eyendorf";"Gemeinden";"0,00";;;"0,00";
"03353011";"Garlstorf";"Gemeinden";"0,00";"10,48";;"0,00";
"03353012";"Garstedt";"Gemeinden";"0,00";;;"0,00";"0,00"
"03353013";"Gödenstorf";"Gemeinden";"0,00";;;"0,00";
"03353014";"Halvesbostel";"Gemeinden";"0,00";;;"0,00";
"03353015";"Handeloh";"Gemeinden";"12,28";"10,01";"3,07";"0,00";"3,71"
"03353016";"Hanstedt";"Gemeinden";"7,51";"11,96";;"0,00";
"03353017";"Harmstorf";"Gemeinden";"0,00";;;"0,00";"0,00"
"03353018";"Heidenau";"Gemeinden";"0,00";;;"0,00";
"03353019";"Hollenstedt";"Gemeinden";"2,87";"2,82";;"0,00";
"03353020";"Jesteburg";"Gemeinden";"7,31";"6,59";;"7,12";"7,20"
"03353021";"Kakenstorf";"Gemeinden";"0,00";;;"0,00";
"03353022";"Königsmoor";"Gemeinden";"0,00";;;"0,00";"0,00"
"03353023";"Marschacht";"Gemeinden";"0,00";;"1,91";"0,00";
"03353024";"Marxen";"Gemeinden";"0,00";;;"0,00";
"03353025";"Moisburg";"Gemeinden";"0,00";;;"0,00";"0,00"
"03353026";"Neu Wulmstorf";"Gemeinden";"0,82";"0,84";"1,04";"0,72";"1,15"
"03353027";"Otter";"Gemeinden";"0,00";;;"0,00";
"03353028";"Regesbostel";"Gemeinden";"0,00";;;"0,00";"0,00"
"03353029";"Rosengarten";"Gemeinden";"3,92";"4,51";"4,11";"3,88";"4,45"
"03353030";"Salzhausen";"Gemeinden";"2,53";"3,06";"2,05";"0,00";
"03353031";"Seevetal";"Gemeinden";"1,94";"1,99";"2,24";"1,81";"2,49"
"03353032";"Stelle";"Gemeinden";"0,00";;;"0,00";
"03353033";"Tespe";"Gemeinden";"0,00";;;"0,00";
"03353034";"Toppenstedt";"Gemeinden";"0,00";;;"0,00";
"03353035";"Tostedt";"Gemeinden";"0,56";"0,92";"0,80";"0,41";"0,61"
"03353036";"Undeloh";"Gemeinden";"41,30";"43,92";"33,39";"0,00";"42,61"
"03353037";"Vierhöfen";"Gemeinden";"0,00";;;"0,00";"0,00"
"03353038";"Welle";"Gemeinden";"0,00";;;"0,00";"0,00"
"03353039";"Wenzendorf";"Gemeinden";"0,00";;;"0,00";"0,00"
"03353040";"Winsen (Luhe), Stadt";"Gemeinden";"0,93";"1,24";"0,93";"0,42";"0,39"
"03353041";"Wistedt";"Gemeinden";"0,00";;;"0,00";"0,00"
"03353042";"Wulfsen";"Gemeinden";"0,00";;;"0,00";
"03354001";"Bergen an der Dumme, Flecken";"Gemeinden";"6,42";"7,91";;"0,00";
"03354002";"Clenze, Flecken";"Gemeinden";"6,65";"6,63";"7,50";"0,00";"6,33"
"03354003";"Damnatz";"Gemeinden";"0,00";;;"0,00";
"03354004";"Dannenberg (Elbe), Stadt";"Gemeinden";"1,54";"1,05";"1,70";"0,00";"1,19"
"03354005";"Gartow, Flecken";"Gemeinden";"26,21";"25,04";"25,31";"0,00";
"03354006";"Göhrde";"Gemeinden";"66,57";"45,73";"26,52";"0,00";"50,75"
"03354007";"Gorleben";"Gemeinden";"0,00";;;"0,00";
"03354008";"Gusborn";"Gemeinden";"0,00";;;"0,00";"0,00"
"03354009";"Hitzacker (Elbe), Stadt";"Gemeinden";"15,21";"12,78";"14,74";"0,00";"15,60"
"03354010";"Höhbeck";"Gemeinden";"0,00";;;"0,00";
"03354011";"Jameln";"Gemeinden";"0,00";;;"0,00";"0,00"
"03354012";"Karwitz";"Gemeinden";"0,00";;;"0,00";"0,00"
"03354013";"Küsten";"Gemeinden";"6,80";;;"0,00";
"03354014";"Langendorf";"Gemeinden";"0,00";;;"0,00";
"03354015";"Lemgow";"Gemeinden";"0,00";;;"0,00";"0,00"
"03354016";"Luckau (Wendland)";"Gemeinden";"0,00";;;"0,00";"0,00"
"03354017";"Lübbow";"Gemeinden";"0,00";;;"0,00";
"03354018";"Lüchow (Wendland), Stadt";"Gemeinden";"1,21";"1,91";"1,66";"1,25";
"03354019";"Neu Darchau";"Gemeinden";"0,00";;;"0,00";
"03354020";"Prezelle";"Gemeinden";"0,00";;;"0,00";
"03354021";"Schnackenburg, Stadt";"Gemeinden";"0,00";;;"0,00";
"03354022";"Schnega";"Gemeinden";"0,00";;;"0,00";
"03354023";"Trebel";"Gemeinden";"12,39";"17,38";;"0,00";"16,99"
"03354024";"Waddeweitz";"Gemeinden";"0,00";"16,03";;"0,00";
"03354025";"Woltersdorf";"Gemeinden";"0,00";;;"0,00";"0,00"
"03354026";"Wustrow (Wendland), Stadt";"Gemeinden";"0,00";;"1,91";"0,00";
"03354027";"Zernien";"Gemeinden";"0,00";;;"0,00";
"03354501";"Gartow, gemfr. Gebiet";"Gemeinden";"0,00";;;;
"03354502";"Göhrde, gemfr. Gebiet";"Gemeinden";"0,00";;;;
"03355001";"Adendorf";"Gemeinden";"5,23";;;"0,00";
"03355002";"Amelinghausen";"Gemeinden";"6,51";"5,67";"6,42";"3,52";
"03355003";"Artlenburg, Flecken";"Gemeinden";"0,00";;;"0,00";
"03355004";"Bardowick, Flecken";"Gemeinden";"0,00";;;"0,00";"0,00"
"03355005";"Barendorf";"Gemeinden";"0,00";;;"0,00";
"03355006";"Barnstedt";"Gemeinden";"0,00";;;"0,00";"0,00"
"03355007";"Barum";"Gemeinden";"0,00";;;"0,00";
"03355008";"Betzendorf";"Gemeinden";"0,00";;;"0,00";
"03355009";"Bleckede, Stadt";"Gemeinden";"0,33";"3,32";"2,53";"0,00";"2,91"
"03355010";"Boitze";"Gemeinden";"0,00";;;"0,00";"0,00"
"03355011";"Brietlingen";"Gemeinden";"3,49";;;"0,00";
"03355012";"Dahlem";"Gemeinden";"0,00";;;"0,00";"0,00"
"03355013";"Dahlenburg, Flecken";"Gemeinden";"4,41";"2,15";;"0,00";
"03355014";"Deutsch Evern";"Gemeinden";"0,00";;;"0,00";
"03355015";"Echem";"Gemeinden";"0,00";;;"0,00";"0,00"
"03355016";"Embsen";"Gemeinden";"0,00";;;"0,00";
"03355017";"Handorf";"Gemeinden";"0,00";;;"0,00";
"03355018";"Hittbergen";"Gemeinden";"0,00";;;"0,00";"0,00"
"03355019";"Hohnstorf (Elbe)";"Gemeinden";"0,00";"0,00";;"0,00";
"03355020";"Kirchgellersen";"Gemeinden";"0,00";;;"0,00";"0,00"
"03355021";"Lüdersburg";"Gemeinden";"0,00";;;"0,00";
"03355022";"Lüneburg, Hansestadt";"Gemeinden";"3,47";"4,27";"4,39";"3,21";"5,47"
"03355023";"Mechtersen";"Gemeinden";"0,00";;;"0,00";"0,00"
"03355024";"Melbeck";"Gemeinden";"8,56";;;"0,00";
"03355025";"Nahrendorf";"Gemeinden";"0,00";;;"0,00";
"03355026";"Neetze";"Gemeinden";"0,00";;;"0,00";
"03355027";"Oldendorf (Luhe)";"Gemeinden";"7,79";"9,12";;"0,00";
"03355028";"Radbruch";"Gemeinden";"0,00";;;"0,00";"0,00"
"03355029";"Rehlingen";"Gemeinden";"15,81";;;"0,00";
"03355030";"Reinstorf";"Gemeinden";"0,00";;;"0,00";
"03355031";"Reppenstedt";"Gemeinden";"0,00";;;"0,00";"0,00"
"03355032";"Rullstorf";"Gemeinden";"0,00";;;"0,00";
"03355033";"Scharnebeck";"Gemeinden";"0,00";;;"0,00";
"03355034";"Soderstorf";"Gemeinden";"0,00";"8,76";;"0,00";"11,35"
"03355035";"Südergellersen";"Gemeinden";"0,00";;;"0,00";
"03355036";"Thomasburg";"Gemeinden";"0,00";;;"0,00";
"03355037";"Tosterglope";"Gemeinden";"0,00";;;"0,00";
"03355038";"Vastorf";"Gemeinden";"0,00";;;"0,00";"0,00"
"03355039";"Vögelsen";"Gemeinden";"0,00";;;"0,00";"0,00"
"03355040";"Wendisch Evern";"Gemeinden";"0,00";;;"0,00";"0,00"
"03355041";"Westergellersen";"Gemeinden";"0,00";;;"0,00";"0,00"
"03355042";"Wittorf";"Gemeinden";"0,00";;;"0,00";"0,00"
"03355049";"Amt Neuhaus";"Gemeinden";"1,33";;"1,71";"0,00";
"03356001";"Axstedt";"Gemeinden";"0,00";;;"0,00";
"03356002";"Grasberg";"Gemeinden";"0,00";;;"0,00";
"03356003";"Hambergen";"Gemeinden";"0,00";;;"0,00";"0,00"
"03356004";"Holste";"Gemeinden";"0,00";;;"0,00";"0,00"
"03356005";"Lilienthal";"Gemeinden";"0,61";"0,75";"0,55";"0,70";"0,94"
"03356006";"Lübberstedt";"Gemeinden";"0,00";;;"0,00";"0,00"
"03356007";"Osterholz-Scharmbeck, Stadt";"Gemeinden";"0,89";"0,99";;"0,45";"1,05"
"03356008";"Ritterhude";"Gemeinden";"0,86";"1,35";"1,42";"0,00";"1,33"
"03356009";"Schwanewede";"Gemeinden";"0,92";"1,37";"0,98";"0,75";"0,82"
"03356010";"Vollersode";"Gemeinden";"0,00";;;"0,00";
"03356011";"Worpswede";"Gemeinden";"5,14";"4,85";"5,29";"2,48";"5,83"
"03357001";"Ahausen";"Gemeinden";"0,00";;;"0,00";
"03357002";"Alfstedt";"Gemeinden";"0,00";;;"0,00";"0,00"
"03357003";"Anderlingen";"Gemeinden";"0,00";;;"0,00";"0,00"
"03357004";"Basdahl";"Gemeinden";"0,00";;;"0,00";
"03357005";"Bötersen";"Gemeinden";"0,00";;;"0,00";
"03357006";"Bothel";"Gemeinden";"0,00";;;"0,00";
"03357007";"Breddorf";"Gemeinden";"0,00";;;"0,00";"0,00"
"03357008";"Bremervörde, Stadt";"Gemeinden";"1,92";"2,04";"2,52";"1,72";"2,22"
"03357009";"Brockel";"Gemeinden";"0,00";;;"0,00";
"03357010";"Bülstedt";"Gemeinden";"0,00";;;"0,00";"0,00"
"03357011";"Deinstedt";"Gemeinden";"0,00";;;"0,00";
"03357012";"Ebersdorf";"Gemeinden";"0,00";;;"0,00";"0,00"
"03357013";"Elsdorf";"Gemeinden";"0,00";;;"0,00";
"03357014";"Farven";"Gemeinden";"0,00";;;"0,00";"0,00"
"03357015";"Fintel";"Gemeinden";"0,00";;;"0,00";
"03357016";"Gnarrenburg";"Gemeinden";"0,00";"0,25";;"0,00";
"03357017";"Groß Meckelsen";"Gemeinden";"0,00";;;"0,00";
"03357018";"Gyhum";"Gemeinden";"0,00";"4,29";;"0,00";
"03357019";"Hamersen";"Gemeinden";"0,00";;;"0,00";
"03357020";"Hassendorf";"Gemeinden";"0,00";;;"0,00";
"03357021";"Heeslingen";"Gemeinden";"0,00";;;"0,00";
"03357022";"Hellwege";"Gemeinden";"0,00";;;"0,00";"24,90"
"03357023";"Helvesiek";"Gemeinden";"0,00";;;"0,00";"0,00"
"03357024";"Hemsbünde";"Gemeinden";"0,00";;;"0,00";
"03357025";"Hemslingen";"Gemeinden";"0,00";;;"0,00";
"03357026";"Hepstedt";"Gemeinden";"0,00";;;"0,00";
"03357027";"Hipstedt";"Gemeinden";"0,00";;;"0,00";"0,00"
"03357028";"Horstedt";"Gemeinden";"0,00";;;"0,00";"0,00"
"03357029";"Kalbe";"Gemeinden";"0,00";;;"0,00";"0,00"
"03357030";"Kirchtimke";"Gemeinden";"0,00";;;"0,00";"0,00"
"03357031";"Kirchwalsede";"Gemeinden";"0,00";;;"0,00";
"03357032";"Klein Meckelsen";"Gemeinden";"0,00";;;"0,00";"0,00"
"03357033";"Lauenbrück";"Gemeinden";"0,00";;;"0,00";
"03357034";"Lengenbostel";"Gemeinden";"0,00";;;"0,00";"0,00"
"03357035";"Oerel";"Gemeinden";"0,00";;;"0,00";"0,00"
"03357036";"Ostereistedt";"Gemeinden";"0,00";;;"0,00";"0,00"
"03357037";"Reeßum";"Gemeinden";"0,00";;;"0,00";"0,00"
"03357038";"Rhade";"Gemeinden";"0,00";;;"0,00";"0,00"
"03357039";"Rotenburg (Wümme), Stadt";"Gemeinden";"3,08";"3,37";"3,85";"2,51";"4,32"
"03357040";"Sandbostel";"Gemeinden";"0,00";;;"0,00";"0,00"
"03357041";"Scheeßel";"Gemeinden";"0,00";;;"0,00";
"03357042";"Seedorf";"Gemeinden";"0,00";;;"0,00";"0,00"
"03357043";"Selsingen";"Gemeinden";"2,20";;;"0,00";
"03357044";"Sittensen";"Gemeinden";"2,35";"2,15";"1,71";"0,00";"1,86"
"03357045";"Sottrum";"Gemeinden";"1,35";"1,98";;"0,00";
"03357046";"Stemmen";"Gemeinden";"0,00";;;"0,00";
"03357047";"Tarmstedt";"Gemeinden";"0,00";"0,18";;"0,00";
"03357048";"Tiste";"Gemeinden";"0,00";;;"0,00";"0,00"
"03357049";"Vahlde";"Gemeinden";"0,00";;;"0,00";"0,00"
"03357050";"Vierden";"Gemeinden";"0,00";;;"0,00";"0,00"
"03357051";"Visselhövede, Stadt";"Gemeinden";"4,60";"5,48";"3,65";"2,13";"3,29"
"03357052";"Vorwerk";"Gemeinden";"0,00";;;"0,00";"0,00"
"03357053";"Westertimke";"Gemeinden";"0,00";;;"0,00";"0,00"
"03357054";"Westerwalsede";"Gemeinden";"0,00";;;"0,00";"0,00"
"03357055";"Wilstedt";"Gemeinden";"0,00";;;"0,00";
"03357056";"Wohnste";"Gemeinden";"0,00";;;"0,00";"0,00"
"03357057";"Zeven, Stadt";"Gemeinden";"2,95";"3,24";"1,96";"1,85";"2,71"
"03358001";"Ahlden (Aller), Flecken";"Gemeinden";"0,00";;;"0,00";
"03358002";"Bispingen";"Gemeinden";"179,10";"152,25";;"102,01";"176,73"
"03358003";"Böhme";"Gemeinden";"0,00";;;"0,00";
"03358005";"Buchholz (Aller)";"Gemeinden";"0,00";;;"0,00";
"03358006";"Eickeloh";"Gemeinden";"0,00";;;"0,00";"0,00"
"03358007";"Essel";"Gemeinden";"0,00";;;"0,00";
"03358008";"Bad Fallingbostel, Stadt";"Gemeinden";"10,76";"14,39";"12,09";"9,05";"10,86"
"03358009";"Frankenfeld";"Gemeinden";"0,00";;;"0,00";
"03358010";"Gilten";"Gemeinden";"0,00";;;"0,00";"0,00"
"03358011";"Grethem";"Gemeinden";"0,00";;;"0,00";"0,00"
"03358012";"Hademstorf";"Gemeinden";"0,00";;;"0,00";
"03358013";"Häuslingen";"Gemeinden";"0,00";;;"0,00";
"03358014";"Hodenhagen";"Gemeinden";"0,00";;;"0,00";
"03358015";"Lindwedel";"Gemeinden";"0,00";;;"0,00";
"03358016";"Munster, Stadt";"Gemeinden";"1,62";"2,19";"2,98";"2,56";"3,08"
"03358017";"Neuenkirchen";"Gemeinden";"3,32";"3,15";"3,27";"0,00";"2,60"
"03358018";"Rethem (Aller), Stadt";"Gemeinden";"0,00";;;"0,00";
"03358019";"Schneverdingen, Stadt";"Gemeinden";"5,45";"8,08";"11,25";"7,97";"11,19"
"03358020";"Schwarmstedt";"Gemeinden";"2,32";"2,45";"2,88";"0,00";"2,55"
"03358021";"Soltau, Stadt";"Gemeinden";"14,24";"18,48";"20,68";"19,84";"24,53"
"03358023";"Wietzendorf";"Gemeinden";"25,23";"108,00";"119,35";"130,18";"109,68"
"03358024";"Walsrode, Stadt";"Gemeinden";"0,00";;;"7,08";"7,91"
"03358501";"Osterheide, gemfr. Bezirk";"Gemeinden";"0,00";;;"0,00";"0,00"
"03359001";"Agathenburg";"Gemeinden";"0,00";;;"0,00";"0,00"
"03359002";"Ahlerstedt";"Gemeinden";"0,00";;;"0,00";
"03359003";"Apensen";"Gemeinden";"0,00";;;"0,00";"0,00"
"03359004";"Balje";"Gemeinden";"4,49";;;"0,00";
"03359005";"Bargstedt";"Gemeinden";"0,00";;;"0,00";
"03359006";"Beckdorf";"Gemeinden";"0,00";;;"0,00";"0,00"
"03359007";"Bliedersdorf";"Gemeinden";"0,00";;;"0,00";
"03359008";"Brest";"Gemeinden";"0,00";;;"0,00";
"03359009";"Burweg";"Gemeinden";"0,00";;;"0,00";"0,00"
"03359010";"Buxtehude, Hansestadt";"Gemeinden";"1,24";"1,48";"1,86";"1,14";"1,90"
"03359011";"Deinste";"Gemeinden";"0,00";;;"0,00";"0,00"
"03359012";"Dollern";"Gemeinden";"0,00";;;"0,00";"0,00"
"03359013";"Drochtersen";"Gemeinden";"1,05";"1,15";"3,26";"4,46";"7,12"
"03359014";"Düdenbüttel";"Gemeinden";"0,00";;;"0,00";"0,00"
"03359015";"Engelschoff";"Gemeinden";"0,00";;;"0,00";"0,00"
"03359016";"Estorf";"Gemeinden";"0,00";;;"0,00";
"03359017";"Fredenbeck";"Gemeinden";"0,57";"0,48";;"0,00";"0,00"
"03359018";"Freiburg (Elbe), Flecken";"Gemeinden";"0,00";;;"0,00";
"03359019";"Großenwörden";"Gemeinden";"0,00";;;"0,00";"0,00"
"03359020";"Grünendeich";"Gemeinden";"0,00";;;"0,00";"0,00"
"03359021";"Guderhandviertel";"Gemeinden";"0,00";;;"0,00";
"03359022";"Hammah";"Gemeinden";"0,00";;;"0,00";"0,00"
"03359023";"Harsefeld, Flecken";"Gemeinden";"0,81";"1,04";;"0,00";
"03359024";"Heinbockel";"Gemeinden";"0,00";;;"0,00";
"03359025";"Himmelpforten";"Gemeinden";"0,89";"1,14";"0,77";"0,00";
"03359026";"Hollern-Twielenfleth";"Gemeinden";"10,96";;;"0,00";
"03359027";"Horneburg, Flecken";"Gemeinden";"0,00";;;"0,00";
"03359028";"Jork";"Gemeinden";"2,38";"2,49";"2,68";"3,06";"4,63"
"03359029";"Kranenburg";"Gemeinden";"0,00";;;"0,00";"0,00"
"03359030";"Krummendeich";"Gemeinden";"0,00";;;"0,00";
"03359031";"Kutenholz";"Gemeinden";"0,00";;;"0,00";"0,00"
"03359032";"Mittelnkirchen";"Gemeinden";"0,00";;;"0,00";
"03359033";"Neuenkirchen";"Gemeinden";"0,00";;;"0,00";"0,00"
"03359034";"Nottensdorf";"Gemeinden";"0,00";;;"0,00";
"03359035";"Oederquart";"Gemeinden";"0,00";;;"0,00";
"03359036";"Oldendorf";"Gemeinden";"0,00";;;"0,00";"0,00"
"03359037";"Sauensiek";"Gemeinden";"0,00";;;"0,00";
"03359038";"Stade, Hansestadt";"Gemeinden";"3,53";"4,63";"4,43";"3,36";"5,26"
"03359039";"Steinkirchen";"Gemeinden";"0,00";;;"0,00";"0,00"
"03359040";"Wischhafen";"Gemeinden";"2,51";"2,49";"2,51";"0,00";
"03360001";"Altenmedingen";"Gemeinden";"10,28";"12,12";"14,99";"0,00";"10,55"
"03360002";"Bad Bevensen, Stadt";"Gemeinden";"57,12";"57,23";"51,69";"32,12";"42,56"
"03360003";"Barum";"Gemeinden";"0,00";;;"0,00";"0,00"
"03360004";"Bienenbüttel";"Gemeinden";"0,71";;;"0,00";
"03360005";"Bad Bodenteich, Flecken";"Gemeinden";"19,25";;;"0,00";
"03360006";"Ebstorf,Klosterflecken";"Gemeinden";"0,00";;;"0,00";
"03360007";"Eimke";"Gemeinden";"5,95";;;"0,00";
"03360008";"Emmendorf";"Gemeinden";"0,00";;;"0,00";"0,00"
"03360009";"Gerdau";"Gemeinden";"0,00";;;"0,00";"0,00"
"03360010";"Hanstedt";"Gemeinden";"0,00";;;"0,00";
"03360011";"Himbergen";"Gemeinden";"0,00";"6,04";;"0,00";
"03360012";"Jelmstorf";"Gemeinden";"0,00";;;"0,00";"0,00"
"03360013";"Lüder";"Gemeinden";"0,00";;;"0,00";
"03360014";"Natendorf";"Gemeinden";"0,00";;;"0,00";
"03360015";"Oetzen";"Gemeinden";"0,00";;;"0,00";"0,00"
"03360016";"Rätzlingen";"Gemeinden";"0,00";;;"0,00";"0,00"
"03360017";"Römstedt";"Gemeinden";"0,00";;;"0,00";"0,00"
"03360018";"Rosche";"Gemeinden";"0,00";;;"0,00";"0,00"
"03360019";"Schwienau";"Gemeinden";"0,00";;;"0,00";
"03360020";"Soltendieck";"Gemeinden";"0,00";;;"0,00";
"03360022";"Stoetze";"Gemeinden";"0,00";;;"0,00";"0,00"
"03360023";"Suderburg";"Gemeinden";"2,69";"5,67";;"0,00";"7,01"
"03360024";"Suhlendorf";"Gemeinden";"0,00";;;"0,00";
"03360025";"Uelzen, Hansestadt";"Gemeinden";"1,47";"1,87";"1,85";"1,57";"2,25"
"03360026";"Weste";"Gemeinden";"0,00";;;"0,00";"0,00"
"03360029";"Wriedel";"Gemeinden";"0,00";;;"0,00";
"03360030";"Wrestedt";"Gemeinden";"0,00";"0,62";;"0,00";
"03361001";"Achim, Stadt";"Gemeinden";"2,21";"2,58";"2,51";"1,86";"2,54"
"03361002";"Blender";"Gemeinden";"0,00";;;"0,00";"0,00"
"03361003";"Dörverden";"Gemeinden";"0,00";;;"0,00";
"03361004";"Emtinghausen";"Gemeinden";"0,00";;;"0,00";
"03361005";"Kirchlinteln";"Gemeinden";"2,42";"3,42";"2,63";"2,53";"3,52"
"03361006";"Langwedel, Flecken";"Gemeinden";"0,00";"1,09";"1,32";"0,00";"1,36"
"03361008";"Ottersberg, Flecken";"Gemeinden";"0,46";"0,42";"0,69";"0,36";"1,27"
"03361009";"Oyten";"Gemeinden";"1,67";"2,90";"3,18";"2,93";"3,32"
"03361010";"Riede";"Gemeinden";"0,00";;;"0,00";"0,00"
"03361012";"Verden (Aller), Stadt";"Gemeinden";"4,28";"4,12";"4,63";"2,35";"4,27"
"03361013";"Thedinghausen";"Gemeinden";"0,00";;;"0,00";
"03401000";"Delmenhorst, Stadt";"Gemeinden";"0,62";"0,67";"0,74";"0,48";"0,82"
"03402000";"Emden, Stadt";"Gemeinden";"2,00";"2,96";"3,42";"3,95";"4,79"
"03403000";"Oldenburg (Oldenburg), Stadt";"Gemeinden";"1,43";"1,93";"2,22";"1,67";"2,16"
"03404000";"Osnabrück, Stadt";"Gemeinden";"1,74";"2,08";"2,94";"1,63";"3,06"
"03405000";"Wilhelmshaven, Stadt";"Gemeinden";"2,71";"3,89";"4,79";"3,99";"4,80"
"03451001";"Apen";"Gemeinden";"1,77";;;"0,00";"2,92"
"03451002";"Bad Zwischenahn";"Gemeinden";"18,07";"18,39";"20,78";"14,41";"18,51"
"03451004";"Edewecht";"Gemeinden";"0,43";;;"0,00";"0,71"
"03451005";"Rastede";"Gemeinden";"1,86";"2,37";"2,22";"1,27";"1,93"
"03451007";"Westerstede, Stadt";"Gemeinden";"2,99";"3,86";"4,56";"3,15";"4,36"
"03451008";"Wiefelstede";"Gemeinden";"4,01";"5,85";"5,81";"4,73";"5,37"
"03452001";"Aurich, Stadt";"Gemeinden";"3,26";"3,10";"3,60";"2,45";"3,51"
"03452002";"Baltrum";"Gemeinden";"572,31";"447,55";"447,59";"0,00";"494,96"
"03452003";"Berumbur";"Gemeinden";"0,00";;;"0,00";"0,00"
"03452006";"Großefehn";"Gemeinden";"1,01";"2,64";"2,53";"0,00";"3,88"
"03452007";"Großheide";"Gemeinden";"0,00";;;"0,00";
"03452008";"Hage, Flecken";"Gemeinden";"0,67";;;"0,00";"1,59"
"03452009";"Hagermarsch";"Gemeinden";"0,00";;;"0,00";"0,00"
"03452010";"Halbemond";"Gemeinden";"0,00";;;"0,00";"0,00"
"03452011";"Hinte";"Gemeinden";"0,00";;;"0,00";
"03452012";"Ihlow";"Gemeinden";"0,00";;;"0,00";
"03452013";"Juist, Inselgemeinde";"Gemeinden";"349,00";"359,06";"378,04";"304,29";"518,78"
"03452014";"Krummhörn";"Gemeinden";"11,99";"17,65";"24,25";"24,88";"32,49"
"03452015";"Leezdorf";"Gemeinden";"0,00";;;"0,00";
"03452016";"Lütetsburg";"Gemeinden";"0,00";;;"0,00";"0,00"
"03452017";"Marienhafe, Flecken";"Gemeinden";"3,55";;;"0,00";"0,00"
"03452019";"Norden, Stadt";"Gemeinden";"23,96";"30,34";"33,93";"29,27";"38,69"
"03452020";"Norderney, Stadt";"Gemeinden";"238,19";"235,65";"256,82";"187,64";"292,66"
"03452021";"Osteel";"Gemeinden";"0,00";;;"0,00";"0,00"
"03452022";"Rechtsupweg";"Gemeinden";"0,00";;;"0,00";
"03452023";"Südbrookmerland";"Gemeinden";"1,10";"1,49";"2,33";"2,85";"3,09"
"03452024";"Upgant-Schott";"Gemeinden";"0,00";;;"0,00";"0,00"
"03452025";"Wiesmoor, Stadt";"Gemeinden";"3,10";"6,66";"4,96";"5,70";"5,02"
"03452026";"Wirdum";"Gemeinden";"0,00";;;"0,00";
"03452027";"Dornum";"Gemeinden";"29,40";"36,12";"37,98";"0,00";"47,40"
"03452501";"Nordseeinsel Memmert, gemfr. Gebiet";"Gemeinden";"0,00";;;;
"03453001";"Barßel";"Gemeinden";"0,55";"1,17";"1,43";"1,08";"1,58"
"03453002";"Bösel";"Gemeinden";"0,00";"0,41";;"0,00";
"03453003";"Cappeln (Oldenburg)";"Gemeinden";"0,67";;;"0,00";
"03453004";"Cloppenburg, Stadt";"Gemeinden";"1,46";"1,53";"1,79";"1,02";"1,69"
"03453005";"Emstek";"Gemeinden";"1,39";"1,27";"1,63";"1,44";"1,66"
"03453006";"Essen (Oldenburg)";"Gemeinden";"0,00";"0,99";;"0,86";"1,32"
"03453007";"Friesoythe, Stadt";"Gemeinden";"1,19";"1,59";"2,00";"1,82";"2,57"
"03453008";"Garrel";"Gemeinden";"4,15";"3,86";"4,44";"2,36";"5,69"
"03453009";"Lastrup";"Gemeinden";"1,79";"2,23";;"0,00";"1,53"
"03453010";"Lindern (Oldenburg)";"Gemeinden";"0,00";;;"0,00";
"03453011";"Löningen, Stadt";"Gemeinden";"1,90";"2,50";"2,57";"1,84";"1,86"
"03453012";"Molbergen";"Gemeinden";"16,57";;;"0,00";
"03453013";"Saterland";"Gemeinden";"0,28";"0,66";"1,32";"0,00";"1,23"
"03454001";"Andervenne";"Gemeinden";"0,00";;;"0,00";"0,00"
"03454002";"Bawinkel";"Gemeinden";"0,00";;;"0,00";"0,00"
"03454003";"Beesten";"Gemeinden";"0,00";;;"0,00";
"03454004";"Bockhorst";"Gemeinden";"0,00";;;"0,00";"0,00"
"03454005";"Börger";"Gemeinden";"0,00";;;"0,00";
"03454006";"Breddenberg";"Gemeinden";"0,00";;;"0,00";"0,00"
"03454007";"Dersum";"Gemeinden";"0,00";;;"0,00";"0,00"
"03454008";"Dörpen";"Gemeinden";"2,81";"2,48";"2,70";"0,69";"4,16"
"03454009";"Dohren";"Gemeinden";"0,00";;;"0,00";
"03454010";"Emsbüren";"Gemeinden";"0,95";"1,81";"3,58";"1,78";"2,09"
"03454011";"Esterwegen";"Gemeinden";"0,00";;;"0,00";
"03454012";"Freren, Stadt";"Gemeinden";"3,18";;"5,15";"0,00";"6,17"
"03454013";"Fresenburg";"Gemeinden";"0,00";;;"0,00";
"03454014";"Geeste";"Gemeinden";"1,05";"2,20";"1,65";"0,00";"3,53"
"03454015";"Gersten";"Gemeinden";"0,00";;;"0,00";"0,00"
"03454016";"Groß Berßen";"Gemeinden";"0,00";;;"0,00";"0,00"
"03454017";"Handrup";"Gemeinden";"0,00";;;"0,00";"0,00"
"03454018";"Haren (Ems), Stadt";"Gemeinden";"33,36";"37,27";"37,46";"22,32";"41,43"
"03454019";"Haselünne, Stadt";"Gemeinden";"2,18";"11,16";"13,47";"13,27";"13,99"
"03454020";"Heede";"Gemeinden";"3,91";"6,90";;"0,00";
"03454021";"Herzlake";"Gemeinden";"4,05";"3,11";;"0,00";
"03454022";"Hilkenbrook";"Gemeinden";"0,00";;;"0,00";"0,00"
"03454023";"Hüven";"Gemeinden";"0,00";;;"0,00";"0,00"
"03454024";"Klein Berßen";"Gemeinden";"0,00";;;"0,00";"0,00"
"03454025";"Kluse";"Gemeinden";"0,00";;;"0,00";"0,00"
"03454026";"Lähden";"Gemeinden";"0,00";"3,79";;"0,00";
"03454027";"Lahn";"Gemeinden";"0,00";;;"0,00";"0,00"
"03454028";"Langen";"Gemeinden";"0,00";;;"0,00";"0,00"
"03454029";"Lathen";"Gemeinden";"0,00";"5,38";;"0,00";"6,76"
"03454030";"Lehe";"Gemeinden";"6,24";"8,09";;"0,00";"7,39"
"03454031";"Lengerich";"Gemeinden";"0,00";;;"0,00";
"03454032";"Lingen (Ems), Stadt";"Gemeinden";"3,15";"4,13";"5,01";"3,55";"5,11"
"03454033";"Lorup";"Gemeinden";"0,00";;;"0,00";
"03454034";"Lünne";"Gemeinden";"0,00";;;"0,00";
"03454035";"Meppen, Stadt";"Gemeinden";"2,75";"2,96";"3,74";"3,01";"4,49"
"03454036";"Messingen";"Gemeinden";"0,00";;;"0,00";
"03454037";"Neubörger";"Gemeinden";"0,00";;;"0,00";"0,00"
"03454038";"Neulehe";"Gemeinden";"0,00";;;"0,00";"0,00"
"03454039";"Niederlangen";"Gemeinden";"0,00";;;"0,00";
"03454040";"Oberlangen";"Gemeinden";"0,00";;;"11,12";"15,08"
"03454041";"Papenburg, Stadt";"Gemeinden";"5,74";"7,60";"7,94";"5,91";"7,79"
"03454042";"Rastdorf";"Gemeinden";"0,00";;;"0,00";"0,00"
"03454043";"Renkenberge";"Gemeinden";"0,00";;;"0,00";"0,00"
"03454044";"Rhede (Ems)";"Gemeinden";"0,00";;"4,77";"0,00";
"03454045";"Salzbergen";"Gemeinden";"3,53";"4,64";"5,42";"2,43";"4,01"
"03454046";"Schapen";"Gemeinden";"0,00";;;"0,00";
"03454047";"Sögel";"Gemeinden";"11,03";"10,74";"6,76";"4,14";"6,46"
"03454048";"Spahnharrenstätte";"Gemeinden";"0,00";;;"0,00";
"03454049";"Spelle";"Gemeinden";"0,00";"2,03";"1,98";"1,36";"1,72"
"03454050";"Stavern";"Gemeinden";"0,00";;;"0,00";
"03454051";"Surwold";"Gemeinden";"0,00";;;"0,00";
"03454052";"Sustrum";"Gemeinden";"0,00";;;"0,00";
"03454053";"Thuine";"Gemeinden";"0,00";;;"0,00";"0,00"
"03454054";"Twist";"Gemeinden";"0,47";"1,82";"2,37";"2,11";"2,72"
"03454055";"Vrees";"Gemeinden";"0,00";;;"0,00";
"03454056";"Walchum";"Gemeinden";"0,00";;;"0,00";
"03454057";"Werlte, Stadt";"Gemeinden";"0,00";;;"0,00";"2,70"
"03454058";"Werpeloh";"Gemeinden";"0,00";;;"0,00";"0,00"
"03454059";"Wettrup";"Gemeinden";"0,00";;;"0,00";"0,00"
"03454060";"Wippingen";"Gemeinden";"0,00";;;"0,00";"0,00"
"03455007";"Jever, Stadt";"Gemeinden";"3,76";"4,57";"4,52";"4,06";"6,21"
"03455014";"Sande";"Gemeinden";"0,00";;"4,60";"0,00";"6,31"
"03455015";"Schortens, Stadt";"Gemeinden";"0,20";;"0,71";"0,00";"0,74"
"03455020";"Wangerland";"Gemeinden";"51,36";"125,21";"130,45";"120,44";"114,71"
"03455021";"Wangerooge, Nordseebad";"Gemeinden";"549,72";"373,46";"430,33";"309,85";"443,45"
"03455025";"Bockhorn";"Gemeinden";"0,76";;;"0,00";
"03455026";"Varel, Stadt";"Gemeinden";"8,09";"10,58";"11,28";"9,08";"11,84"
"03455027";"Zetel";"Gemeinden";"0,00";"0,95";;"0,00";
"03456001";"Bad Bentheim, Stadt";"Gemeinden";"19,06";"34,72";"38,46";"23,94";"35,34"
"03456002";"Emlichheim";"Gemeinden";"0,00";;"1,13";"1,54";"1,85"
"03456003";"Engden";"Gemeinden";"0,00";;;"0,00";
"03456004";"Esche";"Gemeinden";"0,00";;;"0,00";"0,00"
"03456005";"Georgsdorf";"Gemeinden";"0,00";;;"0,00";"0,00"
"03456006";"Getelo";"Gemeinden";"0,00";;;"0,00";"0,00"
"03456007";"Gölenkamp";"Gemeinden";"0,00";;;"0,00";"0,00"
"03456008";"Halle";"Gemeinden";"0,00";;;"0,00";
"03456009";"Hoogstede";"Gemeinden";"0,00";;;"0,00";
"03456010";"Isterberg";"Gemeinden";"0,00";;;"0,00";
"03456011";"Itterbeck";"Gemeinden";"0,00";;;"0,00";
"03456012";"Laar";"Gemeinden";"0,00";;;"0,00";
"03456013";"Lage";"Gemeinden";"0,00";;;"0,00";
"03456014";"Neuenhaus, Stadt";"Gemeinden";"0,00";;;"0,00";
"03456015";"Nordhorn, Stadt";"Gemeinden";"1,04";"1,40";"1,67";"1,01";"1,72"
"03456016";"Ohne";"Gemeinden";"0,00";;;"0,00";
"03456017";"Osterwald";"Gemeinden";"0,00";;;"0,00";
"03456018";"Quendorf";"Gemeinden";"0,00";;;"0,00";"0,00"
"03456019";"Ringe";"Gemeinden";"0,00";;;"0,00";
"03456020";"Samern";"Gemeinden";"0,00";;;"0,00";"0,00"
"03456023";"Uelsen";"Gemeinden";"6,29";;"6,55";"0,00";"4,65"
"03456024";"Wielen";"Gemeinden";"0,00";;;"0,00";
"03456025";"Wietmarschen";"Gemeinden";"1,07";;;"0,00";"1,55"
"03456026";"Wilsum";"Gemeinden";"0,00";;;"0,00";
"03456027";"Schüttorf, Stadt";"Gemeinden";"0,00";"2,21";"2,37";"2,30";"2,88"
"03457002";"Borkum, Stadt";"Gemeinden";"237,89";"251,20";"278,35";"220,22";"338,98"
"03457003";"Brinkum";"Gemeinden";"0,00";;;"0,00";"0,00"
"03457006";"Detern, Flecken";"Gemeinden";"0,00";;;"0,00";
"03457008";"Filsum";"Gemeinden";"0,00";;;"0,00";
"03457009";"Firrel";"Gemeinden";"0,00";;;"0,00";"0,00"
"03457010";"Hesel";"Gemeinden";"0,00";;;"0,00";"0,00"
"03457011";"Holtland";"Gemeinden";"0,00";;;"0,00";
"03457012";"Jemgum";"Gemeinden";"1,30";"3,15";"11,68";"0,00";"13,73"
"03457013";"Leer (Ostfriesland), Stadt";"Gemeinden";"2,73";"3,27";"3,05";"3,72";"5,43"
"03457014";"Moormerland";"Gemeinden";"0,00";;"0,62";"0,00";"0,31"
"03457015";"Neukamperfehn";"Gemeinden";"0,00";;;"0,00";"0,00"
"03457016";"Nortmoor";"Gemeinden";"0,00";;;"0,00";"0,00"
"03457017";"Ostrhauderfehn";"Gemeinden";"0,80";;"1,84";"0,00";"2,11"
"03457018";"Rhauderfehn";"Gemeinden";"0,00";"0,79";"1,41";"0,00";"1,44"
"03457019";"Schwerinsdorf";"Gemeinden";"0,00";;;"0,00";"0,00"
"03457020";"Uplengen";"Gemeinden";"0,00";;"1,38";"0,00";
"03457021";"Weener, Stadt";"Gemeinden";"0,24";;"2,01";"0,00";"1,41"
"03457022";"Westoverledingen";"Gemeinden";"0,09";;"1,22";"0,00";"1,21"
"03457024";"Bunde";"Gemeinden";"0,99";"1,20";;"0,00";"1,01"
"03457501";"Insel Lütje Hörn, gemfr. Gebiet";"Gemeinden";"0,00";;;;
"03458001";"Beckeln";"Gemeinden";"0,00";;;"0,00";"0,00"
"03458002";"Colnrade";"Gemeinden";"0,00";;;"0,00";"0,00"
"03458003";"Dötlingen";"Gemeinden";"5,15";"6,13";"5,20";"0,00";
"03458004";"Dünsen";"Gemeinden";"0,00";;;"0,00";"0,00"
"03458005";"Ganderkesee";"Gemeinden";"1,46";"1,36";"2,77";"2,94";"4,39"
"03458006";"Groß Ippener";"Gemeinden";"0,00";;;"0,00";
"03458007";"Großenkneten";"Gemeinden";"2,87";"3,13";"3,77";"0,99";"3,71"
"03458008";"Harpstedt, Flecken";"Gemeinden";"1,65";;;"0,00";
"03458009";"Hatten";"Gemeinden";"2,34";"3,30";"2,71";"0,00";"3,83"
"03458010";"Hude (Oldb)";"Gemeinden";"1,26";"1,21";;"0,92";
"03458011";"Kirchseelte";"Gemeinden";"0,00";;;"0,00";
"03458012";"Prinzhöfte";"Gemeinden";"0,00";;;"0,00";
"03458013";"Wardenburg";"Gemeinden";"1,12";"1,31";"1,69";"0,86";"1,97"
"03458014";"Wildeshausen, Stadt";"Gemeinden";"0,94";"1,12";;"0,00";"1,67"
"03458015";"Winkelsett";"Gemeinden";"0,00";;;"0,00";"0,00"
"03459001";"Alfhausen";"Gemeinden";"0,00";;;"0,00";
"03459002";"Ankum";"Gemeinden";"2,60";"2,37";"3,79";"0,00";"3,39"
"03459003";"Bad Essen";"Gemeinden";"10,63";"11,07";"12,97";"11,00";"13,89"
"03459004";"Bad Iburg, Stadt";"Gemeinden";"13,49";"12,61";"14,89";"12,82";"16,33"
"03459005";"Bad Laer";"Gemeinden";"12,46";"14,24";"15,46";"11,03";"16,79"
"03459006";"Bad Rothenfelde";"Gemeinden";"68,92";"69,52";"64,30";"50,56";"58,99"
"03459007";"Badbergen";"Gemeinden";"0,00";;;"0,00";
"03459008";"Belm";"Gemeinden";"0,66";"0,70";"0,97";"0,00";"0,95"
"03459009";"Berge";"Gemeinden";"0,00";;;"0,00";
"03459010";"Bersenbrück, Stadt";"Gemeinden";"0,99";;;"0,00";
"03459011";"Bippen";"Gemeinden";"1,23";"2,30";;"0,00";
"03459012";"Bissendorf";"Gemeinden";"2,80";"3,55";"4,15";"0,00";
"03459013";"Bohmte";"Gemeinden";"0,52";"0,56";"0,52";"0,58";"0,76"
"03459014";"Bramsche, Stadt";"Gemeinden";"1,41";"1,31";"1,22";"0,68";"1,08"
"03459015";"Dissen am Teutoburger Wald, Stadt";"Gemeinden";"0,00";;;"0,00";"0,00"
"03459016";"Eggermühlen";"Gemeinden";"0,00";;;"0,00";
"03459017";"Fürstenau, Stadt";"Gemeinden";"0,29";"0,39";"0,67";"0,80";"1,24"
"03459018";"Gehrde";"Gemeinden";"0,00";;;"0,00";
"03459019";"Georgsmarienhütte, Stadt";"Gemeinden";"1,83";"2,07";"2,37";"1,25";"1,53"
"03459020";"Hagen am Teutoburger Wald";"Gemeinden";"1,15";"1,36";;"0,00";"2,00"
"03459021";"Hasbergen";"Gemeinden";"0,00";;;"0,00";"0,00"
"03459022";"Hilter am Teutoburger Wald";"Gemeinden";"0,22";"0,28";;"0,00";
"03459023";"Kettenkamp";"Gemeinden";"0,00";;;"0,00";"0,00"
"03459024";"Melle, Stadt";"Gemeinden";"0,88";"1,82";"1,82";"1,40";"2,17"
"03459025";"Menslage";"Gemeinden";"0,00";;"1,33";"0,00";"0,00"
"03459026";"Merzen";"Gemeinden";"0,00";;;"0,00";
"03459027";"Neuenkirchen";"Gemeinden";"0,00";;;"0,00";"0,00"
"03459028";"Nortrup";"Gemeinden";"0,00";;;"0,00";
"03459029";"Ostercappeln";"Gemeinden";"0,00";"1,30";"1,35";"1,01";"1,45"
"03459030";"Quakenbrück, Stadt";"Gemeinden";"0,82";"0,69";"0,83";"0,94";"1,67"
"03459031";"Rieste";"Gemeinden";"0,00";"63,19";"59,89";"0,00";"58,20"
"03459032";"Voltlage";"Gemeinden";"0,00";;;"0,00";"0,00"
"03459033";"Wallenhorst";"Gemeinden";"0,00";"2,07";"2,04";"0,00";"2,32"
"03459034";"Glandorf";"Gemeinden";"0,00";;;"0,00";
"03460001";"Bakum";"Gemeinden";"0,00";;;"0,00";
"03460002";"Damme, Stadt";"Gemeinden";"2,52";"2,98";"4,96";"3,24";"5,46"
"03460003";"Dinklage, Stadt";"Gemeinden";"2,46";"2,96";"3,00";"2,13";"3,97"
"03460004";"Goldenstedt";"Gemeinden";"1,54";"2,43";"2,21";"0,00";"1,04"
"03460005";"Holdorf";"Gemeinden";"0,00";;;"0,00";
"03460006";"Lohne (Oldenburg), Stadt";"Gemeinden";"0,40";"0,54";"0,69";"0,00";"0,54"
"03460007";"Neuenkirchen-Vörden";"Gemeinden";"7,28";"7,17";"7,09";"6,38";"7,05"
"03460008";"Steinfeld (Oldenburg)";"Gemeinden";"0,00";;;"1,09";"1,51"
"03460009";"Vechta, Stadt";"Gemeinden";"1,87";"2,06";"2,08";"1,73";"2,91"
"03460010";"Visbek";"Gemeinden";"2,07";"4,26";;"4,89";"5,21"
"03461001";"Berne";"Gemeinden";"0,00";;;"0,00";
"03461002";"Brake (Unterweser), Stadt";"Gemeinden";"0,00";"0,91";"1,18";"0,92";"1,10"
"03461003";"Butjadingen";"Gemeinden";"92,15";"97,95";"102,07";"0,00";"110,57"
"03461004";"Elsfleth, Stadt";"Gemeinden";"0,00";;"0,91";"0,00";"1,03"
"03461005";"Jade";"Gemeinden";"0,00";;;"0,00";
"03461006";"Lemwerder";"Gemeinden";"0,00";;"3,28";"0,00";
"03461007";"Nordenham, Stadt";"Gemeinden";"1,57";"2,31";"2,56";"1,74";"2,00"
"03461008";"Ovelgönne";"Gemeinden";"0,00";"0,68";"0,88";"0,00";
"03461009";"Stadland";"Gemeinden";"2,54";"2,47";"2,22";"0,00";"2,19"
"03462001";"Blomberg";"Gemeinden";"0,00";;;"0,00";"0,00"
"03462002";"Dunum";"Gemeinden";"0,00";;;"0,00";
"03462003";"Esens, Stadt";"Gemeinden";"53,54";"66,06";"66,03";"57,37";"67,08"
"03462004";"Eversmeer";"Gemeinden";"0,00";;;"0,00";"0,00"
"03462005";"Friedeburg";"Gemeinden";"1,32";"1,36";"1,30";"1,05";"2,63"
"03462006";"Holtgast";"Gemeinden";"6,00";;;"0,00";
"03462007";"Langeoog";"Gemeinden";"356,37";"427,68";"420,88";"338,74";"545,46"
"03462008";"Moorweg";"Gemeinden";"0,00";;;"0,00";
"03462009";"Nenndorf";"Gemeinden";"0,00";;;"0,00";
"03462010";"Neuharlingersiel";"Gemeinden";"281,11";"407,02";"502,51";"0,00";"571,61"
"03462011";"Neuschoo";"Gemeinden";"0,00";;;"0,00";
"03462012";"Ochtersum";"Gemeinden";"0,00";;;"0,00";
"03462013";"Schweindorf";"Gemeinden";"0,00";;;"0,00";"0,00"
"03462014";"Spiekeroog";"Gemeinden";"509,88";"489,87";"509,73";"0,00";"624,67"
"03462015";"Stedesdorf";"Gemeinden";"4,49";"4,45";;"0,00";
"03462016";"Utarp";"Gemeinden";"0,00";;;"0,00";"0,00"
"03462017";"Werdum";"Gemeinden";"94,92";"74,07";"60,67";"0,00";"58,67"
"03462018";"Westerholt";"Gemeinden";"0,00";;;"0,00";"0,00"
"03462019";"Wittmund, Stadt";"Gemeinden";"11,37";"15,73";"18,06";"16,23";"18,79"
"04011000";"Bremen, Stadt";"Gemeinden";"2,45";"3,11";"3,59";"2,38";"4,04"
"04012000";"Bremerhaven, Stadt";"Gemeinden";"2,63";"3,24";"3,61";"2,86";"3,78"
"05111000";"Düsseldorf, Stadt";"Gemeinden";"5,49";"7,09";"7,80";"3,14";"8,78"
"05112000";"Duisburg, Stadt";"Gemeinden";"0,73";"0,88";"1,10";"0,59";"1,19"
"05113000";"Essen, Stadt";"Gemeinden";"1,85";"2,43";"2,54";"1,37";"3,07"
"05114000";"Krefeld, Stadt";"Gemeinden";"0,79";"0,96";"1,01";"0,56";"1,07"
"05116000";"Mönchengladbach, Stadt";"Gemeinden";"0,81";"0,92";"1,27";"0,88";"1,62"
"05117000";"Mülheim an der Ruhr, Stadt";"Gemeinden";"0,90";"0,89";"1,15";"0,57";"1,00"
"05119000";"Oberhausen, Stadt";"Gemeinden";"1,22";"2,18";"2,29";"1,59";"2,85"
"05120000";"Remscheid, Stadt";"Gemeinden";"0,83";"0,96";"1,07";"0,47";"0,84"
"05122000";"Solingen, Klingenstadt";"Gemeinden";"0,68";"0,73";"0,73";"0,28";"0,58"
"05124000";"Wuppertal, Stadt";"Gemeinden";"1,21";"1,55";"1,65";"0,97";"1,82"
"05154004";"Bedburg-Hau";"Gemeinden";"0,00";"0,91";"1,12";"0,00";
"05154008";"Emmerich am Rhein, Stadt";"Gemeinden";"1,09";"1,09";"1,74";"1,11";"1,93"
"05154012";"Geldern, Stadt";"Gemeinden";"2,73";"3,22";"3,28";"2,66";"3,48"
"05154016";"Goch, Stadt";"Gemeinden";"1,92";"2,46";"2,94";"2,05";"3,13"
"05154020";"Issum";"Gemeinden";"0,19";"0,37";"0,57";"0,48";"0,87"
"05154024";"Kalkar, Stadt";"Gemeinden";"13,13";"12,48";"13,90";"7,44";"11,50"
"05154028";"Kerken";"Gemeinden";"1,69";"1,14";"1,10";"0,00";"0,95"
"05154032";"Kevelaer, Stadt";"Gemeinden";"4,70";"4,53";"3,45";"2,13";"3,28"
"05154036";"Kleve, Stadt";"Gemeinden";"2,05";"2,04";"1,91";"0,99";"1,56"
"05154040";"Kranenburg";"Gemeinden";"0,00";"5,05";"4,53";"1,44";"4,02"
"05154044";"Rees, Stadt";"Gemeinden";"1,50";"1,64";"2,42";"1,58";"2,14"
"05154048";"Rheurdt";"Gemeinden";"2,00";"2,00";"2,54";"0,77";"2,26"
"05154052";"Straelen, Stadt";"Gemeinden";"2,21";"2,30";"1,71";"1,40";"1,98"
"05154056";"Uedem";"Gemeinden";"0,00";"3,46";"4,48";"2,81";"5,14"
"05154060";"Wachtendonk";"Gemeinden";"2,23";"4,45";"2,95";"2,39";
"05154064";"Weeze";"Gemeinden";"0,73";"2,83";"4,76";"3,39";"4,65"
"05158004";"Erkrath, Fundort des Neanderthalers, Stadt";"Gemeinden";"0,85";"0,84";"0,77";"0,00";"0,53"
"05158008";"Haan, Stadt";"Gemeinden";"1,72";"2,83";"1,82";"0,80";"1,69"
"05158012";"Heiligenhaus, Stadt";"Gemeinden";"0,00";"0,73";"0,83";"0,34";
"05158016";"Hilden, Stadt";"Gemeinden";"2,13";"2,44";"2,48";"1,32";"2,23"
"05158020";"Langenfeld (Rheinland), Stadt";"Gemeinden";"0,71";"0,83";"0,87";"0,47";"0,72"
"05158024";"Mettmann, Stadt";"Gemeinden";"2,52";"3,18";"3,73";"1,40";"2,69"
"05158026";"Monheim am Rhein, Stadt";"Gemeinden";"1,06";"1,24";"1,49";"0,95";"2,21"
"05158028";"Ratingen, Stadt";"Gemeinden";"3,69";"3,94";"4,27";"1,34";"3,93"
"05158032";"Velbert, Stadt";"Gemeinden";"0,59";"0,80";"0,85";"0,36";"0,63"
"05158036";"Wülfrath, Stadt";"Gemeinden";"0,00";"0,11";"0,38";"0,00";
"05162004";"Dormagen, Stadt";"Gemeinden";"0,98";"1,88";"1,90";"1,47";"1,89"
"05162008";"Grevenbroich, Stadt";"Gemeinden";"0,84";"1,01";"0,97";"0,92";"1,30"
"05162012";"Jüchen, Stadt";"Gemeinden";"0,00";"0,31";"0,32";"0,24";"0,54"
"05162016";"Kaarst, Stadt";"Gemeinden";"1,75";"2,20";"1,75";"0,40";"1,22"
"05162020";"Korschenbroich, Stadt";"Gemeinden";"0,00";"2,80";"2,80";"0,00";
"05162022";"Meerbusch, Stadt";"Gemeinden";"1,33";"2,69";"3,45";"2,59";"3,27"
"05162024";"Neuss, Stadt";"Gemeinden";"2,31";"2,76";"2,75";"1,10";"2,29"
"05162028";"Rommerskirchen";"Gemeinden";"0,83";"0,57";"0,45";"0,00";
"05166004";"Brüggen, Burggemeinde";"Gemeinden";"3,13";"2,92";"2,80";"1,71";"2,83"
"05166008";"Grefrath, Sport- und Freizeitgemeinde";"Gemeinden";"0,00";"1,45";"1,54";"0,78";"1,85"
"05166012";"Kempen, Stadt";"Gemeinden";"0,39";"1,01";"1,11";"0,93";"1,46"
"05166016";"Nettetal, Stadt";"Gemeinden";"3,09";"2,98";"3,05";"1,56";"2,97"
"05166020";"Niederkrüchten";"Gemeinden";"0,88";"0,99";"1,27";"1,07";"1,45"
"05166024";"Schwalmtal";"Gemeinden";"0,00";"0,27";;"0,00";
"05166028";"Tönisvorst, Stadt";"Gemeinden";"0,34";"0,84";;"0,00";
"05166032";"Viersen, Stadt";"Gemeinden";"0,24";"0,35";"0,36";"0,20";"0,29"
"05166036";"Willich, Stadt";"Gemeinden";"1,25";"1,46";"1,58";"1,06";"1,71"
"05170004";"Alpen";"Gemeinden";"0,00";"0,25";"0,28";"0,61";"1,19"
"05170008";"Dinslaken, Stadt";"Gemeinden";"0,57";"0,67";"0,71";"0,45";"0,59"
"05170012";"Hamminkeln, Stadt";"Gemeinden";"1,01";"1,17";"2,01";"2,56";"3,71"
"05170016";"Hünxe";"Gemeinden";"0,00";"0,92";"0,76";"0,31";
"05170020";"Kamp-Lintfort, Stadt";"Gemeinden";"0,63";"0,83";"1,00";"0,78";"1,37"
"05170024";"Moers, Stadt";"Gemeinden";"0,96";"1,02";"1,05";"0,71";"1,36"
"05170028";"Neukirchen-Vluyn, Stadt";"Gemeinden";"0,63";"0,89";"1,22";"0,51";
"05170032";"Rheinberg, Stadt";"Gemeinden";"0,28";"0,53";"0,87";"0,34";"0,39"
"05170036";"Schermbeck";"Gemeinden";"4,58";"4,41";"5,45";"3,19";"5,28"
"05170040";"Sonsbeck";"Gemeinden";"3,68";"4,07";"4,77";"5,82";"7,81"
"05170044";"Voerde (Niederrhein), Stadt";"Gemeinden";"0,56";"0,44";"0,44";"0,40";"0,50"
"05170048";"Wesel, Stadt";"Gemeinden";"2,65";"3,98";"2,92";"1,44";"2,50"
"05170052";"Xanten, Stadt";"Gemeinden";"4,14";"6,02";"6,47";"3,97";"6,74"
"05314000";"Bonn, Stadt";"Gemeinden";"3,56";"4,50";"4,90";"2,57";"5,07"
"05315000";"Köln, Stadt";"Gemeinden";"4,14";"4,91";"5,78";"2,58";"6,41"
"05316000";"Leverkusen, Stadt";"Gemeinden";"1,09";"1,42";"1,52";"0,70";"1,23"
"05334002";"Aachen, Stadt";"Gemeinden";"3,14";"3,76";"4,17";"2,16";"3,84"
"05334004";"Alsdorf, Stadt";"Gemeinden";"0,00";"0,24";"0,37";"0,24";"0,38"
"05334008";"Baesweiler, Stadt";"Gemeinden";"0,00";"0,49";"0,46";"0,28";"0,64"
"05334012";"Eschweiler, Stadt";"Gemeinden";"0,44";"0,64";"0,82";"0,56";"1,14"
"05334016";"Herzogenrath, Stadt";"Gemeinden";"0,38";"0,45";"0,54";"0,17";
"05334020";"Monschau, Stadt";"Gemeinden";"13,63";"12,75";"15,43";"8,50";"17,95"
"05334024";"Roetgen, Tor zur Eifel";"Gemeinden";"2,05";"2,14";"1,99";"1,02";
"05334028";"Simmerath";"Gemeinden";"13,06";"10,92";"13,11";"8,84";"12,99"
"05334032";"Stolberg (Rhld.), Kupferstadt";"Gemeinden";"0,77";"0,75";"0,84";"0,26";"0,63"
"05334036";"Würselen, Stadt";"Gemeinden";"0,98";"1,47";"1,32";"0,86";"1,81"
"05358004";"Aldenhoven";"Gemeinden";"0,00";"0,23";"0,20";"0,00";"0,00"
"05358008";"Düren, Stadt";"Gemeinden";"0,56";"0,74";"0,90";"0,99";"1,37"
"05358012";"Heimbach, Stadt";"Gemeinden";"10,14";"27,45";"58,88";"38,05";"54,66"
"05358016";"Hürtgenwald";"Gemeinden";"5,12";"6,53";"5,70";"2,09";"4,12"
"05358020";"Inden";"Gemeinden";"0,00";;;"0,00";
"05358024";"Jülich, Stadt";"Gemeinden";"0,38";"1,36";"2,37";"1,55";"2,19"
"05358028";"Kreuzau";"Gemeinden";"0,55";"0,58";"0,87";"0,44";"0,90"
"05358032";"Langerwehe";"Gemeinden";"0,00";;;"0,00";
"05358036";"Linnich, Stadt";"Gemeinden";"0,36";"0,35";"0,44";"0,00";
"05358040";"Merzenich";"Gemeinden";"0,00";;;"0,00";
"05358044";"Nideggen, Stadt";"Gemeinden";"6,16";"8,37";"8,05";"5,23";"8,94"
"05358048";"Niederzier";"Gemeinden";"0,40";"0,44";"0,39";"0,37";"0,56"
"05358052";"Nörvenich";"Gemeinden";"0,00";;;"0,00";
"05358056";"Titz";"Gemeinden";"0,00";;;"0,00";"0,00"
"05358060";"Vettweiß";"Gemeinden";"0,00";;;"0,00";"0,00"
"05362004";"Bedburg, Stadt";"Gemeinden";"0,00";"0,65";"1,50";"1,30";"1,59"
"05362008";"Bergheim, Stadt";"Gemeinden";"1,17";"0,80";"1,39";"1,04";"1,12"
"05362012";"Brühl, Stadt";"Gemeinden";"8,19";"9,43";"11,79";"5,37";"12,69"
"05362016";"Elsdorf, Stadt";"Gemeinden";"0,00";"0,32";"0,43";"0,23";"0,69"
"05362020";"Erftstadt, Stadt";"Gemeinden";"0,62";"0,68";"0,79";"0,28";"0,44"
"05362024";"Frechen, Stadt";"Gemeinden";"2,04";"1,95";"2,15";"1,05";"1,79"
"05362028";"Hürth, Stadt";"Gemeinden";"3,45";"5,38";"6,03";"4,94";"7,10"
"05362032";"Kerpen, Kolpingstadt";"Gemeinden";"0,74";"1,43";"1,72";"1,09";"1,59"
"05362036";"Pulheim, Stadt";"Gemeinden";"0,85";"1,07";"1,14";"0,35";"0,73"
"05362040";"Wesseling, Stadt";"Gemeinden";"1,16";"1,28";"1,35";"0,53";"1,03"
"05366004";"Bad Münstereifel, Stadt";"Gemeinden";"5,90";"6,22";"5,42";"3,84";"12,83"
"05366008";"Blankenheim";"Gemeinden";"12,12";"14,38";"15,34";"7,83";"16,14"
"05366012";"Dahlem";"Gemeinden";"22,62";"31,78";"35,75";"23,61";"24,57"
"05366016";"Euskirchen, Stadt";"Gemeinden";"1,13";"1,08";"1,25";"0,75";"1,33"
"05366020";"Hellenthal";"Gemeinden";"6,76";"8,21";"6,95";"4,52";"7,65"
"05366024";"Kall";"Gemeinden";"3,62";"4,07";"6,09";"2,88";"5,07"
"05366028";"Mechernich, Stadt";"Gemeinden";"0,00";;;"0,42";
"05366032";"Nettersheim";"Gemeinden";"16,40";"18,50";"18,45";"0,00";"2,86"
"05366036";"Schleiden, Stadt";"Gemeinden";"8,59";"9,53";"8,28";"4,46";"9,25"
"05366040";"Weilerswist";"Gemeinden";"0,00";;;"0,00";
"05366044";"Zülpich, Stadt";"Gemeinden";"1,03";"1,21";"1,38";"1,50";"0,64"
"05370004";"Erkelenz, Stadt";"Gemeinden";"0,66";"0,73";"0,68";"0,54";"0,73"
"05370008";"Gangelt";"Gemeinden";"0,00";"1,82";"1,74";"0,00";
"05370012";"Geilenkirchen, Stadt";"Gemeinden";"0,77";"0,59";"0,59";"0,33";
"05370016";"Heinsberg, Stadt";"Gemeinden";"0,24";"0,22";"0,50";"0,50";"0,99"
"05370020";"Hückelhoven, Stadt";"Gemeinden";"0,53";"0,69";"0,68";"0,22";"0,63"
"05370024";"Selfkant";"Gemeinden";"0,00";;;"0,00";
"05370028";"Übach-Palenberg, Stadt";"Gemeinden";"0,67";"0,63";"0,58";"0,55";"0,97"
"05370032";"Waldfeucht";"Gemeinden";"0,75";;;"0,00";
"05370036";"Wassenberg, Stadt";"Gemeinden";"1,30";"1,41";"2,23";"1,38";"2,20"
"05370040";"Wegberg, Stadt";"Gemeinden";"1,86";"2,29";"2,85";"2,08";"2,91"
"05374004";"Bergneustadt, Stadt";"Gemeinden";"1,96";"2,05";"2,49";"1,47";"2,56"
"05374008";"Engelskirchen";"Gemeinden";"5,52";"5,89";"5,69";"3,89";"4,50"
"05374012";"Gummersbach, Stadt";"Gemeinden";"2,10";"2,28";"2,67";"1,20";"2,07"
"05374016";"Hückeswagen, Schloss-Stadt";"Gemeinden";"1,70";"2,94";"2,62";"1,18";"1,74"
"05374020";"Lindlar";"Gemeinden";"2,34";"2,37";"2,82";"1,73";"3,09"
"05374024";"Marienheide";"Gemeinden";"2,62";"2,24";;"0,00";
"05374028";"Morsbach";"Gemeinden";"0,00";"2,70";;"0,00";
"05374032";"Nümbrecht";"Gemeinden";"11,35";"10,13";"7,68";"5,97";"9,13"
"05374036";"Radevormwald, Stadt auf der Höhe";"Gemeinden";"3,16";"3,90";"3,36";"1,52";"3,66"
"05374040";"Reichshof";"Gemeinden";"5,67";"4,79";"4,78";"0,00";
"05374044";"Waldbröl, Stadt";"Gemeinden";"0,00";"0,70";"2,45";"1,37";"2,52"
"05374048";"Wiehl, Stadt";"Gemeinden";"2,20";"2,11";"1,91";"0,97";"1,88"
"05374052";"Wipperfürth, Hansestadt";"Gemeinden";"1,46";"1,51";"1,66";"1,16";"1,85"
"05378004";"Bergisch Gladbach, Stadt";"Gemeinden";"1,42";"1,34";"1,56";"0,89";"1,63"
"05378008";"Burscheid, Stadt";"Gemeinden";"0,00";"0,96";"1,16";"0,44";"0,81"
"05378012";"Kürten";"Gemeinden";"0,81";"1,01";"1,17";"0,46";"0,84"
"05378016";"Leichlingen (Rheinland), Blütenstadt";"Gemeinden";"3,66";"4,19";"4,37";"3,38";"3,86"
"05378020";"Odenthal";"Gemeinden";"3,16";"1,80";"3,59";"0,89";"3,14"
"05378024";"Overath, Stadt";"Gemeinden";"0,76";"1,04";"1,24";"0,86";"0,51"
"05378028";"Rösrath, Stadt";"Gemeinden";"0,00";"1,26";"1,44";"0,88";"1,48"
"05378032";"Wermelskirchen, Stadt";"Gemeinden";"1,68";"2,05";"2,09";"1,09";"1,85"
"05382004";"Alfter";"Gemeinden";"0,51";"1,36";"1,46";"0,62";"0,93"
"05382008";"Bad Honnef, Stadt";"Gemeinden";"6,16";"7,44";"6,45";"2,68";"6,49"
"05382012";"Bornheim, Stadt";"Gemeinden";"0,81";"1,77";"1,65";"0,84";"1,31"
"05382016";"Eitorf";"Gemeinden";"2,09";"1,92";"2,11";"0,00";"2,56"
"05382020";"Hennef (Sieg), Stadt";"Gemeinden";"3,36";"4,34";"4,39";"1,94";"3,82"
"05382024";"Königswinter, Stadt";"Gemeinden";"5,96";"6,22";"5,98";"3,28";"5,62"
"05382028";"Lohmar, Stadt";"Gemeinden";"0,73";"1,05";"0,92";"0,36";"0,63"
"05382032";"Meckenheim, Stadt";"Gemeinden";"0,83";"0,87";"1,21";"1,07";"1,54"
"05382036";"Much";"Gemeinden";"4,31";"3,29";"3,20";"0,00";
"05382040";"Neunkirchen-Seelscheid";"Gemeinden";"0,21";"0,23";;"0,00";
"05382044";"Niederkassel, Stadt";"Gemeinden";"0,71";"0,98";"0,86";"0,40";"0,86"
"05382048";"Rheinbach, Stadt";"Gemeinden";"0,31";"2,06";"1,88";"0,89";"1,91"
"05382052";"Ruppichteroth";"Gemeinden";"1,79";"1,43";;"0,00";
"05382056";"Sankt Augustin, Stadt";"Gemeinden";"0,41";"0,53";"0,44";"0,32";"0,52"
"05382060";"Siegburg, Stadt";"Gemeinden";"1,71";"2,37";"3,18";"2,06";"3,25"
"05382064";"Swisttal";"Gemeinden";"0,56";"2,66";"2,65";"1,02";"1,91"
"05382068";"Troisdorf, Stadt";"Gemeinden";"1,33";"1,64";"1,54";"0,94";"1,80"
"05382072";"Wachtberg";"Gemeinden";"1,27";"1,35";"1,33";"0,81";"0,64"
"05382076";"Windeck";"Gemeinden";"2,15";"2,11";"1,57";"0,84";"1,38"
"05512000";"Bottrop, Stadt";"Gemeinden";"0,62";"0,71";"0,70";"0,47";"0,75"
"05513000";"Gelsenkirchen, Stadt";"Gemeinden";"0,99";"1,11";"1,33";"0,85";"1,32"
"05515000";"Münster, Stadt";"Gemeinden";"4,16";"4,56";"4,22";"2,49";"6,27"
"05554004";"Ahaus, Stadt";"Gemeinden";"1,52";"1,43";"1,61";"1,09";"1,57"
"05554008";"Bocholt, Stadt";"Gemeinden";"0,81";"0,74";"1,32";"0,82";"1,39"
"05554012";"Borken, Stadt";"Gemeinden";"1,85";"2,07";"2,20";"1,21";"2,62"
"05554016";"Gescher, Glockenstadt";"Gemeinden";"0,82";"0,56";"1,18";"0,72";"1,16"
"05554020";"Gronau (Westf.), Stadt";"Gemeinden";"1,60";"1,84";"2,46";"1,79";"2,32"
"05554024";"Heek";"Gemeinden";"0,00";;;"1,19";"2,12"
"05554028";"Heiden";"Gemeinden";"1,58";;"1,32";"0,00";
"05554032";"Isselburg, Stadt";"Gemeinden";"1,26";"1,54";"1,40";"1,09";"1,40"
"05554036";"Legden";"Gemeinden";"8,39";"9,31";"10,58";"6,33";"7,17"
"05554040";"Raesfeld";"Gemeinden";"1,19";"1,18";"1,87";"0,70";"0,85"
"05554044";"Reken";"Gemeinden";"2,21";"2,12";"3,04";"1,57";"2,73"
"05554048";"Rhede, Stadt";"Gemeinden";"0,47";"0,53";"0,65";"0,48";"0,71"
"05554052";"Schöppingen";"Gemeinden";"0,00";"1,44";"3,06";"2,83";"3,89"
"05554056";"Stadtlohn, Stadt";"Gemeinden";"0,68";"0,62";;"0,00";
"05554060";"Südlohn";"Gemeinden";"2,16";"2,00";"2,65";"1,99";"2,83"
"05554064";"Velen, Stadt";"Gemeinden";"2,73";"2,70";"3,37";"1,97";"2,79"
"05554068";"Vreden, Stadt";"Gemeinden";"0,79";"0,82";"1,31";"0,71";"0,99"
"05558004";"Ascheberg";"Gemeinden";"2,38";"2,46";"2,63";"1,37";"2,33"
"05558008";"Billerbeck, Stadt";"Gemeinden";"5,39";"5,14";"5,15";"2,74";"4,32"
"05558012";"Coesfeld, Stadt";"Gemeinden";"1,13";"1,32";"1,37";"0,74";"1,24"
"05558016";"Dülmen, Stadt";"Gemeinden";"0,95";"0,87";"1,08";"1,36";"1,52"
"05558020";"Havixbeck";"Gemeinden";"1,75";"1,72";"1,67";"1,11";"1,12"
"05558024";"Lüdinghausen, Stadt";"Gemeinden";"0,71";"0,65";"0,86";"1,09";"2,42"
"05558028";"Nordkirchen";"Gemeinden";"0,00";"21,12";;"9,39";
"05558032";"Nottuln";"Gemeinden";"1,98";"2,02";"1,82";"1,39";"2,61"
"05558036";"Olfen, Stadt";"Gemeinden";"0,34";;;"0,69";
"05558040";"Rosendahl";"Gemeinden";"0,00";;"0,81";"0,59";"0,96"
"05558044";"Senden";"Gemeinden";"1,52";"1,38";"2,42";"1,90";"2,38"
"05562004";"Castrop-Rauxel, Stadt";"Gemeinden";"0,74";"0,70";"0,86";"0,38";"0,54"
"05562008";"Datteln, Stadt";"Gemeinden";"1,86";"2,01";"2,17";"1,54";"2,19"
"05562012";"Dorsten, Stadt";"Gemeinden";"0,72";"0,77";"0,82";"0,89";"0,94"
"05562014";"Gladbeck, Stadt";"Gemeinden";"0,00";"0,88";"1,38";"0,00";
"05562016";"Haltern am See, Stadt";"Gemeinden";"3,24";"4,03";"4,40";"2,26";"3,95"
"05562020";"Herten, Stadt";"Gemeinden";"0,47";"0,57";"0,54";"0,36";"0,51"
"05562024";"Marl, Stadt";"Gemeinden";"0,48";"0,66";"0,64";"0,44";"0,73"
"05562028";"Oer-Erkenschwick, Stadt";"Gemeinden";"2,46";"1,19";"1,39";"1,19";"1,37"
"05562032";"Recklinghausen, Stadt";"Gemeinden";"0,68";"0,67";"0,86";"1,24";"1,21"
"05562036";"Waltrop, Stadt";"Gemeinden";"0,00";"0,37";"0,47";"0,00";
"05566004";"Altenberge";"Gemeinden";"1,69";"1,94";"2,22";"1,54";"2,17"
"05566008";"Emsdetten, Stadt";"Gemeinden";"1,09";"1,10";"1,03";"0,72";"1,17"
"05566012";"Greven, Stadt";"Gemeinden";"1,41";"1,92";"1,55";"1,90";"3,21"
"05566016";"Hörstel, Stadt";"Gemeinden";"3,31";"3,93";"5,27";"3,52";"4,71"
"05566020";"Hopsten";"Gemeinden";"0,56";;;"0,00";
"05566024";"Horstmar, Stadt der Burgmannshöfe";"Gemeinden";"1,03";"1,27";"1,86";"1,67";"1,50"
"05566028";"Ibbenbüren, Stadt";"Gemeinden";"1,03";"1,16";"1,20";"0,72";"1,13"
"05566032";"Ladbergen";"Gemeinden";"3,09";"3,49";"4,14";"2,92";"3,54"
"05566036";"Laer";"Gemeinden";"1,34";"1,14";"1,09";"0,00";
"05566040";"Lengerich, Stadt";"Gemeinden";"0,83";"0,82";"0,98";"0,73";"1,06"
"05566044";"Lienen";"Gemeinden";"1,78";"2,06";"2,93";"1,93";"2,31"
"05566048";"Lotte";"Gemeinden";"0,00";;;"0,00";
"05566052";"Metelen";"Gemeinden";"1,29";;;"0,00";"0,00"
"05566056";"Mettingen";"Gemeinden";"1,44";"4,44";"4,60";"2,98";"3,80"
"05566060";"Neuenkirchen";"Gemeinden";"0,84";"0,76";;"0,00";
"05566064";"Nordwalde";"Gemeinden";"0,00";"2,11";"2,04";"0,55";
"05566068";"Ochtrup, Stadt";"Gemeinden";"0,20";"0,53";"0,55";"0,35";"0,44"
"05566072";"Recke";"Gemeinden";"1,01";"1,22";"1,56";"1,37";"1,86"
"05566076";"Rheine, Stadt";"Gemeinden";"0,71";"0,78";"1,52";"1,25";"1,77"
"05566080";"Saerbeck, NRW-Klimakommune";"Gemeinden";"3,65";"3,71";"3,80";"2,41";"3,12"
"05566084";"Steinfurt, Stadt";"Gemeinden";"0,71";"0,69";"0,71";"0,77";"0,98"
"05566088";"Tecklenburg, Stadt";"Gemeinden";"15,64";"18,11";"18,79";"13,21";"16,91"
"05566092";"Westerkappeln";"Gemeinden";"0,32";"0,56";"0,76";"0,59";"0,78"
"05566096";"Wettringen";"Gemeinden";"2,83";"2,21";"5,02";"5,82";"6,64"
"05570004";"Ahlen, Stadt";"Gemeinden";"0,55";"0,59";"0,65";"0,42";"0,61"
"05570008";"Beckum, Stadt";"Gemeinden";"0,59";"0,64";"0,80";"0,54";"0,85"
"05570012";"Beelen";"Gemeinden";"0,59";"0,48";"0,94";"0,87";"1,17"
"05570016";"Drensteinfurt, Stadt";"Gemeinden";"0,44";"0,69";"0,60";"0,48";"0,85"
"05570020";"Ennigerloh, Stadt";"Gemeinden";"0,58";"0,59";"0,96";"0,67";"0,84"
"05570024";"Everswinkel";"Gemeinden";"1,62";"1,46";"1,32";"1,03";"1,64"
"05570028";"Oelde, Stadt";"Gemeinden";"1,09";"1,30";"1,43";"0,49";"0,91"
"05570032";"Ostbevern";"Gemeinden";"1,17";"2,86";"3,05";"1,59";"2,66"
"05570036";"Sassenberg, Stadt";"Gemeinden";"1,46";"2,71";"2,67";"4,16";"4,76"
"05570040";"Sendenhorst, Stadt";"Gemeinden";"0,85";"3,37";"4,21";"5,64";"6,04"
"05570044";"Telgte, Stadt";"Gemeinden";"1,08";"3,59";"3,37";"3,00";"4,02"
"05570048";"Wadersloh";"Gemeinden";"0,66";"0,77";"0,89";"0,36";"0,42"
"05570052";"Warendorf, Stadt";"Gemeinden";"1,96";"2,05";"2,25";"1,81";"2,64"
"05711000";"Bielefeld, Stadt";"Gemeinden";"1,51";"1,72";"2,12";"1,05";"1,84"
"05754004";"Borgholzhausen, Stadt";"Gemeinden";"0,00";;;"0,00";
"05754008";"Gütersloh, Stadt";"Gemeinden";"0,97";"1,54";"1,65";"0,94";"1,55"
"05754012";"Halle (Westf.), Stadt";"Gemeinden";"3,47";"3,16";"3,03";"1,96";"3,80"
"05754016";"Harsewinkel, Die Mähdrescherstadt";"Gemeinden";"2,31";"2,12";"2,44";"1,21";"1,73"
"05754020";"Herzebrock-Clarholz";"Gemeinden";"0,34";"0,34";"0,65";"0,57";"0,72"
"05754024";"Langenberg";"Gemeinden";"0,00";;;"0,00";"0,00"
"05754028";"Rheda-Wiedenbrück, Stadt";"Gemeinden";"1,41";"1,64";"1,51";"0,86";"1,08"
"05754032";"Rietberg, Stadt";"Gemeinden";"0,96";"1,22";"1,34";"1,08";"1,64"
"05754036";"Schloß Holte-Stukenbrock, Stadt";"Gemeinden";"1,35";"1,75";"2,29";"1,68";"2,97"
"05754040";"Steinhagen";"Gemeinden";"0,38";"0,76";"0,86";"0,00";
"05754044";"Verl, Stadt";"Gemeinden";"0,61";"1,12";"1,29";"0,56";"0,95"
"05754048";"Versmold, Stadt";"Gemeinden";"1,38";"1,95";"1,65";"1,33";"1,50"
"05754052";"Werther (Westf.), Stadt";"Gemeinden";"0,93";"1,94";"2,19";"0,66";"1,70"
"05758004";"Bünde, Stadt";"Gemeinden";"0,80";"0,65";"0,58";"0,31";"0,68"
"05758008";"Enger, Widukindstadt";"Gemeinden";"0,00";;;"0,00";"0,00"
"05758012";"Herford, Hansestadt";"Gemeinden";"0,66";"0,74";"0,70";"0,59";"1,06"
"05758016";"Hiddenhausen";"Gemeinden";"1,02";"1,08";"1,17";"0,86";"1,40"
"05758020";"Kirchlengern";"Gemeinden";"0,00";;;"0,00";
"05758024";"Löhne, Stadt";"Gemeinden";"2,71";"2,89";"2,79";"2,48";"2,99"
"05758028";"Rödinghausen";"Gemeinden";"3,54";"3,94";"3,52";"1,85";"2,30"
"05758032";"Spenge, Stadt";"Gemeinden";"0,00";;;"0,00";
"05758036";"Vlotho, Stadt";"Gemeinden";"10,44";"7,81";"6,42";"3,92";"7,00"
"05762004";"Bad Driburg, Stadt";"Gemeinden";"36,81";"37,68";"36,75";"26,90";"35,80"
"05762008";"Beverungen, Stadt";"Gemeinden";"4,51";"4,34";"4,95";"3,17";"4,70"
"05762012";"Borgentreich, Orgelstadt";"Gemeinden";"0,00";;"0,49";"0,00";
"05762016";"Brakel, Stadt";"Gemeinden";"3,59";"2,82";"2,64";"0,91";"0,95"
"05762020";"Höxter, Stadt";"Gemeinden";"3,04";"3,20";"4,74";"5,01";"7,69"
"05762024";"Marienmünster, Stadt";"Gemeinden";"3,51";"2,76";"2,41";"0,00";
"05762028";"Nieheim, Stadt";"Gemeinden";"10,42";"8,81";"7,66";"3,12";"8,67"
"05762032";"Steinheim, Stadt";"Gemeinden";"0,40";;"0,77";"0,96";"1,18"
"05762036";"Warburg, Hansestadt";"Gemeinden";"3,99";"3,54";"3,66";"2,48";"4,61"
"05762040";"Willebadessen, Stadt";"Gemeinden";"0,00";"2,41";"2,38";"2,24";"3,98"
"05766004";"Augustdorf";"Gemeinden";"0,00";;;"0,00";
"05766008";"Bad Salzuflen, Stadt";"Gemeinden";"14,99";"14,73";"14,90";"11,08";"14,55"
"05766012";"Barntrup, Stadt";"Gemeinden";"0,00";;;"0,00";
"05766016";"Blomberg, Stadt";"Gemeinden";"2,40";"2,11";"1,47";"0,21";"0,53"
"05766020";"Detmold, Stadt";"Gemeinden";"1,48";"1,39";"1,47";"0,79";"1,57"
"05766024";"Dörentrup";"Gemeinden";"2,65";"2,31";"3,53";"2,41";"3,96"
"05766028";"Extertal";"Gemeinden";"5,60";"4,70";"3,93";"3,25";"2,27"
"05766032";"Horn-Bad Meinberg, Stadt";"Gemeinden";"18,70";"22,07";"21,62";"14,01";"21,01"
"05766036";"Kalletal";"Gemeinden";"2,38";"3,13";"5,14";"0,00";"11,58"
"05766040";"Lage, Stadt";"Gemeinden";"1,10";"0,92";"0,65";"0,40";"0,66"
"05766044";"Lemgo, Stadt";"Gemeinden";"0,71";"0,84";"0,94";"0,38";"0,65"
"05766048";"Leopoldshöhe";"Gemeinden";"0,31";"0,40";"0,28";"0,28";"0,34"
"05766052";"Lügde, Stadt der Osterräder";"Gemeinden";"4,64";"1,95";"2,00";"1,43";"2,46"
"05766056";"Oerlinghausen, Stadt";"Gemeinden";"2,68";"1,44";"1,11";"0,42";"0,69"
"05766060";"Schieder-Schwalenberg, Stadt";"Gemeinden";"4,87";"4,76";"3,59";"4,26";"5,17"
"05766064";"Schlangen";"Gemeinden";"0,18";;;"0,00";"0,00"
"05770004";"Bad Oeynhausen, Stadt";"Gemeinden";"20,66";"19,77";"18,47";"15,53";"16,90"
"05770008";"Espelkamp, Stadt";"Gemeinden";"1,02";"0,96";"1,22";"0,57";"1,42"
"05770012";"Hille";"Gemeinden";"1,72";"1,09";"1,47";"0,79";"1,56"
"05770016";"Hüllhorst";"Gemeinden";"0,98";"0,96";;"0,00";
"05770020";"Lübbecke, Stadt";"Gemeinden";"0,00";"0,29";;"0,00";
"05770024";"Minden, Stadt";"Gemeinden";"1,16";"1,17";"1,20";"0,85";"1,37"
"05770028";"Petershagen, Stadt";"Gemeinden";"4,09";"3,90";"4,59";"3,04";"4,03"
"05770032";"Porta Westfalica, Stadt";"Gemeinden";"2,41";"1,68";"1,39";"0,77";"1,73"
"05770036";"Preußisch Oldendorf, Stadt";"Gemeinden";"9,56";"10,63";"11,22";"7,79";"10,94"
"05770040";"Rahden, Stadt";"Gemeinden";"1,22";"1,26";"1,51";"0,95";"1,34"
"05770044";"Stemwede";"Gemeinden";"0,00";"1,35";"2,27";"2,11";"1,48"
"05774004";"Altenbeken";"Gemeinden";"0,47";;;"0,00";
"05774008";"Bad Lippspringe, Stadt";"Gemeinden";"20,80";"21,06";"23,09";"16,21";"21,38"
"05774012";"Borchen";"Gemeinden";"3,59";"3,87";"3,70";"2,58";"2,84"
"05774016";"Büren, Stadt";"Gemeinden";"2,48";"2,44";"2,97";"1,28";"2,79"
"05774020";"Delbrück, Stadt";"Gemeinden";"0,71";"0,87";"0,97";"0,67";"0,95"
"05774024";"Hövelhof, Sennegemeinde";"Gemeinden";"1,44";"2,20";"2,57";"2,07";"2,64"
"05774028";"Lichtenau, Stadt";"Gemeinden";"1,20";;"0,49";"0,00";
"05774032";"Paderborn, Stadt";"Gemeinden";"1,50";"1,91";"2,29";"1,24";"2,13"
"05774036";"Salzkotten, Stadt";"Gemeinden";"0,29";"0,38";;"0,16";"0,33"
"05774040";"Bad Wünnenberg, Stadt";"Gemeinden";"8,92";"10,49";"9,92";"7,06";"8,08"
"05911000";"Bochum, Stadt";"Gemeinden";"1,36";"1,76";"1,77";"0,76";"1,92"
"05913000";"Dortmund, Stadt";"Gemeinden";"1,29";"1,79";"2,14";"1,15";"2,49"
"05914000";"Hagen, Stadt der FernUniversität";"Gemeinden";"1,26";"1,43";"1,56";"0,85";"1,47"
"05915000";"Hamm, Stadt";"Gemeinden";"0,68";"0,81";"0,91";"0,67";"1,08"
"05916000";"Herne, Stadt";"Gemeinden";"0,54";"0,43";"0,43";"0,31";"0,51"
"05954004";"Breckerfeld, Hansestadt";"Gemeinden";"0,00";"1,88";"1,89";"0,88";"1,75"
"05954008";"Ennepetal, Stadt der Kluterthöhle";"Gemeinden";"2,36";"2,66";"2,40";"2,02";
"05954012";"Gevelsberg, Stadt";"Gemeinden";"0,00";"0,54";"0,59";"0,00";"0,51"
"05954016";"Hattingen, Stadt";"Gemeinden";"1,39";"3,67";"3,94";"2,51";"4,15"
"05954020";"Herdecke, Stadt";"Gemeinden";"2,10";"2,03";"2,26";"1,27";"2,78"
"05954024";"Schwelm, Stadt";"Gemeinden";"1,32";"1,42";"1,49";"0,48";"0,94"
"05954028";"Sprockhövel, Stadt";"Gemeinden";"1,78";"2,01";"2,20";"0,92";"1,70"
"05954032";"Wetter (Ruhr), Stadt";"Gemeinden";"0,73";"0,80";"0,65";"0,00";
"05954036";"Witten, Stadt";"Gemeinden";"0,45";"0,54";"0,57";"0,42";"0,67"
"05958004";"Arnsberg, Stadt";"Gemeinden";"2,55";"2,35";"2,58";"1,72";"2,50"
"05958008";"Bestwig";"Gemeinden";"7,05";"8,48";"10,93";"6,04";"9,18"
"05958012";"Brilon, Stadt";"Gemeinden";"6,32";"5,89";"5,99";"5,62";"8,15"
"05958016";"Eslohe (Sauerland)";"Gemeinden";"13,51";"13,62";"15,60";"10,92";"17,88"
"05958020";"Hallenberg, Stadt";"Gemeinden";"17,81";"17,18";"17,88";"9,54";"15,03"
"05958024";"Marsberg, Stadt";"Gemeinden";"0,59";"0,90";"1,79";"0,84";"1,26"
"05958028";"Medebach, Hansestadt";"Gemeinden";"94,17";"93,28";"108,37";"73,48";"115,98"
"05958032";"Meschede, Kreis- und  Hochschulstadt";"Gemeinden";"5,84";"5,24";"5,60";"4,44";"5,33"
"05958036";"Olsberg, Stadt";"Gemeinden";"12,16";"12,52";"14,05";"5,60";"8,90"
"05958040";"Schmallenberg, Stadt";"Gemeinden";"25,80";"27,61";"31,47";"20,53";"28,51"
"05958044";"Sundern (Sauerland), Stadt";"Gemeinden";"6,40";"6,08";"8,28";"5,57";"8,48"
"05958048";"Winterberg, Stadt";"Gemeinden";"61,70";"84,20";"91,94";"53,29";"86,67"
"05962004";"Altena, Stadt";"Gemeinden";"1,35";"1,38";"1,80";"0,78";"1,58"
"05962008";"Balve, Stadt";"Gemeinden";"2,26";"2,62";"3,57";"2,57";"2,90"
"05962012";"Halver, Stadt";"Gemeinden";"0,31";;;"0,00";
"05962016";"Hemer, Stadt";"Gemeinden";"0,00";"1,47";"1,64";"0,14";"0,22"
"05962020";"Herscheid";"Gemeinden";"0,35";;;"0,00";
"05962024";"Iserlohn, Stadt";"Gemeinden";"0,68";"0,73";"0,87";"0,53";"0,85"
"05962028";"Kierspe, Stadt";"Gemeinden";"0,61";"0,47";"0,45";"0,00";
"05962032";"Lüdenscheid, Stadt";"Gemeinden";"1,08";"1,29";"1,18";"0,79";"1,11"
"05962036";"Meinerzhagen, Stadt";"Gemeinden";"3,38";"2,49";"2,22";"0,99";"1,43"
"05962040";"Menden (Sauerland), Stadt";"Gemeinden";"0,31";"0,34";"0,36";"0,19";"0,30"
"05962044";"Nachrodt-Wiblingwerde";"Gemeinden";"2,68";"3,25";"4,55";"1,49";"3,58"
"05962048";"Neuenrade, Stadt";"Gemeinden";"1,10";"1,48";"1,70";"1,31";"1,77"
"05962052";"Plettenberg, Stadt";"Gemeinden";"0,28";"0,65";"0,84";"0,97";"1,37"
"05962056";"Schalksmühle";"Gemeinden";"0,00";;;"0,00";"0,00"
"05962060";"Werdohl, Stadt";"Gemeinden";"0,47";"0,42";"0,47";"0,37";"0,32"
"05966004";"Attendorn, Hansestadt";"Gemeinden";"4,68";"5,29";"5,56";"3,24";"5,70"
"05966008";"Drolshagen, Stadt";"Gemeinden";"2,67";"2,75";"3,66";"3,75";"4,13"
"05966012";"Finnentrop";"Gemeinden";"1,78";"1,81";"1,14";"0,72";"1,28"
"05966016";"Kirchhundem";"Gemeinden";"4,27";"4,43";"4,88";"1,67";"2,26"
"05966020";"Lennestadt, Stadt";"Gemeinden";"5,50";"5,26";"7,35";"4,34";"7,49"
"05966024";"Olpe, Stadt";"Gemeinden";"5,98";"5,22";"4,78";"3,31";"4,96"
"05966028";"Wenden";"Gemeinden";"1,66";"1,44";"1,25";"0,56";"1,06"
"05970004";"Bad Berleburg, Stadt";"Gemeinden";"19,04";"17,90";"15,10";"12,51";"14,44"
"05970008";"Burbach";"Gemeinden";"2,59";"2,09";"2,92";"3,45";"3,36"
"05970012";"Erndtebrück";"Gemeinden";"0,00";;;"0,00";
"05970016";"Freudenberg, Stadt";"Gemeinden";"1,33";"1,41";"1,43";"0,83";"1,11"
"05970020";"Hilchenbach, Stadt";"Gemeinden";"9,34";"8,01";"7,61";"5,75";"7,53"
"05970024";"Kreuztal, Stadt";"Gemeinden";"0,28";"0,30";"0,48";"0,23";"0,37"
"05970028";"Bad Laasphe, Stadt";"Gemeinden";"11,27";"6,74";"6,99";"3,07";"6,29"
"05970032";"Netphen, Stadt";"Gemeinden";"1,05";"1,08";"1,17";"0,61";"0,85"
"05970036";"Neunkirchen";"Gemeinden";"0,00";;;"0,00";
"05970040";"Siegen, Universitätsstadt";"Gemeinden";"1,03";"1,24";"1,38";"0,71";"1,45"
"05970044";"Wilnsdorf";"Gemeinden";"1,48";"2,05";"2,14";"1,19";"2,30"
"05974004";"Anröchte";"Gemeinden";"0,00";;;"0,00";
"05974008";"Bad Sassendorf";"Gemeinden";"44,11";"42,96";"43,98";"36,56";"45,73"
"05974012";"Ense";"Gemeinden";"0,27";"0,28";;"0,00";
"05974016";"Erwitte, Stadt";"Gemeinden";"12,46";"13,19";"12,85";"9,85";"12,50"
"05974020";"Geseke, Stadt";"Gemeinden";"2,25";"1,68";"1,40";"1,15";"2,30"
"05974024";"Lippetal";"Gemeinden";"0,28";;"0,73";"0,62";"0,80"
"05974028";"Lippstadt, Stadt";"Gemeinden";"4,19";"4,31";"4,10";"2,82";"3,98"
"05974032";"Möhnesee";"Gemeinden";"12,47";"20,03";"19,56";"14,48";"20,63"
"05974036";"Rüthen, Stadt";"Gemeinden";"4,23";"5,07";"4,59";"2,25";"3,28"
"05974040";"Soest, Stadt";"Gemeinden";"1,29";"2,11";"2,79";"1,75";"2,70"
"05974044";"Warstein, Stadt";"Gemeinden";"1,54";"3,15";"3,62";"2,84";"3,34"
"05974048";"Welver";"Gemeinden";"0,00";"0,48";"0,47";"0,33";"0,44"
"05974052";"Werl, Stadt";"Gemeinden";"1,23";"1,29";"1,21";"0,84";"1,11"
"05974056";"Wickede (Ruhr)";"Gemeinden";"0,39";"3,04";"2,73";"2,35";"3,11"
"05978004";"Bergkamen, Stadt";"Gemeinden";"0,12";;;"0,00";
"05978008";"Bönen";"Gemeinden";"0,00";;;"0,00";"0,00"
"05978012";"Fröndenberg/Ruhr, Stadt";"Gemeinden";"0,57";"1,04";"1,12";"0,46";"0,70"
"05978016";"Holzwickede";"Gemeinden";"0,00";"1,78";;"0,00";
"05978020";"Kamen, Stadt";"Gemeinden";"0,86";"1,70";"1,82";"1,17";"2,56"
"05978024";"Lünen, Stadt";"Gemeinden";"0,65";"0,70";"0,78";"0,49";"0,83"
"05978028";"Schwerte, Hansestadt an der Ruhr";"Gemeinden";"1,01";"0,94";"1,18";"0,37";"1,00"
"05978032";"Selm, Stadt";"Gemeinden";"0,14";"2,15";"1,87";"1,07";"1,47"
"05978036";"Unna, Stadt";"Gemeinden";"0,70";"0,83";"0,85";"0,51";"0,82"
"05978040";"Werne, Stadt";"Gemeinden";"1,16";"2,01";"1,93";"1,65";"2,08"
"06411000";"Darmstadt, Wissenschaftsstadt";"Gemeinden";"3,86";"3,97";"4,23";"2,24";"4,46"
"06412000";"Frankfurt am Main, Stadt";"Gemeinden";"7,98";"10,69";"12,78";"5,52";"13,81"
"06413000";"Offenbach am Main, Stadt";"Gemeinden";"3,02";"3,25";"4,00";"1,93";"4,36"
"06414000";"Wiesbaden, Landeshauptstadt";"Gemeinden";"3,57";"4,12";"4,48";"2,41";"4,66"
"06431001";"Abtsteinach";"Gemeinden";"0,00";;;"0,00";
"06431002";"Bensheim, Stadt";"Gemeinden";"3,73";"3,27";"3,41";"1,59";"2,15"
"06431003";"Biblis";"Gemeinden";"0,00";;;"0,00";
"06431004";"Birkenau";"Gemeinden";"1,32";"1,52";"1,80";"1,01";
"06431005";"Bürstadt, Stadt";"Gemeinden";"0,73";"0,43";;"0,00";
"06431006";"Einhausen";"Gemeinden";"0,00";;;"0,00";"0,00"
"06431007";"Fürth";"Gemeinden";"4,38";"5,47";"3,22";"0,00";"2,54"
"06431008";"Gorxheimertal";"Gemeinden";"0,00";;;"0,00";
"06431009";"Grasellenbach";"Gemeinden";"16,18";"15,36";"15,02";"10,10";"15,87"
"06431010";"Groß-Rohrheim";"Gemeinden";"0,00";;;"0,00";"0,00"
"06431011";"Heppenheim (Bergstraße), Kreisstadt";"Gemeinden";"3,20";"3,67";"4,24";"1,78";"3,02"
"06431012";"Hirschhorn (Neckar), Stadt";"Gemeinden";"6,42";"8,44";"9,64";"6,55";"5,72"
"06431013";"Lampertheim, Stadt";"Gemeinden";"1,36";"1,07";"1,59";"0,67";"1,00"
"06431014";"Lautertal (Odenwald)";"Gemeinden";"1,30";"1,90";"2,73";"1,40";"2,03"
"06431015";"Lindenfels, Stadt";"Gemeinden";"19,30";"19,16";"18,92";"11,67";"17,17"
"06431016";"Lorsch, Karolingerstadt";"Gemeinden";"1,02";"0,66";"1,23";"1,09";"1,59"
"06431017";"Mörlenbach";"Gemeinden";"1,09";"1,20";"1,05";"0,70";"0,80"
"06431018";"Neckarsteinach, Stadt";"Gemeinden";"0,00";;"5,16";"0,00";
"06431019";"Rimbach";"Gemeinden";"0,00";;"0,79";"0,00";
"06431020";"Viernheim, Stadt";"Gemeinden";"1,47";"2,07";"2,18";"1,18";"2,94"
"06431021";"Wald-Michelbach";"Gemeinden";"3,26";"3,48";"3,99";"1,90";"2,99"
"06431022";"Zwingenberg, Stadt";"Gemeinden";"0,00";;;"0,00";
"06431200";"Michelbuch, gemfr. Gebiet";"Gemeinden";"0,00";;;;
"06432001";"Alsbach-Hähnlein";"Gemeinden";"0,00";;;"0,00";
"06432002";"Babenhausen, Stadt";"Gemeinden";"2,27";"2,56";"2,74";"2,25";"2,60"
"06432003";"Bickenbach";"Gemeinden";"0,00";;;"0,00";"0,00"
"06432004";"Dieburg, Stadt";"Gemeinden";"0,54";"0,49";;"0,00";
"06432005";"Eppertshausen";"Gemeinden";"0,00";;;"0,00";
"06432006";"Erzhausen";"Gemeinden";"0,00";"1,55";"1,34";"0,00";
"06432007";"Fischbachtal";"Gemeinden";"5,29";"5,51";"6,30";"8,81";"7,31"
"06432008";"Griesheim, Stadt";"Gemeinden";"4,10";"2,87";"3,29";"1,77";"2,79"
"06432009";"Groß-Bieberau, Stadt";"Gemeinden";"0,00";;;"0,00";
"06432010";"Groß-Umstadt, Stadt";"Gemeinden";"1,31";"0,93";"1,10";"0,83";"1,21"
"06432011";"Groß-Zimmern";"Gemeinden";"0,00";"1,76";"1,96";"1,27";
"06432012";"Messel";"Gemeinden";"0,00";;;"0,00";
"06432013";"Modautal";"Gemeinden";"3,91";"4,28";"4,50";"1,34";
"06432014";"Mühltal";"Gemeinden";"2,26";"2,31";"1,01";"0,70";"0,97"
"06432015";"Münster (Hessen)";"Gemeinden";"0,71";"1,43";"2,58";"3,06";"1,83"
"06432016";"Ober-Ramstadt, Stadt";"Gemeinden";"0,00";;;"0,00";
"06432017";"Otzberg";"Gemeinden";"1,23";"0,84";"0,63";"0,00";
"06432018";"Pfungstadt, Stadt";"Gemeinden";"0,89";"1,05";"0,81";"0,39";"0,52"
"06432019";"Reinheim, Stadt";"Gemeinden";"0,00";;;"0,00";
"06432020";"Roßdorf";"Gemeinden";"2,60";"2,23";;"1,02";"2,33"
"06432021";"Schaafheim";"Gemeinden";"0,00";;;"0,00";
"06432022";"Seeheim-Jugenheim";"Gemeinden";"0,00";"7,47";"8,12";"2,81";"7,58"
"06432023";"Weiterstadt, Stadt";"Gemeinden";"1,29";"1,15";"1,15";"0,77";"1,16"
"06433001";"Biebesheim am Rhein";"Gemeinden";"0,00";;;"0,00";
"06433002";"Bischofsheim";"Gemeinden";"0,00";;;"0,00";
"06433003";"Büttelborn";"Gemeinden";"0,00";;"1,68";"1,06";
"06433004";"Gernsheim, Schöfferstadt";"Gemeinden";"3,39";"3,19";"3,88";"2,51";"4,40"
"06433005";"Ginsheim-Gustavsburg, Stadt";"Gemeinden";"1,13";"1,25";"0,96";"0,59";"1,05"
"06433006";"Groß-Gerau, Stadt";"Gemeinden";"1,56";"1,87";"1,86";"1,06";"1,68"
"06433007";"Kelsterbach, Stadt";"Gemeinden";"14,63";"15,49";"15,20";"5,20";"15,43"
"06433008";"Mörfelden-Walldorf, Stadt";"Gemeinden";"7,25";"9,37";"8,88";"2,39";"5,24"
"06433009";"Nauheim";"Gemeinden";"1,02";"1,07";"0,44";"0,42";"0,75"
"06433010";"Raunheim, Stadt";"Gemeinden";"11,44";"14,30";"14,93";"5,44";"14,29"
"06433011";"Riedstadt, Büchnerstadt";"Gemeinden";"1,48";"1,89";"1,31";"0,85";"1,17"
"06433012";"Rüsselsheim am Main, Stadt";"Gemeinden";"1,64";"2,11";"2,48";"1,19";"2,74"
"06433013";"Stockstadt am Rhein";"Gemeinden";"0,00";;;"0,00";
"06433014";"Trebur";"Gemeinden";"0,72";"0,80";"0,52";"1,29";"1,63"
"06434001";"Bad Homburg v. d. Höhe, Stadt";"Gemeinden";"9,87";"10,21";"11,07";"7,21";"10,08"
"06434002";"Friedrichsdorf, Stadt";"Gemeinden";"3,09";"3,55";"3,35";"1,03";"1,89"
"06434003";"Glashütten";"Gemeinden";"0,00";"4,67";"6,53";"3,90";"6,62"
"06434004";"Grävenwiesbach";"Gemeinden";"0,00";;;"0,00";
"06434005";"Königstein im Taunus, Stadt";"Gemeinden";"11,76";"14,02";"11,95";"8,92";"9,94"
"06434006";"Kronberg im Taunus, Stadt";"Gemeinden";"2,66";"2,33";"2,70";"1,76";"3,82"
"06434007";"Neu-Anspach, Stadt";"Gemeinden";"0,86";"1,15";"1,21";"0,00";"0,87"
"06434008";"Oberursel (Taunus), Stadt";"Gemeinden";"3,43";"3,92";"4,42";"2,05";"4,06"
"06434009";"Schmitten im Taunus";"Gemeinden";"11,21";"12,12";"11,12";"5,18";"9,57"
"06434010";"Steinbach (Taunus), Stadt";"Gemeinden";"2,60";"3,17";"2,65";"1,41";
"06434011";"Usingen, Stadt";"Gemeinden";"0,79";"0,79";"1,02";"0,78";"0,75"
"06434012";"Wehrheim";"Gemeinden";"0,00";;;"0,60";"0,75"
"06434013";"Weilrod";"Gemeinden";"3,01";"3,14";"2,29";"1,31";"1,71"
"06435001";"Bad Orb, Stadt";"Gemeinden";"38,95";"43,30";"45,58";"31,35";"42,65"
"06435002";"Bad Soden-Salmünster, Stadt";"Gemeinden";"29,86";"29,60";"26,57";"19,93";"25,20"
"06435003";"Biebergemünd";"Gemeinden";"1,60";"1,36";"0,81";"0,26";"0,42"
"06435004";"Birstein";"Gemeinden";"1,42";"1,65";"2,13";"1,73";"2,09"
"06435005";"Brachttal";"Gemeinden";"0,00";;;"0,00";
"06435006";"Bruchköbel, Stadt";"Gemeinden";"1,39";"1,42";"1,42";"0,67";"1,15"
"06435007";"Erlensee, Stadt";"Gemeinden";"1,21";"1,63";;"0,00";
"06435008";"Flörsbachtal";"Gemeinden";"0,00";"3,95";"3,95";"2,47";
"06435009";"Freigericht";"Gemeinden";"0,00";"1,06";"0,95";"0,00";
"06435010";"Gelnhausen, Barbarossastadt, Kreisstadt";"Gemeinden";"1,72";"1,87";"1,79";"1,17";"1,39"
"06435011";"Großkrotzenburg";"Gemeinden";"0,00";;;"0,00";"0,00"
"06435012";"Gründau";"Gemeinden";"1,60";"2,10";"2,06";"1,53";"1,87"
"06435013";"Hammersbach";"Gemeinden";"0,00";;"0,55";"0,00";
"06435014";"Hanau, Brüder-Grimm-Stadt";"Gemeinden";"1,52";"1,64";"1,92";"1,14";"2,03"
"06435015";"Hasselroth";"Gemeinden";"0,00";;;"0,00";
"06435016";"Jossgrund";"Gemeinden";"0,42";;"0,59";"0,00";"0,51"
"06435017";"Langenselbold, Stadt";"Gemeinden";"0,00";;"1,48";"0,00";"1,47"
"06435018";"Linsengericht";"Gemeinden";"0,00";;;"0,00";
"06435019";"Maintal, Stadt";"Gemeinden";"1,38";"2,11";"1,90";"0,81";"1,66"
"06435020";"Neuberg";"Gemeinden";"0,00";;;"0,00";
"06435021";"Nidderau, Stadt";"Gemeinden";"0,78";"0,72";"0,80";"0,47";"0,73"
"06435022";"Niederdorfelden";"Gemeinden";"0,00";;;"0,00";"0,00"
"06435023";"Rodenbach";"Gemeinden";"0,75";"0,73";"0,47";"0,35";"0,77"
"06435024";"Ronneburg";"Gemeinden";"0,00";;;"0,00";
"06435025";"Schlüchtern, Stadt";"Gemeinden";"1,95";"2,06";"1,57";"1,13";"1,61"
"06435026";"Schöneck";"Gemeinden";"0,00";;;"0,00";
"06435027";"Sinntal";"Gemeinden";"1,05";"1,76";"1,56";"0,79";"1,09"
"06435028";"Steinau an der Straße, Brüder-Grimm-Stadt";"Gemeinden";"0,51";"1,13";"1,95";"1,13";"1,44"
"06435029";"Wächtersbach, Stadt";"Gemeinden";"0,81";"1,07";"1,06";"0,73";
"06435200";"Gutsbezirk Spessart, gemfr. Gebiet";"Gemeinden";"0,00";;;;
"06436001";"Bad Soden am Taunus, Stadt";"Gemeinden";"6,16";"6,60";"7,29";"3,32";"5,65"
"06436002";"Eppstein, Stadt";"Gemeinden";"4,04";"3,48";"2,67";"1,63";
"06436003";"Eschborn, Stadt";"Gemeinden";"5,64";"7,54";"9,89";"2,19";"14,64"
"06436004";"Flörsheim am Main, Stadt";"Gemeinden";"0,78";"1,12";"0,91";"0,75";"1,12"
"06436005";"Hattersheim am Main, Stadt";"Gemeinden";"0,79";"0,89";"0,72";"0,34";"0,69"
"06436006";"Hochheim am Main, Stadt";"Gemeinden";"1,96";"2,37";"2,45";"1,21";"1,18"
"06436007";"Hofheim am Taunus, Kreisstadt";"Gemeinden";"2,26";"2,60";"4,05";"2,05";"3,18"
"06436008";"Kelkheim (Taunus), Stadt";"Gemeinden";"1,61";"1,60";"1,36";"0,78";"1,48"
"06436009";"Kriftel";"Gemeinden";"0,00";;;"0,00";
"06436010";"Liederbach am Taunus";"Gemeinden";"0,52";"1,07";"1,09";"0,57";"0,78"
"06436011";"Schwalbach am Taunus, Stadt";"Gemeinden";"0,00";"3,80";"3,77";"0,58";
"06436012";"Sulzbach (Taunus)";"Gemeinden";"0,00";;;"0,00";
"06437001";"Bad König, Stadt";"Gemeinden";"4,51";"4,09";"3,98";"1,51";"2,66"
"06437003";"Brensbach";"Gemeinden";"3,93";"3,77";"2,90";"1,23";"1,46"
"06437004";"Breuberg, Stadt";"Gemeinden";"14,44";"13,02";"12,06";"8,58";"12,07"
"06437005";"Brombachtal";"Gemeinden";"1,38";;"5,68";"0,00";
"06437006";"Erbach, Kreisstadt";"Gemeinden";"3,22";"2,99";"2,89";"1,38";"3,19"
"06437007";"Fränkisch-Crumbach";"Gemeinden";"0,00";;"2,00";"0,00";"1,72"
"06437009";"Höchst i. Odw.";"Gemeinden";"4,32";"4,33";"4,32";"2,18";"3,59"
"06437010";"Lützelbach";"Gemeinden";"0,00";;;"0,00";
"06437011";"Michelstadt, Stadt";"Gemeinden";"3,24";"3,00";"3,07";"1,55";"3,25"
"06437012";"Mossautal";"Gemeinden";"15,32";"15,19";"18,33";"12,33";"15,58"
"06437013";"Reichelsheim (Odenwald)";"Gemeinden";"4,82";"4,54";"4,61";"2,67";"3,93"
"06437016";"Oberzent, Stadt";"Gemeinden";"0,00";;;"3,04";"4,34"
"06438001";"Dietzenbach, Kreisstadt";"Gemeinden";"1,17";"1,24";"1,53";"0,82";"1,70"
"06438002";"Dreieich, Stadt";"Gemeinden";"2,21";"2,40";"2,70";"1,80";"3,09"
"06438003";"Egelsbach";"Gemeinden";"0,00";;;"0,00";
"06438004";"Hainburg";"Gemeinden";"0,28";"0,85";"0,61";"0,49";"0,44"
"06438005";"Heusenstamm, Stadt";"Gemeinden";"1,10";"1,17";"1,20";"0,53";"0,80"
"06438006";"Langen (Hessen), Stadt";"Gemeinden";"2,59";"3,87";"4,34";"1,59";"3,84"
"06438007";"Mainhausen";"Gemeinden";"0,00";;;"0,00";
"06438008";"Mühlheim am Main, Stadt";"Gemeinden";"1,19";"1,81";"1,85";"0,39";"0,39"
"06438009";"Neu-Isenburg, Stadt";"Gemeinden";"8,50";"7,94";"9,24";"3,85";"6,66"
"06438010";"Obertshausen, Stadt";"Gemeinden";"0,90";"1,24";"1,36";"1,60";"1,90"
"06438011";"Rodgau, Stadt";"Gemeinden";"1,26";"1,42";"1,49";"0,98";"1,79"
"06438012";"Rödermark, Stadt";"Gemeinden";"2,16";"2,54";"2,56";"0,90";"0,92"
"06438013";"Seligenstadt, Einhardstadt";"Gemeinden";"2,99";"3,01";"3,27";"1,81";"3,05"
"06439001";"Aarbergen";"Gemeinden";"0,00";;;"0,00";
"06439002";"Bad Schwalbach, Kreisstadt";"Gemeinden";"31,48";"28,78";"19,57";"14,07";"16,33"
"06439003";"Eltville am Rhein, Stadt";"Gemeinden";"5,73";"6,83";"6,61";"3,66";"6,68"
"06439004";"Geisenheim, Hochschulstadt";"Gemeinden";"4,79";"4,95";"5,48";"3,20";"4,82"
"06439005";"Heidenrod";"Gemeinden";"0,44";;"2,12";"0,00";
"06439006";"Hohenstein";"Gemeinden";"2,08";"2,34";"2,13";"1,30";"2,08"
"06439007";"Hünstetten";"Gemeinden";"0,00";;;"0,00";
"06439008";"Idstein, Hochschulstadt";"Gemeinden";"1,27";"1,34";"1,49";"0,68";"1,45"
"06439009";"Kiedrich";"Gemeinden";"1,69";;;"0,00";
"06439010";"Lorch, Stadt";"Gemeinden";"5,34";"7,68";"8,95";"4,85";"5,91"
"06439011";"Niedernhausen";"Gemeinden";"5,91";"7,16";;"3,07";"7,01"
"06439012";"Oestrich-Winkel, Stadt";"Gemeinden";"3,81";"4,43";"4,46";"2,85";"4,17"
"06439013";"Rüdesheim am Rhein, Stadt";"Gemeinden";"39,51";"37,99";"40,02";"21,75";"33,52"
"06439014";"Schlangenbad";"Gemeinden";"15,38";"14,22";"16,63";"9,36";"12,64"
"06439015";"Taunusstein, Stadt";"Gemeinden";"0,00";"0,46";"0,41";"0,00";
"06439016";"Waldems";"Gemeinden";"0,00";;;"0,00";"0,00"
"06439017";"Walluf";"Gemeinden";"2,57";"3,05";"3,27";"2,15";"3,13"
"06440001";"Altenstadt";"Gemeinden";"1,13";"0,99";"1,01";"0,53";"0,92"
"06440002";"Bad Nauheim, Stadt";"Gemeinden";"21,39";"22,82";"21,81";"15,40";"19,59"
"06440003";"Bad Vilbel, Stadt";"Gemeinden";"1,59";"1,90";"1,92";"1,24";"3,29"
"06440004";"Büdingen, Stadt";"Gemeinden";"1,29";"1,07";"0,99";"0,21";"1,21"
"06440005";"Butzbach, Friedrich-Ludwig-Weidig-Stadt";"Gemeinden";"2,05";"1,93";"1,62";"0,96";"1,75"
"06440006";"Echzell";"Gemeinden";"0,00";;;"0,00";
"06440007";"Florstadt, Stadt";"Gemeinden";"0,00";;;"0,00";
"06440008";"Friedberg (Hessen), Kreisstadt";"Gemeinden";"0,93";"0,95";"0,71";"0,51";"0,62"
"06440009";"Gedern, Stadt";"Gemeinden";"6,21";"6,77";"6,67";"5,30";"6,65"
"06440010";"Glauburg";"Gemeinden";"0,00";;;"0,00";
"06440011";"Hirzenhain";"Gemeinden";"0,00";;;"0,00";
"06440012";"Karben, Stadt";"Gemeinden";"0,99";"0,93";"0,86";"0,00";"0,97"
"06440013";"Kefenrod";"Gemeinden";"0,00";;;"0,00";
"06440014";"Limeshain";"Gemeinden";"0,00";;;"0,00";"0,00"
"06440015";"Münzenberg, Stadt";"Gemeinden";"0,00";;;"0,00";
"06440016";"Nidda, Stadt";"Gemeinden";"7,30";"7,01";"6,35";"4,82";"5,63"
"06440017";"Niddatal, Stadt";"Gemeinden";"0,00";;;"0,00";
"06440018";"Ober-Mörlen";"Gemeinden";"0,00";;;"0,00";
"06440019";"Ortenberg, Stadt";"Gemeinden";"0,35";;"0,62";"0,00";
"06440020";"Ranstadt";"Gemeinden";"0,00";;;"0,00";"0,00"
"06440021";"Reichelsheim (Wetterau), Stadt";"Gemeinden";"0,00";;;"0,00";
"06440022";"Rockenberg";"Gemeinden";"0,00";;;"0,00";"0,00"
"06440023";"Rosbach v. d. Höhe, Stadt";"Gemeinden";"0,63";"0,81";"0,74";"0,45";"1,30"
"06440024";"Wölfersheim";"Gemeinden";"0,00";;;"0,00";
"06440025";"Wöllstadt";"Gemeinden";"0,00";;;"0,00";"0,00"
"06531001";"Allendorf (Lumda), Stadt";"Gemeinden";"0,00";;;"0,00";
"06531002";"Biebertal";"Gemeinden";"0,54";"1,01";"1,28";"0,00";
"06531003";"Buseck";"Gemeinden";"0,75";;;"0,00";
"06531004";"Fernwald";"Gemeinden";"0,00";;;"0,00";"0,00"
"06531005";"Gießen, Universitätsstadt";"Gemeinden";"1,37";"1,69";"1,95";"0,99";"2,15"
"06531006";"Grünberg, Stadt";"Gemeinden";"4,86";"4,43";"4,34";"1,89";"3,39"
"06531007";"Heuchelheim a. d. Lahn";"Gemeinden";"0,00";;;"0,00";
"06531008";"Hungen, Stadt";"Gemeinden";"0,52";"0,45";"0,91";"0,50";"0,78"
"06531009";"Langgöns";"Gemeinden";"1,74";"1,61";"1,65";"0,49";
"06531010";"Laubach, Stadt";"Gemeinden";"6,19";"6,42";"5,93";"3,35";"4,69"
"06531011";"Lich, Stadt";"Gemeinden";"1,57";"1,74";"1,74";"1,33";"1,22"
"06531012";"Linden, Stadt";"Gemeinden";"2,61";"2,77";"3,34";"1,67";"2,95"
"06531013";"Lollar, Stadt";"Gemeinden";"1,44";"1,59";"1,62";"0,82";"1,59"
"06531014";"Pohlheim, Stadt";"Gemeinden";"0,58";"0,47";"0,29";"0,00";
"06531015";"Rabenau";"Gemeinden";"0,00";;;"0,00";"0,00"
"06531016";"Reiskirchen";"Gemeinden";"0,62";"1,12";;"0,00";
"06531017";"Staufenberg, Stadt";"Gemeinden";"1,27";;"1,72";"0,00";"1,50"
"06531018";"Wettenberg";"Gemeinden";"2,01";"2,10";"2,02";"1,19";"2,33"
"06532001";"Aßlar, Stadt";"Gemeinden";"0,23";;;"0,00";
"06532002";"Bischoffen";"Gemeinden";"0,00";;;"0,00";
"06532003";"Braunfels, Stadt";"Gemeinden";"5,53";"5,81";"6,72";"4,26";"6,17"
"06532004";"Breitscheid";"Gemeinden";"0,00";;;"0,00";
"06532005";"Dietzhölztal";"Gemeinden";"0,00";;;"0,00";"0,00"
"06532006";"Dillenburg, Oranienstadt";"Gemeinden";"0,52";"0,85";"0,92";"0,60";"0,77"
"06532007";"Driedorf";"Gemeinden";"0,00";;"2,44";"2,96";
"06532008";"Ehringshausen";"Gemeinden";"0,00";;;"0,00";
"06532009";"Eschenburg";"Gemeinden";"0,00";"0,39";"0,50";"0,50";"0,59"
"06532010";"Greifenstein";"Gemeinden";"4,21";"3,71";"4,30";"2,68";"4,02"
"06532011";"Haiger, Stadt";"Gemeinden";"0,00";;"0,92";"0,68";"0,83"
"06532012";"Herborn, Stadt";"Gemeinden";"1,89";"2,00";"2,60";"1,15";"2,13"
"06532013";"Hohenahr";"Gemeinden";"0,00";;;"0,00";"0,00"
"06532014";"Hüttenberg";"Gemeinden";"0,00";;;"0,00";
"06532015";"Lahnau";"Gemeinden";"0,00";;;"0,00";
"06532016";"Leun, Stadt";"Gemeinden";"2,09";;;"0,00";"0,00"
"06532017";"Mittenaar";"Gemeinden";"1,06";;;"0,00";
"06532018";"Schöffengrund";"Gemeinden";"0,00";;;"0,00";"0,00"
"06532019";"Siegbach";"Gemeinden";"0,00";;;"0,00";
"06532020";"Sinn";"Gemeinden";"0,00";;;"0,00";"0,00"
"06532021";"Solms, Stadt";"Gemeinden";"0,00";;"0,68";"0,68";"0,97"
"06532022";"Waldsolms";"Gemeinden";"0,00";;;"0,00";
"06532023";"Wetzlar, Stadt";"Gemeinden";"3,45";"3,79";"4,15";"2,96";"4,83"
"06533001";"Beselich";"Gemeinden";"0,74";;;"0,00";
"06533002";"Brechen";"Gemeinden";"0,00";;;"0,00";"0,00"
"06533003";"Bad Camberg, Stadt";"Gemeinden";"14,06";"14,48";"13,36";"10,89";"11,66"
"06533004";"Dornburg";"Gemeinden";"0,00";;;"0,00";
"06533005";"Elbtal";"Gemeinden";"0,00";;;"0,00";
"06533006";"Elz";"Gemeinden";"0,00";;;"0,00";"0,00"
"06533007";"Hadamar, Stadt";"Gemeinden";"1,66";"1,73";"1,63";"0,89";"1,32"
"06533008";"Hünfelden";"Gemeinden";"0,00";;;"0,00";
"06533009";"Limburg a. d. Lahn, Kreisstadt";"Gemeinden";"4,16";"4,61";"4,77";"2,99";"5,65"
"06533010";"Löhnberg";"Gemeinden";"0,00";;;"0,00";
"06533011";"Mengerskirchen, Marktflecken";"Gemeinden";"3,10";;;"0,00";
"06533012";"Merenberg, Marktflecken";"Gemeinden";"0,00";;"0,61";"0,22";"0,36"
"06533013";"Runkel, Stadt";"Gemeinden";"2,32";"2,53";"2,50";"1,84";"2,51"
"06533014";"Selters (Taunus)";"Gemeinden";"0,00";;;"0,00";
"06533015";"Villmar, Marktflecken";"Gemeinden";"0,49";;"0,41";"0,00";"1,71"
"06533016";"Waldbrunn (Westerwald)";"Gemeinden";"0,00";;;"0,00";
"06533017";"Weilburg, Stadt";"Gemeinden";"6,46";"7,30";"7,12";"3,68";"7,37"
"06533018";"Weilmünster, Marktflecken";"Gemeinden";"0,00";"0,35";;"0,00";
"06533019";"Weinbach";"Gemeinden";"0,00";;;"0,00";
"06534001";"Amöneburg, Stadt";"Gemeinden";"0,83";"0,89";"1,25";"0,41";
"06534002";"Angelburg";"Gemeinden";"0,00";;;"0,00";"0,00"
"06534003";"Bad Endbach";"Gemeinden";"7,76";"7,29";"8,18";"5,49";"6,30"
"06534004";"Biedenkopf, Stadt";"Gemeinden";"2,28";"2,26";"2,53";"1,58";
"06534005";"Breidenbach";"Gemeinden";"0,00";;;"0,00";
"06534006";"Cölbe";"Gemeinden";"0,00";;;"0,00";
"06534007";"Dautphetal";"Gemeinden";"0,00";;;"0,00";
"06534008";"Ebsdorfergrund";"Gemeinden";"1,68";"2,00";"2,38";"0,98";"1,60"
"06534009";"Fronhausen";"Gemeinden";"0,00";;;"0,00";
"06534010";"Gladenbach, Stadt";"Gemeinden";"3,08";"3,13";"3,36";"1,69";"3,26"
"06534011";"Kirchhain, Stadt";"Gemeinden";"0,72";"1,06";"1,42";"0,97";"1,34"
"06534012";"Lahntal";"Gemeinden";"2,12";"3,24";"2,58";"2,20";"2,86"
"06534013";"Lohra";"Gemeinden";"0,00";;;"0,00";
"06534014";"Marburg, Universitätsstadt";"Gemeinden";"3,71";"4,94";"4,97";"3,27";"5,35"
"06534015";"Münchhausen";"Gemeinden";"0,00";"2,90";"2,56";"0,00";
"06534016";"Neustadt (Hessen), Stadt";"Gemeinden";"0,00";;;"0,00";"0,00"
"06534017";"Rauschenberg, Stadt";"Gemeinden";"0,00";"0,87";;"0,00";
"06534018";"Stadtallendorf, Stadt";"Gemeinden";"1,23";"1,34";"1,34";"0,88";"0,77"
"06534019";"Steffenberg";"Gemeinden";"0,00";;;"0,00";
"06534020";"Weimar (Lahn)";"Gemeinden";"2,58";"2,44";"2,66";"1,26";"2,87"
"06534021";"Wetter (Hessen), Stadt";"Gemeinden";"0,00";;"1,54";"1,17";"1,72"
"06534022";"Wohratal";"Gemeinden";"0,00";;;"0,00";"0,00"
"06535001";"Alsfeld, Stadt";"Gemeinden";"4,16";"4,27";"5,68";"4,15";"6,56"
"06535002";"Antrifttal";"Gemeinden";"0,00";;;"0,00";
"06535003";"Feldatal";"Gemeinden";"0,00";;;"0,00";
"06535004";"Freiensteinau";"Gemeinden";"7,33";"8,34";"11,93";"0,00";
"06535005";"Gemünden (Felda)";"Gemeinden";"0,00";;;"0,00";"0,00"
"06535006";"Grebenau, Stadt";"Gemeinden";"0,00";;;"0,00";"0,00"
"06535007";"Grebenhain";"Gemeinden";"16,85";"16,68";"18,43";"12,55";"17,15"
"06535008";"Herbstein, Stadt";"Gemeinden";"11,31";"11,48";"11,86";"5,09";"9,99"
"06535009";"Homberg (Ohm), Stadt";"Gemeinden";"3,32";"3,06";"3,12";"1,51";"3,33"
"06535010";"Kirtorf, Stadt";"Gemeinden";"0,00";;;"0,00";
"06535011";"Lauterbach (Hessen), Kreisstadt";"Gemeinden";"4,01";"4,06";"3,86";"1,95";"4,53"
"06535012";"Lautertal (Vogelsberg)";"Gemeinden";"0,00";;;"0,00";
"06535013";"Mücke";"Gemeinden";"2,88";;"4,07";"2,37";"3,88"
"06535014";"Romrod, Stadt";"Gemeinden";"6,75";;;"0,00";
"06535015";"Schlitz, Stadt";"Gemeinden";"2,84";"3,64";"3,78";"2,52";"4,42"
"06535016";"Schotten, Stadt";"Gemeinden";"5,55";"6,59";"7,46";"3,90";"5,40"
"06535017";"Schwalmtal";"Gemeinden";"0,00";;;"0,00";
"06535018";"Ulrichstein, Stadt";"Gemeinden";"4,14";"2,84";"3,26";"1,69";"4,04"
"06535019";"Wartenberg";"Gemeinden";"0,00";;;"0,00";
"06611000";"Kassel, documenta-Stadt";"Gemeinden";"3,90";"4,31";"5,14";"2,48";"4,46"
"06631001";"Bad Salzschlirf";"Gemeinden";"79,15";"70,45";"69,02";"42,14";"56,41"
"06631002";"Burghaun, Marktgemeinde";"Gemeinden";"0,77";"0,80";;"0,00";
"06631003";"Dipperz";"Gemeinden";"0,00";"11,60";"16,36";"6,53";"10,15"
"06631004";"Ebersburg";"Gemeinden";"2,83";"2,43";"2,69";"1,41";"1,91"
"06631005";"Ehrenberg (Rhön)";"Gemeinden";"12,77";"12,50";"12,53";"10,11";"11,20"
"06631006";"Eichenzell";"Gemeinden";"0,94";"1,83";"1,56";"1,12";"1,56"
"06631007";"Eiterfeld, Marktgemeinde";"Gemeinden";"3,12";"3,67";"4,22";"2,36";"4,66"
"06631008";"Flieden";"Gemeinden";"0,55";"0,56";"0,36";"0,26";
"06631009";"Fulda, Stadt";"Gemeinden";"6,23";"7,91";"9,08";"5,84";"11,24"
"06631010";"Gersfeld (Rhön), Stadt";"Gemeinden";"30,84";"28,90";"25,88";"19,88";"26,77"
"06631011";"Großenlüder";"Gemeinden";"3,57";"5,64";"7,25";"4,37";"6,10"
"06631012";"Hilders, Marktgemeinde";"Gemeinden";"18,95";"16,77";"15,30";"5,86";"10,67"
"06631013";"Hofbieber";"Gemeinden";"7,48";"7,84";"8,04";"4,57";"7,35"
"06631014";"Hosenfeld";"Gemeinden";"0,00";;"2,90";"0,00";
"06631015";"Hünfeld, Konrad-Zuse-Stadt";"Gemeinden";"4,00";"4,51";"5,99";"4,33";"6,32"
"06631016";"Kalbach";"Gemeinden";"3,03";"4,08";"3,54";"2,32";"3,17"
"06631017";"Künzell";"Gemeinden";"3,03";"5,10";"6,10";"3,15";"5,89"
"06631018";"Neuhof";"Gemeinden";"1,75";"2,23";"1,85";"1,16";"1,80"
"06631019";"Nüsttal";"Gemeinden";"0,57";"0,54";"0,58";"0,00";
"06631020";"Petersberg";"Gemeinden";"1,37";"1,70";"1,67";"0,66";"1,27"
"06631021";"Poppenhausen (Wasserkuppe)";"Gemeinden";"28,30";"25,65";"31,38";"18,54";"29,22"
"06631022";"Rasdorf, Point-Alpha-Gemeinde";"Gemeinden";"0,00";;;"2,29";
"06631023";"Tann (Rhön), Stadt";"Gemeinden";"7,23";"5,39";"5,33";"3,83";"4,57"
"06632001";"Alheim";"Gemeinden";"0,00";;;"0,00";
"06632002";"Bad Hersfeld, Kreisstadt";"Gemeinden";"10,27";"11,30";"11,62";"7,66";"10,69"
"06632003";"Bebra, Stadt";"Gemeinden";"1,91";"1,67";"4,65";"3,15";"3,31"
"06632004";"Breitenbach a. Herzberg";"Gemeinden";"5,79";"5,22";"7,69";"0,00";
"06632005";"Cornberg";"Gemeinden";"0,00";;;"0,00";"0,00"
"06632006";"Friedewald";"Gemeinden";"12,89";;"15,92";"10,68";"12,20"
"06632007";"Hauneck";"Gemeinden";"0,00";;;"0,00";"0,00"
"06632008";"Haunetal";"Gemeinden";"6,18";"5,07";"4,54";"2,85";"4,62"
"06632009";"Heringen (Werra), Stadt";"Gemeinden";"0,70";"0,64";"0,66";"0,00";
"06632010";"Hohenroda";"Gemeinden";"0,00";;"20,64";"10,67";
"06632011";"Kirchheim";"Gemeinden";"37,93";"37,28";"22,94";"13,26";"20,10"
"06632012";"Ludwigsau";"Gemeinden";"0,00";;;"0,00";
"06632013";"Nentershausen";"Gemeinden";"0,00";"12,07";"13,38";"11,07";"17,65"
"06632014";"Neuenstein";"Gemeinden";"7,51";"7,96";"9,01";"0,00";"11,18"
"06632015";"Niederaula, Marktgemeinde";"Gemeinden";"1,02";"0,92";"0,83";"0,76";"1,34"
"06632016";"Philippsthal (Werra), Marktgemeinde";"Gemeinden";"1,16";"2,20";"2,42";"0,93";"1,34"
"06632017";"Ronshausen";"Gemeinden";"0,00";;;"0,00";
"06632018";"Rotenburg a. d. Fulda, Stadt";"Gemeinden";"19,50";"29,24";"24,06";"14,30";"25,99"
"06632019";"Schenklengsfeld";"Gemeinden";"0,00";;"4,24";"3,88";"4,00"
"06632020";"Wildeck";"Gemeinden";"7,21";"8,31";"9,15";"8,68";"9,42"
"06633001";"Ahnatal";"Gemeinden";"0,00";;;"0,00";"0,00"
"06633002";"Bad Karlshafen, Stadt";"Gemeinden";"40,83";"41,60";"42,04";"29,27";"39,64"
"06633003";"Baunatal, Stadt";"Gemeinden";"3,01";"3,60";"4,44";"2,43";"4,18"
"06633004";"Breuna";"Gemeinden";"0,00";"2,02";;"0,00";
"06633005";"Calden";"Gemeinden";"0,00";;;"0,00";
"06633006";"Bad Emstal";"Gemeinden";"3,67";"4,17";"6,85";"4,61";"7,29"
"06633007";"Espenau";"Gemeinden";"0,00";;;"0,00";
"06633008";"Fuldabrück";"Gemeinden";"0,00";;;"0,00";
"06633009";"Fuldatal";"Gemeinden";"2,01";"1,62";"2,26";"1,43";"2,21"
"06633010";"Grebenstein, Stadt";"Gemeinden";"0,00";;;"0,00";
"06633011";"Habichtswald";"Gemeinden";"0,00";;;"0,00";
"06633012";"Helsa";"Gemeinden";"0,00";;;"0,00";
"06633013";"Hofgeismar, Stadt";"Gemeinden";"5,05";"5,03";"4,23";"2,99";"5,47"
"06633014";"Immenhausen, Stadt";"Gemeinden";"2,23";"3,46";;"0,74";
"06633015";"Kaufungen";"Gemeinden";"0,81";"1,02";"1,73";"0,98";"1,32"
"06633016";"Liebenau, Stadt";"Gemeinden";"0,00";;;"0,00";
"06633017";"Lohfelden";"Gemeinden";"4,35";"4,94";"5,92";"2,98";"3,90"
"06633018";"Naumburg, Stadt";"Gemeinden";"7,96";"6,77";"6,42";"4,50";"7,00"
"06633019";"Nieste";"Gemeinden";"0,00";;;"0,00";
"06633020";"Niestetal";"Gemeinden";"1,28";;;"0,00";"1,04"
"06633022";"Reinhardshagen";"Gemeinden";"0,83";"0,90";;"0,00";
"06633023";"Schauenburg";"Gemeinden";"1,27";"1,17";"1,24";"0,90";"1,14"
"06633024";"Söhrewald";"Gemeinden";"0,00";;;"0,00";
"06633025";"Trendelburg, Stadt";"Gemeinden";"7,16";"8,34";"8,10";"5,41";"7,04"
"06633026";"Vellmar, Stadt";"Gemeinden";"0,00";;;"0,00";"0,00"
"06633028";"Wolfhagen, Hans-Staden-Stadt";"Gemeinden";"1,36";"2,09";"1,48";"1,32";"1,52"
"06633029";"Zierenberg, Stadt";"Gemeinden";"0,67";"1,91";"1,88";"0,00";
"06633030";"Wesertal";"Gemeinden";"0,00";;;"8,34";"12,11"
"06633200";"Gutsbezirk Reinhardswald, gemfr. Gebiet";"Gemeinden";"0,00";;;;
"06634001";"Borken (Hessen), Stadt";"Gemeinden";"0,65";"0,72";;"0,00";
"06634002";"Edermünde";"Gemeinden";"0,61";"0,55";"0,50";"0,37";"0,45"
"06634003";"Felsberg, Stadt";"Gemeinden";"0,79";"0,95";"1,34";"0,66";"1,11"
"06634004";"Frielendorf, Marktflecken";"Gemeinden";"0,00";"7,17";"7,41";"4,23";"6,04"
"06634005";"Fritzlar, Dom- und Kaiserstadt";"Gemeinden";"1,37";"1,66";"1,82";"1,27";"1,56"
"06634006";"Gilserberg";"Gemeinden";"0,00";;;"0,00";
"06634007";"Gudensberg, Stadt";"Gemeinden";"0,53";;;"0,00";
"06634008";"Guxhagen";"Gemeinden";"4,05";"4,70";"5,02";"3,62";"9,07"
"06634009";"Homberg (Efze), Reformationsstadt, Kreisstadt";"Gemeinden";"1,74";"1,49";"1,05";"1,02";"1,25"
"06634010";"Jesberg";"Gemeinden";"0,00";;"0,82";"0,00";
"06634011";"Knüllwald";"Gemeinden";"8,39";"8,42";"10,12";"6,52";"10,32"
"06634012";"Körle";"Gemeinden";"0,00";;;"0,00";"0,00"
"06634013";"Malsfeld";"Gemeinden";"3,52";;;"0,00";
"06634014";"Melsungen, Stadt";"Gemeinden";"3,46";"2,92";"4,86";"2,19";"4,01"
"06634015";"Morschen";"Gemeinden";"0,00";"5,28";"10,21";"4,29";"8,47"
"06634016";"Neuental";"Gemeinden";"0,00";;;"0,00";
"06634017";"Neukirchen, Stadt";"Gemeinden";"3,27";"3,69";"5,81";"3,33";"5,45"
"06634018";"Niedenstein, Stadt";"Gemeinden";"3,10";"1,91";"1,09";"0,00";
"06634019";"Oberaula";"Gemeinden";"0,00";"10,33";;"0,00";
"06634020";"Ottrau";"Gemeinden";"0,00";;;"0,00";
"06634021";"Schrecksbach";"Gemeinden";"0,00";;;"0,00";"0,00"
"06634022";"Schwalmstadt, Konfirmationsstadt";"Gemeinden";"0,57";"0,61";"0,61";"1,11";"1,24"
"06634023";"Schwarzenborn, Stadt";"Gemeinden";"18,33";;;"0,00";
"06634024";"Spangenberg, Liebenbachstadt";"Gemeinden";"0,00";;;"1,06";"1,95"
"06634025";"Wabern";"Gemeinden";"0,00";;;"0,00";
"06634026";"Willingshausen";"Gemeinden";"0,00";"0,88";"1,43";"1,07";"1,23"
"06634027";"Bad Zwesten";"Gemeinden";"55,62";"58,38";"62,04";"46,25";"41,45"
"06635001";"Allendorf (Eder)";"Gemeinden";"0,00";;;"0,00";"0,00"
"06635002";"Bad Arolsen, Stadt";"Gemeinden";"7,89";"7,66";"8,58";"5,48";"6,81"
"06635003";"Bad Wildungen, Stadt";"Gemeinden";"84,22";"83,95";"84,07";"64,99";"76,42"
"06635004";"Battenberg (Eder), Stadt";"Gemeinden";"3,89";"4,13";"4,10";"2,38";"4,03"
"06635006";"Burgwald";"Gemeinden";"0,58";;;"0,00";
"06635007";"Diemelsee";"Gemeinden";"15,47";"14,83";"16,29";"12,36";"19,25"
"06635008";"Diemelstadt, Stadt";"Gemeinden";"1,70";"2,43";"3,32";"0,00";
"06635009";"Edertal, Nationalparkgemeinde";"Gemeinden";"16,64";"12,19";"12,56";"11,82";"14,98"
"06635010";"Frankenau, Nationalparkstadt";"Gemeinden";"22,73";"8,32";"8,23";"3,40";"3,51"
"06635011";"Frankenberg (Eder), Philipp-Soldan-Stadt";"Gemeinden";"1,79";"1,96";"2,11";"1,31";"2,05"
"06635012";"Gemünden (Wohra), Stadt";"Gemeinden";"0,83";;;"0,00";
"06635013";"Haina (Kloster)";"Gemeinden";"0,00";;;"0,00";
"06635014";"Hatzfeld (Eder), Stadt";"Gemeinden";"0,47";;;"0,00";
"06635015";"Korbach, Hansestadt, Kreisstadt";"Gemeinden";"1,49";"2,01";"2,06";"1,40";"2,37"
"06635016";"Lichtenfels, Stadt";"Gemeinden";"5,85";"5,28";"5,10";"2,85";"5,35"
"06635017";"Rosenthal, Stadt";"Gemeinden";"0,00";;;"0,00";
"06635018";"Twistetal";"Gemeinden";"1,03";;;"0,00";
"06635019";"Vöhl, Nationalparkgemeinde";"Gemeinden";"34,37";"37,70";"39,00";"29,54";"42,58"
"06635020";"Volkmarsen, Stadt";"Gemeinden";"0,00";;;"0,00";
"06635021";"Waldeck, Nationalparkstadt";"Gemeinden";"16,28";"18,00";"19,57";"14,08";"18,13"
"06635022";"Willingen (Upland)";"Gemeinden";"156,79";"168,68";"172,83";"87,39";"184,06"
"06636001";"Bad Sooden-Allendorf, Stadt";"Gemeinden";"50,71";"51,03";"48,30";"33,60";"42,85"
"06636002";"Berkatal";"Gemeinden";"0,00";;;"0,00";
"06636003";"Eschwege, Kreisstadt";"Gemeinden";"3,48";"3,22";"3,75";"2,21";"3,79"
"06636004";"Großalmerode, Stadt";"Gemeinden";"3,06";"3,63";"3,60";"2,25";"4,07"
"06636005";"Herleshausen";"Gemeinden";"4,32";"4,63";"2,57";"1,93";"2,42"
"06636006";"Hessisch Lichtenau, Stadt";"Gemeinden";"3,08";"2,81";"2,38";"1,19";"1,91"
"06636007";"Meinhard";"Gemeinden";"2,86";"5,18";"6,50";"4,67";"5,15"
"06636008";"Meißner";"Gemeinden";"5,72";"5,12";"5,68";"2,42";"6,23"
"06636009";"Neu-Eichenberg";"Gemeinden";"0,00";;;"0,00";
"06636010";"Ringgau";"Gemeinden";"0,00";;;"0,00";
"06636011";"Sontra, Stadt";"Gemeinden";"1,81";"1,94";"1,26";"1,09";"0,94"
"06636012";"Waldkappel, Stadt";"Gemeinden";"0,00";;;"0,00";
"06636013";"Wanfried, Stadt";"Gemeinden";"1,73";"1,82";"2,51";"2,33";"3,12"
"06636014";"Wehretal";"Gemeinden";"0,00";;;"0,00";
"06636015";"Weißenborn";"Gemeinden";"0,00";;;"0,00";"0,00"
"06636016";"Witzenhausen, Stadt";"Gemeinden";"5,97";"6,49";"6,43";"3,52";"6,10"
"06636200";"Gutsbezirk Kaufunger Wald, gemfr. Gebiet";"Gemeinden";"0,00";;;;
"07111000";"Koblenz, Stadt";"Gemeinden";"4,66";"5,64";"6,03";"4,77";"7,86"
"07131001";"Adenau, Stadt";"Gemeinden";"8,98";"10,63";"9,30";"0,00";
"07131002";"Ahrbrück";"Gemeinden";"0,00";;;"0,00";
"07131003";"Altenahr";"Gemeinden";"58,00";"55,57";;"10,12";"16,90"
"07131004";"Antweiler";"Gemeinden";"0,00";;;"0,00";
"07131005";"Aremberg";"Gemeinden";"0,00";;;"0,00";
"07131006";"Bad Breisig, Stadt";"Gemeinden";"0,00";;;"0,00";
"07131007";"Bad Neuenahr-Ahrweiler, Stadt";"Gemeinden";"25,42";"28,50";"25,07";"6,98";"10,58"
"07131008";"Barweiler";"Gemeinden";"18,91";"21,18";;"0,00";"32,34"
"07131009";"Bauler";"Gemeinden";"0,00";;;"0,00";"0,00"
"07131011";"Berg";"Gemeinden";"0,00";;;"0,00";
"07131014";"Brohl-Lützing";"Gemeinden";"0,00";;;"0,00";
"07131015";"Dankerath";"Gemeinden";"0,00";;;"0,00";"0,00"
"07131016";"Dedenbach";"Gemeinden";"0,00";;;"0,00";
"07131017";"Dernau";"Gemeinden";"2,84";"2,89";;"0,19";
"07131018";"Dorsel";"Gemeinden";"0,00";;;"0,00";"0,00"
"07131021";"Eichenbach";"Gemeinden";"0,00";;;"0,00";
"07131022";"Fuchshofen";"Gemeinden";"0,00";;;"0,00";
"07131025";"Gönnersdorf";"Gemeinden";"0,00";;;"0,00";"0,00"
"07131026";"Harscheid";"Gemeinden";"0,00";;;"0,00";"0,00"
"07131027";"Heckenbach";"Gemeinden";"0,00";;;"0,00";"0,00"
"07131028";"Herschbroich";"Gemeinden";"0,00";;;"0,00";
"07131029";"Hönningen";"Gemeinden";"0,00";;;"0,00";
"07131030";"Hoffeld";"Gemeinden";"0,00";;;"0,00";
"07131032";"Honerath";"Gemeinden";"0,00";;;"0,00";
"07131033";"Hümmel";"Gemeinden";"0,00";;;"0,00";"0,00"
"07131034";"Insul";"Gemeinden";"0,00";;;"0,00";
"07131036";"Kalenborn";"Gemeinden";"0,00";;;"0,00";
"07131037";"Kaltenborn";"Gemeinden";"0,00";;;"0,00";
"07131039";"Kesseling";"Gemeinden";"0,00";;;"0,00";
"07131040";"Kirchsahr";"Gemeinden";"0,00";;;"0,00";"0,00"
"07131041";"Königsfeld";"Gemeinden";"0,00";;;"0,00";"0,00"
"07131042";"Kottenborn";"Gemeinden";"0,00";;;"0,00";"0,00"
"07131044";"Leimbach";"Gemeinden";"0,00";;;"0,00";"0,00"
"07131047";"Lind";"Gemeinden";"0,00";;;"0,00";"0,00"
"07131049";"Mayschoß";"Gemeinden";"30,27";"27,81";;"5,18";"0,00"
"07131050";"Meuspath";"Gemeinden";"0,00";;;"0,00";
"07131051";"Müllenbach";"Gemeinden";"0,00";;;"0,00";
"07131052";"Müsch";"Gemeinden";"0,00";;;"0,00";
"07131054";"Niederdürenbach";"Gemeinden";"0,00";;;"0,00";
"07131055";"Niederzissen";"Gemeinden";"0,00";;;"0,00";
"07131058";"Nürburg";"Gemeinden";"610,21";"714,26";"796,20";"0,00";
"07131059";"Oberdürenbach";"Gemeinden";"0,00";;;"0,00";
"07131060";"Oberzissen";"Gemeinden";"0,00";;;"0,00";"0,00"
"07131062";"Ohlenhard";"Gemeinden";"0,00";;;"0,00";"0,00"
"07131065";"Pomster";"Gemeinden";"0,00";;;"0,00";"0,00"
"07131066";"Quiddelbach";"Gemeinden";"0,00";;;"0,00";"0,00"
"07131068";"Rech";"Gemeinden";"29,04";"23,29";"25,89";"2,24";"7,95"
"07131069";"Reifferscheid";"Gemeinden";"0,00";;;"0,00";"0,00"
"07131070";"Remagen, Stadt";"Gemeinden";"2,65";"3,28";"3,48";"4,14";"6,70"
"07131072";"Rodder";"Gemeinden";"0,00";;;"0,00";
"07131073";"Schalkenbach";"Gemeinden";"0,00";;;"0,00";"0,00"
"07131074";"Schuld";"Gemeinden";"4,09";;;"0,00";
"07131075";"Senscheid";"Gemeinden";"0,00";;;"0,00";"0,00"
"07131076";"Sierscheid";"Gemeinden";"0,00";;;"0,00";"0,00"
"07131077";"Sinzig, Stadt";"Gemeinden";"0,44";"1,37";;"0,00";"0,55"
"07131079";"Trierscheid";"Gemeinden";"0,00";;;"0,00";"0,00"
"07131081";"Waldorf";"Gemeinden";"0,00";;;"0,00";"0,00"
"07131082";"Wershofen";"Gemeinden";"0,00";;;"0,00";
"07131083";"Wiesemscheid";"Gemeinden";"58,65";;;"37,31";
"07131084";"Wimbach";"Gemeinden";"0,00";;;"0,00";
"07131085";"Winnerath";"Gemeinden";"0,00";;;"0,00";"0,00"
"07131086";"Wirft";"Gemeinden";"0,00";;;"0,00";"0,00"
"07131090";"Grafschaft";"Gemeinden";"0,00";;;"0,00";"0,00"
"07131201";"Brenk";"Gemeinden";"0,00";;;"0,00";
"07131202";"Burgbrohl";"Gemeinden";"0,00";"1,94";;"0,00";
"07131204";"Galenberg";"Gemeinden";"0,00";;;"0,00";"0,00"
"07131205";"Glees";"Gemeinden";"34,07";;;"0,00";
"07131206";"Hohenleimbach";"Gemeinden";"0,00";;;"0,00";
"07131208";"Spessart";"Gemeinden";"0,00";;;"0,00";
"07131209";"Wassenach";"Gemeinden";"0,00";;;"0,00";"0,00"
"07131210";"Wehr";"Gemeinden";"0,00";;;"0,00";"0,00"
"07131211";"Weibern";"Gemeinden";"0,00";;;"0,00";
"07131501";"Dümpelfeld";"Gemeinden";"0,00";;;"0,00";"0,00"
"07131502";"Kempenich";"Gemeinden";"0,00";"0,97";"1,51";"0,00";
"07132001";"Almersbach";"Gemeinden";"0,00";;;"0,00";"0,00"
"07132002";"Alsdorf";"Gemeinden";"0,00";;;"0,00";"0,00"
"07132004";"Bachenberg";"Gemeinden";"0,00";;;"0,00";"0,00"
"07132005";"Berzhausen";"Gemeinden";"0,00";;;"0,00";"0,00"
"07132006";"Betzdorf, Stadt";"Gemeinden";"0,64";"0,70";;"0,00";
"07132007";"Birkenbeul";"Gemeinden";"0,00";;;"0,00";"0,00"
"07132008";"Birken-Honigsessen";"Gemeinden";"0,00";;;"0,00";"0,00"
"07132009";"Birnbach";"Gemeinden";"0,00";;;"0,00";"0,00"
"07132010";"Bitzen";"Gemeinden";"0,00";;;"0,00";"0,00"
"07132011";"Mittelhof";"Gemeinden";"0,00";;;"0,00";
"07132012";"Brachbach";"Gemeinden";"0,00";;;"0,00";"0,00"
"07132013";"Breitscheidt";"Gemeinden";"0,00";;;"0,00";"0,00"
"07132014";"Bruchertseifen";"Gemeinden";"0,00";;;"0,00";"0,00"
"07132015";"Bürdenbach";"Gemeinden";"0,00";;;"0,00";
"07132016";"Burglahr";"Gemeinden";"0,00";;;"0,00";
"07132017";"Busenhausen";"Gemeinden";"0,00";;;"0,00";"0,00"
"07132018";"Daaden, Stadt";"Gemeinden";"0,00";;;"0,00";
"07132019";"Derschen";"Gemeinden";"0,00";;;"0,00";"0,00"
"07132020";"Dickendorf";"Gemeinden";"0,00";;;"0,00";"0,00"
"07132022";"Eichelhardt";"Gemeinden";"0,00";;;"0,00";"0,00"
"07132023";"Eichen";"Gemeinden";"0,00";;;"0,00";"0,00"
"07132024";"Elben";"Gemeinden";"0,00";;;"0,00";"0,00"
"07132025";"Elkenroth";"Gemeinden";"0,00";;;"0,00";
"07132026";"Emmerzhausen";"Gemeinden";"0,00";;;"0,00";"0,00"
"07132027";"Ersfeld";"Gemeinden";"0,00";;;"0,00";"0,00"
"07132028";"Etzbach";"Gemeinden";"0,00";;;"0,00";"0,00"
"07132029";"Eulenberg";"Gemeinden";"0,00";;;"0,00";"0,00"
"07132030";"Fensdorf";"Gemeinden";"0,00";;;"0,00";"0,00"
"07132031";"Fiersbach";"Gemeinden";"0,00";;;"0,00";"0,00"
"07132032";"Flammersfeld";"Gemeinden";"0,00";;;"0,00";"0,00"
"07132033";"Fluterschen";"Gemeinden";"0,00";;;"0,00";"0,00"
"07132034";"Forst";"Gemeinden";"0,00";;;"0,00";"0,00"
"07132035";"Forstmehren";"Gemeinden";"0,00";;;"0,00";"0,00"
"07132036";"Friedewald";"Gemeinden";"0,00";;;"0,00";"0,00"
"07132037";"Friesenhagen";"Gemeinden";"0,00";;;"0,00";
"07132038";"Fürthen";"Gemeinden";"0,00";;;"0,00";"0,00"
"07132039";"Gebhardshain";"Gemeinden";"0,00";;;"0,00";"0,00"
"07132040";"Gieleroth";"Gemeinden";"0,00";;;"0,00";"0,00"
"07132041";"Giershausen";"Gemeinden";"0,00";;;"0,00";"0,00"
"07132042";"Grünebach";"Gemeinden";"0,00";;;"0,00";"0,00"
"07132043";"Güllesheim";"Gemeinden";"0,00";;;"0,00";"0,00"
"07132044";"Hamm (Sieg), Raiffeisengemeinde";"Gemeinden";"0,00";;;"0,00";
"07132045";"Harbach";"Gemeinden";"0,00";;;"0,00";"0,00"
"07132046";"Hasselbach";"Gemeinden";"0,00";;;"0,00";"0,00"
"07132047";"Helmenzen";"Gemeinden";"0,00";;;"0,00";
"07132048";"Helmeroth";"Gemeinden";"0,00";;;"0,00";
"07132049";"Hemmelzen";"Gemeinden";"0,00";;;"0,00";
"07132050";"Herdorf, Stadt";"Gemeinden";"0,00";"1,25";;"0,00";
"07132051";"Heupelzen";"Gemeinden";"0,00";;;"0,00";"0,00"
"07132052";"Hilgenroth";"Gemeinden";"0,00";;;"0,00";"0,00"
"07132053";"Hirz-Maulsbach";"Gemeinden";"0,00";;;"0,00";"0,00"
"07132054";"Hövels";"Gemeinden";"0,00";;;"0,00";
"07132055";"Horhausen (Westerwald)";"Gemeinden";"0,00";;;"0,00";
"07132056";"Idelberg";"Gemeinden";"0,00";;;"0,00";"0,00"
"07132057";"Ingelbach";"Gemeinden";"0,00";;;"0,00";"0,00"
"07132058";"Isert";"Gemeinden";"0,00";;;"0,00";"0,00"
"07132059";"Kausen";"Gemeinden";"0,00";;;"0,00";"0,00"
"07132060";"Kescheid";"Gemeinden";"0,00";;;"0,00";
"07132061";"Kettenhausen";"Gemeinden";"0,00";;;"0,00";"0,00"
"07132062";"Kircheib";"Gemeinden";"0,00";;;"0,00";
"07132063";"Kirchen (Sieg), Stadt";"Gemeinden";"0,00";;;"0,00";
"07132064";"Kraam";"Gemeinden";"0,00";;;"0,00";"0,00"
"07132065";"Krunkel";"Gemeinden";"0,00";;;"0,00";"0,00"
"07132066";"Malberg";"Gemeinden";"0,00";;;"0,00";"0,00"
"07132067";"Mammelzen";"Gemeinden";"0,00";;;"0,00";"0,00"
"07132068";"Mauden";"Gemeinden";"0,00";;;"0,00";"0,00"
"07132069";"Mehren";"Gemeinden";"0,00";;;"0,00";"0,00"
"07132070";"Michelbach (Westerwald)";"Gemeinden";"0,00";;;"0,00";"0,00"
"07132071";"Molzhain";"Gemeinden";"0,00";;;"0,00";"0,00"
"07132072";"Mudersbach";"Gemeinden";"0,00";;;"0,00";"0,00"
"07132073";"Nauroth";"Gemeinden";"0,00";;;"0,00";"0,00"
"07132075";"Niederdreisbach";"Gemeinden";"0,00";;;"0,00";"0,00"
"07132076";"Niederfischbach";"Gemeinden";"0,00";;;"0,00";"0,00"
"07132077";"Niederirsen";"Gemeinden";"0,00";;;"0,00";"0,00"
"07132078";"Niedersteinebach";"Gemeinden";"0,00";;;"0,00";"0,00"
"07132079";"Nisterberg";"Gemeinden";"0,00";;;"0,00";"0,00"
"07132080";"Katzwinkel (Sieg)";"Gemeinden";"0,00";;;"0,00";
"07132081";"Obererbach (Westerwald)";"Gemeinden";"0,00";;;"0,00";"0,00"
"07132082";"Oberirsen";"Gemeinden";"0,00";;;"0,00";"0,00"
"07132083";"Oberlahr";"Gemeinden";"0,00";;;"0,00";"0,00"
"07132085";"Obersteinebach";"Gemeinden";"0,00";;;"0,00";
"07132086";"Oberwambach";"Gemeinden";"0,00";;;"0,00";"0,00"
"07132087";"Ölsen";"Gemeinden";"0,00";;;"0,00";"0,00"
"07132088";"Orfgen";"Gemeinden";"0,00";;;"0,00";"0,00"
"07132089";"Peterslahr";"Gemeinden";"0,00";;;"0,00";"0,00"
"07132090";"Pleckhausen";"Gemeinden";"0,00";;;"0,00";"0,00"
"07132091";"Pracht";"Gemeinden";"0,00";;;"0,00";
"07132092";"Racksen";"Gemeinden";"0,00";;;"0,00";"0,00"
"07132093";"Reiferscheid";"Gemeinden";"0,00";;;"0,00";"0,00"
"07132094";"Rettersen";"Gemeinden";"0,00";;;"0,00";"0,00"
"07132095";"Rosenheim (Landkreis Altenkirchen)";"Gemeinden";"0,00";;;"0,00";"0,00"
"07132096";"Roth";"Gemeinden";"0,00";;;"0,00";"0,00"
"07132097";"Rott";"Gemeinden";"0,00";;;"0,00";
"07132098";"Scheuerfeld";"Gemeinden";"0,00";;;"0,00";"0,00"
"07132099";"Schöneberg";"Gemeinden";"0,00";;;"0,00";"0,00"
"07132100";"Schürdt";"Gemeinden";"0,00";;;"0,00";"0,00"
"07132101";"Schutzbach";"Gemeinden";"0,00";;;"0,00";"0,00"
"07132102";"Seelbach bei Hamm (Sieg)";"Gemeinden";"0,00";;;"9,40";"16,46"
"07132103";"Seelbach (Westerwald)";"Gemeinden";"0,00";;;"0,00";"0,00"
"07132104";"Seifen";"Gemeinden";"0,00";;;"0,00";"0,00"
"07132105";"Selbach (Sieg)";"Gemeinden";"0,00";;;"0,00";"0,00"
"07132106";"Sörth";"Gemeinden";"0,00";;;"0,00";"0,00"
"07132107";"Steinebach/ Sieg";"Gemeinden";"0,00";;;"0,00";"0,00"
"07132108";"Steineroth";"Gemeinden";"0,00";;;"0,00";"0,00"
"07132109";"Stürzelbach";"Gemeinden";"0,00";;;"0,00";"0,00"
"07132110";"Volkerzen";"Gemeinden";"0,00";;;"0,00";"0,00"
"07132111";"Wallmenroth";"Gemeinden";"0,00";;;"0,00";"0,00"
"07132112";"Walterschen";"Gemeinden";"0,00";;;"0,00";"0,00"
"07132113";"Weitefeld";"Gemeinden";"0,00";;;"0,00";"0,00"
"07132114";"Werkhausen";"Gemeinden";"0,00";;;"0,00";"0,00"
"07132115";"Weyerbusch";"Gemeinden";"0,00";;;"0,00";"0,00"
"07132116";"Willroth";"Gemeinden";"0,00";;;"0,00";"0,00"
"07132117";"Wissen, Stadt";"Gemeinden";"0,00";"0,98";;"0,00";
"07132118";"Wölmersen";"Gemeinden";"0,00";;;"0,00";
"07132119";"Ziegenhain";"Gemeinden";"0,00";;;"0,00";"0,00"
"07132201";"Berod bei Hachenburg";"Gemeinden";"0,00";;;"0,00";"0,00"
"07132501";"Altenkirchen (Westerwald), Stadt";"Gemeinden";"3,31";"4,16";;"0,00";
"07132502";"Neitersen";"Gemeinden";"0,00";;;"0,00";"0,00"
"07133001";"Abtweiler";"Gemeinden";"0,00";;;"0,00";"0,00"
"07133002";"Allenfeld";"Gemeinden";"0,00";;;"0,00";"0,00"
"07133003";"Altenbamberg";"Gemeinden";"0,00";;;"0,00";"0,00"
"07133004";"Argenschwang";"Gemeinden";"0,00";;;"0,00";"0,00"
"07133005";"Auen";"Gemeinden";"0,00";;;"0,00";
"07133006";"Bad Kreuznach, Stadt";"Gemeinden";"8,97";"8,66";"12,33";"9,57";"11,77"
"07133008";"Bärenbach";"Gemeinden";"0,00";;;"0,00";"0,00"
"07133009";"Bärweiler";"Gemeinden";"0,00";;;"0,00";"0,00"
"07133010";"Becherbach bei Kirn";"Gemeinden";"0,00";;;"0,00";"0,00"
"07133011";"Becherbach";"Gemeinden";"0,00";;;"0,00";"0,00"
"07133012";"Biebelsheim";"Gemeinden";"0,00";;;"0,00";"0,00"
"07133013";"Bockenau";"Gemeinden";"0,00";;;"0,00";"0,00"
"07133014";"Boos";"Gemeinden";"0,00";;;"0,00";"0,00"
"07133015";"Braunweiler";"Gemeinden";"0,00";;;"0,00";"0,00"
"07133016";"Brauweiler";"Gemeinden";"0,00";;;"0,00";"0,00"
"07133017";"Breitenheim";"Gemeinden";"0,00";;;"0,00";"0,00"
"07133018";"Bretzenheim";"Gemeinden";"0,00";"3,15";"4,96";"2,35";
"07133019";"Burgsponheim";"Gemeinden";"0,00";;;"0,00";"0,00"
"07133020";"Callbach";"Gemeinden";"0,00";;;"0,00";"0,00"
"07133021";"Dalberg";"Gemeinden";"0,00";;;"0,00";"0,00"
"07133022";"Daubach";"Gemeinden";"0,00";;;"0,00";"0,00"
"07133023";"Daxweiler";"Gemeinden";"0,00";;;"0,00";"0,00"
"07133024";"Desloch";"Gemeinden";"0,00";;;"0,00";"0,00"
"07133025";"Dörrebach";"Gemeinden";"0,00";;;"0,00";"0,00"
"07133026";"Dorsheim";"Gemeinden";"0,00";;;"0,00";
"07133027";"Duchroth";"Gemeinden";"0,00";;;"0,00";"0,00"
"07133028";"Eckenroth";"Gemeinden";"0,00";;;"0,00";"0,00"
"07133030";"Feilbingert";"Gemeinden";"0,00";;;"0,00";
"07133031";"Frei-Laubersheim";"Gemeinden";"0,00";"0,00";;"0,00";"0,00"
"07133032";"Fürfeld";"Gemeinden";"0,00";;;"0,00";"0,00"
"07133033";"Gebroth";"Gemeinden";"0,00";;;"0,00";
"07133035";"Guldental";"Gemeinden";"0,00";"3,02";;"7,27";
"07133036";"Gutenberg";"Gemeinden";"0,00";;;"0,00";"0,00"
"07133037";"Hackenheim";"Gemeinden";"0,00";;"2,31";"0,00";
"07133038";"Hahnenbach";"Gemeinden";"0,00";;;"0,00";"0,00"
"07133039";"Hallgarten";"Gemeinden";"0,00";;;"0,00";"0,00"
"07133040";"Hargesheim";"Gemeinden";"0,00";;;"0,00";"0,00"
"07133041";"Heimweiler";"Gemeinden";"0,00";;;"0,00";"0,00"
"07133042";"Heinzenberg";"Gemeinden";"0,00";;;"0,00";"0,00"
"07133043";"Hennweiler";"Gemeinden";"0,00";;;"0,00";"0,00"
"07133044";"Hergenfeld";"Gemeinden";"0,00";;;"0,00";"0,00"
"07133045";"Hochstätten";"Gemeinden";"0,00";;;"0,00";"0,00"
"07133046";"Hochstetten-Dhaun";"Gemeinden";"0,00";;;"0,00";
"07133047";"Horbach";"Gemeinden";"0,00";;;"0,00";"0,00"
"07133048";"Hüffelsheim";"Gemeinden";"0,00";;;"0,00";
"07133049";"Hundsbach";"Gemeinden";"0,00";;;"0,00";"0,00"
"07133050";"Ippenschied";"Gemeinden";"0,00";;;"0,00";"0,00"
"07133051";"Jeckenbach";"Gemeinden";"0,00";;;"0,00";"0,00"
"07133052";"Kirn, Stadt";"Gemeinden";"0,76";"0,75";;"0,00";
"07133053";"Kirschroth";"Gemeinden";"0,00";;;"0,00";"0,00"
"07133054";"Langenlonsheim";"Gemeinden";"1,02";;"1,53";"0,00";"2,79"
"07133055";"Langenthal";"Gemeinden";"0,00";;;"0,00";"0,00"
"07133056";"Laubenheim";"Gemeinden";"0,00";;;"0,00";
"07133057";"Lauschied";"Gemeinden";"0,00";;;"0,00";"0,00"
"07133058";"Lettweiler";"Gemeinden";"0,00";;;"0,00";"0,00"
"07133059";"Limbach";"Gemeinden";"0,00";;;"0,00";"0,00"
"07133060";"Löllbach";"Gemeinden";"0,00";;;"0,00";"0,00"
"07133061";"Mandel";"Gemeinden";"0,00";;;"0,00";"0,00"
"07133062";"Martinstein";"Gemeinden";"0,00";;;"0,00";
"07133063";"Meckenbach";"Gemeinden";"0,00";;;"0,00";"0,00"
"07133064";"Meddersheim";"Gemeinden";"0,00";;;"0,00";
"07133065";"Meisenheim, Stadt";"Gemeinden";"3,27";"1,79";;"3,85";"5,02"
"07133066";"Merxheim";"Gemeinden";"0,00";;;"0,00";"0,00"
"07133067";"Monzingen";"Gemeinden";"0,00";;;"0,00";
"07133068";"Münchwald";"Gemeinden";"0,00";;;"0,00";
"07133069";"Neu-Bamberg";"Gemeinden";"0,00";;;"0,00";"0,00"
"07133070";"Niederhausen";"Gemeinden";"0,00";;;"0,00";
"07133071";"Norheim";"Gemeinden";"0,00";;;"0,00";"0,00"
"07133072";"Nußbaum";"Gemeinden";"0,00";;;"0,00";
"07133073";"Oberhausen bei Kirn";"Gemeinden";"0,00";;;"0,00";
"07133074";"Oberhausen an der Nahe";"Gemeinden";"0,00";;;"0,00";
"07133075";"Oberstreit";"Gemeinden";"0,00";;;"0,00";"0,00"
"07133076";"Odernheim am Glan";"Gemeinden";"0,00";;;"0,00";
"07133077";"Otzweiler";"Gemeinden";"0,00";;;"0,00";"0,00"
"07133078";"Pfaffen-Schwabenheim";"Gemeinden";"0,00";;;"0,00";"0,00"
"07133080";"Pleitersheim";"Gemeinden";"0,00";;;"0,00";"0,00"
"07133081";"Raumbach";"Gemeinden";"0,00";;;"0,00";"0,00"
"07133082";"Rehbach";"Gemeinden";"0,00";;;"0,00";"0,00"
"07133083";"Rehborn";"Gemeinden";"0,00";;;"0,00";"0,00"
"07133084";"Reiffelbach";"Gemeinden";"0,00";;;"0,00";"0,00"
"07133085";"Roth";"Gemeinden";"0,00";;;"0,00";"0,00"
"07133086";"Roxheim";"Gemeinden";"0,00";;;"0,00";"0,00"
"07133087";"Rümmelsheim";"Gemeinden";"0,00";;;"0,00";"0,00"
"07133088";"Sankt Katharinen";"Gemeinden";"0,00";;;"0,00";"0,00"
"07133089";"Schloßböckelheim";"Gemeinden";"0,00";;;"0,00";
"07133090";"Schmittweiler";"Gemeinden";"0,00";;;"0,00";"0,00"
"07133091";"Schöneberg";"Gemeinden";"0,00";;;"0,00";"0,00"
"07133092";"Schweinschied";"Gemeinden";"0,00";;;"0,00";"0,00"
"07133093";"Schweppenhausen";"Gemeinden";"0,00";;;"0,00";
"07133094";"Seesbach";"Gemeinden";"0,00";;;"0,00";"0,00"
"07133095";"Seibersbach";"Gemeinden";"0,00";;;"0,00";"0,00"
"07133096";"Simmertal";"Gemeinden";"0,00";;;"0,00";
"07133098";"Sommerloch";"Gemeinden";"0,00";;;"0,00";"0,00"
"07133099";"Spabrücken";"Gemeinden";"0,00";;;"0,00";
"07133100";"Spall";"Gemeinden";"0,00";;;"0,00";"0,00"
"07133101";"Sponheim";"Gemeinden";"0,00";;;"0,00";"0,00"
"07133102";"Staudernheim";"Gemeinden";"0,00";;;"0,00";"0,00"
"07133103";"Stromberg, Stadt";"Gemeinden";"36,00";;;"0,00";
"07133104";"Tiefenthal";"Gemeinden";"0,00";;;"0,00";"0,00"
"07133105";"Traisen";"Gemeinden";"0,00";;;"0,00";"0,00"
"07133106";"Volxheim";"Gemeinden";"0,00";;;"0,00";"0,00"
"07133107";"Waldböckelheim";"Gemeinden";"0,00";;;"0,00";
"07133108";"Waldlaubersheim";"Gemeinden";"0,00";;;"0,00";
"07133109";"Wallhausen";"Gemeinden";"0,00";;;"0,00";
"07133110";"Warmsroth";"Gemeinden";"0,00";;;"0,00";"0,00"
"07133111";"Weiler bei Monzingen";"Gemeinden";"0,00";;;"0,00";
"07133112";"Weinsheim";"Gemeinden";"0,00";;;"0,00";"0,00"
"07133113";"Weitersborn";"Gemeinden";"0,00";;;"0,00";"0,00"
"07133114";"Windesheim";"Gemeinden";"0,00";;;"0,00";
"07133115";"Winterbach";"Gemeinden";"0,00";;;"0,00";"0,00"
"07133116";"Winterburg";"Gemeinden";"0,00";;;"0,00";
"07133117";"Rüdesheim";"Gemeinden";"0,00";;;"0,00";
"07133201";"Bruschied";"Gemeinden";"0,00";;;"0,00";"0,00"
"07133202";"Kellenbach";"Gemeinden";"0,00";;;"0,00";"0,00"
"07133203";"Königsau";"Gemeinden";"0,00";;;"0,00";"0,00"
"07133204";"Schneppenbach";"Gemeinden";"0,00";;;"0,00";
"07133205";"Schwarzerden";"Gemeinden";"0,00";;;"0,00";"0,00"
"07133501";"Bad Sobernheim, Stadt";"Gemeinden";"20,56";"19,59";"22,90";"0,00";"21,80"
"07134001";"Abentheuer";"Gemeinden";"0,00";;;"0,00";"0,00"
"07134002";"Achtelsbach";"Gemeinden";"0,00";;;"0,00";
"07134003";"Allenbach";"Gemeinden";"0,00";;;"0,00";
"07134004";"Asbach";"Gemeinden";"0,00";;;"0,00";"0,00"
"07134005";"Baumholder, Stadt";"Gemeinden";"4,05";"1,97";;"2,49";
"07134006";"Bergen";"Gemeinden";"0,00";;;"0,00";"0,00"
"07134007";"Berglangenbach";"Gemeinden";"0,00";;;"0,00";"0,00"
"07134008";"Berschweiler bei Baumholder";"Gemeinden";"0,00";;;"0,00";"0,00"
"07134009";"Berschweiler bei Kirn";"Gemeinden";"0,00";;;"0,00";
"07134010";"Birkenfeld, Stadt";"Gemeinden";"0,00";"0,55";;"0,00";
"07134011";"Börfink";"Gemeinden";"0,00";;;"0,00";"0,00"
"07134012";"Bollenbach";"Gemeinden";"0,00";;;"0,00";"0,00"
"07134013";"Breitenthal";"Gemeinden";"0,00";;;"0,00";"0,00"
"07134014";"Bruchweiler";"Gemeinden";"0,00";;;"0,00";
"07134015";"Brücken";"Gemeinden";"0,00";;;"0,00";"0,00"
"07134016";"Buhlenberg";"Gemeinden";"0,00";;;"0,00";"0,00"
"07134017";"Bundenbach";"Gemeinden";"0,00";;;"0,00";
"07134018";"Dambach";"Gemeinden";"0,00";;;"0,00";"0,00"
"07134019";"Dickesbach";"Gemeinden";"0,00";;;"0,00";"0,00"
"07134020";"Dienstweiler";"Gemeinden";"0,00";;;"0,00";"0,00"
"07134021";"Eckersweiler";"Gemeinden";"0,00";;;"0,00";"0,00"
"07134022";"Elchweiler";"Gemeinden";"0,00";;;"0,00";"0,00"
"07134023";"Ellenberg";"Gemeinden";"0,00";;;"0,00";"0,00"
"07134024";"Ellweiler";"Gemeinden";"0,00";;;"0,00";"0,00"
"07134025";"Fischbach";"Gemeinden";"0,00";;;"0,00";
"07134026";"Fohren-Linden";"Gemeinden";"0,00";;;"0,00";"0,00"
"07134027";"Frauenberg";"Gemeinden";"0,00";;;"0,00";"0,00"
"07134028";"Gerach";"Gemeinden";"0,00";;;"0,00";"0,00"
"07134029";"Gimbweiler";"Gemeinden";"0,00";;;"0,00";"0,00"
"07134030";"Gösenroth";"Gemeinden";"0,00";;;"0,00";"0,00"
"07134031";"Gollenberg";"Gemeinden";"0,00";;;"0,00";"0,00"
"07134032";"Griebelschied";"Gemeinden";"0,00";;;"0,00";"0,00"
"07134033";"Hahnweiler";"Gemeinden";"0,00";;;"0,00";"0,00"
"07134034";"Hattgenstein";"Gemeinden";"0,00";;;"0,00";
"07134035";"Hausen";"Gemeinden";"0,00";;;"0,00";"0,00"
"07134036";"Heimbach";"Gemeinden";"0,00";;;"0,00";"0,00"
"07134037";"Hellertshausen";"Gemeinden";"0,00";;;"0,00";"0,00"
"07134038";"Herborn";"Gemeinden";"0,00";;;"0,00";"0,00"
"07134039";"Herrstein";"Gemeinden";"0,00";;;"0,00";
"07134040";"Hettenrodt";"Gemeinden";"0,00";;;"0,00";"0,00"
"07134041";"Hintertiefenbach";"Gemeinden";"0,00";;;"0,00";"0,00"
"07134042";"Hoppstädten-Weiersbach";"Gemeinden";"0,00";;;"0,00";
"07134043";"Horbruch";"Gemeinden";"0,00";;;"0,00";
"07134044";"Hottenbach";"Gemeinden";"0,00";;;"0,00";"0,00"
"07134045";"Idar-Oberstein, Stadt";"Gemeinden";"2,10";"2,38";"2,70";"0,00";
"07134046";"Kempfeld";"Gemeinden";"0,00";;;"0,00";
"07134047";"Kirschweiler";"Gemeinden";"0,00";;;"0,00";"0,00"
"07134048";"Kronweiler";"Gemeinden";"0,00";;;"0,00";"0,00"
"07134049";"Krummenau";"Gemeinden";"0,00";;;"0,00";"0,00"
"07134050";"Leisel";"Gemeinden";"0,00";;;"0,00";
"07134051";"Leitzweiler";"Gemeinden";"0,00";;;"0,00";"0,00"
"07134052";"Mackenrodt";"Gemeinden";"0,00";;;"0,00";"0,00"
"07134053";"Meckenbach";"Gemeinden";"0,00";;;"0,00";"0,00"
"07134054";"Mettweiler";"Gemeinden";"0,00";;;"0,00";"0,00"
"07134055";"Mittelreidenbach";"Gemeinden";"0,00";;;"0,00";"0,00"
"07134056";"Mörschied";"Gemeinden";"0,00";;;"0,00";
"07134057";"Niederbrombach";"Gemeinden";"0,00";;;"0,00";"0,00"
"07134058";"Niederhambach";"Gemeinden";"0,00";;;"0,00";"0,00"
"07134059";"Niederhosenbach";"Gemeinden";"0,00";;;"0,00";"0,00"
"07134060";"Niederwörresbach";"Gemeinden";"0,00";;;"0,00";
"07134061";"Nohen";"Gemeinden";"0,00";;;"0,00";"0,00"
"07134062";"Oberbrombach";"Gemeinden";"0,00";;;"0,00";
"07134063";"Oberhambach";"Gemeinden";"0,00";;;"0,00";
"07134064";"Oberhosenbach";"Gemeinden";"0,00";;;"0,00";"0,00"
"07134065";"Oberkirn";"Gemeinden";"0,00";;;"0,00";"0,00"
"07134066";"Oberreidenbach";"Gemeinden";"0,00";;;"0,00";"0,00"
"07134067";"Oberwörresbach";"Gemeinden";"0,00";;;"0,00";"0,00"
"07134068";"Reichenbach";"Gemeinden";"0,00";;;"0,00";"0,00"
"07134069";"Rhaunen";"Gemeinden";"0,00";;;"0,00";"0,00"
"07134070";"Rimsberg";"Gemeinden";"0,00";;;"0,00";"0,00"
"07134071";"Rinzenberg";"Gemeinden";"0,00";;;"0,00";"0,00"
"07134072";"Rötsweiler-Nockenthal";"Gemeinden";"0,00";;;"0,00";"0,00"
"07134073";"Rohrbach";"Gemeinden";"0,00";;;"0,00";"0,00"
"07134074";"Rückweiler";"Gemeinden";"0,00";;;"0,00";"0,00"
"07134075";"Ruschberg";"Gemeinden";"0,00";;;"0,00";"0,00"
"07134076";"Schauren";"Gemeinden";"0,00";;;"0,00";
"07134077";"Schmidthachenbach";"Gemeinden";"0,00";;;"0,00";"0,00"
"07134078";"Schmißberg";"Gemeinden";"0,00";;;"0,00";"0,00"
"07134079";"Schwerbach";"Gemeinden";"0,00";;;"0,00";"0,00"
"07134080";"Schwollen";"Gemeinden";"0,00";;;"0,00";"0,00"
"07134081";"Sensweiler";"Gemeinden";"0,00";;;"0,00";
"07134082";"Sien";"Gemeinden";"0,00";;;"0,00";"0,00"
"07134083";"Sienhachenbach";"Gemeinden";"0,00";;;"0,00";"0,00"
"07134084";"Siesbach";"Gemeinden";"0,00";;;"0,00";"0,00"
"07134085";"Sonnenberg-Winnenberg";"Gemeinden";"0,00";;;"0,00";"0,00"
"07134086";"Sonnschied";"Gemeinden";"0,00";;;"0,00";"0,00"
"07134087";"Stipshausen";"Gemeinden";"0,00";;;"0,00";"0,00"
"07134088";"Sulzbach";"Gemeinden";"0,00";;;"0,00";"0,00"
"07134089";"Veitsrodt";"Gemeinden";"0,00";;;"0,00";
"07134090";"Vollmersbach";"Gemeinden";"0,00";;;"0,00";"0,00"
"07134091";"Weiden";"Gemeinden";"0,00";;;"0,00";
"07134092";"Weitersbach";"Gemeinden";"0,00";;;"0,00";"0,00"
"07134093";"Wickenrodt";"Gemeinden";"0,00";;;"0,00";"0,00"
"07134094";"Wilzenberg-Hußweiler";"Gemeinden";"0,00";;;"0,00";"0,00"
"07134095";"Wirschweiler";"Gemeinden";"0,00";;;"0,00";"0,00"
"07134502";"Langweiler";"Gemeinden";"0,00";;;"0,00";
"07135001";"Alf";"Gemeinden";"0,00";;;"0,00";"58,99"
"07135002";"Alflen";"Gemeinden";"0,00";;;"0,00";"0,00"
"07135003";"Altlay";"Gemeinden";"0,00";;;"0,00";
"07135004";"Altstrimmig";"Gemeinden";"0,00";;;"0,00";"0,00"
"07135005";"Auderath";"Gemeinden";"0,00";;;"0,00";
"07135007";"Beilstein";"Gemeinden";"206,47";"223,09";"265,27";"0,00";
"07135008";"Beuren";"Gemeinden";"0,00";;;"0,00";"0,00"
"07135009";"Binningen";"Gemeinden";"0,00";;;"0,00";"0,00"
"07135010";"Blankenrath";"Gemeinden";"0,00";;;"0,00";"1,82"
"07135011";"Brachtendorf";"Gemeinden";"0,00";;;"0,00";"0,00"
"07135012";"Bremm";"Gemeinden";"0,00";"26,33";;"26,97";
"07135013";"Briedel";"Gemeinden";"0,00";;;"0,00";
"07135014";"Brieden";"Gemeinden";"0,00";;;"0,00";"0,00"
"07135015";"Briedern";"Gemeinden";"0,00";;;"0,00";
"07135016";"Brohl";"Gemeinden";"0,00";;;"0,00";"0,00"
"07135017";"Bruttig-Fankel";"Gemeinden";"33,24";"37,10";"42,22";"27,03";"38,14"
"07135018";"Büchel";"Gemeinden";"0,00";;;"0,00";"0,00"
"07135019";"Bullay";"Gemeinden";"0,00";;;"0,00";"28,65"
"07135020";"Cochem, Stadt";"Gemeinden";"53,08";"55,47";"63,61";"53,38";"87,38"
"07135021";"Dohr";"Gemeinden";"0,00";;;"0,00";"0,00"
"07135022";"Dünfus";"Gemeinden";"0,00";;;"0,00";"0,00"
"07135023";"Düngenheim";"Gemeinden";"0,00";;;"0,00";"0,00"
"07135024";"Ediger-Eller";"Gemeinden";"0,00";;;"0,00";
"07135025";"Ellenz-Poltersdorf";"Gemeinden";"0,00";"71,25";"85,78";"76,71";
"07135026";"Eppenberg";"Gemeinden";"0,00";;;"0,00";"0,00"
"07135027";"Ernst";"Gemeinden";"113,62";"101,63";"124,71";"100,77";"133,21"
"07135028";"Eulgem";"Gemeinden";"0,00";;;"0,00";"0,00"
"07135029";"Faid";"Gemeinden";"0,00";"1,19";;"0,00";
"07135030";"Filz";"Gemeinden";"0,00";;;"0,00";"0,00"
"07135031";"Forst (Eifel)";"Gemeinden";"0,00";;;"0,00";"0,00"
"07135032";"Forst (Hunsrück)";"Gemeinden";"0,00";;;"0,00";"0,00"
"07135033";"Gamlen";"Gemeinden";"0,00";;;"0,00";"0,00"
"07135034";"Gevenich";"Gemeinden";"0,00";;;"0,00";"0,00"
"07135035";"Gillenbeuren";"Gemeinden";"0,00";;;"0,00";"0,00"
"07135036";"Greimersburg";"Gemeinden";"0,00";;;"0,00";"0,00"
"07135037";"Grenderich";"Gemeinden";"0,00";;;"0,00";"0,00"
"07135038";"Hambuch";"Gemeinden";"0,00";;;"0,00";"0,00"
"07135039";"Haserich";"Gemeinden";"0,00";;;"0,00";"0,00"
"07135040";"Hauroth";"Gemeinden";"0,00";;;"0,00";"0,00"
"07135041";"Hesweiler";"Gemeinden";"0,00";;;"0,00";"0,00"
"07135042";"Illerich";"Gemeinden";"0,00";;;"0,00";
"07135043";"Kaifenheim";"Gemeinden";"0,00";;;"0,00";"0,00"
"07135044";"Kail";"Gemeinden";"0,00";;;"0,00";"0,00"
"07135045";"Kaisersesch, Stadt";"Gemeinden";"0,00";;;"0,00";
"07135046";"Kalenborn";"Gemeinden";"0,00";;;"0,00";"0,00"
"07135048";"Kliding";"Gemeinden";"0,00";;;"0,00";"0,00"
"07135049";"Klotten";"Gemeinden";"11,30";"11,90";"14,34";"7,55";"11,46"
"07135051";"Landkern";"Gemeinden";"0,00";;;"0,00";
"07135052";"Laubach";"Gemeinden";"0,00";;;"0,00";
"07135053";"Lieg";"Gemeinden";"0,00";;;"0,00";
"07135054";"Liesenich";"Gemeinden";"0,00";;;"0,00";
"07135056";"Lütz";"Gemeinden";"0,00";;;"0,00";
"07135057";"Lutzerath";"Gemeinden";"14,55";"12,02";;"0,00";
"07135058";"Masburg";"Gemeinden";"0,00";;;"0,00";
"07135060";"Mesenich";"Gemeinden";"0,00";"60,22";;"0,00";
"07135061";"Mittelstrimmig";"Gemeinden";"0,00";;;"0,00";
"07135062";"Möntenich";"Gemeinden";"0,00";;;"0,00";"0,00"
"07135064";"Moritzheim";"Gemeinden";"0,00";;;"0,00";"0,00"
"07135065";"Moselkern";"Gemeinden";"0,00";;;"0,00";
"07135066";"Müden (Mosel)";"Gemeinden";"0,00";"16,60";;"0,00";
"07135067";"Müllenbach";"Gemeinden";"0,00";;;"0,00";
"07135068";"Neef";"Gemeinden";"0,00";;;"0,00";"51,68"
"07135069";"Nehren";"Gemeinden";"0,00";;;"0,00";
"07135070";"Panzweiler";"Gemeinden";"0,00";;;"0,00";"0,00"
"07135071";"Peterswald-Löffelscheid";"Gemeinden";"0,00";;;"0,00";"0,00"
"07135072";"Pommern";"Gemeinden";"0,00";;;"0,00";
"07135073";"Pünderich";"Gemeinden";"0,00";;"14,96";"36,37";"62,64"
"07135074";"Reidenhausen";"Gemeinden";"0,00";;;"0,00";"0,00"
"07135075";"Roes";"Gemeinden";"0,00";;;"0,00";
"07135076";"Sankt Aldegund";"Gemeinden";"0,00";;"5,17";"0,00";
"07135077";"Schauren";"Gemeinden";"0,00";;;"0,00";"0,00"
"07135078";"Schmitt";"Gemeinden";"0,00";;;"0,00";"0,00"
"07135079";"Senheim";"Gemeinden";"25,97";"29,98";;"0,00";
"07135080";"Sosberg";"Gemeinden";"0,00";;;"0,00";"0,00"
"07135081";"Tellig";"Gemeinden";"0,00";;;"0,00";"0,00"
"07135082";"Treis-Karden";"Gemeinden";"24,15";"31,41";"36,84";"0,00";
"07135083";"Ulmen, Stadt";"Gemeinden";"0,00";"2,34";"3,02";"1,34";"2,53"
"07135084";"Urmersbach";"Gemeinden";"0,00";;;"0,00";"0,00"
"07135085";"Urschmitt";"Gemeinden";"0,00";;;"0,00";"0,00"
"07135086";"Valwig";"Gemeinden";"0,00";"65,71";;"50,44";"72,98"
"07135087";"Wagenhausen";"Gemeinden";"0,00";;;"0,00";"0,00"
"07135088";"Walhausen";"Gemeinden";"0,00";;;"0,00";"0,00"
"07135089";"Weiler";"Gemeinden";"0,00";;;"0,00";"0,00"
"07135090";"Wirfus";"Gemeinden";"0,00";;;"0,00";"0,00"
"07135091";"Wollmerath";"Gemeinden";"0,00";;;"0,00";"0,00"
"07135092";"Zell (Mosel), Stadt";"Gemeinden";"9,68";;"10,01";"11,11";"16,61"
"07135093";"Zettingen";"Gemeinden";"0,00";;;"0,00";"0,00"
"07135501";"Bad Bertrich";"Gemeinden";"254,10";"226,83";"224,78";"141,62";"194,29"
"07135502";"Leienkaul";"Gemeinden";"0,00";;;"0,00";"0,00"
"07137001";"Acht";"Gemeinden";"0,00";;;"0,00";
"07137003";"Andernach, Stadt";"Gemeinden";"2,02";"1,81";"2,86";"2,59";"3,60"
"07137004";"Anschau";"Gemeinden";"0,00";;;"0,00";
"07137006";"Arft";"Gemeinden";"0,00";;;"0,00";"0,00"
"07137007";"Baar";"Gemeinden";"0,00";;;"10,20";"14,92"
"07137008";"Bell";"Gemeinden";"0,00";;;"0,00";"0,00"
"07137011";"Bermel";"Gemeinden";"0,00";;;"0,00";
"07137014";"Boos";"Gemeinden";"0,00";;;"0,00";
"07137019";"Ditscheid";"Gemeinden";"0,00";;;"0,00";"0,00"
"07137023";"Einig";"Gemeinden";"0,00";;;"0,00";"0,00"
"07137025";"Ettringen";"Gemeinden";"0,00";;;"0,00";
"07137027";"Gappenach";"Gemeinden";"0,00";;;"0,00";"0,00"
"07137029";"Gering";"Gemeinden";"0,00";;;"0,00";"0,00"
"07137030";"Gierschnach";"Gemeinden";"0,00";;;"0,00";"0,00"
"07137034";"Hausten";"Gemeinden";"0,00";;;"0,00";"0,00"
"07137035";"Herresbach";"Gemeinden";"0,00";"5,43";;"0,00";
"07137036";"Hirten";"Gemeinden";"0,00";;;"0,00";"0,00"
"07137041";"Kalt";"Gemeinden";"0,00";;;"0,00";"0,00"
"07137043";"Kehrig";"Gemeinden";"0,00";;;"0,00";"0,00"
"07137048";"Kerben";"Gemeinden";"0,00";;;"0,00";"0,00"
"07137049";"Kirchwald";"Gemeinden";"0,00";;;"0,00";"0,00"
"07137053";"Kollig";"Gemeinden";"0,00";;;"0,00";
"07137055";"Kottenheim";"Gemeinden";"0,00";;;"0,00";
"07137056";"Kretz";"Gemeinden";"0,00";;;"0,00";"0,00"
"07137057";"Kruft";"Gemeinden";"0,00";;;"0,00";"0,00"
"07137060";"Langenfeld";"Gemeinden";"0,00";;;"0,00";
"07137061";"Langscheid";"Gemeinden";"0,00";;;"0,00";
"07137063";"Lind";"Gemeinden";"0,00";;;"0,00";"0,00"
"07137065";"Lonnig";"Gemeinden";"0,00";;;"0,00";"0,00"
"07137066";"Luxem";"Gemeinden";"0,00";;;"0,00";"0,00"
"07137068";"Mayen, Stadt";"Gemeinden";"1,90";"1,92";"1,76";"1,30";"2,04"
"07137069";"Mendig, Stadt";"Gemeinden";"0,00";"2,98";"3,22";"0,00";
"07137070";"Mertloch";"Gemeinden";"0,00";;;"0,00";
"07137074";"Monreal";"Gemeinden";"0,00";;;"0,00";
"07137077";"Münk";"Gemeinden";"0,00";;;"0,00";"0,00"
"07137079";"Nachtsheim";"Gemeinden";"0,00";;;"0,00";"0,00"
"07137080";"Naunheim";"Gemeinden";"0,00";;;"0,00";
"07137081";"Nickenich";"Gemeinden";"0,00";;;"0,00";
"07137086";"Ochtendung";"Gemeinden";"0,00";;;"0,00";
"07137087";"Pillig";"Gemeinden";"0,00";;;"0,00";
"07137088";"Plaidt";"Gemeinden";"0,00";;;"0,00";
"07137089";"Polch, Stadt";"Gemeinden";"0,00";;;"0,00";
"07137092";"Reudelsterz";"Gemeinden";"0,00";;;"0,00";"0,00"
"07137093";"Rieden";"Gemeinden";"0,00";;;"0,00";"6,48"
"07137095";"Rüber";"Gemeinden";"0,00";;;"0,00";
"07137096";"Saffig";"Gemeinden";"0,00";;;"0,00";"0,00"
"07137097";"Sankt Johann";"Gemeinden";"0,00";;;"0,00";"0,00"
"07137099";"Siebenbach";"Gemeinden";"0,00";;;"0,00";
"07137101";"Thür";"Gemeinden";"0,00";;;"0,00";"0,00"
"07137102";"Trimbs";"Gemeinden";"0,00";;;"0,00";"0,00"
"07137105";"Virneburg";"Gemeinden";"0,00";;;"0,00";"0,00"
"07137106";"Volkesfeld";"Gemeinden";"0,00";;;"0,00";
"07137110";"Weiler";"Gemeinden";"0,00";;;"0,00";"0,00"
"07137112";"Welling";"Gemeinden";"0,00";;;"0,00";
"07137113";"Welschenbach";"Gemeinden";"0,00";;;"0,00";"0,00"
"07137114";"Wierschem";"Gemeinden";"0,00";;;"0,00";
"07137201";"Alken";"Gemeinden";"39,33";"37,32";"46,85";"0,00";
"07137202";"Bassenheim";"Gemeinden";"0,00";;;"0,00";"0,00"
"07137203";"Bendorf, Stadt";"Gemeinden";"1,19";"1,60";"1,92";"0,79";
"07137204";"Brey";"Gemeinden";"0,00";;;"0,00";
"07137205";"Brodenbach";"Gemeinden";"0,00";"83,00";"116,44";"69,72";"105,48"
"07137206";"Burgen";"Gemeinden";"0,00";;;"0,00";
"07137207";"Dieblich";"Gemeinden";"9,15";;;"0,00";"12,88"
"07137208";"Hatzenport";"Gemeinden";"15,96";;;"0,00";
"07137209";"Kaltenengers";"Gemeinden";"0,00";;;"0,00";
"07137211";"Kettig";"Gemeinden";"0,00";;;"0,00";"0,00"
"07137212";"Kobern-Gondorf";"Gemeinden";"4,57";"4,14";"4,62";"0,00";
"07137214";"Löf";"Gemeinden";"36,92";"48,99";"51,31";"0,00";
"07137215";"Macken";"Gemeinden";"0,00";;;"0,00";"0,00"
"07137216";"Mülheim-Kärlich, Stadt";"Gemeinden";"3,84";"3,61";;"2,12";"2,23"
"07137217";"Niederfell";"Gemeinden";"0,00";;;"0,00";
"07137218";"Niederwerth";"Gemeinden";"0,00";;;"0,00";"0,00"
"07137219";"Nörtershausen";"Gemeinden";"0,00";;;"0,00";"0,00"
"07137220";"Oberfell";"Gemeinden";"0,00";"6,56";;"0,00";
"07137221";"Rhens, Stadt";"Gemeinden";"0,00";;;"0,00";
"07137222";"Sankt Sebastian";"Gemeinden";"0,00";;;"0,00";"0,00"
"07137223";"Spay";"Gemeinden";"0,00";"3,35";;"0,00";
"07137224";"Urbar";"Gemeinden";"0,00";;;"0,98";
"07137225";"Urmitz";"Gemeinden";"0,00";;;"0,00";
"07137226";"Vallendar, Stadt";"Gemeinden";"0,00";;;"5,82";
"07137227";"Waldesch";"Gemeinden";"0,00";;;"0,00";
"07137228";"Weißenthurm, Stadt";"Gemeinden";"0,00";;;"0,00";
"07137229";"Weitersburg";"Gemeinden";"0,00";;;"0,00";"0,00"
"07137230";"Winningen";"Gemeinden";"0,00";"6,09";"8,42";"0,00";"38,08"
"07137231";"Wolken";"Gemeinden";"0,00";;;"0,00";"0,00"
"07137501";"Münstermaifeld, Stadt";"Gemeinden";"0,00";;;"0,00";
"07137504";"Lehmen";"Gemeinden";"0,00";;;"0,00";
"07138002";"Anhausen";"Gemeinden";"0,00";;;"0,00";"0,00"
"07138003";"Asbach";"Gemeinden";"0,00";"1,65";;"0,00";
"07138004";"Bad Hönningen, Stadt";"Gemeinden";"5,72";"5,06";"3,11";"6,85";"10,40"
"07138005";"Bonefeld";"Gemeinden";"0,00";;;"0,00";"0,00"
"07138006";"Breitscheid";"Gemeinden";"0,00";;;"0,00";
"07138007";"Hausen (Wied)";"Gemeinden";"0,00";;;"0,00";
"07138008";"Bruchhausen";"Gemeinden";"0,00";;;"0,00";"0,00"
"07138009";"Dattenberg";"Gemeinden";"0,00";;;"0,00";"0,00"
"07138010";"Datzeroth";"Gemeinden";"0,00";;;"0,00";"0,00"
"07138011";"Dernbach";"Gemeinden";"0,00";;;"0,00";
"07138012";"Dierdorf, Stadt";"Gemeinden";"0,00";;;"0,00";
"07138013";"Döttesfeld";"Gemeinden";"0,00";;;"0,00";
"07138014";"Dürrholz";"Gemeinden";"0,00";;;"0,00";"0,00"
"07138015";"Ehlscheid";"Gemeinden";"0,00";;;"0,00";
"07138019";"Erpel";"Gemeinden";"0,00";;;"0,00";"0,00"
"07138023";"Großmaischeid";"Gemeinden";"0,00";;;"0,00";
"07138024";"Hammerstein";"Gemeinden";"0,00";;;"0,00";
"07138025";"Hanroth";"Gemeinden";"0,00";;;"0,00";"0,00"
"07138026";"Hardert";"Gemeinden";"0,00";;;"0,00";
"07138027";"Harschbach";"Gemeinden";"0,00";;;"0,00";"0,00"
"07138030";"Hümmerich";"Gemeinden";"0,00";;;"0,00";
"07138031";"Isenburg";"Gemeinden";"0,00";;;"0,00";"0,00"
"07138034";"Kleinmaischeid";"Gemeinden";"0,00";;;"0,00";
"07138036";"Kurtscheid";"Gemeinden";"0,00";;;"0,00";"0,00"
"07138037";"Leubsdorf";"Gemeinden";"0,00";;;"0,00";"0,00"
"07138038";"Leutesdorf";"Gemeinden";"0,00";;;"0,00";
"07138040";"Linkenbach";"Gemeinden";"0,00";;;"0,00";"0,00"
"07138041";"Linz am Rhein, Stadt";"Gemeinden";"0,00";"1,77";;"0,00";
"07138042";"Meinborn";"Gemeinden";"0,00";;;"0,00";"0,00"
"07138043";"Melsbach";"Gemeinden";"0,00";;;"0,00";"0,00"
"07138044";"Neustadt (Wied)";"Gemeinden";"0,00";;"1,38";"0,00";
"07138045";"Neuwied, Stadt";"Gemeinden";"0,52";"0,90";"1,07";"0,91";"1,04"
"07138047";"Niederbreitbach";"Gemeinden";"0,00";;;"0,00";
"07138048";"Niederhofen";"Gemeinden";"0,00";;;"0,00";"0,00"
"07138050";"Niederwambach";"Gemeinden";"0,00";;;"0,00";"0,00"
"07138052";"Oberdreis";"Gemeinden";"0,00";;;"0,00";"0,00"
"07138053";"Oberhonnefeld-Gierend";"Gemeinden";"0,00";;;"0,00";
"07138054";"Oberraden";"Gemeinden";"0,00";;;"0,00";
"07138055";"Ockenfels";"Gemeinden";"0,00";;;"0,00";"0,00"
"07138057";"Puderbach";"Gemeinden";"0,00";;;"0,00";"0,00"
"07138058";"Ratzert";"Gemeinden";"0,00";;;"0,00";"0,00"
"07138059";"Raubach";"Gemeinden";"0,00";;;"0,00";
"07138061";"Rengsdorf";"Gemeinden";"3,17";"2,84";;"0,00";
"07138062";"Rheinbreitbach";"Gemeinden";"0,00";;;"0,00";
"07138063";"Rheinbrohl";"Gemeinden";"0,00";;;"0,00";
"07138064";"Rodenbach bei Puderbach";"Gemeinden";"0,00";;;"0,00";"0,00"
"07138065";"Roßbach";"Gemeinden";"5,25";;;"0,00";
"07138066";"Rüscheid";"Gemeinden";"0,00";;;"0,00";"0,00"
"07138068";"Sankt Katharinen (Landkreis Neuwied)";"Gemeinden";"0,00";;;"0,00";"0,00"
"07138069";"Stebach";"Gemeinden";"0,00";;;"0,00";"0,00"
"07138070";"Steimel";"Gemeinden";"0,00";;;"0,00";"0,00"
"07138071";"Straßenhaus";"Gemeinden";"0,00";;;"0,00";"0,00"
"07138072";"Thalhausen";"Gemeinden";"0,00";;;"0,00";
"07138073";"Unkel, Stadt";"Gemeinden";"0,00";"3,72";;"0,00";
"07138074";"Urbach";"Gemeinden";"0,00";;;"0,00";"0,00"
"07138075";"Vettelschoß";"Gemeinden";"0,00";;;"0,00";"0,00"
"07138076";"Waldbreitbach";"Gemeinden";"11,91";"8,51";"11,30";"5,81";
"07138077";"Windhagen";"Gemeinden";"11,57";"10,49";"8,54";"0,90";"1,14"
"07138078";"Woldert";"Gemeinden";"0,00";;;"0,00";"0,00"
"07138080";"Buchholz (Westerwald)";"Gemeinden";"0,00";;;"0,00";
"07138201";"Marienhausen";"Gemeinden";"0,00";;;"0,00";"0,00"
"07138501";"Kasbach-Ohlenberg";"Gemeinden";"0,00";;;"0,00";"0,00"
"07140001";"Alterkülz";"Gemeinden";"0,00";;;"0,00";"0,00"
"07140002";"Altweidelbach";"Gemeinden";"0,00";;;"0,00";"0,00"
"07140003";"Argenthal";"Gemeinden";"0,00";;;"0,00";"0,00"
"07140005";"Badenhard";"Gemeinden";"0,00";;;"0,00";"0,00"
"07140006";"Bärenbach";"Gemeinden";"0,00";;;"0,00";"0,00"
"07140007";"Belg";"Gemeinden";"0,00";;;"0,00";"0,00"
"07140008";"Belgweiler";"Gemeinden";"0,00";;;"0,00";"0,00"
"07140009";"Bell (Hunsrück)";"Gemeinden";"0,00";;;"0,00";"0,00"
"07140010";"Beltheim";"Gemeinden";"0,00";;;"0,00";
"07140011";"Benzweiler";"Gemeinden";"0,00";;;"0,00";"0,00"
"07140012";"Bergenhausen";"Gemeinden";"0,00";;;"0,00";"0,00"
"07140014";"Bickenbach";"Gemeinden";"0,00";;;"0,00";"0,00"
"07140015";"Biebern";"Gemeinden";"0,00";;;"0,00";"0,00"
"07140016";"Birkheim";"Gemeinden";"0,00";;;"0,00";"0,00"
"07140018";"Braunshorn";"Gemeinden";"0,00";;;"0,00";"0,00"
"07140020";"Bubach";"Gemeinden";"0,00";;;"0,00";"0,00"
"07140021";"Buch";"Gemeinden";"0,00";;;"0,00";
"07140023";"Budenbach";"Gemeinden";"0,00";;;"0,00";"0,00"
"07140024";"Büchenbeuren";"Gemeinden";"8,52";"5,44";;"0,00";
"07140025";"Damscheid";"Gemeinden";"0,00";;;"0,00";"0,00"
"07140027";"Dichtelbach";"Gemeinden";"0,00";;;"0,00";
"07140028";"Dickenschied";"Gemeinden";"0,00";;;"0,00";"0,00"
"07140029";"Dill";"Gemeinden";"0,00";;;"0,00";"0,00"
"07140030";"Dillendorf";"Gemeinden";"0,00";;;"0,00";"0,00"
"07140031";"Dörth";"Gemeinden";"0,00";;;"0,00";"0,00"
"07140035";"Ellern (Hunsrück)";"Gemeinden";"0,00";;;"0,00";"0,00"
"07140036";"Emmelshausen, Stadt";"Gemeinden";"4,45";"3,97";"2,81";"1,88";
"07140037";"Erbach";"Gemeinden";"0,00";;;"0,00";"0,00"
"07140039";"Fronhofen";"Gemeinden";"0,00";;;"0,00";"0,00"
"07140040";"Gehlweiler";"Gemeinden";"0,00";;;"0,00";"0,00"
"07140041";"Gemünden";"Gemeinden";"0,00";;;"0,00";
"07140042";"Gödenroth";"Gemeinden";"0,00";;;"0,00";"0,00"
"07140043";"Gondershausen";"Gemeinden";"0,00";;;"0,00";
"07140044";"Hahn";"Gemeinden";"0,00";;;"0,00";"0,00"
"07140045";"Halsenbach";"Gemeinden";"6,22";"7,84";;"0,00";
"07140046";"Hasselbach";"Gemeinden";"0,00";;;"0,00";"0,00"
"07140047";"Hausbay";"Gemeinden";"0,00";;;"0,00";
"07140048";"Hecken";"Gemeinden";"0,00";;;"0,00";"0,00"
"07140049";"Heinzenbach";"Gemeinden";"0,00";;;"0,00";"0,00"
"07140050";"Henau";"Gemeinden";"0,00";;;"0,00";"0,00"
"07140053";"Hirschfeld (Hunsrück)";"Gemeinden";"0,00";;;"0,00";"0,00"
"07140055";"Hollnich";"Gemeinden";"0,00";;;"0,00";
"07140056";"Holzbach";"Gemeinden";"0,00";;;"0,00";
"07140058";"Horn";"Gemeinden";"0,00";;;"0,00";"0,00"
"07140060";"Hungenroth";"Gemeinden";"0,00";;;"0,00";"0,00"
"07140062";"Kappel";"Gemeinden";"0,00";;;"0,00";"0,00"
"07140063";"Karbach";"Gemeinden";"0,00";;;"0,00";"0,00"
"07140064";"Kastellaun, Stadt";"Gemeinden";"0,00";"6,31";"5,94";"0,00";
"07140065";"Keidelheim";"Gemeinden";"0,00";;;"0,00";"0,00"
"07140067";"Kirchberg (Hunsrück), Stadt";"Gemeinden";"0,00";;;"0,00";
"07140068";"Kisselbach";"Gemeinden";"0,00";;;"0,00";"0,00"
"07140070";"Klosterkumbd";"Gemeinden";"0,00";;;"0,00";
"07140071";"Kludenbach";"Gemeinden";"0,00";;;"0,00";"0,00"
"07140073";"Korweiler";"Gemeinden";"0,00";;;"0,00";"0,00"
"07140075";"Kratzenburg";"Gemeinden";"0,00";;;"0,00";"0,00"
"07140076";"Külz (Hunsrück)";"Gemeinden";"0,00";;;"0,00";"0,00"
"07140077";"Kümbdchen";"Gemeinden";"0,00";;;"0,00";
"07140079";"Laubach";"Gemeinden";"0,00";;;"0,00";
"07140080";"Laudert";"Gemeinden";"0,00";;;"0,00";"0,00"
"07140081";"Laufersweiler";"Gemeinden";"0,00";;;"0,00";
"07140082";"Lautzenhausen";"Gemeinden";"249,65";"223,73";"204,25";"67,61";"54,75"
"07140084";"Leiningen";"Gemeinden";"0,00";;;"0,00";"0,00"
"07140085";"Liebshausen";"Gemeinden";"0,00";;;"0,00";"0,00"
"07140086";"Lindenschied";"Gemeinden";"0,00";;;"0,00";"0,00"
"07140087";"Lingerhahn";"Gemeinden";"0,00";;;"0,00";
"07140089";"Maisborn";"Gemeinden";"0,00";;;"0,00";"0,00"
"07140090";"Maitzborn";"Gemeinden";"0,00";;;"0,00";"0,00"
"07140092";"Mengerschied";"Gemeinden";"0,00";;;"0,00";
"07140093";"Mermuth";"Gemeinden";"0,00";;;"0,00";"0,00"
"07140094";"Metzenhausen";"Gemeinden";"0,00";;;"0,00";"0,00"
"07140095";"Michelbach";"Gemeinden";"0,00";;;"0,00";"0,00"
"07140096";"Mörschbach";"Gemeinden";"0,00";;;"0,00";"0,00"
"07140098";"Mühlpfad";"Gemeinden";"0,00";;;"0,00";"0,00"
"07140099";"Mutterschied";"Gemeinden";"0,00";;;"0,00";"0,00"
"07140100";"Nannhausen";"Gemeinden";"0,00";;;"0,00";"0,00"
"07140101";"Neuerkirch";"Gemeinden";"0,00";;;"0,00";"0,00"
"07140102";"Ney";"Gemeinden";"0,00";;;"0,00";
"07140104";"Niederburg";"Gemeinden";"0,00";;;"0,00";"0,00"
"07140105";"Nieder Kostenz";"Gemeinden";"0,00";;;"0,00";"0,00"
"07140106";"Niederkumbd";"Gemeinden";"0,00";;;"0,00";"0,00"
"07140107";"Niedersohren";"Gemeinden";"0,00";;;"0,00";"0,00"
"07140108";"Niedert";"Gemeinden";"0,00";;;"0,00";"0,00"
"07140109";"Niederweiler";"Gemeinden";"0,00";;;"0,00";
"07140110";"Norath";"Gemeinden";"0,00";;;"0,00";"0,00"
"07140111";"Ober Kostenz";"Gemeinden";"0,00";;;"0,00";
"07140112";"Oberwesel, Stadt";"Gemeinden";"36,94";"36,00";;"24,44";"41,79"
"07140113";"Ohlweiler";"Gemeinden";"0,00";;;"0,00";"0,00"
"07140115";"Oppertshausen";"Gemeinden";"0,00";;;"0,00";"0,00"
"07140116";"Perscheid";"Gemeinden";"0,00";;;"0,00";"0,00"
"07140117";"Pfalzfeld";"Gemeinden";"0,00";;;"0,00";"0,00"
"07140118";"Pleizenhausen";"Gemeinden";"0,00";;;"0,00";"0,00"
"07140119";"Ravengiersburg";"Gemeinden";"0,00";;;"0,00";"0,00"
"07140120";"Raversbeuren";"Gemeinden";"0,00";;;"0,00";"0,00"
"07140121";"Rayerschied";"Gemeinden";"0,00";;;"0,00";"0,00"
"07140122";"Reckershausen";"Gemeinden";"0,00";;;"0,00";
"07140123";"Reich";"Gemeinden";"0,00";;;"0,00";"0,00"
"07140125";"Rheinböllen, Stadt";"Gemeinden";"0,00";;;"6,03";"8,21"
"07140126";"Riegenroth";"Gemeinden";"0,00";;;"0,00";"0,00"
"07140127";"Riesweiler";"Gemeinden";"0,00";;;"0,00";"0,00"
"07140128";"Rödelhausen";"Gemeinden";"0,00";;;"0,00";"0,00"
"07140129";"Rödern";"Gemeinden";"0,00";;;"0,00";"0,00"
"07140130";"Rohrbach";"Gemeinden";"0,00";;;"0,00";"0,00"
"07140131";"Roth";"Gemeinden";"0,00";;;"0,00";"0,00"
"07140133";"Sankt Goar, Stadt";"Gemeinden";"0,00";;;"31,89";"45,20"
"07140134";"Sargenroth";"Gemeinden";"0,00";;;"0,00";"0,00"
"07140135";"Schlierschied";"Gemeinden";"0,00";;;"0,00";
"07140138";"Schnorbach";"Gemeinden";"0,00";;;"0,00";"0,00"
"07140139";"Schönborn";"Gemeinden";"0,00";;;"0,00";"0,00"
"07140140";"Schwall";"Gemeinden";"0,00";;;"0,00";"0,00"
"07140141";"Schwarzen";"Gemeinden";"0,00";;;"0,00";"0,00"
"07140144";"Simmern/ Hunsrück, Stadt";"Gemeinden";"0,97";"1,28";;"1,60";"3,22"
"07140145";"Sohren";"Gemeinden";"4,93";"5,23";;"0,00";
"07140146";"Sohrschied";"Gemeinden";"0,00";;;"0,00";
"07140147";"Spesenroth";"Gemeinden";"0,00";;;"0,00";"0,00"
"07140148";"Steinbach";"Gemeinden";"0,00";;;"0,00";"0,00"
"07140149";"Thörlingen";"Gemeinden";"0,00";;;"0,00";"0,00"
"07140150";"Tiefenbach";"Gemeinden";"0,00";;;"0,00";
"07140151";"Todenroth";"Gemeinden";"0,00";;;"0,00";"0,00"
"07140153";"Uhler";"Gemeinden";"0,00";;;"0,00";"0,00"
"07140154";"Unzenberg";"Gemeinden";"0,00";;;"0,00";"0,00"
"07140155";"Urbar";"Gemeinden";"0,00";;;"0,00";
"07140156";"Utzenhain";"Gemeinden";"0,00";;;"0,00";"0,00"
"07140158";"Wahlbach";"Gemeinden";"0,00";;;"0,00";"0,00"
"07140159";"Wahlenau";"Gemeinden";"0,00";;;"0,00";"0,00"
"07140161";"Wiebelsheim";"Gemeinden";"0,00";;;"0,00";"0,00"
"07140163";"Womrath";"Gemeinden";"0,00";;;"0,00";"0,00"
"07140164";"Woppenroth";"Gemeinden";"0,00";;;"0,00";
"07140165";"Würrich";"Gemeinden";"0,00";;;"0,00";
"07140166";"Wüschheim";"Gemeinden";"0,00";;;"0,00";"0,00"
"07140201";"Beulich";"Gemeinden";"0,00";;;"0,00";
"07140202";"Dommershausen";"Gemeinden";"0,00";;;"0,00";
"07140204";"Mastershausen";"Gemeinden";"0,00";;;"0,00";"0,00"
"07140205";"Morshausen";"Gemeinden";"0,00";;;"0,00";"0,00"
"07140501";"Boppard, Stadt";"Gemeinden";"16,97";"19,24";"19,42";"11,01";"14,96"
"07140502";"Lahr";"Gemeinden";"0,00";;;"0,00";
"07140503";"Mörsdorf";"Gemeinden";"0,00";"8,36";;"0,00";
"07140504";"Zilshausen";"Gemeinden";"0,00";;;"0,00";
"07141001";"Allendorf";"Gemeinden";"0,00";;;"0,00";"0,00"
"07141002";"Altendiez";"Gemeinden";"0,00";;;"0,00";"0,00"
"07141003";"Attenhausen";"Gemeinden";"0,00";;;"0,00";"0,00"
"07141004";"Auel";"Gemeinden";"0,00";;;"0,00";"0,00"
"07141005";"Aull";"Gemeinden";"0,00";;;"0,00";"0,00"
"07141006";"Bad Ems, Stadt";"Gemeinden";"31,73";"32,63";;"23,03";"32,59"
"07141008";"Becheln";"Gemeinden";"0,00";;;"0,00";"0,00"
"07141009";"Berg";"Gemeinden";"0,00";;;"0,00";"0,00"
"07141010";"Berghausen";"Gemeinden";"0,00";;;"0,00";
"07141011";"Berndroth";"Gemeinden";"0,00";;;"0,00";"0,00"
"07141012";"Bettendorf";"Gemeinden";"0,00";;;"0,00";"0,00"
"07141013";"Biebrich";"Gemeinden";"0,00";;;"0,00";"0,00"
"07141014";"Birlenbach";"Gemeinden";"0,00";;;"0,00";"0,00"
"07141015";"Bogel";"Gemeinden";"0,00";;;"0,00";"0,00"
"07141016";"Bornich";"Gemeinden";"0,00";"1,98";;"0,00";
"07141018";"Bremberg";"Gemeinden";"0,00";;;"0,00";"0,00"
"07141019";"Buch";"Gemeinden";"0,00";;;"0,00";"0,00"
"07141020";"Burgschwalbach";"Gemeinden";"0,00";;;"0,00";
"07141021";"Charlottenberg";"Gemeinden";"0,00";;;"0,00";"0,00"
"07141022";"Cramberg";"Gemeinden";"0,00";;;"0,00";"0,00"
"07141023";"Dachsenhausen";"Gemeinden";"0,00";;;"0,00";"0,00"
"07141024";"Dahlheim";"Gemeinden";"0,00";;;"0,00";"0,00"
"07141025";"Dausenau";"Gemeinden";"0,00";;;"0,00";
"07141026";"Dessighofen";"Gemeinden";"0,00";;;"0,00";"0,00"
"07141027";"Dienethal";"Gemeinden";"0,00";;;"0,00";"0,00"
"07141029";"Diez, Stadt";"Gemeinden";"8,70";"7,57";"8,43";"3,55";"5,46"
"07141030";"Dörnberg";"Gemeinden";"0,00";;;"0,00";"0,00"
"07141031";"Dörscheid";"Gemeinden";"0,00";;;"0,00";
"07141032";"Dörsdorf";"Gemeinden";"0,00";;;"0,00";"0,00"
"07141033";"Dornholzhausen";"Gemeinden";"0,00";;;"0,00";"0,00"
"07141034";"Ebertshausen";"Gemeinden";"0,00";;;"0,00";"0,00"
"07141035";"Ehr";"Gemeinden";"0,00";;;"0,00";"0,00"
"07141036";"Eisighofen";"Gemeinden";"0,00";;;"0,00";"0,00"
"07141037";"Endlichhofen";"Gemeinden";"0,00";;;"0,00";"0,00"
"07141038";"Eppenrod";"Gemeinden";"0,00";;;"0,00";"0,00"
"07141039";"Ergeshausen";"Gemeinden";"0,00";;;"0,00";"0,00"
"07141040";"Eschbach";"Gemeinden";"0,00";;;"0,00";
"07141041";"Fachbach";"Gemeinden";"0,00";;;"0,00";
"07141042";"Filsen";"Gemeinden";"0,00";;;"0,00";"0,00"
"07141043";"Flacht";"Gemeinden";"0,00";;;"0,00";
"07141044";"Frücht";"Gemeinden";"0,00";;;"0,00";"0,00"
"07141045";"Geilnau";"Gemeinden";"0,00";;;"0,00";"0,00"
"07141046";"Geisig";"Gemeinden";"0,00";;;"0,00";"0,00"
"07141047";"Gemmerich";"Gemeinden";"0,00";;;"0,00";"0,00"
"07141049";"Gückingen";"Gemeinden";"0,00";;;"0,00";
"07141050";"Gutenacker";"Gemeinden";"0,00";;;"0,00";"0,00"
"07141051";"Hahnstätten";"Gemeinden";"0,00";;;"0,00";"0,00"
"07141052";"Hambach";"Gemeinden";"0,00";;;"0,00";"0,00"
"07141053";"Heistenbach";"Gemeinden";"0,00";;;"0,00";"0,00"
"07141054";"Herold";"Gemeinden";"0,00";;;"0,00";
"07141055";"Himmighofen";"Gemeinden";"0,00";;;"0,00";"0,00"
"07141057";"Hirschberg";"Gemeinden";"0,00";;;"0,00";"0,00"
"07141058";"Hömberg";"Gemeinden";"0,00";;"12,19";"0,00";
"07141059";"Holzappel";"Gemeinden";"0,00";;;"0,00";
"07141060";"Holzhausen an der Haide";"Gemeinden";"0,00";;;"0,00";"0,00"
"07141061";"Holzheim";"Gemeinden";"0,00";;;"0,00";"0,00"
"07141062";"Horhausen";"Gemeinden";"0,00";;;"0,00";"0,00"
"07141063";"Hunzel";"Gemeinden";"0,00";;;"0,00";"0,00"
"07141064";"Isselbach";"Gemeinden";"0,00";;;"0,00";"0,00"
"07141065";"Kaltenholzhausen";"Gemeinden";"0,00";;;"0,00";"0,00"
"07141066";"Kamp-Bornhofen";"Gemeinden";"34,42";"39,13";"38,82";"13,54";"28,73"
"07141067";"Kasdorf";"Gemeinden";"0,00";;;"0,00";"0,00"
"07141068";"Katzenelnbogen, Stadt";"Gemeinden";"0,00";;;"0,00";"0,00"
"07141069";"Kaub, Stadt";"Gemeinden";"17,56";"47,44";;"25,06";
"07141070";"Kehlbach";"Gemeinden";"0,00";;;"0,00";"0,00"
"07141071";"Kemmenau";"Gemeinden";"0,00";;;"0,00";"0,00"
"07141072";"Kestert";"Gemeinden";"0,00";"27,38";;"0,00";
"07141073";"Klingelbach";"Gemeinden";"0,00";;;"0,00";"0,00"
"07141074";"Kördorf";"Gemeinden";"0,00";;;"0,00";"0,00"
"07141075";"Lahnstein, Stadt";"Gemeinden";"4,07";"4,54";"4,34";"0,00";"5,46"
"07141076";"Langenscheid";"Gemeinden";"0,00";;;"0,00";"0,00"
"07141077";"Laurenburg";"Gemeinden";"0,00";;;"0,00";
"07141078";"Lautert";"Gemeinden";"0,00";;;"0,00";"0,00"
"07141079";"Lierschied";"Gemeinden";"0,00";;;"0,00";
"07141080";"Lipporn";"Gemeinden";"0,00";;;"0,00";"0,00"
"07141081";"Lohrheim";"Gemeinden";"0,00";;;"0,00";"0,00"
"07141082";"Lollschied";"Gemeinden";"0,00";;;"0,00";"0,00"
"07141083";"Lykershausen";"Gemeinden";"0,00";;;"0,00";"0,00"
"07141084";"Marienfels";"Gemeinden";"0,00";;;"0,00";"0,00"
"07141085";"Miehlen";"Gemeinden";"0,00";;;"0,00";
"07141086";"Miellen";"Gemeinden";"0,00";;;"0,00";"0,00"
"07141087";"Misselberg";"Gemeinden";"0,00";;;"0,00";"0,00"
"07141088";"Mittelfischbach";"Gemeinden";"0,00";;;"0,00";"0,00"
"07141089";"Mudershausen";"Gemeinden";"0,00";;;"0,00";"0,00"
"07141091";"Nassau, Stadt";"Gemeinden";"1,81";"2,62";;"0,00";
"07141092";"Nastätten, Stadt";"Gemeinden";"0,00";"1,28";;"0,00";
"07141093";"Netzbach";"Gemeinden";"0,00";;;"0,00";"0,00"
"07141094";"Niederbachheim";"Gemeinden";"0,00";;;"0,00";"0,00"
"07141095";"Niederneisen";"Gemeinden";"0,00";;;"0,00";"0,00"
"07141096";"Niedertiefenbach";"Gemeinden";"0,00";;;"0,00";"0,00"
"07141097";"Niederwallmenach";"Gemeinden";"0,00";;;"0,00";"0,00"
"07141098";"Nievern";"Gemeinden";"0,00";;;"0,00";
"07141099";"Nochern";"Gemeinden";"0,00";;;"0,00";"0,00"
"07141100";"Oberbachheim";"Gemeinden";"0,00";;;"0,00";"0,00"
"07141101";"Oberfischbach";"Gemeinden";"0,00";;;"0,00";"0,00"
"07141102";"Oberneisen";"Gemeinden";"0,00";;;"0,00";"0,00"
"07141103";"Obernhof";"Gemeinden";"0,00";;;"0,00";
"07141104";"Obertiefenbach";"Gemeinden";"0,00";;;"0,00";"0,00"
"07141105";"Oberwallmenach";"Gemeinden";"0,00";;;"0,00";"0,00"
"07141106";"Oberwies";"Gemeinden";"0,00";;;"0,00";"0,00"
"07141107";"Oelsberg";"Gemeinden";"0,00";;;"0,00";"0,00"
"07141108";"Osterspai";"Gemeinden";"0,00";;;"0,00";
"07141109";"Patersberg";"Gemeinden";"0,00";;;"0,00";
"07141110";"Hainau";"Gemeinden";"0,00";;;"0,00";"0,00"
"07141111";"Pohl";"Gemeinden";"0,00";;;"0,00";"0,00"
"07141112";"Prath";"Gemeinden";"0,00";;;"0,00";"0,00"
"07141113";"Reckenroth";"Gemeinden";"0,00";;;"0,00";"0,00"
"07141114";"Reichenberg";"Gemeinden";"0,00";;;"0,00";"0,00"
"07141115";"Reitzenhain";"Gemeinden";"0,00";;;"0,00";"0,00"
"07141116";"Rettershain";"Gemeinden";"0,00";;;"0,00";"0,00"
"07141117";"Rettert";"Gemeinden";"0,00";;;"0,00";
"07141118";"Roth";"Gemeinden";"0,00";;;"0,00";"0,00"
"07141120";"Ruppertshofen";"Gemeinden";"0,00";;;"0,00";"0,00"
"07141121";"Sankt Goarshausen, Loreleystadt, Stadt";"Gemeinden";"34,90";"32,85";;"0,00";
"07141122";"Sauerthal";"Gemeinden";"0,00";;;"0,00";
"07141124";"Scheidt";"Gemeinden";"0,00";;;"0,00";"0,00"
"07141125";"Schiesheim";"Gemeinden";"0,00";;;"0,00";"0,00"
"07141126";"Schönborn";"Gemeinden";"0,00";;;"0,00";"0,00"
"07141127";"Schweighausen";"Gemeinden";"0,00";;;"0,00";
"07141128";"Seelbach";"Gemeinden";"0,00";;;"0,00";
"07141129";"Singhofen";"Gemeinden";"0,00";;;"0,00";
"07141130";"Steinsberg";"Gemeinden";"0,00";;;"0,00";"0,00"
"07141131";"Strüth";"Gemeinden";"0,00";;;"0,00";"0,00"
"07141132";"Sulzbach";"Gemeinden";"0,00";;;"0,00";"0,00"
"07141133";"Wasenbach";"Gemeinden";"0,00";;;"0,00";"0,00"
"07141134";"Weidenbach";"Gemeinden";"0,00";;;"0,00";"0,00"
"07141135";"Weinähr";"Gemeinden";"0,00";;;"0,00";
"07141136";"Weisel";"Gemeinden";"0,00";;;"0,00";"0,00"
"07141137";"Welterod";"Gemeinden";"0,00";;;"0,00";"0,00"
"07141138";"Weyer";"Gemeinden";"0,00";;;"0,00";"0,00"
"07141139";"Winden";"Gemeinden";"0,00";;;"0,00";"0,00"
"07141140";"Winterwerb";"Gemeinden";"0,00";;;"0,00";"0,00"
"07141141";"Zimmerschied";"Gemeinden";"0,00";;;"0,00";"0,00"
"07141201";"Arzbach";"Gemeinden";"0,00";;;"0,00";
"07141501";"Braubach, Stadt";"Gemeinden";"0,00";"5,39";"4,91";"10,56";"17,67"
"07141502";"Diethardt";"Gemeinden";"0,00";;;"0,00";"0,00"
"07141503";"Balduinstein";"Gemeinden";"0,00";"10,04";"5,77";"0,00";
"07143001";"Alsbach";"Gemeinden";"0,00";;;"0,00";"0,00"
"07143003";"Bannberscheid";"Gemeinden";"0,00";;;"0,00";"0,00"
"07143005";"Boden";"Gemeinden";"0,00";;;"0,00";"0,00"
"07143006";"Breitenau";"Gemeinden";"0,00";;;"0,00";"0,00"
"07143007";"Caan";"Gemeinden";"0,00";;;"0,00";"0,00"
"07143008";"Daubach";"Gemeinden";"0,00";;;"0,00";"0,00"
"07143009";"Deesen";"Gemeinden";"0,00";;;"0,00";"0,00"
"07143010";"Dernbach (Westerwald)";"Gemeinden";"0,00";;;"0,00";
"07143011";"Dreikirchen";"Gemeinden";"0,00";;;"0,00";"0,00"
"07143012";"Ebernhahn";"Gemeinden";"0,00";;;"0,00";"0,00"
"07143013";"Eitelborn";"Gemeinden";"0,00";;;"0,00";"0,00"
"07143015";"Ellenhausen";"Gemeinden";"0,00";;;"0,00";"0,00"
"07143018";"Freilingen";"Gemeinden";"0,00";;;"0,00";
"07143019";"Freirachdorf";"Gemeinden";"0,00";;;"0,00";"0,00"
"07143020";"Gackenbach";"Gemeinden";"0,00";;;"0,00";
"07143021";"Girod";"Gemeinden";"0,00";;;"0,00";
"07143022";"Goddert";"Gemeinden";"0,00";;;"0,00";"0,00"
"07143023";"Görgeshausen";"Gemeinden";"0,00";;;"0,00";
"07143024";"Großholbach";"Gemeinden";"0,00";;;"0,00";"0,00"
"07143025";"Hartenfels";"Gemeinden";"0,00";;;"0,00";"0,00"
"07143026";"Heilberscheid";"Gemeinden";"0,00";;;"0,00";"0,00"
"07143027";"Heiligenroth";"Gemeinden";"0,00";;;"0,00";
"07143028";"Helferskirchen";"Gemeinden";"0,00";;;"0,00";
"07143029";"Herschbach";"Gemeinden";"0,00";;;"0,00";"0,00"
"07143030";"Hilgert";"Gemeinden";"0,00";;;"0,00";"0,00"
"07143031";"Hillscheid";"Gemeinden";"0,00";;;"0,00";
"07143032";"Höhr-Grenzhausen, Stadt";"Gemeinden";"0,00";;;"0,00";
"07143033";"Holler";"Gemeinden";"0,00";;;"0,00";"0,00"
"07143034";"Horbach";"Gemeinden";"0,00";;;"0,00";"0,00"
"07143036";"Hübingen";"Gemeinden";"0,00";;;"0,00";
"07143037";"Hundsangen";"Gemeinden";"0,00";;;"0,00";"0,00"
"07143038";"Hundsdorf";"Gemeinden";"0,00";;;"0,00";"0,00"
"07143039";"Kadenbach";"Gemeinden";"0,00";;;"0,00";"0,00"
"07143040";"Kammerforst";"Gemeinden";"0,00";;;"0,00";"0,00"
"07143041";"Krümmel";"Gemeinden";"0,00";;;"0,00";"0,00"
"07143042";"Leuterod";"Gemeinden";"0,00";;;"0,00";"0,00"
"07143044";"Marienrachdorf";"Gemeinden";"0,00";;;"0,00";"0,00"
"07143045";"Maroth";"Gemeinden";"0,00";;;"0,00";
"07143046";"Maxsain";"Gemeinden";"0,00";;;"0,00";
"07143047";"Mogendorf";"Gemeinden";"0,00";;;"0,00";"0,00"
"07143048";"Montabaur, Stadt";"Gemeinden";"7,60";"7,50";"8,24";"2,56";"4,88"
"07143049";"Moschheim";"Gemeinden";"0,00";;;"0,00";
"07143050";"Nauort";"Gemeinden";"0,00";;;"0,00";"0,00"
"07143051";"Nentershausen";"Gemeinden";"0,00";;;"0,00";"0,00"
"07143052";"Neuhäusel";"Gemeinden";"0,00";;;"0,00";
"07143053";"Niederelbert";"Gemeinden";"0,00";;;"0,00";"0,00"
"07143054";"Niedererbach";"Gemeinden";"0,00";;;"0,00";"0,00"
"07143055";"Nomborn";"Gemeinden";"0,00";;;"0,00";
"07143056";"Nordhofen";"Gemeinden";"0,00";;;"0,00";
"07143057";"Oberelbert";"Gemeinden";"0,00";;;"0,00";"0,00"
"07143058";"Obererbach";"Gemeinden";"0,00";;;"0,00";"0,00"
"07143059";"Oberhaid";"Gemeinden";"0,00";;;"0,00";"0,00"
"07143060";"Ötzingen";"Gemeinden";"0,00";;;"0,00";"0,00"
"07143061";"Quirnbach";"Gemeinden";"0,00";;;"0,00";"0,00"
"07143062";"Ransbach-Baumbach, Stadt";"Gemeinden";"0,00";;;"0,00";
"07143064";"Rückeroth";"Gemeinden";"0,00";;;"0,00";"0,00"
"07143065";"Ruppach-Goldhausen";"Gemeinden";"0,00";;;"0,00";"0,00"
"07143066";"Schenkelberg";"Gemeinden";"0,00";;;"0,00";"0,00"
"07143067";"Selters (Westerwald), Stadt";"Gemeinden";"0,00";;;"0,00";
"07143068";"Sessenbach";"Gemeinden";"0,00";;;"0,00";
"07143069";"Sessenhausen";"Gemeinden";"0,00";;;"0,00";"0,00"
"07143070";"Siershahn";"Gemeinden";"0,00";;;"0,00";"0,00"
"07143071";"Simmern";"Gemeinden";"0,00";;;"0,00";
"07143072";"Stahlhofen";"Gemeinden";"0,00";;;"0,00";"0,00"
"07143073";"Staudt";"Gemeinden";"0,00";;;"0,00";"0,00"
"07143074";"Steinefrenz";"Gemeinden";"0,00";;;"0,00";"0,00"
"07143075";"Steinen";"Gemeinden";"0,00";;;"0,00";
"07143077";"Untershausen";"Gemeinden";"0,00";;;"0,00";
"07143078";"Vielbach";"Gemeinden";"0,00";;;"0,00";"0,00"
"07143079";"Welschneudorf";"Gemeinden";"0,00";"13,55";;"0,00";
"07143080";"Weroth";"Gemeinden";"0,00";;;"0,00";"0,00"
"07143081";"Wirges, Stadt";"Gemeinden";"0,00";;;"0,00";
"07143082";"Wirscheid";"Gemeinden";"0,00";;;"0,00";"0,00"
"07143084";"Wittgert";"Gemeinden";"0,00";;;"0,00";"0,00"
"07143085";"Wölferlingen";"Gemeinden";"0,00";;;"0,00";"0,00"
"07143200";"Ailertchen";"Gemeinden";"0,00";;;"0,00";"0,00"
"07143202";"Alpenrod";"Gemeinden";"0,00";;;"0,00";"0,00"
"07143203";"Arnshöfen";"Gemeinden";"0,00";;;"0,00";"0,00"
"07143204";"Astert";"Gemeinden";"0,00";;;"0,00";"0,00"
"07143205";"Atzelgift";"Gemeinden";"0,00";;;"0,00";"0,00"
"07143206";"Bad Marienberg (Westerwald), Stadt";"Gemeinden";"9,05";"10,77";"13,50";"9,25";"15,38"
"07143207";"Bellingen";"Gemeinden";"0,00";;;"0,00";"0,00"
"07143208";"Berod bei Wallmerod";"Gemeinden";"0,00";;;"0,00";"0,00"
"07143209";"Berzhahn";"Gemeinden";"0,00";;;"0,00";"0,00"
"07143210";"Bilkheim";"Gemeinden";"0,00";;;"0,00";"0,00"
"07143211";"Bölsberg";"Gemeinden";"0,00";;;"0,00";"0,00"
"07143212";"Borod";"Gemeinden";"0,00";;;"0,00";
"07143213";"Brandscheid";"Gemeinden";"0,00";;;"0,00";"0,00"
"07143214";"Bretthausen";"Gemeinden";"0,00";;;"0,00";"0,00"
"07143215";"Dreifelden";"Gemeinden";"0,00";;;"0,00";
"07143216";"Dreisbach";"Gemeinden";"0,00";;;"0,00";"0,00"
"07143218";"Elsoff (Westerwald)";"Gemeinden";"0,00";;;"0,00";
"07143219";"Enspel";"Gemeinden";"0,00";;;"0,00";"0,00"
"07143220";"Ettinghausen";"Gemeinden";"0,00";;;"0,00";"0,00"
"07143221";"Ewighausen";"Gemeinden";"0,00";;;"0,00";"0,00"
"07143222";"Fehl-Ritzhausen";"Gemeinden";"0,00";;;"0,00";"0,00"
"07143223";"Gehlert";"Gemeinden";"0,00";;;"0,00";"0,00"
"07143224";"Gemünden";"Gemeinden";"0,00";;;"0,00";"0,00"
"07143225";"Giesenhausen";"Gemeinden";"0,00";;;"0,00";"0,00"
"07143226";"Girkenroth";"Gemeinden";"0,00";;;"0,00";"0,00"
"07143227";"Großseifen";"Gemeinden";"0,00";;;"0,00";"0,00"
"07143228";"Guckheim";"Gemeinden";"0,00";;;"0,00";"0,00"
"07143229";"Hachenburg, Stadt";"Gemeinden";"0,00";;;"5,88";"15,14"
"07143230";"Härtlingen";"Gemeinden";"0,00";;;"0,00";"0,00"
"07143231";"Hahn bei Marienberg";"Gemeinden";"0,00";;;"0,00";"0,00"
"07143232";"Hahn am See";"Gemeinden";"0,00";;;"0,00";"0,00"
"07143233";"Halbs";"Gemeinden";"0,00";;;"0,00";"0,00"
"07143234";"Hardt";"Gemeinden";"0,00";;;"0,00";"0,00"
"07143235";"Hattert";"Gemeinden";"0,00";;;"0,00";"0,00"
"07143236";"Heimborn";"Gemeinden";"0,00";;;"0,00";"0,00"
"07143237";"Hellenhahn-Schellenberg";"Gemeinden";"0,00";;;"0,00";"0,00"
"07143238";"Hergenroth";"Gemeinden";"0,00";;;"0,00";"0,00"
"07143239";"Herschbach (Oberwesterwald)";"Gemeinden";"0,00";;;"0,00";"0,00"
"07143240";"Heuzert";"Gemeinden";"0,00";;;"0,00";"0,00"
"07143241";"Höchstenbach";"Gemeinden";"0,00";;;"0,00";"0,00"
"07143242";"Höhn";"Gemeinden";"1,45";"1,23";;"0,00";
"07143243";"Hof";"Gemeinden";"0,00";;;"0,00";"0,00"
"07143244";"Homberg";"Gemeinden";"0,00";;;"0,00";"0,00"
"07143245";"Hüblingen";"Gemeinden";"0,00";;;"0,00";"0,00"
"07143246";"Irmtraut";"Gemeinden";"0,00";;;"0,00";"0,00"
"07143247";"Kaden";"Gemeinden";"0,00";;;"0,00";"0,00"
"07143248";"Kirburg";"Gemeinden";"0,00";;;"0,00";"0,00"
"07143249";"Kölbingen";"Gemeinden";"0,00";;;"0,00";"0,00"
"07143250";"Kroppach";"Gemeinden";"0,00";;;"0,00";
"07143251";"Kuhnhöfen";"Gemeinden";"0,00";;;"0,00";"0,00"
"07143252";"Kundert";"Gemeinden";"0,00";;;"0,00";"0,00"
"07143253";"Langenbach bei Kirburg";"Gemeinden";"0,00";;;"0,00";"0,00"
"07143254";"Langenhahn";"Gemeinden";"0,00";;;"0,00";"0,00"
"07143255";"Lautzenbrücken";"Gemeinden";"0,00";;;"0,00";"0,00"
"07143256";"Liebenscheid";"Gemeinden";"0,00";;;"0,00";"0,00"
"07143257";"Limbach";"Gemeinden";"0,00";;;"0,00";
"07143258";"Linden";"Gemeinden";"0,00";;;"0,00";"0,00"
"07143259";"Lochum";"Gemeinden";"0,00";;;"0,00";"0,00"
"07143260";"Luckenbach";"Gemeinden";"0,00";;;"0,00";"0,00"
"07143261";"Marzhausen";"Gemeinden";"0,00";;;"0,00";"0,00"
"07143262";"Merkelbach";"Gemeinden";"0,00";;;"0,00";"0,00"
"07143263";"Meudt";"Gemeinden";"0,00";;;"0,00";"0,00"
"07143264";"Mörlen";"Gemeinden";"0,00";;;"0,00";"0,00"
"07143265";"Mörsbach";"Gemeinden";"0,00";;;"0,00";"0,00"
"07143266";"Molsberg";"Gemeinden";"0,00";;;"0,00";"0,00"
"07143267";"Mudenbach";"Gemeinden";"0,00";;;"0,00";"0,00"
"07143268";"Mündersbach";"Gemeinden";"0,00";;;"0,00";"0,00"
"07143269";"Müschenbach";"Gemeinden";"0,00";;;"0,00";
"07143270";"Neunkhausen";"Gemeinden";"0,00";;;"0,00";"0,00"
"07143271";"Neunkirchen";"Gemeinden";"0,00";;;"0,00";"0,00"
"07143272";"Neustadt/ Westerwald";"Gemeinden";"0,00";;;"0,00";"0,00"
"07143273";"Niederahr";"Gemeinden";"0,00";;;"0,00";
"07143274";"Niederroßbach";"Gemeinden";"0,00";;;"0,00";"0,00"
"07143275";"Niedersayn";"Gemeinden";"0,00";;;"0,00";"0,00"
"07143276";"Nister";"Gemeinden";"0,00";;;"0,00";"0,00"
"07143277";"Nisterau";"Gemeinden";"0,00";;;"0,00";"0,00"
"07143278";"Nister-Möhrendorf";"Gemeinden";"0,00";;;"0,00";"0,00"
"07143279";"Nistertal";"Gemeinden";"0,00";;;"0,00";
"07143280";"Norken";"Gemeinden";"0,00";;;"0,00";
"07143281";"Oberahr";"Gemeinden";"0,00";;;"0,00";
"07143282";"Oberrod";"Gemeinden";"0,00";;;"0,00";"0,00"
"07143283";"Oberroßbach";"Gemeinden";"0,00";;;"0,00";"0,00"
"07143284";"Pottum";"Gemeinden";"0,00";;;"0,00";"0,00"
"07143285";"Rehe";"Gemeinden";"0,00";;;"0,00";
"07143286";"Rennerod, Stadt";"Gemeinden";"0,00";"0,77";;"0,34";
"07143287";"Roßbach";"Gemeinden";"0,00";;;"0,00";"0,00"
"07143288";"Rotenhain";"Gemeinden";"0,00";;;"0,00";"0,00"
"07143289";"Rothenbach";"Gemeinden";"0,00";;;"0,00";"0,00"
"07143290";"Salz";"Gemeinden";"0,00";;;"0,00";"0,00"
"07143291";"Salzburg";"Gemeinden";"0,00";;;"0,00";"0,00"
"07143292";"Seck";"Gemeinden";"0,00";;;"0,00";
"07143293";"Stahlhofen am Wiesensee";"Gemeinden";"0,00";;;"0,00";
"07143294";"Steinebach an der Wied";"Gemeinden";"0,00";;;"0,00";
"07143295";"Stein-Neukirch";"Gemeinden";"0,00";;;"0,00";"0,00"
"07143296";"Stein-Wingert";"Gemeinden";"0,00";;;"0,00";"0,00"
"07143297";"Stockhausen-Illfurth";"Gemeinden";"0,00";;;"0,00";"0,00"
"07143298";"Stockum-Püschen";"Gemeinden";"0,00";;;"0,00";"0,00"
"07143299";"Streithausen";"Gemeinden";"0,00";;;"0,00";"0,00"
"07143300";"Unnau";"Gemeinden";"0,00";;;"0,00";"0,00"
"07143301";"Wahlrod";"Gemeinden";"0,00";;;"0,00";
"07143302";"Waigandshain";"Gemeinden";"0,00";;;"0,00";"0,00"
"07143303";"Waldmühlen";"Gemeinden";"0,00";;;"0,00";"0,00"
"07143304";"Wallmerod";"Gemeinden";"0,00";;;"0,00";
"07143305";"Weidenhahn";"Gemeinden";"0,00";;;"0,00";"0,00"
"07143306";"Welkenbach";"Gemeinden";"0,00";;;"0,00";"0,00"
"07143307";"Weltersburg";"Gemeinden";"0,00";;;"0,00";"0,00"
"07143308";"Westerburg, Stadt";"Gemeinden";"0,00";"1,98";;"0,00";
"07143309";"Westernohe";"Gemeinden";"0,00";;;"0,00";
"07143310";"Wied";"Gemeinden";"0,00";;"0,00";"0,00";"0,00"
"07143311";"Willingen";"Gemeinden";"0,00";;;"0,00";"0,00"
"07143312";"Willmenrod";"Gemeinden";"0,00";;;"0,00";"0,00"
"07143313";"Winkelbach";"Gemeinden";"0,00";;;"0,00";"0,00"
"07143314";"Winnen";"Gemeinden";"0,00";;;"0,00";"0,00"
"07143315";"Zehnhausen bei Rennerod";"Gemeinden";"0,00";;;"0,00";"0,00"
"07143316";"Zehnhausen bei Wallmerod";"Gemeinden";"0,00";;;"0,00";"0,00"
"07143501";"Elbingen";"Gemeinden";"0,00";;;"0,00";"0,00"
"07143502";"Mähren";"Gemeinden";"0,00";;;"0,00";"0,00"
"07211000";"Trier, Stadt";"Gemeinden";"7,18";"6,78";"7,19";"4,31";"8,58"
"07231001";"Altrich";"Gemeinden";"0,00";;;"0,00";"0,00"
"07231003";"Arenrath";"Gemeinden";"0,00";;;"0,00";"0,00"
"07231004";"Bausendorf";"Gemeinden";"0,00";;;"0,00";"0,00"
"07231005";"Bengel";"Gemeinden";"0,00";"12,24";;"0,00";"8,49"
"07231006";"Berglicht";"Gemeinden";"0,00";;;"0,00";
"07231007";"Bergweiler";"Gemeinden";"0,00";;;"0,00";"0,00"
"07231008";"Bernkastel-Kues, Stadt";"Gemeinden";"74,38";"69,48";"68,64";"53,43";"73,07"
"07231009";"Bettenfeld";"Gemeinden";"0,00";;;"0,00";
"07231010";"Binsfeld";"Gemeinden";"0,00";;;"0,00";"0,00"
"07231012";"Brauneberg";"Gemeinden";"25,39";"26,37";"33,95";"33,65";"49,59"
"07231013";"Bruch";"Gemeinden";"0,00";;;"0,00";"0,00"
"07231014";"Burg (Mosel)";"Gemeinden";"0,00";;;"25,49";"29,53"
"07231016";"Burgen";"Gemeinden";"0,00";;;"0,00";
"07231017";"Burtscheid";"Gemeinden";"0,00";;;"0,00";"0,00"
"07231018";"Deuselbach";"Gemeinden";"0,00";;;"0,00";"0,00"
"07231019";"Dhronecken";"Gemeinden";"0,00";;;"0,00";"0,00"
"07231020";"Diefenbach";"Gemeinden";"0,00";;;"0,00";"0,00"
"07231021";"Dierfeld";"Gemeinden";"0,00";;;"0,00";"0,00"
"07231022";"Dierscheid";"Gemeinden";"0,00";;;"0,00";"0,00"
"07231023";"Dodenburg";"Gemeinden";"0,00";;;"0,00";"0,00"
"07231024";"Dreis";"Gemeinden";"0,00";;;"0,00";
"07231025";"Eckfeld";"Gemeinden";"0,00";;;"0,00";"0,00"
"07231026";"Eisenschmitt";"Gemeinden";"0,00";;;"0,00";
"07231029";"Enkirch";"Gemeinden";"27,09";"26,06";"23,38";"24,25";"28,01"
"07231030";"Erden";"Gemeinden";"11,48";"15,54";;"0,00";
"07231031";"Esch";"Gemeinden";"0,00";;;"0,00";"0,00"
"07231032";"Etgert";"Gemeinden";"0,00";;;"0,00";"0,00"
"07231033";"Flußbach";"Gemeinden";"0,00";;;"0,00";"0,00"
"07231035";"Gielert";"Gemeinden";"0,00";;;"0,00";"0,00"
"07231036";"Gipperath";"Gemeinden";"0,00";;;"0,00";"0,00"
"07231037";"Gladbach";"Gemeinden";"0,00";;;"0,00";"0,00"
"07231040";"Gornhausen";"Gemeinden";"0,00";;;"0,00";
"07231041";"Graach an der Mosel";"Gemeinden";"0,00";"17,07";"12,96";"24,06";
"07231042";"Gräfendhron";"Gemeinden";"0,00";;;"0,00";
"07231044";"Greimerath";"Gemeinden";"0,00";;;"0,00";"0,00"
"07231046";"Großlittgen";"Gemeinden";"0,00";"15,30";;"0,00";
"07231049";"Hasborn";"Gemeinden";"0,00";;;"0,00";"0,00"
"07231050";"Heckenmünster";"Gemeinden";"0,00";;;"0,00";"0,00"
"07231051";"Heidweiler";"Gemeinden";"0,00";;;"0,00";"0,00"
"07231053";"Hetzerath";"Gemeinden";"0,00";;;"0,00";"0,00"
"07231054";"Hilscheid";"Gemeinden";"0,00";;;"0,00";"0,00"
"07231056";"Hochscheid";"Gemeinden";"0,00";;;"0,00";"0,00"
"07231057";"Hontheim";"Gemeinden";"0,00";;;"0,00";"0,00"
"07231058";"Horath";"Gemeinden";"0,00";;;"0,00";"0,00"
"07231062";"Hupperath";"Gemeinden";"0,00";;;"0,00";
"07231064";"Immert";"Gemeinden";"0,00";;;"0,00";"0,00"
"07231065";"Karl";"Gemeinden";"0,00";;;"0,00";"0,00"
"07231066";"Kesten";"Gemeinden";"0,00";;;"0,00";
"07231067";"Kinderbeuern";"Gemeinden";"0,00";;;"0,00";
"07231068";"Kinheim";"Gemeinden";"0,00";;;"0,00";
"07231069";"Klausen";"Gemeinden";"0,00";;;"0,00";
"07231070";"Kleinich";"Gemeinden";"0,00";;;"0,00";
"07231071";"Kommen";"Gemeinden";"0,00";;;"0,00";"0,00"
"07231072";"Kröv";"Gemeinden";"81,92";"71,01";;"0,00";"111,32"
"07231074";"Laufeld";"Gemeinden";"0,00";;;"0,00";
"07231075";"Lieser";"Gemeinden";"16,55";"16,68";"17,56";"0,00";
"07231076";"Lösnich";"Gemeinden";"0,00";"19,49";;"0,00";
"07231077";"Longkamp";"Gemeinden";"0,00";;;"0,00";"0,00"
"07231078";"Lückenburg";"Gemeinden";"0,00";;;"0,00";"0,00"
"07231079";"Malborn";"Gemeinden";"0,00";;;"0,00";"0,00"
"07231080";"Manderscheid, Stadt";"Gemeinden";"99,76";"102,95";"96,99";"66,13";"91,78"
"07231081";"Maring-Noviand";"Gemeinden";"0,00";"6,24";;"0,00";
"07231082";"Meerfeld";"Gemeinden";"73,97";"87,25";"81,16";"0,00";
"07231083";"Merschbach";"Gemeinden";"0,00";;;"0,00";"0,00"
"07231085";"Minderlittgen";"Gemeinden";"0,00";;;"0,00";"0,00"
"07231086";"Minheim";"Gemeinden";"0,00";"1,01";"9,58";"0,00";
"07231087";"Monzelfeld";"Gemeinden";"0,00";;;"0,00";"0,00"
"07231090";"Mülheim an der Mosel";"Gemeinden";"0,00";"42,53";"60,77";"0,00";
"07231091";"Musweiler";"Gemeinden";"0,00";;;"0,00";"0,00"
"07231092";"Neumagen-Dhron";"Gemeinden";"5,02";"4,45";"4,16";"0,00";
"07231093";"Neunkirchen";"Gemeinden";"0,00";;;"0,00";"0,00"
"07231095";"Niederöfflingen";"Gemeinden";"0,00";;;"0,00";"0,00"
"07231096";"Niederscheidweiler";"Gemeinden";"0,00";;;"0,00";
"07231100";"Oberöfflingen";"Gemeinden";"0,00";;;"0,00";"0,00"
"07231101";"Oberscheidweiler";"Gemeinden";"0,00";;;"0,00";"0,00"
"07231103";"Osann-Monzel";"Gemeinden";"4,54";"6,73";"4,83";"4,41";"2,89"
"07231104";"Pantenburg";"Gemeinden";"0,00";;;"0,00";
"07231105";"Piesport";"Gemeinden";"0,00";"10,74";"13,50";"16,51";"20,37"
"07231107";"Platten";"Gemeinden";"0,00";;;"0,00";
"07231108";"Plein";"Gemeinden";"0,00";;;"0,00";"0,00"
"07231110";"Reil";"Gemeinden";"0,00";"27,64";;"0,00";
"07231111";"Rivenich";"Gemeinden";"0,00";;;"0,00";"0,00"
"07231112";"Rorodt";"Gemeinden";"0,00";;;"0,00";"0,00"
"07231113";"Salmtal";"Gemeinden";"0,00";;;"0,00";
"07231114";"Schladt";"Gemeinden";"0,00";;;"0,00";"0,00"
"07231115";"Schönberg";"Gemeinden";"0,00";;;"0,00";"0,00"
"07231116";"Schwarzenborn";"Gemeinden";"0,00";;;"0,00";"0,00"
"07231117";"Sehlem";"Gemeinden";"0,00";;;"0,00";"0,00"
"07231120";"Starkenburg";"Gemeinden";"0,00";;;"0,00";"0,00"
"07231122";"Talling";"Gemeinden";"0,00";;;"0,00";"0,00"
"07231123";"Thalfang";"Gemeinden";"30,45";"20,67";;"8,46";"6,83"
"07231124";"Traben-Trarbach, Stadt";"Gemeinden";"26,02";"24,27";"29,20";"24,76";"46,38"
"07231125";"Ürzig";"Gemeinden";"18,37";"15,77";"24,65";"26,15";"32,02"
"07231126";"Veldenz";"Gemeinden";"0,00";"27,29";;"0,00";
"07231127";"Wallscheid";"Gemeinden";"0,00";;;"0,00";"0,00"
"07231132";"Willwerscheid";"Gemeinden";"0,00";;;"0,00";"0,00"
"07231133";"Wintrich";"Gemeinden";"0,00";"25,06";"28,93";"0,00";
"07231134";"Wittlich, Stadt";"Gemeinden";"1,98";"1,23";"1,32";"0,00";"1,55"
"07231136";"Zeltingen-Rachtig";"Gemeinden";"32,80";"33,12";;"33,06";"48,28"
"07231202";"Breit";"Gemeinden";"0,00";;;"0,00";"0,00"
"07231203";"Büdlich";"Gemeinden";"0,00";;;"0,00";"0,00"
"07231204";"Heidenburg";"Gemeinden";"0,00";;;"0,00";
"07231206";"Lötzbeuren";"Gemeinden";"0,00";;;"0,00";"0,00"
"07231501";"Irmenach";"Gemeinden";"0,00";;;"0,00";
"07231502";"Morbach";"Gemeinden";"4,16";"4,71";"5,00";"4,88";"5,01"
"07231503";"Landscheid";"Gemeinden";"0,00";;;"0,00";
"07231504";"Niersbach";"Gemeinden";"0,00";;;"0,00";"0,00"
"07232001";"Affler";"Gemeinden";"0,00";;;"0,00";"0,00"
"07232002";"Alsdorf";"Gemeinden";"0,00";;;"0,00";"0,00"
"07232003";"Altscheid";"Gemeinden";"0,00";;;"0,00";"0,00"
"07232004";"Ammeldingen an der Our";"Gemeinden";"0,00";;;"0,00";
"07232005";"Ammeldingen bei Neuerburg";"Gemeinden";"0,00";;;"0,00";"0,00"
"07232006";"Auw an der Kyll";"Gemeinden";"0,00";;;"0,00";
"07232007";"Badem";"Gemeinden";"0,00";;;"0,00";"0,00"
"07232008";"Bauler";"Gemeinden";"0,00";;;"0,00";"0,00"
"07232009";"Baustert";"Gemeinden";"0,00";;;"0,00";"0,00"
"07232010";"Beilingen";"Gemeinden";"0,00";;;"0,00";"0,00"
"07232011";"Berkoth";"Gemeinden";"0,00";;;"0,00";"0,00"
"07232012";"Berscheid";"Gemeinden";"0,00";;;"0,00";"0,00"
"07232013";"Bettingen";"Gemeinden";"0,00";;;"0,00";"0,00"
"07232014";"Bickendorf";"Gemeinden";"0,00";;;"0,00";"0,00"
"07232015";"Biersdorf am See";"Gemeinden";"195,63";"124,64";"82,27";"28,95";"13,01"
"07232016";"Biesdorf";"Gemeinden";"0,00";;;"0,00";"0,00"
"07232017";"Birtlingen";"Gemeinden";"0,00";;;"0,00";
"07232018";"Bitburg, Stadt";"Gemeinden";"10,57";"8,46";;"0,00";
"07232019";"Bollendorf";"Gemeinden";"34,94";"39,01";"32,77";"32,72";"68,15"
"07232020";"Brecht";"Gemeinden";"0,00";;;"0,00";"0,00"
"07232022";"Burg";"Gemeinden";"0,00";;;"0,00";"0,00"
"07232024";"Dahlem";"Gemeinden";"0,00";;;"0,00";"0,00"
"07232025";"Dauwelshausen";"Gemeinden";"0,00";;;"0,00";"0,00"
"07232026";"Dockendorf";"Gemeinden";"0,00";;;"0,00";"0,00"
"07232027";"Dudeldorf";"Gemeinden";"0,00";;;"0,00";
"07232028";"Echternacherbrück";"Gemeinden";"0,00";;;"0,00";
"07232029";"Echtershausen";"Gemeinden";"0,00";;;"0,00";
"07232030";"Ehlenz";"Gemeinden";"0,00";;;"0,00";"0,00"
"07232031";"Emmelbaum";"Gemeinden";"0,00";;;"0,00";"0,00"
"07232032";"Enzen";"Gemeinden";"0,00";;;"0,00";"0,00"
"07232033";"Ernzen";"Gemeinden";"0,00";;;"0,00";"0,00"
"07232034";"Eßlingen";"Gemeinden";"0,00";;;"0,00";"0,00"
"07232035";"Etteldorf";"Gemeinden";"0,00";;;"0,00";"0,00"
"07232036";"Feilsdorf";"Gemeinden";"0,00";;;"0,00";"0,00"
"07232037";"Ferschweiler";"Gemeinden";"0,00";"5,20";;"0,00";
"07232038";"Fischbach-Oberraden";"Gemeinden";"0,00";;;"0,00";
"07232039";"Fließem";"Gemeinden";"0,00";;;"0,00";"0,00"
"07232040";"Geichlingen";"Gemeinden";"0,00";;;"0,00";
"07232041";"Gemünd";"Gemeinden";"0,00";;;"0,00";
"07232042";"Gentingen";"Gemeinden";"0,00";;;"0,00";
"07232043";"Gindorf";"Gemeinden";"0,00";;;"0,00";"0,00"
"07232044";"Gondorf";"Gemeinden";"0,00";;;"0,00";"0,00"
"07232045";"Halsdorf";"Gemeinden";"0,00";;;"0,00";"0,00"
"07232046";"Hamm";"Gemeinden";"0,00";;;"0,00";
"07232047";"Heilbach";"Gemeinden";"0,00";;;"0,00";"0,00"
"07232048";"Heilenbach";"Gemeinden";"0,00";;;"0,00";"0,00"
"07232049";"Herbstmühle";"Gemeinden";"0,00";;;"0,00";"0,00"
"07232050";"Herforst";"Gemeinden";"0,00";;;"0,00";"0,00"
"07232053";"Holsthum";"Gemeinden";"0,00";;;"0,00";
"07232054";"Hommerdingen";"Gemeinden";"0,00";;;"0,00";"0,00"
"07232055";"Hosten";"Gemeinden";"0,00";;;"0,00";"0,00"
"07232056";"Hütten";"Gemeinden";"0,00";;;"0,00";"0,00"
"07232057";"Hütterscheid";"Gemeinden";"0,00";;;"0,00";
"07232058";"Hüttingen an der Kyll";"Gemeinden";"0,00";;;"0,00";"0,00"
"07232059";"Hüttingen bei Lahr";"Gemeinden";"0,00";;;"0,00";"0,00"
"07232060";"Idenheim";"Gemeinden";"0,00";;;"0,00";"0,00"
"07232061";"Idesheim";"Gemeinden";"0,00";;;"0,00";"0,00"
"07232062";"Ingendorf";"Gemeinden";"0,00";;;"0,00";"0,00"
"07232063";"Irrel";"Gemeinden";"0,00";"9,77";;"0,00";
"07232064";"Karlshausen";"Gemeinden";"0,00";;;"0,00";"0,00"
"07232065";"Kaschenbach";"Gemeinden";"0,00";;;"0,00";"0,00"
"07232066";"Keppeshausen";"Gemeinden";"0,00";;;"0,00";"0,00"
"07232067";"Körperich";"Gemeinden";"0,00";"4,40";;"0,00";
"07232068";"Koxhausen";"Gemeinden";"0,00";;;"0,00";"0,00"
"07232069";"Kruchten";"Gemeinden";"0,00";;;"0,00";
"07232070";"Kyllburg, Stadt";"Gemeinden";"0,00";"19,09";;"0,00";"37,39"
"07232071";"Kyllburgweiler";"Gemeinden";"0,00";;;"0,00";"0,00"
"07232072";"Lahr";"Gemeinden";"0,00";;;"0,00";"0,00"
"07232073";"Leimbach";"Gemeinden";"0,00";;;"0,00";"0,00"
"07232074";"Ließem";"Gemeinden";"0,00";;;"0,00";"0,00"
"07232075";"Malberg";"Gemeinden";"8,88";"8,11";;"0,00";
"07232076";"Malbergweich";"Gemeinden";"0,00";;;"0,00";"0,00"
"07232077";"Meckel";"Gemeinden";"0,00";;;"0,00";
"07232078";"Menningen";"Gemeinden";"0,00";;;"0,00";"0,00"
"07232079";"Messerich";"Gemeinden";"0,00";;;"0,00";"0,00"
"07232080";"Mettendorf";"Gemeinden";"0,00";"7,84";;"0,00";
"07232081";"Metterich";"Gemeinden";"0,00";;;"0,00";
"07232082";"Minden";"Gemeinden";"0,00";;;"0,00";
"07232083";"Mülbach";"Gemeinden";"0,00";;;"0,00";"0,00"
"07232084";"Muxerath";"Gemeinden";"0,00";;;"0,00";"0,00"
"07232085";"Nasingen";"Gemeinden";"0,00";;;"0,00";
"07232086";"Nattenheim";"Gemeinden";"0,00";;;"0,00";"0,00"
"07232087";"Neidenbach";"Gemeinden";"0,00";;;"0,00";"0,00"
"07232088";"Neuerburg, Stadt";"Gemeinden";"18,07";"16,77";;"0,00";
"07232089";"Niedergeckler";"Gemeinden";"0,00";;;"0,00";"0,00"
"07232090";"Niederraden";"Gemeinden";"0,00";;;"0,00";"0,00"
"07232091";"Niederstedem";"Gemeinden";"0,00";;;"0,00";"0,00"
"07232092";"Niederweiler";"Gemeinden";"0,00";;;"0,00";"0,00"
"07232093";"Niederweis";"Gemeinden";"0,00";;;"0,00";"0,00"
"07232094";"Niehl";"Gemeinden";"0,00";;;"0,00";"0,00"
"07232095";"Nusbaum";"Gemeinden";"0,00";;;"0,00";"0,00"
"07232096";"Obergeckler";"Gemeinden";"0,00";;;"0,00";"0,00"
"07232097";"Oberstedem";"Gemeinden";"0,00";;;"0,00";"0,00"
"07232098";"Oberweiler";"Gemeinden";"0,00";;;"0,00";"0,00"
"07232099";"Oberweis";"Gemeinden";"0,00";;;"0,00";
"07232100";"Olsdorf";"Gemeinden";"0,00";;;"0,00";"0,00"
"07232101";"Orsfeld";"Gemeinden";"0,00";;;"0,00";"0,00"
"07232102";"Utscheid";"Gemeinden";"0,00";;;"0,00";
"07232103";"Peffingen";"Gemeinden";"0,00";;;"0,00";"0,00"
"07232104";"Philippsheim";"Gemeinden";"0,00";;;"0,00";
"07232105";"Pickließem";"Gemeinden";"0,00";;;"0,00";"0,00"
"07232106";"Plascheid";"Gemeinden";"0,00";;;"0,00";"0,00"
"07232107";"Preist";"Gemeinden";"0,00";;;"0,00";"0,00"
"07232108";"Prümzurlay";"Gemeinden";"0,00";;;"0,00";
"07232109";"Rittersdorf";"Gemeinden";"0,00";;;"0,00";"0,00"
"07232110";"Rodershausen";"Gemeinden";"0,00";;;"0,00";"0,00"
"07232111";"Röhl";"Gemeinden";"0,00";;;"0,00";"0,00"
"07232112";"Roth an der Our";"Gemeinden";"0,00";;;"0,00";"0,00"
"07232113";"Sankt Thomas";"Gemeinden";"0,00";;;"0,00";
"07232114";"Schankweiler";"Gemeinden";"0,00";;;"0,00";"0,00"
"07232115";"Scharfbillig";"Gemeinden";"0,00";;;"0,00";"0,00"
"07232116";"Scheitenkorb";"Gemeinden";"0,00";;;"0,00";"0,00"
"07232117";"Scheuern";"Gemeinden";"0,00";;;"0,00";"0,00"
"07232118";"Schleid";"Gemeinden";"0,00";;;"0,00";"0,00"
"07232119";"Seffern";"Gemeinden";"0,00";;;"0,00";"0,00"
"07232120";"Sefferweich";"Gemeinden";"0,00";;;"0,00";"0,00"
"07232121";"Sevenig bei Neuerburg";"Gemeinden";"0,00";;;"0,00";"0,00"
"07232122";"Sinspelt";"Gemeinden";"0,00";"15,10";;"0,00";
"07232123";"Speicher, Stadt";"Gemeinden";"0,00";;;"0,00";
"07232124";"Stockem";"Gemeinden";"0,00";;;"0,00";"0,00"
"07232125";"Sülm";"Gemeinden";"0,00";;;"0,00";"0,00"
"07232126";"Trimport";"Gemeinden";"0,00";;;"0,00";"0,00"
"07232127";"Übereisenbach";"Gemeinden";"0,00";;;"0,00";
"07232128";"Uppershausen";"Gemeinden";"0,00";;;"0,00";"0,00"
"07232129";"Usch";"Gemeinden";"0,00";;;"0,00";"0,00"
"07232130";"Waldhof-Falkenstein";"Gemeinden";"0,00";;;"0,00";"0,00"
"07232131";"Wallendorf";"Gemeinden";"0,00";;;"0,00";
"07232132";"Weidingen";"Gemeinden";"0,00";;;"0,00";"0,00"
"07232133";"Wettlingen";"Gemeinden";"0,00";;;"0,00";"0,00"
"07232134";"Wiersdorf";"Gemeinden";"0,00";;;"0,00";"0,00"
"07232135";"Wilsecker";"Gemeinden";"0,00";;;"0,00";"0,00"
"07232137";"Wolsfeld";"Gemeinden";"0,00";;;"0,00";
"07232138";"Zweifelscheid";"Gemeinden";"0,00";;;"0,00";
"07232201";"Arzfeld";"Gemeinden";"0,00";;;"0,00";"0,00"
"07232202";"Auw bei Prüm";"Gemeinden";"0,00";;;"0,00";
"07232203";"Balesfeld";"Gemeinden";"0,00";;;"0,00";"0,00"
"07232206";"Bleialf";"Gemeinden";"7,06";"5,69";;"5,31";"8,15"
"07232207";"Brandscheid";"Gemeinden";"0,00";;;"0,00";"0,00"
"07232208";"Buchet";"Gemeinden";"0,00";;;"0,00";"0,00"
"07232209";"Büdesheim";"Gemeinden";"0,00";;;"0,00";
"07232210";"Burbach";"Gemeinden";"0,00";;;"0,00";"0,00"
"07232211";"Dackscheid";"Gemeinden";"0,00";;;"0,00";"0,00"
"07232212";"Dahnen";"Gemeinden";"0,00";;;"0,00";"0,00"
"07232213";"Daleiden";"Gemeinden";"0,00";;;"0,00";
"07232214";"Dasburg";"Gemeinden";"0,00";;;"0,00";
"07232216";"Dingdorf";"Gemeinden";"0,00";;;"0,00";"0,00"
"07232217";"Eilscheid";"Gemeinden";"0,00";;;"0,00";
"07232218";"Eisenach";"Gemeinden";"0,00";;;"0,00";"0,00"
"07232220";"Eschfeld";"Gemeinden";"0,00";;;"0,00";"0,00"
"07232221";"Euscheid";"Gemeinden";"0,00";;;"0,00";"0,00"
"07232222";"Feuerscheid";"Gemeinden";"0,00";;;"0,00";"0,00"
"07232223";"Fleringen";"Gemeinden";"0,00";;;"0,00";
"07232224";"Giesdorf";"Gemeinden";"0,00";;;"0,00";"0,00"
"07232225";"Gilzem";"Gemeinden";"0,00";;;"0,00";"0,00"
"07232226";"Weinsheim";"Gemeinden";"0,00";;;"0,00";"0,00"
"07232227";"Gondenbrett";"Gemeinden";"0,00";;;"0,00";
"07232228";"Gransdorf";"Gemeinden";"0,00";;;"0,00";
"07232229";"Großkampenberg";"Gemeinden";"0,00";;;"0,00";"0,00"
"07232230";"Großlangenfeld";"Gemeinden";"0,00";;;"0,00";
"07232231";"Habscheid";"Gemeinden";"0,00";;;"0,00";"0,00"
"07232233";"Hargarten";"Gemeinden";"0,00";;;"0,00";"0,00"
"07232234";"Harspelt";"Gemeinden";"0,00";;;"0,00";"0,00"
"07232236";"Heckhuscheid";"Gemeinden";"0,00";;;"0,00";"0,00"
"07232238";"Heisdorf";"Gemeinden";"0,00";;;"0,00";"0,00"
"07232240";"Herzfeld";"Gemeinden";"0,00";;;"0,00";"0,00"
"07232245";"Irrhausen";"Gemeinden";"0,00";;;"0,00";
"07232246";"Jucken";"Gemeinden";"0,00";;;"0,00";"0,00"
"07232247";"Kesfeld";"Gemeinden";"0,00";;;"0,00";"0,00"
"07232248";"Kickeshausen";"Gemeinden";"0,00";;;"0,00";"0,00"
"07232249";"Kinzenburg";"Gemeinden";"0,00";;;"0,00";"0,00"
"07232250";"Kleinlangenfeld";"Gemeinden";"0,00";;;"0,00";"0,00"
"07232253";"Krautscheid";"Gemeinden";"0,00";;;"0,00";
"07232254";"Lambertsberg";"Gemeinden";"0,00";;;"0,00";
"07232255";"Lascheid";"Gemeinden";"0,00";;;"0,00";"0,00"
"07232256";"Lasel";"Gemeinden";"0,00";;;"0,00";"0,00"
"07232258";"Lauperath";"Gemeinden";"0,00";;;"0,00";
"07232259";"Leidenborn";"Gemeinden";"0,00";;;"0,00";"0,00"
"07232260";"Lichtenborn";"Gemeinden";"0,00";;;"0,00";
"07232261";"Lierfeld";"Gemeinden";"0,00";;;"0,00";"0,00"
"07232262";"Lünebach";"Gemeinden";"0,00";;;"0,00";"0,00"
"07232263";"Lützkampen";"Gemeinden";"0,00";;;"0,00";
"07232264";"Manderscheid";"Gemeinden";"0,00";;;"0,00";"0,00"
"07232265";"Masthorn";"Gemeinden";"0,00";;;"0,00";"0,00"
"07232266";"Matzerath";"Gemeinden";"0,00";;;"0,00";"0,00"
"07232267";"Mauel";"Gemeinden";"0,00";;;"0,00";"0,00"
"07232270";"Merlscheid";"Gemeinden";"0,00";;;"0,00";"0,00"
"07232271";"Mützenich";"Gemeinden";"117,03";"132,90";"113,51";"59,85";"73,15"
"07232272";"Neuendorf";"Gemeinden";"0,00";;;"0,00";"0,00"
"07232273";"Neuheilenbach";"Gemeinden";"0,00";;;"0,00";"0,00"
"07232276";"Niederlauch";"Gemeinden";"0,00";;;"0,00";"0,00"
"07232277";"Niederpierscheid";"Gemeinden";"0,00";;;"0,00";"0,00"
"07232279";"Nimshuscheid";"Gemeinden";"0,00";;;"0,00";"0,00"
"07232280";"Nimsreuland";"Gemeinden";"0,00";;;"0,00";"0,00"
"07232282";"Oberkail";"Gemeinden";"0,00";;;"0,00";"0,00"
"07232283";"Oberlascheid";"Gemeinden";"0,00";;;"0,00";"0,00"
"07232284";"Oberlauch";"Gemeinden";"0,00";;;"0,00";"0,00"
"07232285";"Oberpierscheid";"Gemeinden";"0,00";;;"0,00";"0,00"
"07232287";"Olmscheid";"Gemeinden";"0,00";;;"0,00";"0,00"
"07232288";"Olzheim";"Gemeinden";"0,00";;;"0,00";
"07232289";"Orenhofen";"Gemeinden";"0,00";;;"0,00";"0,00"
"07232290";"Orlenbach";"Gemeinden";"0,00";;;"0,00";"0,00"
"07232291";"Pintesfeld";"Gemeinden";"0,00";;;"0,00";"0,00"
"07232292";"Pittenbach";"Gemeinden";"0,00";;;"0,00";"0,00"
"07232293";"Plütscheid";"Gemeinden";"0,00";;;"0,00";
"07232294";"Preischeid";"Gemeinden";"0,00";;;"0,00";"0,00"
"07232295";"Pronsfeld";"Gemeinden";"2,27";"2,70";;"0,00";
"07232296";"Prüm, Stadt";"Gemeinden";"17,01";"12,95";"15,10";"8,48";"16,47"
"07232297";"Reiff";"Gemeinden";"0,00";;;"0,00";"0,00"
"07232298";"Reipeldingen";"Gemeinden";"0,00";;;"0,00";"0,00"
"07232300";"Rommersheim";"Gemeinden";"0,00";;;"0,00";
"07232301";"Roscheid";"Gemeinden";"0,00";;;"0,00";"0,00"
"07232302";"Roth bei Prüm";"Gemeinden";"0,00";;;"0,00";"0,00"
"07232304";"Schönecken";"Gemeinden";"8,10";"5,63";"5,64";"4,57";
"07232305";"Schwirzheim";"Gemeinden";"0,00";;;"0,00";"0,00"
"07232306";"Seinsfeld";"Gemeinden";"0,00";;;"0,00";"0,00"
"07232307";"Seiwerath";"Gemeinden";"0,00";;;"0,00";"0,00"
"07232308";"Sellerich";"Gemeinden";"0,00";;;"0,00";
"07232309";"Sengerich";"Gemeinden";"0,00";;;"0,00";"0,00"
"07232310";"Sevenig (Our)";"Gemeinden";"0,00";;;"0,00";"0,00"
"07232311";"Spangdahlem";"Gemeinden";"0,00";;;"0,00";"0,00"
"07232313";"Steinborn";"Gemeinden";"0,00";;;"0,00";"0,00"
"07232315";"Strickscheid";"Gemeinden";"0,00";;;"0,00";"0,00"
"07232318";"Wallersheim";"Gemeinden";"0,00";;;"0,00";"0,00"
"07232320";"Watzerath";"Gemeinden";"0,00";;;"0,00";"0,00"
"07232321";"Wawern";"Gemeinden";"0,00";;;"0,00";"0,00"
"07232322";"Waxweiler";"Gemeinden";"0,00";"6,17";;"0,00";
"07232327";"Winringen";"Gemeinden";"0,00";;;"0,00";"0,00"
"07232328";"Winterscheid";"Gemeinden";"0,00";;;"0,00";"0,00"
"07232329";"Winterspelt";"Gemeinden";"0,00";;;"0,00";
"07232331";"Zendscheid";"Gemeinden";"0,00";;;"0,00";
"07232332";"Hersdorf";"Gemeinden";"0,00";;;"0,00";"0,00"
"07232333";"Üttfeld";"Gemeinden";"0,00";;;"0,00";
"07232501";"Wißmannsdorf";"Gemeinden";"0,00";"5,98";"12,06";"8,42";"18,87"
"07232502";"Brimingen";"Gemeinden";"0,00";;;"0,00";
"07233002";"Basberg";"Gemeinden";"0,00";;;"0,00";"0,00"
"07233003";"Beinhausen";"Gemeinden";"0,00";;;"0,00";"0,00"
"07233004";"Berlingen";"Gemeinden";"0,00";;;"0,00";
"07233005";"Berndorf";"Gemeinden";"0,00";;;"0,00";"0,00"
"07233006";"Betteldorf";"Gemeinden";"0,00";;;"0,00";"0,00"
"07233007";"Birgel";"Gemeinden";"20,56";;;"0,00";
"07233008";"Bleckhausen";"Gemeinden";"0,00";;;"0,00";"0,00"
"07233010";"Boxberg";"Gemeinden";"0,00";;;"0,00";"0,00"
"07233011";"Brockscheid";"Gemeinden";"0,00";;;"0,00";"0,00"
"07233014";"Darscheid";"Gemeinden";"0,00";"5,90";;"0,00";
"07233016";"Demerath";"Gemeinden";"0,00";;;"0,00";"0,00"
"07233017";"Deudesfeld";"Gemeinden";"0,00";;;"0,00";
"07233018";"Dockweiler";"Gemeinden";"0,00";;;"0,00";
"07233019";"Dohm-Lammersdorf";"Gemeinden";"0,00";;;"0,00";
"07233020";"Dreis-Brück";"Gemeinden";"0,00";;;"0,00";"0,00"
"07233021";"Ellscheid";"Gemeinden";"0,00";;;"0,00";"0,00"
"07233022";"Esch";"Gemeinden";"0,00";;;"0,00";
"07233023";"Feusdorf";"Gemeinden";"0,00";;;"0,00";"0,00"
"07233025";"Gefell";"Gemeinden";"0,00";;;"0,00";"0,00"
"07233026";"Gerolstein, Stadt";"Gemeinden";"17,60";"11,35";"12,74";"8,39";"15,59"
"07233027";"Gillenfeld";"Gemeinden";"0,00";;;"10,35";"16,41"
"07233028";"Gönnersdorf";"Gemeinden";"0,00";;;"0,00";"0,00"
"07233029";"Hillesheim, Stadt";"Gemeinden";"0,00";"9,48";;"0,00";
"07233030";"Hinterweiler";"Gemeinden";"0,00";;;"0,00";"0,00"
"07233031";"Hörscheid";"Gemeinden";"0,00";"0,00";;"0,00";"0,00"
"07233032";"Hörschhausen";"Gemeinden";"0,00";;;"0,00";
"07233033";"Hohenfels-Essingen";"Gemeinden";"0,00";;;"0,00";
"07233034";"Immerath";"Gemeinden";"0,00";;;"0,00";
"07233035";"Jünkerath";"Gemeinden";"0,00";;"13,27";"0,00";
"07233036";"Kalenborn-Scheuern";"Gemeinden";"0,00";;;"0,00";"0,00"
"07233037";"Katzwinkel";"Gemeinden";"0,00";;;"0,00";"0,00"
"07233038";"Kerpen (Eifel)";"Gemeinden";"0,00";;;"0,00";"0,00"
"07233039";"Kirchweiler";"Gemeinden";"0,00";;;"0,00";"0,00"
"07233040";"Kradenbach";"Gemeinden";"0,00";;;"0,00";"0,00"
"07233041";"Lissendorf";"Gemeinden";"0,00";"8,50";;"6,76";
"07233042";"Mehren";"Gemeinden";"0,00";"6,58";;"0,00";
"07233043";"Meisburg";"Gemeinden";"0,00";;;"0,00";
"07233046";"Mückeln";"Gemeinden";"0,00";;;"0,00";"0,00"
"07233048";"Neichen";"Gemeinden";"0,00";;;"0,00";
"07233049";"Nerdlen";"Gemeinden";"0,00";;;"0,00";"0,00"
"07233050";"Neroth";"Gemeinden";"0,00";;;"0,00";
"07233052";"Niederstadtfeld";"Gemeinden";"0,00";;;"0,00";"0,00"
"07233053";"Oberbettingen";"Gemeinden";"0,00";;;"0,00";"0,00"
"07233054";"Oberehe-Stroheich";"Gemeinden";"0,00";;;"0,00";"0,00"
"07233055";"Oberstadtfeld";"Gemeinden";"0,00";;;"0,00";"0,00"
"07233056";"Pelm";"Gemeinden";"0,00";"0,00";;"0,00";"0,00"
"07233058";"Rockeskyll";"Gemeinden";"0,00";;;"0,00";"0,00"
"07233060";"Salm";"Gemeinden";"0,00";;;"0,00";"0,00"
"07233061";"Sarmersbach";"Gemeinden";"0,00";;;"0,00";"0,00"
"07233062";"Saxler";"Gemeinden";"0,00";;;"0,00";"0,00"
"07233063";"Schalkenmehren";"Gemeinden";"102,56";"105,28";"114,02";"90,02";"129,03"
"07233064";"Schönbach";"Gemeinden";"0,00";;;"0,00";
"07233065";"Schutz";"Gemeinden";"0,00";;;"0,00";
"07233067";"Steineberg";"Gemeinden";"0,00";;;"0,00";"0,00"
"07233068";"Steiningen";"Gemeinden";"0,00";;;"0,00";"0,00"
"07233070";"Strohn";"Gemeinden";"0,00";;;"0,00";"0,00"
"07233071";"Strotzbüsch";"Gemeinden";"0,00";;;"0,00";
"07233074";"Udler";"Gemeinden";"0,00";;;"0,00";
"07233075";"Üdersdorf";"Gemeinden";"0,00";;;"0,00";
"07233076";"Üxheim";"Gemeinden";"0,00";;;"0,00";"1,84"
"07233077";"Utzerath";"Gemeinden";"0,00";;;"0,00";
"07233079";"Wallenborn";"Gemeinden";"0,00";;;"0,00";
"07233080";"Walsdorf";"Gemeinden";"0,00";;;"0,00";"0,00"
"07233081";"Weidenbach";"Gemeinden";"0,00";;;"0,00";
"07233083";"Wiesbaum";"Gemeinden";"0,00";;;"0,00";"0,00"
"07233084";"Winkel (Eifel)";"Gemeinden";"0,00";;;"0,00";
"07233201";"Arbach";"Gemeinden";"0,00";;;"0,00";"0,00"
"07233202";"Bereborn";"Gemeinden";"0,00";;;"0,00";"0,00"
"07233203";"Berenbach";"Gemeinden";"0,00";;;"0,00";"0,00"
"07233204";"Birresborn";"Gemeinden";"5,80";"5,12";"4,43";"3,69";"5,29"
"07233205";"Bodenbach";"Gemeinden";"0,00";;;"0,00";"0,00"
"07233206";"Bongard";"Gemeinden";"0,00";;;"0,00";"0,00"
"07233207";"Borler";"Gemeinden";"0,00";;;"0,00";"0,00"
"07233208";"Brücktal";"Gemeinden";"0,00";;;"0,00";
"07233209";"Densborn";"Gemeinden";"0,00";;;"0,00";
"07233210";"Drees";"Gemeinden";"0,00";;;"0,00";
"07233211";"Duppach";"Gemeinden";"0,00";;;"0,00";"0,00"
"07233212";"Gelenberg";"Gemeinden";"0,00";;;"0,00";"0,00"
"07233213";"Gunderath";"Gemeinden";"0,00";;;"0,00";
"07233214";"Hallschlag";"Gemeinden";"0,00";;;"0,00";
"07233215";"Höchstberg";"Gemeinden";"0,00";;;"0,00";"0,00"
"07233216";"Horperath";"Gemeinden";"0,00";;;"0,00";"0,00"
"07233217";"Kaperich";"Gemeinden";"0,00";;;"0,00";"0,00"
"07233218";"Kelberg";"Gemeinden";"6,73";"5,85";"5,31";"3,80";
"07233219";"Kerschenbach";"Gemeinden";"0,00";;;"0,00";"0,00"
"07233220";"Kirsbach";"Gemeinden";"0,00";;;"0,00";"0,00"
"07233221";"Kötterichen";"Gemeinden";"0,00";;;"0,00";"0,00"
"07233222";"Kolverath";"Gemeinden";"0,00";;;"0,00";"0,00"
"07233223";"Kopp";"Gemeinden";"0,00";;;"0,00";
"07233224";"Lirstal";"Gemeinden";"0,00";;;"0,00";"0,00"
"07233225";"Mannebach";"Gemeinden";"0,00";;;"0,00";"0,00"
"07233226";"Mosbruch";"Gemeinden";"0,00";;;"0,00";"0,00"
"07233227";"Mürlenbach";"Gemeinden";"0,00";;;"0,00";"0,00"
"07233228";"Nitz";"Gemeinden";"0,00";;;"0,00";"0,00"
"07233229";"Nohn";"Gemeinden";"0,00";;;"0,00";"0,00"
"07233230";"Oberelz";"Gemeinden";"0,00";;;"0,00";"0,00"
"07233232";"Ormont";"Gemeinden";"0,00";;;"0,00";
"07233233";"Reimerath";"Gemeinden";"0,00";;;"0,00";
"07233234";"Retterath";"Gemeinden";"0,00";;;"0,00";"0,00"
"07233235";"Reuth";"Gemeinden";"0,00";;;"0,00";"0,00"
"07233236";"Sassen";"Gemeinden";"0,00";;;"0,00";"0,00"
"07233237";"Scheid";"Gemeinden";"0,00";;;"0,00";"0,00"
"07233239";"Schüller";"Gemeinden";"0,00";;;"0,00";"0,00"
"07233240";"Stadtkyll";"Gemeinden";"0,00";;"134,22";"74,07";"156,05"
"07233241";"Steffeln";"Gemeinden";"0,00";;;"0,00";
"07233242";"Uersfeld";"Gemeinden";"0,00";;;"0,00";"0,00"
"07233243";"Ueß";"Gemeinden";"0,00";;;"0,00";"0,00"
"07233244";"Welcherath";"Gemeinden";"0,00";;;"0,00";
"07233501";"Daun, Stadt";"Gemeinden";"27,17";"25,28";"28,42";"17,77";"27,96"
"07235001";"Aach";"Gemeinden";"0,00";;;"0,00";"0,00"
"07235002";"Ayl";"Gemeinden";"0,00";;;"5,58";
"07235003";"Baldringen";"Gemeinden";"0,00";;;"0,00";"0,00"
"07235004";"Bekond";"Gemeinden";"0,00";;;"0,00";"0,00"
"07235005";"Bescheid";"Gemeinden";"0,00";;;"0,00";
"07235008";"Beuren (Hochwald)";"Gemeinden";"0,00";;;"0,00";"0,00"
"07235010";"Bonerath";"Gemeinden";"0,00";;;"0,00";"0,00"
"07235014";"Damflos";"Gemeinden";"0,00";;;"0,00";"0,00"
"07235015";"Detzem";"Gemeinden";"0,00";"7,89";;"0,00";
"07235019";"Ensch";"Gemeinden";"0,69";;;"0,00";
"07235021";"Farschweiler";"Gemeinden";"0,00";;;"0,00";
"07235022";"Fell";"Gemeinden";"0,00";"1,84";;"0,00";
"07235025";"Fisch";"Gemeinden";"0,00";;;"0,00";"0,00"
"07235026";"Föhren";"Gemeinden";"0,00";;;"0,00";"0,00"
"07235027";"Franzenheim";"Gemeinden";"0,00";;;"0,00";"0,00"
"07235028";"Freudenburg";"Gemeinden";"0,00";;;"0,00";"0,00"
"07235030";"Geisfeld";"Gemeinden";"0,00";;;"0,00";
"07235033";"Greimerath";"Gemeinden";"0,00";;;"0,00";
"07235035";"Grimburg";"Gemeinden";"0,00";;;"0,00";"0,00"
"07235036";"Gusenburg";"Gemeinden";"0,00";;;"0,00";"0,00"
"07235037";"Gusterath";"Gemeinden";"0,00";;;"0,00";
"07235038";"Gutweiler";"Gemeinden";"0,00";;;"0,00";"0,00"
"07235040";"Heddert";"Gemeinden";"0,00";;;"0,00";"0,00"
"07235043";"Hentern";"Gemeinden";"0,00";;;"0,00";
"07235044";"Herl";"Gemeinden";"0,00";;;"0,00";"0,00"
"07235045";"Hermeskeil, Stadt";"Gemeinden";"0,00";;;"1,48";"2,47"
"07235046";"Hinzenburg";"Gemeinden";"0,00";;;"0,00";"0,00"
"07235047";"Hinzert-Pölert";"Gemeinden";"0,00";;;"0,00";"0,00"
"07235048";"Hockweiler";"Gemeinden";"0,00";;;"0,00";"0,00"
"07235050";"Holzerath";"Gemeinden";"0,00";;;"0,00";"0,00"
"07235051";"Igel";"Gemeinden";"0,00";;;"0,00";
"07235052";"Irsch";"Gemeinden";"0,00";;;"0,00";
"07235055";"Kanzem";"Gemeinden";"0,00";;;"0,00";
"07235056";"Kasel";"Gemeinden";"0,00";;;"0,00";"0,00"
"07235057";"Kastel-Staadt";"Gemeinden";"0,00";;;"0,00";"0,00"
"07235058";"Kell am See";"Gemeinden";"109,55";"89,05";;"0,00";
"07235060";"Kenn";"Gemeinden";"2,32";"3,69";"2,29";"0,00";
"07235062";"Kirf";"Gemeinden";"0,00";;;"0,00";"0,00"
"07235063";"Klüsserath";"Gemeinden";"0,00";"2,33";;"0,00";
"07235067";"Köwerich";"Gemeinden";"0,00";;;"12,25";
"07235068";"Konz, Stadt";"Gemeinden";"1,28";"1,21";"0,92";"1,16";"1,03"
"07235069";"Kordel";"Gemeinden";"2,52";"2,11";;"1,93";
"07235070";"Korlingen";"Gemeinden";"0,00";;;"0,00";"0,00"
"07235072";"Lampaden";"Gemeinden";"0,00";;;"0,00";"0,00"
"07235073";"Langsur";"Gemeinden";"0,00";"2,75";;"0,00";
"07235074";"Leiwen";"Gemeinden";"261,72";"221,99";;"0,00";
"07235077";"Longen";"Gemeinden";"0,00";;;"0,00";"0,00"
"07235078";"Longuich";"Gemeinden";"11,42";"14,29";;"13,86";"19,76"
"07235080";"Lorscheid";"Gemeinden";"0,00";;;"0,00";"0,00"
"07235081";"Mandern";"Gemeinden";"0,00";;;"0,00";"0,00"
"07235082";"Mannebach";"Gemeinden";"0,00";;;"0,00";
"07235083";"Mehring";"Gemeinden";"0,00";"9,52";"11,82";"0,00";"13,84"
"07235085";"Mertesdorf";"Gemeinden";"0,00";;;"0,00";
"07235090";"Morscheid";"Gemeinden";"0,00";;;"0,00";"0,00"
"07235091";"Naurath (Eifel)";"Gemeinden";"0,00";;;"0,00";"0,00"
"07235092";"Naurath (Wald)";"Gemeinden";"0,00";;;"0,00";
"07235093";"Neuhütten";"Gemeinden";"0,00";;;"0,00";
"07235094";"Newel";"Gemeinden";"0,00";;;"0,00";
"07235095";"Nittel";"Gemeinden";"19,57";"16,17";"16,38";"8,95";"13,98"
"07235096";"Oberbillig";"Gemeinden";"0,00";;;"0,00";
"07235098";"Ockfen";"Gemeinden";"0,00";;;"0,00";
"07235100";"Ollmuth";"Gemeinden";"0,00";;;"0,00";"0,00"
"07235101";"Onsdorf";"Gemeinden";"0,00";;;"0,00";"0,00"
"07235103";"Osburg";"Gemeinden";"0,00";;;"0,00";"0,00"
"07235104";"Palzem";"Gemeinden";"0,00";;"2,96";"0,00";
"07235105";"Paschel";"Gemeinden";"0,00";;;"0,00";"0,00"
"07235106";"Pellingen";"Gemeinden";"0,00";;;"0,00";"0,00"
"07235107";"Pluwig";"Gemeinden";"0,00";;;"0,00";"0,00"
"07235108";"Pölich";"Gemeinden";"0,00";;;"0,00";
"07235111";"Ralingen";"Gemeinden";"0,00";;;"0,00";
"07235112";"Rascheid";"Gemeinden";"0,00";;;"0,00";
"07235114";"Reinsfeld";"Gemeinden";"1,81";"3,19";;"2,49";
"07235115";"Riol";"Gemeinden";"0,00";;;"0,00";
"07235116";"Riveris";"Gemeinden";"0,00";;;"0,00";
"07235118";"Saarburg, Stadt";"Gemeinden";"26,13";"23,21";"20,35";"21,66";"34,48"
"07235119";"Schillingen";"Gemeinden";"0,00";;;"0,00";
"07235120";"Schleich";"Gemeinden";"0,00";;;"0,00";
"07235122";"Schoden";"Gemeinden";"0,00";;;"0,00";
"07235123";"Schömerich";"Gemeinden";"0,00";;;"0,00";"0,00"
"07235124";"Schöndorf";"Gemeinden";"0,00";;;"0,00";"0,00"
"07235125";"Schweich, Stadt";"Gemeinden";"3,95";"3,24";"2,48";"0,00";
"07235126";"Serrig";"Gemeinden";"0,00";;;"0,00";"0,00"
"07235129";"Sommerau";"Gemeinden";"0,00";;;"0,00";"0,00"
"07235131";"Taben-Rodt";"Gemeinden";"0,00";;;"0,00";
"07235132";"Tawern";"Gemeinden";"0,00";;;"0,00";"0,00"
"07235133";"Temmels";"Gemeinden";"0,00";;;"0,00";
"07235134";"Thörnich";"Gemeinden";"0,00";"43,13";;"18,83";"23,25"
"07235135";"Thomm";"Gemeinden";"0,00";;;"0,00";"0,00"
"07235136";"Trassem";"Gemeinden";"0,00";"12,27";;"0,00";
"07235137";"Trierweiler";"Gemeinden";"0,00";;;"0,00";
"07235140";"Vierherrenborn";"Gemeinden";"0,00";;;"0,00";"0,00"
"07235141";"Waldrach";"Gemeinden";"3,29";"1,68";;"0,00";
"07235142";"Waldweiler";"Gemeinden";"0,00";;;"0,00";
"07235143";"Wasserliesch";"Gemeinden";"0,00";"6,74";"7,40";"5,15";
"07235144";"Wawern";"Gemeinden";"0,00";;;"0,00";"0,00"
"07235146";"Wellen";"Gemeinden";"0,00";;;"0,00";
"07235148";"Wiltingen";"Gemeinden";"0,00";;;"0,00";"0,00"
"07235149";"Wincheringen";"Gemeinden";"0,00";;;"0,00";
"07235151";"Zemmer";"Gemeinden";"0,00";;;"0,00";
"07235152";"Zerf";"Gemeinden";"0,00";;;"0,00";
"07235153";"Züsch";"Gemeinden";"0,00";;;"0,00";"0,00"
"07235154";"Merzkirchen";"Gemeinden";"0,00";;;"0,00";"0,00"
"07235207";"Trittenheim";"Gemeinden";"0,00";;;"0,00";"38,50"
"07235501";"Welschbillig";"Gemeinden";"0,00";;;"0,00";
"07311000";"Frankenthal (Pfalz), Stadt";"Gemeinden";"1,60";"1,73";"1,87";"1,03";"1,76"
"07312000";"Kaiserslautern, Stadt";"Gemeinden";"1,69";"2,10";"2,38";"1,88";"3,29"
"07313000";"Landau in der Pfalz, Stadt";"Gemeinden";"1,28";"1,51";"2,31";"1,54";"2,56"
"07314000";"Ludwigshafen am Rhein, Stadt";"Gemeinden";"1,27";"1,56";;"1,29";"1,91"
"07315000";"Mainz, Stadt";"Gemeinden";"3,52";"4,34";"4,32";"2,37";"4,76"
"07316000";"Neustadt an der Weinstraße, Stadt";"Gemeinden";"2,86";"3,34";"3,60";"2,10";"3,78"
"07317000";"Pirmasens, Stadt";"Gemeinden";"1,10";"1,21";;"1,26";"2,53"
"07318000";"Speyer, Stadt";"Gemeinden";"5,03";"5,13";"5,09";"3,05";"6,04"
"07319000";"Worms, Stadt";"Gemeinden";"1,41";"1,73";"1,81";"1,23";"1,70"
"07320000";"Zweibrücken, Stadt";"Gemeinden";"1,30";"1,42";"1,06";"0,94";"1,37"
"07331001";"Albig";"Gemeinden";"0,00";;;"0,00";"0,00"
"07331002";"Alsheim";"Gemeinden";"0,00";;;"0,00";
"07331003";"Alzey, Stadt";"Gemeinden";"2,02";"3,21";"3,13";"2,11";"3,21"
"07331004";"Armsheim";"Gemeinden";"0,00";;;"0,00";
"07331005";"Bechenheim";"Gemeinden";"0,00";;;"0,00";"0,00"
"07331006";"Bechtheim";"Gemeinden";"0,00";;;"0,00";"0,00"
"07331007";"Bechtolsheim";"Gemeinden";"0,00";;;"0,00";"0,00"
"07331008";"Bermersheim vor der Höhe";"Gemeinden";"0,00";;;"0,00";"0,00"
"07331009";"Bermersheim";"Gemeinden";"0,00";;;"0,00";"0,00"
"07331010";"Biebelnheim";"Gemeinden";"0,00";;;"0,00";
"07331011";"Hochborn";"Gemeinden";"0,00";;;"0,00";"0,00"
"07331012";"Bornheim";"Gemeinden";"0,00";;;"0,00";
"07331014";"Dintesheim";"Gemeinden";"0,00";;;"0,00";"0,00"
"07331015";"Dittelsheim-Heßloch";"Gemeinden";"0,00";;;"0,00";"0,00"
"07331017";"Eckelsheim";"Gemeinden";"0,00";;;"0,00";
"07331018";"Eich";"Gemeinden";"0,00";;;"0,00";"0,00"
"07331019";"Ensheim";"Gemeinden";"0,00";;;"0,00";"0,00"
"07331020";"Eppelsheim";"Gemeinden";"0,00";;;"0,00";"0,00"
"07331021";"Erbes-Büdesheim";"Gemeinden";"0,00";;;"0,00";"0,00"
"07331022";"Esselborn";"Gemeinden";"0,00";;;"0,00";"0,00"
"07331023";"Flörsheim-Dalsheim";"Gemeinden";"2,11";"2,32";"2,18";"1,26";
"07331024";"Flomborn";"Gemeinden";"0,00";;;"0,00";
"07331025";"Flonheim";"Gemeinden";"0,00";"2,85";"6,77";"4,96";"6,65"
"07331026";"Framersheim";"Gemeinden";"0,00";;;"0,00";"0,00"
"07331027";"Freimersheim";"Gemeinden";"0,00";;;"0,00";"0,00"
"07331028";"Frettenheim";"Gemeinden";"0,00";;;"0,00";"0,00"
"07331029";"Gabsheim";"Gemeinden";"0,00";;;"0,00";"0,00"
"07331030";"Gau-Bickelheim";"Gemeinden";"0,00";;;"0,00";
"07331031";"Gau-Heppenheim";"Gemeinden";"0,00";;;"0,00";
"07331032";"Gau-Odernheim";"Gemeinden";"0,00";;;"0,00";
"07331033";"Gau-Weinheim";"Gemeinden";"0,00";;;"0,00";"0,00"
"07331034";"Gimbsheim";"Gemeinden";"0,00";;;"0,00";
"07331035";"Gumbsheim";"Gemeinden";"0,00";;;"0,00";"0,00"
"07331036";"Gundersheim";"Gemeinden";"0,00";;;"0,00";
"07331037";"Gundheim";"Gemeinden";"0,00";;;"0,00";"0,00"
"07331038";"Hamm am Rhein";"Gemeinden";"0,00";;;"0,00";"0,00"
"07331039";"Hangen-Weisheim";"Gemeinden";"0,00";;;"0,00";
"07331041";"Hohen-Sülzen";"Gemeinden";"0,00";;;"0,00";
"07331042";"Kettenheim";"Gemeinden";"0,00";;;"0,00";"0,00"
"07331043";"Lonsheim";"Gemeinden";"0,00";;;"0,00";
"07331044";"Mauchenheim";"Gemeinden";"0,00";;;"0,00";
"07331045";"Mettenheim";"Gemeinden";"0,00";;;"0,00";"0,00"
"07331046";"Mölsheim";"Gemeinden";"0,00";;;"0,00";"0,00"
"07331047";"Mörstadt";"Gemeinden";"0,00";;;"0,00";
"07331048";"Monsheim";"Gemeinden";"0,00";;;"0,00";
"07331049";"Monzernheim";"Gemeinden";"0,00";;;"0,00";"0,00"
"07331050";"Nack";"Gemeinden";"0,00";;;"0,00";"0,00"
"07331051";"Nieder-Wiesen";"Gemeinden";"0,00";;;"0,00";"0,00"
"07331052";"Ober-Flörsheim";"Gemeinden";"0,00";;;"0,00";
"07331053";"Offenheim";"Gemeinden";"0,00";;;"0,00";"0,00"
"07331054";"Offstein";"Gemeinden";"0,00";;;"0,00";"0,00"
"07331055";"Osthofen, Stadt";"Gemeinden";"1,14";"1,19";"2,25";"1,16";
"07331056";"Partenheim";"Gemeinden";"0,00";;;"0,00";"0,00"
"07331058";"Saulheim";"Gemeinden";"0,00";;;"0,00";
"07331059";"Schornsheim";"Gemeinden";"0,00";;;"0,00";"0,00"
"07331060";"Siefersheim";"Gemeinden";"0,00";;;"0,00";
"07331061";"Spiesheim";"Gemeinden";"0,00";;;"0,00";"0,00"
"07331062";"Stein-Bockenheim";"Gemeinden";"0,00";;;"0,00";"0,00"
"07331063";"Sulzheim";"Gemeinden";"0,00";;;"0,00";"0,00"
"07331064";"Udenheim";"Gemeinden";"0,00";;;"0,00";
"07331065";"Vendersheim";"Gemeinden";"0,00";;;"0,00";
"07331066";"Wachenheim";"Gemeinden";"0,00";;;"0,00";"0,00"
"07331067";"Wahlheim";"Gemeinden";"0,00";;;"0,00";"0,00"
"07331068";"Wallertheim";"Gemeinden";"0,00";;;"0,00";"0,00"
"07331070";"Wendelsheim";"Gemeinden";"0,00";;;"0,00";"0,00"
"07331071";"Westhofen";"Gemeinden";"0,00";;;"0,00";
"07331072";"Wöllstein";"Gemeinden";"0,00";;;"0,00";"0,00"
"07331073";"Wörrstadt, Stadt";"Gemeinden";"0,00";;"1,06";"0,48";
"07331075";"Wonsheim";"Gemeinden";"0,00";;;"0,00";
"07332001";"Altleiningen";"Gemeinden";"0,00";;;"0,00";
"07332002";"Bad Dürkheim, Stadt";"Gemeinden";"19,02";"21,22";"18,08";"21,20";"26,74"
"07332003";"Battenberg (Pfalz)";"Gemeinden";"0,00";;;"0,00";
"07332004";"Bissersheim";"Gemeinden";"0,00";;;"11,05";"12,65"
"07332005";"Bobenheim am Berg";"Gemeinden";"0,00";;;"0,00";
"07332006";"Bockenheim an der Weinstraße";"Gemeinden";"0,00";;"2,17";"2,24";"2,25"
"07332007";"Carlsberg";"Gemeinden";"0,00";;;"0,00";
"07332008";"Dackenheim";"Gemeinden";"0,00";;;"0,00";"0,00"
"07332009";"Deidesheim, Stadt";"Gemeinden";"16,39";"21,57";;"0,00";"27,81"
"07332010";"Dirmstein";"Gemeinden";"0,00";;;"0,00";
"07332012";"Ebertsheim";"Gemeinden";"0,00";;;"0,00";"0,00"
"07332013";"Ellerstadt";"Gemeinden";"0,00";;;"0,00";"0,00"
"07332014";"Elmstein";"Gemeinden";"0,00";"5,10";"4,21";"0,00";"3,09"
"07332015";"Erpolzheim";"Gemeinden";"0,00";;;"0,00";
"07332016";"Esthal";"Gemeinden";"0,00";;;"0,00";
"07332017";"Forst an der Weinstraße";"Gemeinden";"0,00";;;"0,00";
"07332018";"Frankeneck";"Gemeinden";"0,00";;;"0,00";"0,00"
"07332019";"Freinsheim, Stadt";"Gemeinden";"5,97";"5,07";;"4,41";"7,30"
"07332020";"Friedelsheim";"Gemeinden";"0,00";;;"0,00";
"07332021";"Gerolsheim";"Gemeinden";"0,00";;;"0,00";"0,00"
"07332022";"Gönnheim";"Gemeinden";"0,00";;;"0,00";
"07332023";"Großkarlbach";"Gemeinden";"0,00";"16,23";"15,51";"13,07";"19,05"
"07332024";"Grünstadt, Stadt";"Gemeinden";"2,33";"2,52";"2,56";"1,58";"2,44"
"07332025";"Haßloch";"Gemeinden";"1,12";"1,58";"1,34";"0,97";"1,27"
"07332026";"Herxheim am Berg";"Gemeinden";"0,00";;;"0,00";
"07332027";"Hettenleidelheim";"Gemeinden";"0,00";;;"0,00";"0,00"
"07332028";"Kallstadt";"Gemeinden";"16,81";"17,26";"16,69";"11,33";"15,58"
"07332029";"Kindenheim";"Gemeinden";"0,00";;;"0,00";"0,00"
"07332030";"Kirchheim an der Weinstraße";"Gemeinden";"0,00";"2,93";;"0,00";
"07332031";"Kleinkarlbach";"Gemeinden";"0,00";;;"0,00";
"07332032";"Lambrecht (Pfalz), Stadt";"Gemeinden";"2,36";"2,97";;"0,00";
"07332033";"Laumersheim";"Gemeinden";"0,00";;;"0,00";"0,00"
"07332034";"Lindenberg";"Gemeinden";"0,00";;;"0,00";"0,00"
"07332035";"Meckenheim";"Gemeinden";"0,00";;;"0,00";"0,00"
"07332036";"Mertesheim";"Gemeinden";"0,00";;;"0,00";
"07332037";"Neidenfels";"Gemeinden";"0,00";;;"0,00";
"07332038";"Neuleiningen";"Gemeinden";"4,35";"6,43";"7,70";"7,09";"8,51"
"07332039";"Niederkirchen bei Deidesheim";"Gemeinden";"0,00";;;"0,00";
"07332040";"Obersülzen";"Gemeinden";"0,00";;;"0,00";"0,00"
"07332041";"Obrigheim (Pfalz)";"Gemeinden";"0,00";;;"0,00";
"07332042";"Quirnheim";"Gemeinden";"0,00";;;"0,00";"0,00"
"07332043";"Ruppertsberg";"Gemeinden";"0,00";;;"0,00";
"07332044";"Tiefenthal";"Gemeinden";"0,00";;;"0,00";"0,00"
"07332046";"Wachenheim an der Weinstraße, Stadt";"Gemeinden";"2,77";"2,41";"2,84";"4,26";"6,29"
"07332047";"Wattenheim";"Gemeinden";"0,00";;;"0,00";"0,00"
"07332048";"Weidenthal";"Gemeinden";"0,00";;;"0,00";
"07332049";"Weisenheim am Berg";"Gemeinden";"5,57";"5,85";"12,36";"6,29";"9,31"
"07332050";"Weisenheim am Sand";"Gemeinden";"0,00";;;"0,00";
"07333001";"Albisheim (Pfrimm)";"Gemeinden";"0,00";;;"0,00";"0,00"
"07333003";"Alsenz";"Gemeinden";"0,00";;;"0,00";"0,00"
"07333004";"Bayerfeld-Steckweiler";"Gemeinden";"0,00";;;"0,00";"0,00"
"07333005";"Bennhausen";"Gemeinden";"0,00";;;"0,00";"0,00"
"07333006";"Biedesheim";"Gemeinden";"0,00";;;"0,00";"0,00"
"07333007";"Bischheim";"Gemeinden";"0,00";;;"0,00";"0,00"
"07333008";"Bisterschied";"Gemeinden";"0,00";;;"0,00";"0,00"
"07333009";"Börrstadt";"Gemeinden";"0,00";;;"0,00";"0,00"
"07333010";"Bolanden";"Gemeinden";"0,00";;;"0,00";"0,00"
"07333011";"Breunigweiler";"Gemeinden";"0,00";;;"0,00";"0,00"
"07333012";"Bubenheim";"Gemeinden";"0,00";;;"0,00";"0,00"
"07333013";"Dannenfels";"Gemeinden";"0,00";;"20,28";"16,57";
"07333014";"Dielkirchen";"Gemeinden";"0,00";;;"0,00";"0,00"
"07333016";"Dörrmoschel";"Gemeinden";"0,00";;;"0,00";"0,00"
"07333017";"Dreisen";"Gemeinden";"0,00";;;"0,00";"0,00"
"07333018";"Einselthum";"Gemeinden";"0,00";;;"0,00";
"07333019";"Eisenberg (Pfalz), Stadt";"Gemeinden";"1,94";"2,49";;"1,52";
"07333020";"Falkenstein";"Gemeinden";"0,00";;;"0,00";
"07333021";"Finkenbach-Gersweiler";"Gemeinden";"0,00";;;"0,00";"0,00"
"07333022";"Gauersheim";"Gemeinden";"0,00";;;"0,00";
"07333023";"Gaugrehweiler";"Gemeinden";"0,00";;;"0,00";"0,00"
"07333024";"Gehrweiler";"Gemeinden";"0,00";;;"0,00";"0,00"
"07333025";"Gerbach";"Gemeinden";"0,00";;;"0,00";
"07333026";"Göllheim";"Gemeinden";"0,00";;;"0,00";
"07333027";"Gonbach";"Gemeinden";"0,00";;;"0,00";"0,00"
"07333028";"Gundersweiler";"Gemeinden";"0,00";;;"0,00";"0,00"
"07333030";"Höringen";"Gemeinden";"0,00";;;"0,00";"0,00"
"07333031";"Ilbesheim";"Gemeinden";"0,00";;;"0,00";"0,00"
"07333032";"Immesheim";"Gemeinden";"0,00";;;"0,00";"0,00"
"07333033";"Imsbach";"Gemeinden";"0,00";;;"0,00";"0,00"
"07333034";"Imsweiler";"Gemeinden";"0,00";;;"0,00";"0,00"
"07333035";"Jakobsweiler";"Gemeinden";"0,00";;;"0,00";"0,00"
"07333036";"Kalkofen";"Gemeinden";"0,00";;;"0,00";"0,00"
"07333037";"Katzenbach";"Gemeinden";"0,00";;;"0,00";"0,00"
"07333038";"Kerzenheim";"Gemeinden";"0,00";;;"0,00";
"07333039";"Kirchheimbolanden, Stadt";"Gemeinden";"3,30";"2,76";;"0,00";
"07333040";"Kriegsfeld";"Gemeinden";"0,00";;;"0,00";"0,00"
"07333041";"Lautersheim";"Gemeinden";"0,00";;;"0,00";
"07333042";"Lohnsfeld";"Gemeinden";"0,00";;;"0,00";"0,00"
"07333043";"Mannweiler-Cölln";"Gemeinden";"0,00";;;"0,00";"0,00"
"07333045";"Marnheim";"Gemeinden";"0,00";;;"0,00";"0,00"
"07333046";"Mörsfeld";"Gemeinden";"0,00";;;"0,00";"0,00"
"07333047";"Morschheim";"Gemeinden";"0,00";;;"0,00";"0,00"
"07333048";"Münchweiler an der Alsenz";"Gemeinden";"0,00";;;"0,00";
"07333049";"Münsterappel";"Gemeinden";"0,00";;;"0,00";"0,00"
"07333050";"Niederhausen an der Appel";"Gemeinden";"0,00";;;"0,00";"0,00"
"07333051";"Niedermoschel";"Gemeinden";"0,00";;;"0,00";"0,00"
"07333053";"Oberhausen an der Appel";"Gemeinden";"0,00";;;"0,00";"0,00"
"07333054";"Obermoschel, Stadt";"Gemeinden";"0,00";;;"0,00";
"07333055";"Oberndorf";"Gemeinden";"0,00";;;"0,00";"0,00"
"07333056";"Oberwiesen";"Gemeinden";"0,00";;;"0,00";"0,00"
"07333057";"Orbis";"Gemeinden";"0,00";;;"0,00";"0,00"
"07333058";"Ottersheim";"Gemeinden";"0,00";;;"0,00";"0,00"
"07333060";"Ramsen";"Gemeinden";"0,00";;;"0,00";"6,03"
"07333061";"Ransweiler";"Gemeinden";"0,00";;;"0,00";"0,00"
"07333062";"Rittersheim";"Gemeinden";"0,00";;;"0,00";"0,00"
"07333064";"Rüssingen";"Gemeinden";"0,00";;;"0,00";"0,00"
"07333065";"Ruppertsecken";"Gemeinden";"0,00";;;"0,00";"0,00"
"07333066";"Sankt Alban";"Gemeinden";"0,00";;;"0,00";
"07333067";"Schiersfeld";"Gemeinden";"0,00";;;"0,00";"0,00"
"07333068";"Schönborn";"Gemeinden";"0,00";;;"0,00";"0,00"
"07333069";"Schweisweiler";"Gemeinden";"0,00";;;"0,00";"0,00"
"07333071";"Sippersfeld";"Gemeinden";"0,00";;;"0,00";
"07333072";"Sitters";"Gemeinden";"0,00";;;"0,00";"0,00"
"07333073";"Stahlberg";"Gemeinden";"0,00";;;"0,00";"0,00"
"07333074";"Standenbühl";"Gemeinden";"0,00";;;"0,00";"0,00"
"07333075";"Steinbach am Donnersberg";"Gemeinden";"0,00";;;"0,00";"0,00"
"07333076";"Stetten";"Gemeinden";"0,00";;;"0,00";"0,00"
"07333077";"Teschenmoschel";"Gemeinden";"0,00";;;"0,00";"0,00"
"07333078";"Unkenbach";"Gemeinden";"0,00";;;"0,00";"0,00"
"07333079";"Waldgrehweiler";"Gemeinden";"0,00";;;"0,00";"0,00"
"07333080";"Wartenberg-Rohrbach";"Gemeinden";"0,00";;;"0,00";
"07333081";"Weitersweiler";"Gemeinden";"0,00";;;"0,00";"0,00"
"07333083";"Winterborn";"Gemeinden";"0,00";;;"0,00";"0,00"
"07333084";"Würzweiler";"Gemeinden";"0,00";;;"0,00";"0,00"
"07333201";"Rathskirchen";"Gemeinden";"0,00";;;"0,00";"0,00"
"07333202";"Reichsthal";"Gemeinden";"0,00";;;"0,00";"0,00"
"07333203";"Seelen";"Gemeinden";"0,00";;;"0,00";"0,00"
"07333501";"Zellertal";"Gemeinden";"0,00";;;"0,00";
"07333502";"Rockenhausen, Stadt";"Gemeinden";"0,00";"1,68";;"1,13";
"07333503";"Winnweiler";"Gemeinden";"0,00";;;"0,00";"0,00"
"07334001";"Bellheim";"Gemeinden";"0,00";;;"0,00";
"07334002";"Berg (Pfalz)";"Gemeinden";"0,00";;;"0,00";"0,00"
"07334004";"Erlenbach bei Kandel";"Gemeinden";"0,00";;;"0,00";"0,00"
"07334005";"Freckenfeld";"Gemeinden";"0,00";;;"0,00";
"07334006";"Freisbach";"Gemeinden";"0,00";;;"0,00";"0,00"
"07334007";"Germersheim, Stadt";"Gemeinden";"1,01";"1,29";"1,12";"0,93";
"07334008";"Hagenbach, Stadt";"Gemeinden";"0,00";;;"0,00";
"07334009";"Hatzenbühl";"Gemeinden";"0,00";;;"0,00";"0,00"
"07334011";"Hördt";"Gemeinden";"0,00";;;"0,00";"0,00"
"07334012";"Jockgrim";"Gemeinden";"0,00";;"1,28";"1,56";"1,56"
"07334013";"Kandel, Stadt";"Gemeinden";"2,49";"3,04";;"2,39";"2,87"
"07334014";"Knittelsheim";"Gemeinden";"0,00";;;"0,00";
"07334015";"Kuhardt";"Gemeinden";"0,00";;;"0,00";
"07334016";"Leimersheim";"Gemeinden";"0,00";;;"0,00";"0,00"
"07334017";"Lingenfeld";"Gemeinden";"0,00";;;"0,00";
"07334018";"Lustadt";"Gemeinden";"0,00";;;"0,00";
"07334020";"Minfeld";"Gemeinden";"0,00";;;"0,00";"0,00"
"07334021";"Neuburg am Rhein";"Gemeinden";"0,00";;;"0,00";
"07334022";"Neupotz";"Gemeinden";"0,00";"4,68";"4,56";"4,34";"4,85"
"07334023";"Ottersheim bei Landau";"Gemeinden";"0,00";;;"0,00";"0,00"
"07334024";"Rheinzabern";"Gemeinden";"0,00";;;"0,00";"0,00"
"07334025";"Rülzheim";"Gemeinden";"1,15";"1,39";;"0,00";
"07334027";"Scheibenhardt";"Gemeinden";"0,00";;;"0,00";"0,00"
"07334028";"Schwegenheim";"Gemeinden";"0,00";;;"0,00";
"07334030";"Steinweiler";"Gemeinden";"0,00";;;"0,00";
"07334031";"Vollmersweiler";"Gemeinden";"0,00";;;"0,00";"0,00"
"07334032";"Weingarten (Pfalz)";"Gemeinden";"0,00";;;"0,00";"0,00"
"07334033";"Westheim (Pfalz)";"Gemeinden";"0,00";;;"0,00";"0,00"
"07334034";"Winden";"Gemeinden";"0,00";;;"0,00";
"07334036";"Zeiskam";"Gemeinden";"0,00";;;"0,00";
"07334501";"Wörth am Rhein, Stadt";"Gemeinden";"0,87";"0,98";"0,93";"0,97";"1,13"
"07335002";"Bann";"Gemeinden";"0,00";;;"0,00";
"07335003";"Bruchmühlbach-Miesau";"Gemeinden";"0,00";;;"0,00";
"07335004";"Enkenbach-Alsenborn";"Gemeinden";"0,00";;"0,48";"0,00";
"07335005";"Erzenhausen";"Gemeinden";"0,00";;;"0,00";"0,00"
"07335006";"Eulenbis";"Gemeinden";"15,40";"10,25";;"0,00";
"07335007";"Fischbach";"Gemeinden";"0,00";;;"0,00";
"07335009";"Frankelbach";"Gemeinden";"0,00";;;"0,00";"0,00"
"07335010";"Frankenstein";"Gemeinden";"0,00";;;"0,00";"0,00"
"07335011";"Gerhardsbrunn";"Gemeinden";"0,00";;;"0,00";"0,00"
"07335012";"Hauptstuhl";"Gemeinden";"0,00";;;"0,00";"0,00"
"07335013";"Heiligenmoschel";"Gemeinden";"0,00";;;"0,00";"0,00"
"07335014";"Hirschhorn/ Pfalz";"Gemeinden";"0,00";;;"0,00";"0,00"
"07335015";"Hochspeyer";"Gemeinden";"0,00";;;"0,00";
"07335016";"Hütschenhausen";"Gemeinden";"0,00";;;"0,00";"0,00"
"07335017";"Katzweiler";"Gemeinden";"0,00";;;"0,00";"0,00"
"07335018";"Kindsbach";"Gemeinden";"0,00";;;"0,00";
"07335019";"Kollweiler";"Gemeinden";"0,00";;;"0,00";"0,00"
"07335020";"Kottweiler-Schwanden";"Gemeinden";"0,00";;;"0,00";"0,00"
"07335021";"Krickenbach";"Gemeinden";"0,00";;;"0,00";"0,00"
"07335022";"Landstuhl, Sickingenstadt, Stadt";"Gemeinden";"9,49";;;"6,93";"9,55"
"07335023";"Linden";"Gemeinden";"0,00";;;"0,00";"0,00"
"07335024";"Mackenbach";"Gemeinden";"0,00";;;"0,00";"0,00"
"07335025";"Mehlbach";"Gemeinden";"0,00";;;"0,00";"0,00"
"07335026";"Mehlingen";"Gemeinden";"0,00";;;"0,00";"0,00"
"07335027";"Mittelbrunn";"Gemeinden";"0,00";;;"0,00";"0,00"
"07335028";"Neuhemsbach";"Gemeinden";"0,00";;;"0,00";"0,00"
"07335029";"Niederkirchen";"Gemeinden";"0,00";;;"0,00";"0,00"
"07335030";"Niedermohr";"Gemeinden";"0,00";;;"0,00";
"07335031";"Oberarnbach";"Gemeinden";"0,00";;;"0,00";"0,00"
"07335033";"Olsbrücken";"Gemeinden";"0,00";;;"0,00";"0,00"
"07335034";"Otterbach";"Gemeinden";"0,73";;;"0,00";"0,00"
"07335035";"Otterberg, Stadt";"Gemeinden";"4,28";;"6,05";"1,85";"4,30"
"07335037";"Queidersbach";"Gemeinden";"0,00";;;"0,00";"0,00"
"07335038";"Ramstein-Miesenbach, Stadt";"Gemeinden";"0,00";;;"0,00";
"07335040";"Rodenbach";"Gemeinden";"0,00";;;"0,00";
"07335041";"Schallodenbach";"Gemeinden";"0,00";;;"0,00";"0,00"
"07335042";"Schneckenhausen";"Gemeinden";"0,00";;;"0,00";"0,00"
"07335043";"Schwedelbach";"Gemeinden";"0,00";;;"0,00";
"07335044";"Steinwenden";"Gemeinden";"0,00";;;"0,00";
"07335045";"Stelzenberg";"Gemeinden";"0,00";;;"0,00";"0,00"
"07335046";"Sulzbachtal";"Gemeinden";"0,00";;;"0,00";"0,00"
"07335047";"Trippstadt";"Gemeinden";"8,38";"7,96";;"11,06";"14,87"
"07335048";"Waldleiningen";"Gemeinden";"0,00";;;"0,00";"0,00"
"07335049";"Weilerbach";"Gemeinden";"0,00";;;"0,00";
"07335201";"Lambsborn";"Gemeinden";"0,00";;;"0,00";"0,00"
"07335202";"Langwieden";"Gemeinden";"0,00";;;"0,00";"0,00"
"07335203";"Martinshöhe";"Gemeinden";"0,00";;;"0,00";
"07335204";"Schopp";"Gemeinden";"0,00";;;"0,00";
"07335205";"Sembach";"Gemeinden";"0,00";;;"0,00";"0,00"
"07335501";"Reichenbach-Steegen";"Gemeinden";"0,00";;;"0,00";"0,00"
"07336001";"Adenbach";"Gemeinden";"0,00";;;"0,00";"0,00"
"07336002";"Albessen";"Gemeinden";"0,00";;;"0,00";"0,00"
"07336003";"Altenglan";"Gemeinden";"0,00";;;"0,00";"0,00"
"07336004";"Altenkirchen";"Gemeinden";"0,00";;;"0,00";"0,00"
"07336005";"Aschbach";"Gemeinden";"0,00";;;"0,00";"0,00"
"07336006";"Blaubach";"Gemeinden";"0,00";;;"0,00";
"07336008";"Börsborn";"Gemeinden";"0,00";;;"0,00";"0,00"
"07336009";"Bosenbach";"Gemeinden";"0,00";;;"0,00";"0,00"
"07336010";"Breitenbach";"Gemeinden";"0,00";;;"0,00";"0,00"
"07336011";"Brücken (Pfalz)";"Gemeinden";"0,00";;;"0,00";"0,00"
"07336012";"Buborn";"Gemeinden";"0,00";;;"0,00";"0,00"
"07336013";"Cronenberg";"Gemeinden";"0,00";;;"0,00";"0,00"
"07336014";"Deimberg";"Gemeinden";"0,00";;;"0,00";"0,00"
"07336015";"Dennweiler-Frohnbach";"Gemeinden";"0,00";;;"0,00";"0,00"
"07336016";"Dittweiler";"Gemeinden";"0,00";;;"0,00";"0,00"
"07336017";"Dunzweiler";"Gemeinden";"0,00";;;"0,00";"0,00"
"07336018";"Ehweiler";"Gemeinden";"0,00";;;"0,00";"0,00"
"07336019";"Einöllen";"Gemeinden";"0,00";;;"0,00";"0,00"
"07336021";"Elzweiler";"Gemeinden";"0,00";;;"0,00";"0,00"
"07336022";"Erdesbach";"Gemeinden";"0,00";;;"0,00";"0,00"
"07336023";"Eßweiler";"Gemeinden";"0,00";;;"0,00";"0,00"
"07336024";"Etschberg";"Gemeinden";"0,00";;;"0,00";"0,00"
"07336025";"Föckelberg";"Gemeinden";"0,00";;;"0,00";"0,00"
"07336027";"Frohnhofen";"Gemeinden";"0,00";;;"0,00";"0,00"
"07336029";"Ginsweiler";"Gemeinden";"0,00";;;"0,00";"0,00"
"07336030";"Glanbrücken";"Gemeinden";"0,00";;;"0,00";"0,00"
"07336031";"Glan-Münchweiler";"Gemeinden";"0,00";;;"0,00";"0,00"
"07336032";"Gries";"Gemeinden";"0,00";;;"0,00";
"07336033";"Grumbach";"Gemeinden";"0,00";;;"0,00";
"07336034";"Haschbach am Remigiusberg";"Gemeinden";"0,00";;;"0,00";"0,00"
"07336035";"Hausweiler";"Gemeinden";"0,00";;;"0,00";"0,00"
"07336036";"Hefersweiler";"Gemeinden";"0,00";;;"0,00";"0,00"
"07336037";"Henschtal";"Gemeinden";"0,00";;;"0,00";
"07336038";"Heinzenhausen";"Gemeinden";"0,00";;;"0,00";"0,00"
"07336039";"Herchweiler";"Gemeinden";"0,00";;;"0,00";"0,00"
"07336040";"Herren-Sulzbach";"Gemeinden";"0,00";;;"0,00";"0,00"
"07336041";"Herschweiler-Pettersheim";"Gemeinden";"0,00";;;"0,00";"0,00"
"07336042";"Hinzweiler";"Gemeinden";"0,00";;;"0,00";"0,00"
"07336043";"Hohenöllen";"Gemeinden";"0,00";;;"0,00";"0,00"
"07336044";"Homberg";"Gemeinden";"0,00";;;"0,00";"0,00"
"07336045";"Hoppstädten";"Gemeinden";"0,00";;;"0,00";"0,00"
"07336046";"Horschbach";"Gemeinden";"0,00";;;"0,00";"0,00"
"07336047";"Hüffler";"Gemeinden";"0,00";;;"0,00";"0,00"
"07336048";"Jettenbach";"Gemeinden";"0,00";;;"0,00";"0,00"
"07336049";"Kappeln";"Gemeinden";"0,00";;;"0,00";"0,00"
"07336050";"Kirrweiler";"Gemeinden";"0,00";;;"0,00";"0,00"
"07336051";"Körborn";"Gemeinden";"0,00";;;"0,00";"0,00"
"07336052";"Konken";"Gemeinden";"0,00";;;"0,00";"0,00"
"07336053";"Kreimbach-Kaulbach";"Gemeinden";"0,00";;;"0,00";"0,00"
"07336054";"Krottelbach";"Gemeinden";"0,00";;;"0,00";
"07336055";"Kusel, Stadt";"Gemeinden";"0,00";;;"0,00";
"07336056";"Langenbach";"Gemeinden";"0,00";;;"0,00";"0,00"
"07336057";"Langweiler";"Gemeinden";"0,00";;;"0,00";"0,00"
"07336058";"Lauterecken, Stadt";"Gemeinden";"0,00";;;"0,00";
"07336060";"Lohnweiler";"Gemeinden";"0,00";;;"0,00";"0,00"
"07336061";"Medard";"Gemeinden";"0,00";;;"0,00";"0,00"
"07336062";"Merzweiler";"Gemeinden";"0,00";;;"0,00";"0,00"
"07336064";"Nanzdietschweiler";"Gemeinden";"0,00";;;"0,00";"0,00"
"07336065";"Nerzweiler";"Gemeinden";"0,00";;;"0,00";"0,00"
"07336066";"Neunkirchen am Potzberg";"Gemeinden";"0,00";;;"0,00";"0,00"
"07336067";"Niederalben";"Gemeinden";"0,00";;;"0,00";"0,00"
"07336068";"Niederstaufenbach";"Gemeinden";"0,00";;;"0,00";"0,00"
"07336069";"Nußbach";"Gemeinden";"0,00";;;"0,00";"0,00"
"07336070";"Oberalben";"Gemeinden";"0,00";;;"0,00";"0,00"
"07336071";"Oberstaufenbach";"Gemeinden";"0,00";;;"0,00";"0,00"
"07336072";"Oberweiler im Tal";"Gemeinden";"0,00";;;"0,00";"0,00"
"07336073";"Oberweiler-Tiefenbach";"Gemeinden";"0,00";;;"0,00";"0,00"
"07336074";"Odenbach";"Gemeinden";"0,00";;;"0,00";"0,00"
"07336075";"Offenbach-Hundheim";"Gemeinden";"0,00";;;"0,00";"0,00"
"07336076";"Ohmbach";"Gemeinden";"0,00";;;"0,00";"0,00"
"07336077";"Pfeffelbach";"Gemeinden";"0,00";;;"0,00";"0,00"
"07336079";"Rammelsbach";"Gemeinden";"0,00";;;"0,00";"0,00"
"07336081";"Rathsweiler";"Gemeinden";"0,00";;;"0,00";"0,00"
"07336082";"Rehweiler";"Gemeinden";"0,00";;;"0,00";"0,00"
"07336084";"Reichweiler";"Gemeinden";"0,00";;;"0,00";"0,00"
"07336085";"Reipoltskirchen";"Gemeinden";"0,00";;;"0,00";"0,00"
"07336086";"Relsberg";"Gemeinden";"0,00";;;"0,00";"0,00"
"07336087";"Rothselberg";"Gemeinden";"0,00";;;"0,00";"0,00"
"07336088";"Ruthweiler";"Gemeinden";"0,00";;;"0,00";"0,00"
"07336089";"Rutsweiler am Glan";"Gemeinden";"0,00";;;"0,00";"0,00"
"07336090";"Rutsweiler an der Lauter";"Gemeinden";"0,00";;;"0,00";"0,00"
"07336091";"Schellweiler";"Gemeinden";"0,00";;;"0,00";"0,00"
"07336092";"Schönenberg-Kübelberg";"Gemeinden";"0,00";;;"1,24";"0,84"
"07336094";"Selchenbach";"Gemeinden";"0,00";;;"0,00";"0,00"
"07336095";"Sankt Julian";"Gemeinden";"0,00";"0,00";;"0,00";
"07336096";"Steinbach am Glan";"Gemeinden";"0,00";;;"0,00";
"07336097";"Thallichtenberg";"Gemeinden";"0,00";;;"0,00";
"07336098";"Theisbergstegen";"Gemeinden";"0,00";;;"0,00";"0,00"
"07336099";"Ulmet";"Gemeinden";"0,00";;;"0,00";
"07336100";"Unterjeckenbach";"Gemeinden";"0,00";;;"0,00";"0,00"
"07336101";"Wahnwegen";"Gemeinden";"0,00";;;"0,00";"0,00"
"07336102";"Waldmohr, Stadt";"Gemeinden";"1,37";"1,05";;"0,00";
"07336103";"Welchweiler";"Gemeinden";"0,00";;;"0,00";"0,00"
"07336104";"Wiesweiler";"Gemeinden";"0,00";;;"0,00";"0,00"
"07336105";"Wolfstein, Stadt";"Gemeinden";"12,11";"10,60";;"0,00";"26,16"
"07336106";"Bedesbach";"Gemeinden";"0,00";;;"0,00";
"07336107";"Matzenbach";"Gemeinden";"0,00";;;"0,00";"0,00"
"07336501";"Quirnbach/ Pfalz";"Gemeinden";"0,00";;;"0,00";
"07337001";"Albersweiler";"Gemeinden";"6,05";;;"0,00";
"07337002";"Altdorf";"Gemeinden";"0,00";;;"0,00";
"07337005";"Bad Bergzabern, Stadt";"Gemeinden";"22,86";"25,68";"24,14";"16,44";"22,45"
"07337006";"Barbelroth";"Gemeinden";"0,00";;;"0,00";"0,00"
"07337007";"Billigheim-Ingenheim";"Gemeinden";"0,00";"2,25";;"0,00";"9,17"
"07337008";"Birkenhördt";"Gemeinden";"0,00";;;"0,00";"0,00"
"07337009";"Birkweiler";"Gemeinden";"0,00";;;"0,00";
"07337011";"Böbingen";"Gemeinden";"0,00";;;"0,00";"0,00"
"07337012";"Böchingen";"Gemeinden";"0,00";;;"0,00";
"07337013";"Böllenborn";"Gemeinden";"0,00";;;"0,00";
"07337014";"Bornheim";"Gemeinden";"0,00";;;"0,00";
"07337015";"Burrweiler";"Gemeinden";"0,00";;"16,48";"9,87";"14,59"
"07337017";"Dernbach";"Gemeinden";"0,00";;;"0,00";
"07337018";"Dierbach";"Gemeinden";"0,00";;;"0,00";
"07337019";"Dörrenbach";"Gemeinden";"0,00";;;"0,00";
"07337020";"Edenkoben, Stadt";"Gemeinden";"7,68";"8,96";"8,62";"5,51";"7,56"
"07337021";"Edesheim";"Gemeinden";"7,11";;;"0,00";
"07337022";"Eschbach";"Gemeinden";"0,00";;;"0,00";"0,00"
"07337023";"Essingen";"Gemeinden";"0,00";;;"0,00";"0,00"
"07337024";"Eußerthal";"Gemeinden";"0,00";;;"0,00";
"07337025";"Flemlingen";"Gemeinden";"0,00";;;"0,00";
"07337026";"Frankweiler";"Gemeinden";"0,00";;;"0,00";
"07337027";"Freimersheim (Pfalz)";"Gemeinden";"0,00";;;"0,00";"0,00"
"07337028";"Gleisweiler";"Gemeinden";"0,00";;"13,20";"0,00";
"07337029";"Gleiszellen-Gleishorbach";"Gemeinden";"0,00";"30,40";;"0,00";
"07337031";"Göcklingen";"Gemeinden";"0,00";;;"0,00";
"07337032";"Gommersheim";"Gemeinden";"0,00";;;"0,00";"0,00"
"07337033";"Gossersweiler-Stein";"Gemeinden";"0,00";"3,40";"1,43";"0,00";
"07337035";"Großfischlingen";"Gemeinden";"0,00";;;"0,00";"0,00"
"07337036";"Hainfeld";"Gemeinden";"0,00";;;"0,00";"0,00"
"07337037";"Hergersweiler";"Gemeinden";"0,00";;;"0,00";"0,00"
"07337038";"Herxheim bei Landau/ Pfalz";"Gemeinden";"0,00";"2,72";;"0,00";
"07337039";"Herxheimweyher";"Gemeinden";"0,00";;;"0,00";"0,00"
"07337040";"Heuchelheim-Klingen";"Gemeinden";"0,00";;;"0,00";"8,31"
"07337041";"Hochstadt (Pfalz)";"Gemeinden";"0,00";;;"0,00";
"07337042";"Ilbesheim bei Landau in der Pfalz";"Gemeinden";"0,00";;;"0,00";
"07337043";"Impflingen";"Gemeinden";"0,00";"6,62";"4,81";"5,59";
"07337044";"Insheim";"Gemeinden";"0,00";;;"0,00";"0,00"
"07337045";"Kapellen-Drusweiler";"Gemeinden";"0,00";;;"0,00";
"07337046";"Kapsweyer";"Gemeinden";"0,00";;;"0,00";"0,00"
"07337047";"Kirrweiler (Pfalz)";"Gemeinden";"0,00";;"4,98";"4,79";"5,93"
"07337048";"Kleinfischlingen";"Gemeinden";"0,00";;;"0,00";"0,00"
"07337049";"Klingenmünster";"Gemeinden";"0,00";"6,06";;"0,00";
"07337050";"Knöringen";"Gemeinden";"0,00";;;"0,00";"0,00"
"07337051";"Leinsweiler";"Gemeinden";"64,56";"81,28";"67,57";"56,77";"76,35"
"07337052";"Maikammer";"Gemeinden";"0,00";;"15,19";"8,22";"13,75"
"07337054";"Münchweiler am Klingbach";"Gemeinden";"0,00";;;"0,00";"0,00"
"07337055";"Niederhorbach";"Gemeinden";"0,00";;;"0,00";
"07337056";"Niederotterbach";"Gemeinden";"0,00";;;"0,00";"0,00"
"07337058";"Oberhausen";"Gemeinden";"0,00";;;"0,00";
"07337059";"Oberotterbach";"Gemeinden";"0,00";;;"0,00";
"07337060";"Oberschlettenbach";"Gemeinden";"0,00";;;"0,00";"0,00"
"07337061";"Offenbach an der Queich";"Gemeinden";"0,00";;;"0,00";"0,00"
"07337062";"Pleisweiler-Oberhofen";"Gemeinden";"15,70";"15,41";;"0,00";
"07337064";"Ramberg";"Gemeinden";"36,85";;;"0,00";
"07337065";"Ranschbach";"Gemeinden";"0,00";;;"0,00";"0,00"
"07337066";"Rhodt unter Rietburg";"Gemeinden";"20,06";"29,38";"33,28";"20,57";"31,64"
"07337067";"Rinnthal";"Gemeinden";"0,00";;;"0,00";"0,00"
"07337068";"Rohrbach";"Gemeinden";"0,00";;;"0,00";
"07337069";"Roschbach";"Gemeinden";"0,00";;;"0,00";"0,00"
"07337070";"Sankt Martin";"Gemeinden";"44,33";"44,76";"52,62";"50,38";"73,58"
"07337071";"Schweigen-Rechtenbach";"Gemeinden";"0,00";"15,77";;"11,64";
"07337072";"Schweighofen";"Gemeinden";"0,00";;;"0,00";
"07337073";"Siebeldingen";"Gemeinden";"0,00";;;"0,00";
"07337074";"Silz";"Gemeinden";"0,00";;;"0,00";
"07337076";"Steinfeld";"Gemeinden";"0,00";;;"0,00";"0,00"
"07337077";"Venningen";"Gemeinden";"0,00";;;"0,00";"0,00"
"07337078";"Völkersweiler";"Gemeinden";"0,00";;;"0,00";"0,00"
"07337079";"Vorderweidenthal";"Gemeinden";"23,62";;"22,83";"0,00";"20,46"
"07337080";"Waldhambach";"Gemeinden";"0,00";;;"0,00";"0,00"
"07337081";"Waldrohrbach";"Gemeinden";"0,00";;;"0,00";"0,00"
"07337082";"Walsheim";"Gemeinden";"0,00";;;"0,00";
"07337083";"Wernersberg";"Gemeinden";"0,00";;;"0,00";
"07337084";"Weyher in der Pfalz";"Gemeinden";"0,00";;"12,72";"6,51";
"07337501";"Annweiler am Trifels, Stadt";"Gemeinden";"0,00";"4,72";"5,73";"4,29";"7,17"
"07338001";"Altrip";"Gemeinden";"0,82";"1,51";;"0,00";
"07338002";"Beindersheim";"Gemeinden";"0,00";;;"0,00";"0,00"
"07338003";"Birkenheide";"Gemeinden";"0,00";;;"0,00";"0,00"
"07338004";"Bobenheim-Roxheim";"Gemeinden";"0,00";;;"0,00";
"07338005";"Böhl-Iggelheim";"Gemeinden";"0,00";;;"0,00";"0,00"
"07338006";"Dannstadt-Schauernheim";"Gemeinden";"0,00";;;"0,00";
"07338007";"Dudenhofen";"Gemeinden";"0,00";;;"0,00";
"07338008";"Fußgönheim";"Gemeinden";"0,00";;;"0,00";"0,00"
"07338009";"Großniedesheim";"Gemeinden";"0,00";;;"0,00";"0,00"
"07338010";"Hanhofen";"Gemeinden";"0,00";;;"0,00";"0,00"
"07338011";"Harthausen";"Gemeinden";"0,00";;;"0,00";
"07338012";"Heßheim";"Gemeinden";"0,00";;;"0,00";
"07338013";"Heuchelheim bei Frankenthal";"Gemeinden";"0,00";;;"0,00";"0,00"
"07338014";"Hochdorf-Assenheim";"Gemeinden";"0,00";;;"0,00";"0,00"
"07338015";"Kleinniedesheim";"Gemeinden";"0,00";;;"0,00";"0,00"
"07338016";"Lambsheim";"Gemeinden";"0,00";;;"0,00";"0,00"
"07338017";"Limburgerhof";"Gemeinden";"0,00";;;"0,00";
"07338018";"Maxdorf";"Gemeinden";"0,00";;;"0,00";
"07338019";"Mutterstadt";"Gemeinden";"0,80";"0,98";"0,92";"0,65";"0,82"
"07338020";"Neuhofen";"Gemeinden";"0,00";;;"0,00";"0,00"
"07338021";"Otterstadt";"Gemeinden";"0,00";;;"0,00";
"07338022";"Rödersheim-Gronau";"Gemeinden";"0,00";;;"0,00";"0,00"
"07338023";"Römerberg";"Gemeinden";"1,24";"1,48";"1,72";"0,84";"1,50"
"07338025";"Schifferstadt, Stadt";"Gemeinden";"1,36";"1,48";"1,30";"0,70";"1,52"
"07338026";"Waldsee";"Gemeinden";"0,00";;;"0,00";"0,00"
"07339001";"Appenheim";"Gemeinden";"0,00";;;"0,00";"0,00"
"07339002";"Aspisheim";"Gemeinden";"0,00";;;"0,00";"0,00"
"07339003";"Bacharach, Stadt";"Gemeinden";"35,79";"37,45";"40,02";"26,24";"50,93"
"07339004";"Badenheim";"Gemeinden";"0,00";;;"0,00";
"07339005";"Bingen am Rhein, Stadt";"Gemeinden";"3,82";"4,22";"4,21";"4,40";"6,90"
"07339006";"Bodenheim";"Gemeinden";"4,31";"3,18";"3,13";"1,92";"3,00"
"07339007";"Breitscheid";"Gemeinden";"0,00";;;"0,00";"0,00"
"07339008";"Bubenheim";"Gemeinden";"0,00";;;"0,00";"0,00"
"07339009";"Budenheim";"Gemeinden";"0,00";;"1,02";"0,00";
"07339010";"Dalheim";"Gemeinden";"0,00";;;"0,00";"0,00"
"07339011";"Dexheim";"Gemeinden";"0,00";;;"0,00";"0,00"
"07339012";"Dienheim";"Gemeinden";"0,00";;;"0,00";"0,00"
"07339013";"Dolgesheim";"Gemeinden";"0,00";;;"0,00";
"07339015";"Eimsheim";"Gemeinden";"0,00";;;"0,00";"0,00"
"07339016";"Engelstadt";"Gemeinden";"0,00";;;"0,00";"0,00"
"07339017";"Essenheim";"Gemeinden";"0,00";;;"0,00";"0,00"
"07339018";"Friesenheim";"Gemeinden";"0,00";;;"0,00";
"07339019";"Gau-Algesheim, Stadt";"Gemeinden";"0,00";;;"0,00";
"07339020";"Gau-Bischofsheim";"Gemeinden";"0,00";;;"0,00";"0,00"
"07339021";"Gensingen";"Gemeinden";"0,00";;;"1,99";
"07339022";"Grolsheim";"Gemeinden";"0,00";;;"0,00";"0,00"
"07339024";"Guntersblum";"Gemeinden";"0,00";;;"0,00";
"07339025";"Hahnheim";"Gemeinden";"0,00";;;"0,00";"0,00"
"07339026";"Harxheim";"Gemeinden";"0,00";;;"0,00";
"07339028";"Hillesheim";"Gemeinden";"0,00";;;"0,00";"0,00"
"07339029";"Horrweiler";"Gemeinden";"0,00";;;"0,00";
"07339030";"Ingelheim am Rhein, Stadt";"Gemeinden";"0,90";"1,07";"1,04";"0,88";"2,12"
"07339031";"Jugenheim in Rheinhessen";"Gemeinden";"0,00";;;"0,00";
"07339032";"Klein-Winternheim";"Gemeinden";"0,00";;;"0,00";
"07339033";"Köngernheim";"Gemeinden";"0,00";;;"0,00";
"07339034";"Lörzweiler";"Gemeinden";"0,00";;;"0,00";"0,00"
"07339035";"Ludwigshöhe";"Gemeinden";"0,00";;;"0,00";"0,00"
"07339036";"Manubach";"Gemeinden";"0,00";;;"0,00";"0,00"
"07339037";"Mommenheim";"Gemeinden";"0,00";;;"0,00";
"07339038";"Münster-Sarmsheim";"Gemeinden";"0,00";;;"0,00";
"07339039";"Nackenheim";"Gemeinden";"1,51";"0,94";"4,30";"0,00";
"07339040";"Niederheimbach";"Gemeinden";"0,00";;;"0,00";
"07339041";"Nieder-Hilbersheim";"Gemeinden";"0,00";;;"0,00";"0,00"
"07339042";"Nieder-Olm, Stadt";"Gemeinden";"0,00";;;"0,00";
"07339043";"Nierstein, Stadt";"Gemeinden";"2,50";"2,63";;"1,72";"3,25"
"07339044";"Oberdiebach";"Gemeinden";"0,00";;;"0,00";"0,00"
"07339045";"Oberheimbach";"Gemeinden";"19,97";"24,22";;"0,00";
"07339046";"Ober-Hilbersheim";"Gemeinden";"0,00";;;"0,00";
"07339047";"Ober-Olm";"Gemeinden";"0,00";;;"0,00";"0,00"
"07339048";"Ockenheim";"Gemeinden";"0,00";;;"0,00";
"07339049";"Oppenheim, Stadt";"Gemeinden";"0,00";;;"0,00";
"07339050";"Sankt Johann";"Gemeinden";"0,00";;;"0,00";
"07339051";"Schwabenheim an der Selz";"Gemeinden";"0,00";"3,69";;"1,77";
"07339053";"Selzen";"Gemeinden";"0,00";;;"0,00";"0,00"
"07339054";"Sörgenloch";"Gemeinden";"0,00";;;"0,00";"0,00"
"07339056";"Sprendlingen";"Gemeinden";"0,00";;;"0,00";
"07339057";"Stadecken-Elsheim";"Gemeinden";"0,00";;;"0,00";"0,92"
"07339058";"Trechtingshausen";"Gemeinden";"0,00";;;"0,00";
"07339059";"Uelversheim";"Gemeinden";"0,00";;;"0,00";"0,00"
"07339060";"Undenheim";"Gemeinden";"0,00";;;"0,00";
"07339062";"Waldalgesheim";"Gemeinden";"0,00";;;"0,00";"0,00"
"07339063";"Weiler bei Bingen";"Gemeinden";"0,00";;;"0,00";"0,00"
"07339064";"Weinolsheim";"Gemeinden";"0,00";;;"0,00";
"07339065";"Welgesheim";"Gemeinden";"0,00";;;"0,00";"0,00"
"07339066";"Wintersheim";"Gemeinden";"0,00";;;"0,00";"0,00"
"07339067";"Zornheim";"Gemeinden";"0,00";;;"0,00";"0,00"
"07339068";"Zotzenheim";"Gemeinden";"0,00";;;"0,00";
"07339201";"Dorn-Dürkheim";"Gemeinden";"0,00";;;"0,00";
"07339202";"Wolfsheim";"Gemeinden";"0,00";;;"0,00";"0,00"
"07340001";"Bobenthal";"Gemeinden";"0,00";;;"0,00";
"07340002";"Busenberg";"Gemeinden";"0,00";;;"0,00";
"07340003";"Clausen";"Gemeinden";"0,00";;;"0,00";
"07340004";"Dahn, Stadt";"Gemeinden";"15,31";"16,70";"20,60";"18,97";"34,37"
"07340005";"Darstein";"Gemeinden";"0,00";;;"0,00";
"07340006";"Dimbach";"Gemeinden";"0,00";;;"0,00";"0,00"
"07340007";"Donsieders";"Gemeinden";"0,00";;;"0,00";"0,00"
"07340008";"Eppenbrunn";"Gemeinden";"0,00";"8,39";;"0,00";
"07340009";"Erfweiler";"Gemeinden";"0,00";;;"0,00";
"07340010";"Erlenbach bei Dahn";"Gemeinden";"0,00";;;"0,00";
"07340011";"Fischbach bei Dahn";"Gemeinden";"8,92";"7,65";"8,06";"5,93";"9,48"
"07340012";"Geiselberg";"Gemeinden";"0,00";;;"0,00";"0,00"
"07340014";"Hauenstein";"Gemeinden";"7,60";"10,16";"10,30";"0,00";"7,22"
"07340015";"Heltersberg";"Gemeinden";"0,00";;;"0,00";"0,00"
"07340016";"Hermersberg";"Gemeinden";"0,00";;;"0,00";"0,00"
"07340017";"Herschberg";"Gemeinden";"0,00";;;"0,00";
"07340018";"Hettenhausen";"Gemeinden";"0,00";;;"0,00";"0,00"
"07340019";"Hilst";"Gemeinden";"0,00";;;"0,00";"0,00"
"07340020";"Hinterweidenthal";"Gemeinden";"0,00";;;"3,59";"2,92"
"07340021";"Hirschthal";"Gemeinden";"0,00";;;"0,00";"0,00"
"07340022";"Höheinöd";"Gemeinden";"0,00";;;"0,00";"0,00"
"07340023";"Höheischweiler";"Gemeinden";"0,00";;;"0,00";"0,00"
"07340024";"Höhfröschen";"Gemeinden";"0,00";;;"0,00";"0,00"
"07340025";"Horbach";"Gemeinden";"0,00";;;"0,00";"0,00"
"07340026";"Kröppen";"Gemeinden";"0,00";;;"0,00";"0,00"
"07340027";"Leimen";"Gemeinden";"0,00";;;"0,00";"0,00"
"07340028";"Lemberg";"Gemeinden";"0,00";"1,54";;"0,00";
"07340029";"Ludwigswinkel";"Gemeinden";"23,90";"20,37";"20,78";"14,19";"17,73"
"07340030";"Lug";"Gemeinden";"0,00";;;"0,00";"0,00"
"07340031";"Merzalben";"Gemeinden";"0,00";;;"0,00";
"07340032";"Münchweiler an der Rodalb";"Gemeinden";"0,00";;;"0,00";"0,00"
"07340033";"Niederschlettenbach";"Gemeinden";"0,00";;;"0,00";"0,00"
"07340034";"Nothweiler";"Gemeinden";"0,00";"48,36";"57,01";"0,00";"52,13"
"07340035";"Nünschweiler";"Gemeinden";"0,00";;;"0,00";"0,00"
"07340036";"Obersimten";"Gemeinden";"0,00";;;"0,00";"0,00"
"07340037";"Petersberg";"Gemeinden";"0,00";;;"0,00";"0,00"
"07340038";"Rodalben, Stadt";"Gemeinden";"1,74";"1,83";;"0,00";
"07340039";"Rumbach";"Gemeinden";"0,00";"23,31";"22,60";"17,68";
"07340040";"Ruppertsweiler";"Gemeinden";"0,00";;;"0,00";"0,00"
"07340041";"Saalstadt";"Gemeinden";"0,00";;;"0,00";"0,00"
"07340042";"Schauerberg";"Gemeinden";"0,00";;;"0,00";"0,00"
"07340043";"Schindhard";"Gemeinden";"0,00";;;"0,00";
"07340044";"Schmalenberg";"Gemeinden";"0,00";;;"0,00";"0,00"
"07340045";"Schönau (Pfalz)";"Gemeinden";"0,00";;;"0,00";
"07340047";"Schwanheim";"Gemeinden";"0,00";;;"0,00";"0,00"
"07340048";"Schweix";"Gemeinden";"0,00";;;"0,00";"0,00"
"07340049";"Spirkelbach";"Gemeinden";"0,00";;;"0,00";"0,00"
"07340050";"Steinalben";"Gemeinden";"0,00";;;"0,00";
"07340051";"Thaleischweiler-Fröschen";"Gemeinden";"0,00";;;"0,00";
"07340052";"Trulben";"Gemeinden";"0,00";;;"0,00";"0,00"
"07340053";"Vinningen";"Gemeinden";"0,00";;;"0,00";"0,00"
"07340054";"Waldfischbach-Burgalben";"Gemeinden";"2,99";;;"0,00";
"07340055";"Weselberg";"Gemeinden";"0,00";;;"0,00";"0,00"
"07340057";"Wilgartswiesen";"Gemeinden";"8,35";"11,41";;"0,00";
"07340201";"Althornbach";"Gemeinden";"0,00";;;"0,00";"0,00"
"07340202";"Battweiler";"Gemeinden";"0,00";;;"0,00";"0,00"
"07340203";"Bechhofen";"Gemeinden";"0,00";;;"0,00";"0,00"
"07340204";"Biedershausen";"Gemeinden";"0,00";;;"0,00";"0,00"
"07340205";"Bottenbach";"Gemeinden";"0,00";;;"0,00";"0,00"
"07340206";"Contwig";"Gemeinden";"0,00";;;"0,00";
"07340207";"Dellfeld";"Gemeinden";"0,00";;;"0,00";"0,00"
"07340208";"Dietrichingen";"Gemeinden";"0,00";;;"0,00";"0,00"
"07340209";"Großbundenbach";"Gemeinden";"0,00";;;"0,00";
"07340210";"Großsteinhausen";"Gemeinden";"0,00";;;"0,00";"0,00"
"07340211";"Hornbach, Stadt";"Gemeinden";"0,00";;;"0,00";
"07340212";"Käshofen";"Gemeinden";"0,00";;;"0,00";"0,00"
"07340213";"Kleinbundenbach";"Gemeinden";"0,00";;;"0,00";"0,00"
"07340214";"Kleinsteinhausen";"Gemeinden";"0,00";;;"0,00";"0,00"
"07340215";"Knopp-Labach";"Gemeinden";"0,00";;;"0,00";"0,00"
"07340216";"Krähenberg";"Gemeinden";"0,00";;;"0,00";"0,00"
"07340217";"Maßweiler";"Gemeinden";"0,00";;;"0,00";
"07340218";"Mauschbach";"Gemeinden";"0,00";;;"0,00";"0,00"
"07340219";"Obernheim-Kirchenarnbach";"Gemeinden";"0,00";;;"0,00";"0,00"
"07340220";"Reifenberg";"Gemeinden";"0,00";;;"0,00";"0,00"
"07340221";"Riedelberg";"Gemeinden";"0,00";;;"0,00";"0,00"
"07340222";"Rieschweiler-Mühlbach";"Gemeinden";"0,00";;;"0,00";
"07340223";"Rosenkopf";"Gemeinden";"0,00";;;"0,00";"0,00"
"07340224";"Schmitshausen";"Gemeinden";"0,00";;;"0,00";
"07340225";"Wallhalben";"Gemeinden";"0,00";;;"0,00";
"07340226";"Walshausen";"Gemeinden";"0,00";;;"0,00";"0,00"
"07340227";"Wiesbach";"Gemeinden";"0,00";;;"0,00";"0,00"
"07340228";"Winterbach (Pfalz)";"Gemeinden";"0,00";;;"0,00";"0,00"
"07340501";"Bruchweiler-Bärenbach";"Gemeinden";"0,00";"6,90";"6,19";"0,00";
"07340502";"Bundenthal";"Gemeinden";"0,00";;;"0,00";
"08111000";"Stuttgart, Landeshauptstadt";"Gemeinden";"4,17";"5,30";"5,98";"2,60";"6,62"
"08115001";"Aidlingen";"Gemeinden";"1,05";"0,62";"0,51";"0,27";"0,46"
"08115002";"Altdorf";"Gemeinden";"0,00";;;"0,00";"0,00"
"08115003";"Böblingen, Stadt";"Gemeinden";"2,28";"3,39";"4,39";"3,32";"4,86"
"08115004";"Bondorf";"Gemeinden";"0,00";;;"0,00";"0,00"
"08115010";"Deckenpfronn";"Gemeinden";"0,00";;;"0,00";
"08115013";"Ehningen";"Gemeinden";"1,61";"2,39";"2,19";"1,19";"1,78"
"08115015";"Gärtringen";"Gemeinden";"0,82";"1,02";"0,90";"0,00";
"08115016";"Gäufelden";"Gemeinden";"0,00";;;"0,00";
"08115021";"Herrenberg, Stadt";"Gemeinden";"3,03";"3,42";"3,51";"1,51";"2,53"
"08115022";"Hildrizhausen";"Gemeinden";"0,00";;;"0,00";"0,00"
"08115024";"Holzgerlingen, Stadt";"Gemeinden";"1,40";"1,78";;"0,00";"1,75"
"08115028";"Leonberg, Stadt";"Gemeinden";"1,55";"1,79";"1,93";"0,95";"1,46"
"08115029";"Magstadt";"Gemeinden";"0,00";;"0,67";"0,00";"1,10"
"08115034";"Mötzingen";"Gemeinden";"0,00";;;"0,00";"0,00"
"08115037";"Nufringen";"Gemeinden";"0,00";;;"0,00";
"08115041";"Renningen, Stadt";"Gemeinden";"0,84";"0,93";"2,12";"1,19";"1,57"
"08115042";"Rutesheim, Stadt";"Gemeinden";"0,00";;;"0,00";"1,05"
"08115044";"Schönaich";"Gemeinden";"1,03";"1,59";"1,03";"0,00";"1,10"
"08115045";"Sindelfingen, Stadt";"Gemeinden";"5,56";"6,79";"7,29";"3,90";"7,52"
"08115046";"Steinenbronn";"Gemeinden";"6,21";"6,84";"8,22";"2,08";"3,50"
"08115048";"Waldenbuch, Stadt";"Gemeinden";"0,91";"1,04";"2,60";"0,53";"1,31"
"08115050";"Weil der Stadt, Stadt";"Gemeinden";"0,70";"0,99";"0,74";"0,42";"0,75"
"08115051";"Weil im Schönbuch";"Gemeinden";"0,00";;;"0,00";
"08115052";"Weissach";"Gemeinden";"0,00";;;"0,00";
"08115053";"Jettingen";"Gemeinden";"0,00";;;"0,00";
"08115054";"Grafenau";"Gemeinden";"0,00";;;"0,00";"0,00"
"08116004";"Altbach";"Gemeinden";"0,00";;;"0,00";
"08116005";"Altdorf";"Gemeinden";"0,00";;;"0,00";"0,00"
"08116006";"Altenriet";"Gemeinden";"0,00";;;"0,00";"0,00"
"08116007";"Baltmannsweiler";"Gemeinden";"0,00";;;"0,00";
"08116008";"Bempflingen";"Gemeinden";"0,00";;;"0,00";"0,00"
"08116011";"Beuren";"Gemeinden";"0,72";"0,81";"0,62";"0,26";
"08116012";"Bissingen an der Teck";"Gemeinden";"4,74";"4,69";"5,01";"0,00";
"08116014";"Deizisau";"Gemeinden";"0,00";;;"0,00";
"08116015";"Denkendorf";"Gemeinden";"0,32";;"0,59";"0,38";"0,85"
"08116016";"Dettingen unter Teck";"Gemeinden";"6,46";"6,78";"6,51";"2,39";"2,98"
"08116018";"Erkenbrechtsweiler";"Gemeinden";"0,00";;;"0,00";
"08116019";"Esslingen am Neckar, Stadt";"Gemeinden";"1,51";"2,20";"2,36";"1,32";"2,49"
"08116020";"Frickenhausen";"Gemeinden";"0,00";;;"0,00";
"08116022";"Großbettlingen";"Gemeinden";"0,00";;;"0,00";
"08116027";"Hochdorf";"Gemeinden";"0,00";;;"0,00";"0,00"
"08116029";"Holzmaden";"Gemeinden";"0,00";;;"0,00";"0,00"
"08116033";"Kirchheim unter Teck, Stadt";"Gemeinden";"1,29";"1,40";"1,69";"0,89";"1,27"
"08116035";"Köngen";"Gemeinden";"1,72";"2,12";;"0,00";
"08116036";"Kohlberg";"Gemeinden";"0,00";;;"0,00";"0,00"
"08116037";"Lichtenwald";"Gemeinden";"0,00";;;"0,00";
"08116041";"Neckartailfingen";"Gemeinden";"0,00";;;"0,00";"0,00"
"08116042";"Neckartenzlingen";"Gemeinden";"0,43";"0,57";;"0,00";
"08116043";"Neidlingen";"Gemeinden";"0,00";;;"0,00";
"08116046";"Neuffen, Stadt";"Gemeinden";"0,00";;;"0,69";"0,97"
"08116047";"Neuhausen auf den Fildern";"Gemeinden";"0,41";"3,61";"2,49";"0,88";"1,58"
"08116048";"Notzingen";"Gemeinden";"0,00";;;"0,00";"0,00"
"08116049";"Nürtingen, Stadt";"Gemeinden";"1,35";"2,07";"2,15";"1,07";"1,75"
"08116050";"Oberboihingen";"Gemeinden";"0,00";;;"0,00";
"08116053";"Ohmden";"Gemeinden";"0,00";;;"0,00";"0,00"
"08116054";"Owen, Stadt";"Gemeinden";"0,00";;;"0,00";
"08116056";"Plochingen, Stadt";"Gemeinden";"1,45";"2,26";"2,25";"0,75";"1,91"
"08116058";"Reichenbach an der Fils";"Gemeinden";"1,14";"1,02";"1,29";"0,59";"0,92"
"08116063";"Schlaitdorf";"Gemeinden";"0,00";;;"0,00";"0,00"
"08116068";"Unterensingen";"Gemeinden";"0,00";;;"0,00";"0,00"
"08116070";"Weilheim an der Teck, Stadt";"Gemeinden";"1,26";"2,22";"0,89";"1,03";"1,67"
"08116071";"Wendlingen am Neckar, Stadt";"Gemeinden";"0,00";;"0,39";"0,00";
"08116072";"Wernau (Neckar), Stadt";"Gemeinden";"2,31";"2,83";"1,82";"1,36";"3,47"
"08116073";"Wolfschlugen";"Gemeinden";"0,00";;;"0,00";
"08116076";"Aichwald";"Gemeinden";"0,00";;;"0,00";
"08116077";"Filderstadt, Stadt";"Gemeinden";"2,72";"4,20";"4,88";"1,77";"3,62"
"08116078";"Leinfelden-Echterdingen, Stadt";"Gemeinden";"6,12";"10,45";"13,36";"4,81";"13,28"
"08116079";"Lenningen";"Gemeinden";"0,98";"0,80";"0,44";"0,15";"0,49"
"08116080";"Ostfildern, Stadt";"Gemeinden";"2,61";"3,25";"3,33";"1,54";"2,53"
"08116081";"Aichtal, Stadt";"Gemeinden";"0,00";;;"0,00";
"08117001";"Adelberg";"Gemeinden";"0,00";;;"0,00";
"08117002";"Aichelberg";"Gemeinden";"0,00";;;"0,00";
"08117003";"Albershausen";"Gemeinden";"0,00";;;"0,00";
"08117006";"Bad Ditzenbach";"Gemeinden";"19,15";"18,99";"19,62";"13,28";"16,73"
"08117007";"Bad Überkingen";"Gemeinden";"7,72";"9,27";"10,61";"9,40";"10,78"
"08117009";"Birenbach";"Gemeinden";"0,00";;;"0,00";"0,00"
"08117010";"Böhmenkirch";"Gemeinden";"1,41";"1,50";"2,33";"1,04";"1,89"
"08117011";"Börtlingen";"Gemeinden";"0,00";;;"0,00";"0,00"
"08117012";"Bad Boll";"Gemeinden";"25,04";"27,85";"30,64";"20,56";"29,77"
"08117014";"Deggingen";"Gemeinden";"0,00";;;"0,00";
"08117015";"Donzdorf, Stadt";"Gemeinden";"1,58";"1,48";"1,75";"0,79";"1,62"
"08117016";"Drackenstein";"Gemeinden";"0,00";;;"0,00";"0,00"
"08117017";"Dürnau";"Gemeinden";"0,00";;;"0,00";"0,00"
"08117018";"Ebersbach an der Fils, Stadt";"Gemeinden";"0,00";;;"0,00";
"08117019";"Eislingen/Fils, Stadt";"Gemeinden";"1,01";;"1,76";"0,72";"1,58"
"08117020";"Eschenbach";"Gemeinden";"0,00";;;"0,00";"0,00"
"08117023";"Gammelshausen";"Gemeinden";"0,00";;;"0,00";
"08117024";"Geislingen an der Steige, Stadt";"Gemeinden";"0,55";"0,69";"0,67";"0,70";"0,71"
"08117025";"Gingen an der Fils";"Gemeinden";"0,00";;;"0,00";
"08117026";"Göppingen, Stadt";"Gemeinden";"1,14";"1,47";"1,23";"1,44";"2,64"
"08117028";"Gruibingen";"Gemeinden";"2,13";"2,24";"1,86";"0,00";"1,84"
"08117029";"Hattenhofen";"Gemeinden";"0,00";;;"0,00";"0,00"
"08117030";"Heiningen";"Gemeinden";"0,00";;;"0,00";"0,00"
"08117031";"Hohenstadt";"Gemeinden";"0,00";;;"0,00";
"08117033";"Kuchen";"Gemeinden";"0,00";;;"0,00";"0,00"
"08117035";"Mühlhausen im Täle";"Gemeinden";"12,71";"13,14";"15,94";"0,00";
"08117037";"Ottenbach";"Gemeinden";"0,00";;;"0,00";
"08117038";"Rechberghausen";"Gemeinden";"0,00";;;"0,00";
"08117042";"Salach";"Gemeinden";"1,65";;;"0,00";
"08117043";"Schlat";"Gemeinden";"0,00";;;"0,00";
"08117044";"Schlierbach";"Gemeinden";"0,00";;;"0,00";"0,00"
"08117049";"Süßen, Stadt";"Gemeinden";"1,03";"1,68";"1,66";"0,84";"1,89"
"08117051";"Uhingen, Stadt";"Gemeinden";"0,29";"0,73";;"0,00";"0,63"
"08117053";"Wäschenbeuren";"Gemeinden";"0,00";;;"0,00";
"08117055";"Wangen";"Gemeinden";"0,00";;;"0,00";
"08117058";"Wiesensteig, Stadt";"Gemeinden";"8,57";"8,20";"12,97";"3,95";"13,32"
"08117060";"Zell unter Aichelberg";"Gemeinden";"0,00";;;"0,00";
"08117061";"Lauterstein, Stadt";"Gemeinden";"0,00";;;"0,00";"1,53"
"08118001";"Affalterbach";"Gemeinden";"0,00";;;"0,00";
"08118003";"Asperg, Stadt";"Gemeinden";"1,82";"1,81";"1,99";"1,03";"1,78"
"08118006";"Benningen am Neckar";"Gemeinden";"0,00";;;"0,00";
"08118007";"Besigheim, Stadt";"Gemeinden";"0,79";"1,25";"1,51";"0,90";"1,71"
"08118010";"Bönnigheim, Stadt";"Gemeinden";"1,65";"2,33";"1,98";"0,98";"1,66"
"08118011";"Ditzingen, Stadt";"Gemeinden";"1,53";"2,10";"2,11";"0,00";
"08118012";"Eberdingen";"Gemeinden";"0,00";;"1,09";"0,92";"0,87"
"08118014";"Erdmannhausen";"Gemeinden";"0,00";;;"0,00";"0,00"
"08118015";"Erligheim";"Gemeinden";"0,00";;;"0,00";"0,00"
"08118016";"Freudental";"Gemeinden";"0,00";"3,20";"2,48";"0,00";
"08118018";"Gemmrigheim";"Gemeinden";"0,00";;;"0,00";"0,00"
"08118019";"Gerlingen, Stadt";"Gemeinden";"2,87";"4,81";"5,74";"3,99";"6,34"
"08118021";"Großbottwar, Stadt";"Gemeinden";"0,00";;;"0,00";
"08118027";"Hemmingen";"Gemeinden";"0,00";;;"0,00";"0,00"
"08118028";"Hessigheim";"Gemeinden";"0,00";;;"0,00";
"08118040";"Kirchheim am Neckar";"Gemeinden";"0,70";;;"0,00";
"08118046";"Kornwestheim, Stadt";"Gemeinden";"0,86";"1,16";"1,04";"0,79";"1,30"
"08118047";"Löchgau";"Gemeinden";"0,00";;;"0,00";"0,00"
"08118048";"Ludwigsburg, Stadt";"Gemeinden";"2,45";"3,00";"3,38";"1,81";"3,46"
"08118049";"Marbach am Neckar, Stadt";"Gemeinden";"1,63";"1,58";"1,51";"0,73";"1,46"
"08118050";"Markgröningen, Stadt";"Gemeinden";"1,38";"1,51";"1,75";"1,03";"1,43"
"08118051";"Möglingen";"Gemeinden";"0,00";;;"0,00";
"08118053";"Mundelsheim";"Gemeinden";"0,00";;;"0,00";
"08118054";"Murr";"Gemeinden";"0,00";;;"0,00";
"08118059";"Oberriexingen, Stadt";"Gemeinden";"0,00";;;"0,00";
"08118060";"Oberstenfeld";"Gemeinden";"2,33";"2,58";"2,58";"0,00";
"08118063";"Pleidelsheim";"Gemeinden";"0,00";;;"0,00";
"08118067";"Schwieberdingen";"Gemeinden";"1,17";"3,18";"3,17";"2,12";"1,42"
"08118068";"Sersheim";"Gemeinden";"0,00";;;"0,00";
"08118070";"Steinheim an der Murr, Stadt";"Gemeinden";"2,06";"2,20";"1,91";"0,93";"2,14"
"08118071";"Tamm, Stadt";"Gemeinden";"0,00";;;"0,63";
"08118073";"Vaihingen an der Enz, Stadt";"Gemeinden";"0,67";"0,79";"0,92";"0,61";"0,57"
"08118074";"Walheim";"Gemeinden";"0,00";;;"0,00";"0,00"
"08118076";"Sachsenheim, Stadt";"Gemeinden";"0,35";"0,79";"1,06";"1,07";"1,31"
"08118077";"Ingersheim";"Gemeinden";"0,00";;;"0,00";
"08118078";"Freiberg am Neckar, Stadt";"Gemeinden";"1,17";"1,46";"1,43";"0,92";"1,51"
"08118079";"Bietigheim-Bissingen, Stadt";"Gemeinden";"1,30";"2,13";"2,04";"0,87";"1,48"
"08118080";"Korntal-Münchingen, Stadt";"Gemeinden";"2,99";"3,77";"3,70";"1,87";"7,27"
"08118081";"Remseck am Neckar, Stadt";"Gemeinden";"0,00";"0,77";"0,73";"0,39";"0,47"
"08119001";"Alfdorf";"Gemeinden";"1,75";"2,28";"1,29";"0,80";"0,96"
"08119003";"Allmersbach im Tal";"Gemeinden";"0,00";;;"0,00";"0,00"
"08119004";"Althütte";"Gemeinden";"8,36";"8,80";"9,09";"1,80";"4,25"
"08119006";"Auenwald";"Gemeinden";"0,00";;;"0,00";
"08119008";"Backnang, Stadt";"Gemeinden";"1,04";"1,80";"1,64";"0,76";"0,99"
"08119018";"Burgstetten";"Gemeinden";"0,00";;;"0,00";
"08119020";"Fellbach, Stadt";"Gemeinden";"2,15";"2,66";"2,72";"1,37";"2,30"
"08119024";"Großerlach";"Gemeinden";"1,39";"1,93";"1,38";"0,51";"0,78"
"08119037";"Kaisersbach";"Gemeinden";"16,55";"17,03";"17,01";"6,00";"13,86"
"08119038";"Kirchberg an der Murr";"Gemeinden";"0,00";;;"0,00";"0,00"
"08119041";"Korb";"Gemeinden";"1,39";"1,00";"0,84";"0,29";"0,60"
"08119042";"Leutenbach";"Gemeinden";"0,00";;;"0,00";"0,00"
"08119044";"Murrhardt, Stadt";"Gemeinden";"2,59";"2,91";"3,24";"1,64";"2,84"
"08119053";"Oppenweiler";"Gemeinden";"0,00";;;"0,00";
"08119055";"Plüderhausen";"Gemeinden";"0,00";;;"0,00";"0,00"
"08119061";"Rudersberg";"Gemeinden";"0,00";;"1,32";"0,00";"1,23"
"08119067";"Schorndorf, Stadt";"Gemeinden";"0,64";"0,69";"0,72";"0,57";"0,88"
"08119068";"Schwaikheim";"Gemeinden";"0,00";;;"0,00";"0,00"
"08119069";"Spiegelberg";"Gemeinden";"5,29";"6,16";"5,67";"2,25";"2,45"
"08119075";"Sulzbach an der Murr";"Gemeinden";"0,74";;"0,85";"0,00";
"08119076";"Urbach";"Gemeinden";"0,00";;;"0,00";
"08119079";"Waiblingen, Stadt";"Gemeinden";"0,54";"0,63";"0,61";"0,35";"1,21"
"08119083";"Weissach im Tal";"Gemeinden";"0,00";;;"0,00";
"08119084";"Welzheim, Stadt";"Gemeinden";"0,79";"0,62";"0,89";"0,40";"0,90"
"08119085";"Winnenden, Stadt";"Gemeinden";"1,18";"1,76";"1,83";"0,76";"1,33"
"08119086";"Winterbach";"Gemeinden";"2,02";"2,30";"1,49";"0,76";"1,52"
"08119087";"Aspach";"Gemeinden";"0,00";;;"0,00";"12,78"
"08119089";"Berglen";"Gemeinden";"0,00";;;"0,00";"0,00"
"08119090";"Remshalden";"Gemeinden";"0,96";"1,28";"1,28";"0,49";
"08119091";"Weinstadt, Stadt";"Gemeinden";"0,86";"1,03";"1,12";"0,68";"1,71"
"08119093";"Kernen im Remstal";"Gemeinden";"0,58";"1,59";"1,32";"0,59";
"08121000";"Heilbronn, Universitätsstadt";"Gemeinden";"1,92";"2,37";"2,73";"1,81";"3,62"
"08125001";"Abstatt";"Gemeinden";"3,84";"3,82";"3,68";"1,72";"3,38"
"08125005";"Bad Friedrichshall, Stadt";"Gemeinden";"1,59";"2,24";"1,65";"1,09";"1,36"
"08125006";"Bad Rappenau, Stadt";"Gemeinden";"14,36";"14,12";"15,92";"12,51";"15,89"
"08125007";"Bad Wimpfen, Stadt";"Gemeinden";"23,12";"25,61";"28,54";"19,74";"23,42"
"08125008";"Beilstein, Stadt";"Gemeinden";"1,29";"1,95";"2,39";"0,87";"5,56"
"08125013";"Brackenheim, Stadt";"Gemeinden";"1,09";"1,37";"0,86";"0,67";"0,82"
"08125017";"Cleebronn";"Gemeinden";"4,66";"7,68";"13,50";"7,91";"14,41"
"08125021";"Eberstadt";"Gemeinden";"0,00";;;"0,00";
"08125024";"Ellhofen";"Gemeinden";"0,00";;;"0,00";"0,00"
"08125026";"Eppingen, Stadt";"Gemeinden";"0,92";"0,98";"1,10";"0,47";"0,90"
"08125027";"Erlenbach";"Gemeinden";"0,00";;"2,24";"1,34";"1,51"
"08125030";"Flein";"Gemeinden";"0,00";;;"0,00";
"08125034";"Gemmingen";"Gemeinden";"0,00";;;"0,00";"0,00"
"08125038";"Güglingen, Stadt";"Gemeinden";"0,00";;;"0,00";
"08125039";"Gundelsheim, Stadt";"Gemeinden";"2,00";"3,23";"2,83";"1,58";"2,76"
"08125046";"Ilsfeld";"Gemeinden";"1,58";"1,87";"2,20";"0,97";"1,93"
"08125047";"Ittlingen";"Gemeinden";"0,00";;;"0,00";
"08125048";"Jagsthausen";"Gemeinden";"0,00";;;"0,00";
"08125049";"Kirchardt";"Gemeinden";"0,00";;;"0,00";"0,00"
"08125056";"Lauffen am Neckar, Stadt";"Gemeinden";"2,48";"2,58";"2,77";"1,29";"1,78"
"08125057";"Lehrensteinsfeld";"Gemeinden";"0,00";;;"0,00";
"08125058";"Leingarten, Stadt";"Gemeinden";"0,57";;"0,93";"0,00";
"08125059";"Löwenstein, Stadt";"Gemeinden";"44,21";"52,19";"43,87";"16,74";"34,54"
"08125061";"Massenbachhausen";"Gemeinden";"0,00";;;"0,00";
"08125063";"Möckmühl, Stadt";"Gemeinden";"1,23";"1,49";"1,42";"1,17";"1,15"
"08125065";"Neckarsulm, Stadt";"Gemeinden";"3,48";"4,03";"5,92";"2,88";"4,97"
"08125066";"Neckarwestheim";"Gemeinden";"2,69";"2,51";"4,62";"5,06";"6,71"
"08125068";"Neudenau, Stadt";"Gemeinden";"0,00";;;"0,00";
"08125069";"Neuenstadt am Kocher, Stadt";"Gemeinden";"0,00";;"0,74";"0,00";
"08125074";"Nordheim";"Gemeinden";"1,35";"1,55";"1,76";"1,02";"1,26"
"08125078";"Oedheim";"Gemeinden";"0,00";;"3,46";"3,02";"4,92"
"08125079";"Offenau";"Gemeinden";"0,00";;;"0,00";"0,00"
"08125081";"Pfaffenhofen";"Gemeinden";"0,00";;;"0,00";"0,00"
"08125084";"Roigheim";"Gemeinden";"0,00";;;"0,00";
"08125086";"Schwaigern, Stadt";"Gemeinden";"0,31";"0,53";"0,61";"0,39";"0,59"
"08125087";"Siegelsbach";"Gemeinden";"0,00";;;"0,00";"0,00"
"08125094";"Talheim";"Gemeinden";"2,36";"1,75";"2,26";"1,04";"2,23"
"08125096";"Untereisesheim";"Gemeinden";"0,00";;;"0,00";"0,00"
"08125098";"Untergruppenbach";"Gemeinden";"0,66";"0,62";"0,63";"0,38";"0,69"
"08125102";"Weinsberg, Stadt";"Gemeinden";"0,00";;"1,30";"0,45";"0,92"
"08125103";"Widdern, Stadt";"Gemeinden";"0,00";;;"0,00";
"08125107";"Wüstenrot";"Gemeinden";"4,81";"3,70";"5,40";"1,60";"5,04"
"08125108";"Zaberfeld";"Gemeinden";"3,76";"4,42";"4,64";"0,00";"4,31"
"08125110";"Obersulm";"Gemeinden";"0,00";"0,99";"0,78";"0,43";"1,16"
"08125111";"Hardthausen am Kocher";"Gemeinden";"0,00";;;"0,00";
"08125113";"Langenbrettach";"Gemeinden";"0,00";;;"0,00";
"08126011";"Bretzfeld";"Gemeinden";"1,70";"1,79";"2,62";"1,61";"3,33"
"08126020";"Dörzbach";"Gemeinden";"0,00";;;"0,00";
"08126028";"Forchtenberg, Stadt";"Gemeinden";"3,21";"4,00";"3,88";"2,19";"2,67"
"08126039";"Ingelfingen, Stadt";"Gemeinden";"4,17";"5,16";"5,72";"3,50";"6,01"
"08126045";"Krautheim, Stadt";"Gemeinden";"2,45";"1,89";"1,49";"1,77";"2,06"
"08126046";"Künzelsau, Stadt";"Gemeinden";"1,29";"1,81";"2,45";"1,60";"2,51"
"08126047";"Kupferzell";"Gemeinden";"4,30";"4,85";"5,44";"2,43";"6,04"
"08126056";"Mulfingen";"Gemeinden";"3,54";"4,26";"5,22";"4,56";"7,52"
"08126058";"Neuenstein, Stadt";"Gemeinden";"0,00";"1,06";"1,08";"0,00";
"08126060";"Niedernhall, Stadt";"Gemeinden";"0,91";;;"0,00";
"08126066";"Öhringen, Stadt";"Gemeinden";"0,65";"1,13";"1,25";"0,65";"1,01"
"08126069";"Pfedelbach";"Gemeinden";"6,67";"7,87";"7,14";"4,05";"6,41"
"08126072";"Schöntal";"Gemeinden";"7,44";"8,81";"9,41";"4,05";"7,92"
"08126085";"Waldenburg, Stadt";"Gemeinden";"16,47";"17,71";"16,88";"9,99";"19,32"
"08126086";"Weißbach";"Gemeinden";"0,00";;;"0,00";
"08126094";"Zweiflingen";"Gemeinden";"0,00";;;"0,00";
"08127008";"Blaufelden";"Gemeinden";"1,05";"0,79";"0,91";"0,00";
"08127009";"Braunsbach";"Gemeinden";"10,01";"9,40";"11,83";"7,24";"11,74"
"08127012";"Bühlertann";"Gemeinden";"2,94";"2,96";"3,63";"2,15";"3,53"
"08127013";"Bühlerzell";"Gemeinden";"2,57";"4,82";"3,83";"2,18";"4,00"
"08127014";"Crailsheim, Stadt";"Gemeinden";"1,03";"1,44";"1,63";"1,80";"2,16"
"08127023";"Fichtenberg";"Gemeinden";"0,00";;;"0,00";
"08127025";"Gaildorf, Stadt";"Gemeinden";"0,00";"0,58";"0,69";"0,38";"0,56"
"08127032";"Gerabronn, Stadt";"Gemeinden";"0,00";;;"3,69";"3,99"
"08127043";"Ilshofen, Stadt";"Gemeinden";"0,00";;;"0,00";
"08127046";"Kirchberg an der Jagst, Stadt";"Gemeinden";"7,43";"4,91";"4,39";"3,05";"5,68"
"08127047";"Langenburg, Stadt";"Gemeinden";"3,36";"6,49";"15,38";"15,59";"32,21"
"08127052";"Mainhardt";"Gemeinden";"2,08";"2,47";"3,02";"1,38";"2,00"
"08127056";"Michelbach an der Bilz";"Gemeinden";"0,00";;;"0,00";"0,00"
"08127059";"Michelfeld";"Gemeinden";"0,00";"2,78";"2,09";"0,00";
"08127062";"Oberrot";"Gemeinden";"1,26";"1,17";"1,23";"0,00";
"08127063";"Obersontheim";"Gemeinden";"0,00";;;"0,00";
"08127071";"Rot am See";"Gemeinden";"1,67";"1,46";"1,72";"0,92";"1,77"
"08127073";"Satteldorf";"Gemeinden";"2,38";"2,88";"2,20";"0,83";
"08127075";"Schrozberg, Stadt";"Gemeinden";"0,00";;;"0,00";
"08127076";"Schwäbisch Hall, Stadt";"Gemeinden";"4,84";"5,68";"5,44";"2,59";"5,15"
"08127079";"Sulzbach-Laufen";"Gemeinden";"0,00";;;"0,00";
"08127086";"Untermünkheim";"Gemeinden";"1,58";"2,51";"2,61";"0,97";"1,78"
"08127089";"Vellberg, Stadt";"Gemeinden";"0,00";;;"0,00";
"08127091";"Wallhausen";"Gemeinden";"0,00";;;"0,00";
"08127099";"Wolpertshausen";"Gemeinden";"0,00";;;"0,00";
"08127100";"Rosengarten";"Gemeinden";"0,44";"0,41";;"0,00";
"08127101";"Kreßberg";"Gemeinden";"0,00";;;"0,00";
"08127102";"Fichtenau";"Gemeinden";"4,17";"5,25";"11,32";"5,86";
"08127103";"Frankenhardt";"Gemeinden";"0,60";"0,53";"0,33";"0,00";
"08127104";"Stimpfach";"Gemeinden";"11,91";"11,12";"6,73";"0,00";"6,57"
"08128006";"Assamstadt";"Gemeinden";"0,00";;;"0,00";
"08128007";"Bad Mergentheim, Stadt";"Gemeinden";"24,38";"23,29";"25,36";"17,71";"22,19"
"08128014";"Boxberg, Stadt";"Gemeinden";"0,00";;;"0,00";
"08128020";"Creglingen, Stadt";"Gemeinden";"11,69";"9,97";"10,65";"8,01";"11,16"
"08128039";"Freudenberg, Stadt";"Gemeinden";"2,74";"2,74";"3,12";"3,47";"5,05"
"08128045";"Großrinderfeld";"Gemeinden";"0,00";;;"0,00";
"08128047";"Grünsfeld, Stadt";"Gemeinden";"0,00";;;"0,00";"0,00"
"08128058";"Igersheim";"Gemeinden";"2,95";"2,27";"2,38";"0,00";"3,19"
"08128061";"Königheim";"Gemeinden";"0,00";;;"0,00";"0,00"
"08128064";"Külsheim, Stadt";"Gemeinden";"0,00";"1,59";"1,95";"2,40";"2,61"
"08128082";"Niederstetten, Stadt";"Gemeinden";"1,90";"2,53";"2,56";"0,00";
"08128115";"Tauberbischofsheim, Stadt";"Gemeinden";"3,36";"3,41";"3,39";"2,05";"3,97"
"08128126";"Weikersheim, Stadt";"Gemeinden";"5,94";"7,72";"8,04";"5,37";"8,06"
"08128128";"Werbach";"Gemeinden";"2,01";"2,73";"4,36";"4,21";"5,49"
"08128131";"Wertheim, Stadt";"Gemeinden";"5,34";"4,81";"6,12";"5,31";"8,29"
"08128137";"Wittighausen";"Gemeinden";"0,00";;;"0,00";
"08128138";"Ahorn";"Gemeinden";"0,00";;;"0,00";"0,00"
"08128139";"Lauda-Königshofen, Stadt";"Gemeinden";"2,04";"2,01";"2,07";"1,96";"2,28"
"08135010";"Dischingen";"Gemeinden";"1,21";"1,74";"1,12";"0,54";"0,81"
"08135015";"Gerstetten";"Gemeinden";"0,41";;"0,40";"0,29";
"08135016";"Giengen an der Brenz, Stadt";"Gemeinden";"1,60";"1,67";"2,06";"1,47";"2,18"
"08135019";"Heidenheim an der Brenz, Stadt";"Gemeinden";"1,56";"2,41";"2,44";"1,21";"2,43"
"08135020";"Herbrechtingen, Stadt";"Gemeinden";"1,06";"1,36";"1,35";"0,84";"1,13"
"08135021";"Hermaringen";"Gemeinden";"0,00";;;"0,00";"0,00"
"08135025";"Königsbronn";"Gemeinden";"1,93";"2,59";"2,53";"2,01";"3,10"
"08135026";"Nattheim";"Gemeinden";"0,00";;;"0,00";
"08135027";"Niederstotzingen, Stadt";"Gemeinden";"0,00";;;"0,00";
"08135031";"Sontheim an der Brenz";"Gemeinden";"0,00";;;"0,00";
"08135032";"Steinheim am Albuch";"Gemeinden";"1,44";"1,26";"1,52";"0,00";
"08136002";"Abtsgmünd";"Gemeinden";"3,15";"2,87";"3,32";"2,86";"4,61"
"08136003";"Adelmannsfelden";"Gemeinden";"0,00";;;"0,00";
"08136007";"Bartholomä";"Gemeinden";"17,11";"13,69";"15,55";"3,35";"12,95"
"08136009";"Böbingen an der Rems";"Gemeinden";"1,18";;;"0,00";
"08136010";"Bopfingen, Stadt";"Gemeinden";"1,22";"1,39";"1,47";"0,86";"1,10"
"08136015";"Durlangen";"Gemeinden";"0,00";;;"0,00";"0,00"
"08136018";"Ellenberg";"Gemeinden";"1,31";"1,86";"3,17";"2,96";"4,64"
"08136019";"Ellwangen (Jagst), Stadt";"Gemeinden";"3,12";"4,10";"4,84";"2,64";"4,23"
"08136020";"Eschach";"Gemeinden";"0,00";;;"0,00";"0,00"
"08136021";"Essingen";"Gemeinden";"1,95";"2,44";"2,64";"1,91";"2,62"
"08136024";"Göggingen";"Gemeinden";"0,00";;;"0,00";
"08136027";"Gschwend";"Gemeinden";"2,89";"3,15";"2,29";"0,00";
"08136028";"Heubach, Stadt";"Gemeinden";"0,69";"0,84";"1,01";"0,64";"1,01"
"08136029";"Heuchlingen";"Gemeinden";"0,00";;;"0,00";"0,00"
"08136033";"Hüttlingen";"Gemeinden";"0,00";;;"0,00";
"08136034";"Iggingen";"Gemeinden";"0,00";;;"0,00";"0,00"
"08136035";"Jagstzell";"Gemeinden";"0,00";;;"0,00";
"08136037";"Kirchheim am Ries";"Gemeinden";"0,00";;;"0,00";
"08136038";"Lauchheim, Stadt";"Gemeinden";"0,00";;"4,88";"2,07";"4,69"
"08136040";"Leinzell";"Gemeinden";"0,00";;;"0,00";"0,00"
"08136042";"Lorch, Stadt";"Gemeinden";"0,61";"0,72";"0,72";"0,45";"1,13"
"08136043";"Mögglingen";"Gemeinden";"0,00";;;"0,00";
"08136044";"Mutlangen";"Gemeinden";"0,00";;;"0,00";
"08136045";"Neresheim, Stadt";"Gemeinden";"3,58";"3,85";"4,35";"1,43";"1,67"
"08136046";"Neuler";"Gemeinden";"0,00";;;"0,00";
"08136049";"Obergröningen";"Gemeinden";"0,00";;;"0,00";"0,00"
"08136050";"Oberkochen, Stadt";"Gemeinden";"1,91";"2,23";;"0,00";"3,65"
"08136060";"Rosenberg";"Gemeinden";"0,00";"2,08";;"1,50";"1,24"
"08136061";"Ruppertshofen";"Gemeinden";"0,00";;;"0,00";
"08136062";"Schechingen";"Gemeinden";"0,00";;;"0,00";"0,00"
"08136065";"Schwäbisch Gmünd, Stadt";"Gemeinden";"2,35";"2,57";"2,89";"1,75";"2,76"
"08136066";"Spraitbach";"Gemeinden";"0,00";;;"0,00";"0,00"
"08136068";"Stödtlen";"Gemeinden";"0,00";;;"0,00";"0,00"
"08136070";"Täferrot";"Gemeinden";"0,00";;;"0,00";
"08136071";"Tannhausen";"Gemeinden";"0,00";;;"0,00";"0,00"
"08136075";"Unterschneidheim";"Gemeinden";"0,00";;;"0,36";
"08136079";"Waldstetten";"Gemeinden";"1,54";"1,61";"1,46";"1,83";"2,97"
"08136082";"Westhausen";"Gemeinden";"1,65";"3,76";"2,78";"1,78";"1,79"
"08136084";"Wört";"Gemeinden";"0,00";;;"0,00";
"08136087";"Riesbürg";"Gemeinden";"2,36";"2,01";"2,70";"0,00";"4,69"
"08136088";"Aalen, Stadt";"Gemeinden";"2,22";"2,86";"3,50";"1,84";"3,12"
"08136089";"Rainau";"Gemeinden";"0,00";;;"1,41";"1,46"
"08211000";"Baden-Baden, Stadt";"Gemeinden";"14,05";"16,74";"17,67";"9,63";"15,49"
"08212000";"Karlsruhe, Stadt";"Gemeinden";"2,81";"3,42";"3,75";"1,87";"3,72"
"08215007";"Bretten, Stadt";"Gemeinden";"1,40";"1,46";"1,51";"0,82";"1,30"
"08215009";"Bruchsal, Stadt";"Gemeinden";"1,85";"2,08";"2,97";"1,64";"2,78"
"08215017";"Ettlingen, Stadt";"Gemeinden";"2,98";"3,16";"4,35";"2,13";"4,51"
"08215021";"Forst";"Gemeinden";"0,00";;;"0,00";"4,22"
"08215025";"Gondelsheim";"Gemeinden";"0,00";;;"0,00";
"08215029";"Hambrücken";"Gemeinden";"0,00";;;"0,00";
"08215039";"Kronau";"Gemeinden";"0,00";;;"0,00";"0,00"
"08215040";"Kürnbach";"Gemeinden";"0,00";;;"0,00";"0,00"
"08215046";"Malsch";"Gemeinden";"0,78";"0,69";;"0,00";
"08215047";"Marxzell";"Gemeinden";"1,46";"1,03";"1,73";"1,08";"1,21"
"08215059";"Oberderdingen, Stadt";"Gemeinden";"1,01";"2,16";"2,29";"0,99";"2,37"
"08215064";"Östringen, Stadt";"Gemeinden";"1,32";"1,29";"1,40";"0,52";"1,29"
"08215066";"Philippsburg, Stadt";"Gemeinden";"0,62";"0,65";"0,67";"0,62";"0,92"
"08215082";"Sulzfeld";"Gemeinden";"0,00";;;"0,00";
"08215084";"Ubstadt-Weiher";"Gemeinden";"2,41";"2,12";"1,87";"1,70";"2,09"
"08215089";"Walzbachtal";"Gemeinden";"0,00";;;"0,00";
"08215090";"Weingarten (Baden)";"Gemeinden";"1,00";"1,16";"1,56";"0,95";"1,26"
"08215094";"Zaisenhausen";"Gemeinden";"0,00";;;"0,00";"0,00"
"08215096";"Karlsbad";"Gemeinden";"3,56";"4,12";"3,91";"2,20";"3,74"
"08215097";"Kraichtal, Stadt";"Gemeinden";"0,72";"0,87";"1,20";"0,48";"0,90"
"08215099";"Graben-Neudorf";"Gemeinden";"0,00";;;"0,00";
"08215100";"Bad Schönborn";"Gemeinden";"18,77";"20,52";"24,85";"18,19";"18,85"
"08215101";"Pfinztal";"Gemeinden";"0,67";"0,69";"0,71";"0,54";"0,93"
"08215102";"Eggenstein-Leopoldshafen";"Gemeinden";"0,93";"1,10";"1,21";"0,77";"0,98"
"08215103";"Karlsdorf-Neuthard";"Gemeinden";"0,90";;;"0,00";
"08215105";"Linkenheim-Hochstetten";"Gemeinden";"0,30";"0,31";;"0,00";"0,00"
"08215106";"Waghäusel, Stadt";"Gemeinden";"0,75";"0,97";;"0,45";"0,64"
"08215107";"Oberhausen-Rheinhausen";"Gemeinden";"0,96";;;"0,00";"0,80"
"08215108";"Rheinstetten, Stadt";"Gemeinden";"0,20";"0,33";"0,27";"0,00";"1,25"
"08215109";"Stutensee, Stadt";"Gemeinden";"0,45";"0,51";"0,48";"0,29";"0,41"
"08215110";"Waldbronn";"Gemeinden";"1,35";"1,33";"2,07";"5,41";"6,34"
"08215111";"Dettenheim";"Gemeinden";"0,00";;;"0,00";"0,00"
"08216002";"Au am Rhein";"Gemeinden";"0,00";;;"0,00";
"08216005";"Bietigheim";"Gemeinden";"0,00";;;"0,00";
"08216006";"Bischweier";"Gemeinden";"0,00";;;"0,00";"0,00"
"08216007";"Bühl, Stadt";"Gemeinden";"5,37";"5,43";"5,29";"3,58";"5,56"
"08216008";"Bühlertal";"Gemeinden";"3,46";"2,96";"2,73";"1,58";"3,30"
"08216009";"Durmersheim";"Gemeinden";"0,00";;;"0,00";
"08216012";"Elchesheim-Illingen";"Gemeinden";"0,00";;;"0,00";"0,00"
"08216013";"Forbach";"Gemeinden";"11,05";"10,13";"9,44";"4,80";"9,74"
"08216015";"Gaggenau, Stadt";"Gemeinden";"1,12";"1,12";"0,80";"0,35";"0,94"
"08216017";"Gernsbach, Stadt";"Gemeinden";"3,63";"4,21";"3,24";"1,63";"3,33"
"08216022";"Hügelsheim";"Gemeinden";"1,51";"2,11";"2,70";"1,40";"2,71"
"08216023";"Iffezheim";"Gemeinden";"0,00";;;"0,00";
"08216024";"Kuppenheim, Stadt";"Gemeinden";"0,60";"0,67";;"0,00";
"08216028";"Lichtenau, Stadt";"Gemeinden";"0,00";;;"0,00";
"08216029";"Loffenau";"Gemeinden";"1,47";;;"0,00";
"08216033";"Muggensturm";"Gemeinden";"0,00";;;"0,00";
"08216039";"Ötigheim";"Gemeinden";"0,00";;;"0,00";
"08216041";"Ottersweier";"Gemeinden";"0,00";;;"0,00";
"08216043";"Rastatt, Stadt";"Gemeinden";"2,26";"2,66";"3,48";"1,91";"3,57"
"08216049";"Sinzheim";"Gemeinden";"0,00";;;"0,00";
"08216052";"Steinmauern";"Gemeinden";"0,00";;;"0,00";
"08216059";"Weisenbach";"Gemeinden";"1,46";"2,67";"1,98";"0,59";"2,08"
"08216063";"Rheinmünster";"Gemeinden";"0,00";"7,33";"8,81";"5,89";"10,31"
"08221000";"Heidelberg, Stadt";"Gemeinden";"6,29";"7,87";"8,94";"5,08";"10,29"
"08222000";"Mannheim, Universitätsstadt";"Gemeinden";"2,66";"3,88";"4,54";"2,69";"5,72"
"08225001";"Adelsheim, Stadt";"Gemeinden";"0,00";"0,47";"0,60";"0,00";
"08225002";"Aglasterhausen";"Gemeinden";"0,00";;;"0,00";"0,00"
"08225009";"Billigheim";"Gemeinden";"0,00";;;"0,00";"0,00"
"08225010";"Binau";"Gemeinden";"0,00";;;"0,00";
"08225014";"Buchen (Odenwald), Stadt";"Gemeinden";"7,02";"7,83";"8,03";"4,72";"7,25"
"08225024";"Fahrenbach";"Gemeinden";"0,00";;;"0,00";"0,00"
"08225032";"Hardheim";"Gemeinden";"1,20";"1,20";"1,07";"0,62";"0,72"
"08225033";"Haßmersheim";"Gemeinden";"2,91";"2,50";"2,58";"1,44";"3,57"
"08225039";"Höpfingen";"Gemeinden";"1,98";"1,62";;"0,00";
"08225042";"Hüffenhardt";"Gemeinden";"0,00";;;"0,00";"0,00"
"08225052";"Limbach";"Gemeinden";"3,07";"1,29";"4,92";"1,69";"1,46"
"08225058";"Mosbach, Stadt";"Gemeinden";"3,38";"3,96";"4,08";"2,01";"3,36"
"08225060";"Mudau";"Gemeinden";"0,00";;;"0,00";
"08225064";"Neckargerach";"Gemeinden";"0,00";;;"0,00";
"08225067";"Neckarzimmern";"Gemeinden";"23,47";"23,50";"26,54";"15,58";"35,78"
"08225068";"Neunkirchen";"Gemeinden";"6,19";"6,98";"10,23";"6,63";"9,81"
"08225074";"Obrigheim";"Gemeinden";"1,15";"1,80";"1,42";"0,00";
"08225075";"Osterburken, Stadt";"Gemeinden";"1,03";"1,24";"1,43";"0,00";
"08225082";"Rosenberg";"Gemeinden";"0,00";;;"0,00";
"08225091";"Seckach";"Gemeinden";"0,00";;;"0,00";
"08225109";"Walldürn, Stadt";"Gemeinden";"2,31";"2,82";"2,70";"0,71";"1,65"
"08225113";"Zwingenberg";"Gemeinden";"0,00";;;"0,00";
"08225114";"Ravenstein, Stadt";"Gemeinden";"1,20";"1,53";"1,76";"0,00";
"08225115";"Schefflenz";"Gemeinden";"0,00";;;"0,00";"0,00"
"08225116";"Schwarzach";"Gemeinden";"0,00";;;"0,00";
"08225117";"Elztal";"Gemeinden";"0,00";;;"0,00";
"08225118";"Waldbrunn";"Gemeinden";"7,26";"8,92";"10,85";"7,14";"10,77"
"08226003";"Altlußheim";"Gemeinden";"1,28";"1,39";;"0,00";
"08226006";"Bammental";"Gemeinden";"0,00";;;"0,00";
"08226009";"Brühl";"Gemeinden";"0,00";;;"0,00";"0,00"
"08226010";"Dielheim";"Gemeinden";"0,00";;;"0,00";
"08226012";"Dossenheim";"Gemeinden";"1,28";"3,12";"2,44";"0,00";
"08226013";"Eberbach, Stadt";"Gemeinden";"3,26";"3,15";"2,93";"1,67";"2,39"
"08226017";"Epfenbach";"Gemeinden";"0,00";;;"0,00";"0,00"
"08226018";"Eppelheim, Stadt";"Gemeinden";"0,82";"1,05";"1,17";"0,00";
"08226020";"Eschelbronn";"Gemeinden";"0,00";;;"0,00";"0,00"
"08226022";"Gaiberg";"Gemeinden";"0,00";;;"0,00";"0,00"
"08226027";"Heddesbach";"Gemeinden";"0,00";;;"0,00";"0,00"
"08226028";"Heddesheim";"Gemeinden";"0,00";;;"0,00";
"08226029";"Heiligkreuzsteinach";"Gemeinden";"2,77";;;"0,00";
"08226031";"Hemsbach, Stadt";"Gemeinden";"2,40";"1,85";;"0,00";
"08226032";"Hockenheim, Stadt";"Gemeinden";"3,19";"4,13";"4,14";"1,82";"3,31"
"08226036";"Ilvesheim";"Gemeinden";"0,00";;;"0,00";"0,00"
"08226037";"Ketsch";"Gemeinden";"0,00";;;"0,00";
"08226038";"Ladenburg, Stadt";"Gemeinden";"3,51";"4,82";"5,50";"0,00";"4,78"
"08226040";"Laudenbach";"Gemeinden";"0,00";;;"0,00";"0,00"
"08226041";"Leimen, Stadt";"Gemeinden";"2,75";"4,34";"3,92";"2,22";"3,51"
"08226046";"Malsch";"Gemeinden";"0,00";;;"0,00";"0,00"
"08226048";"Mauer";"Gemeinden";"0,00";;;"0,00";
"08226049";"Meckesheim";"Gemeinden";"0,00";"1,30";"1,17";"0,00";
"08226054";"Mühlhausen";"Gemeinden";"0,00";;;"0,00";
"08226055";"Neckarbischofsheim, Stadt";"Gemeinden";"0,00";;;"0,00";
"08226056";"Neckargemünd, Stadt";"Gemeinden";"4,59";"4,44";"4,11";"2,84";"4,66"
"08226058";"Neidenstein";"Gemeinden";"0,00";;;"0,00";"0,00"
"08226059";"Neulußheim";"Gemeinden";"0,00";;;"0,00";"0,00"
"08226060";"Nußloch";"Gemeinden";"0,00";;;"0,00";"0,75"
"08226062";"Oftersheim";"Gemeinden";"0,00";;;"0,00";
"08226063";"Plankstadt";"Gemeinden";"0,00";;;"0,00";
"08226065";"Rauenberg, Stadt";"Gemeinden";"4,25";"4,32";"4,57";"3,03";"5,51"
"08226066";"Reichartshausen";"Gemeinden";"0,00";;;"0,00";
"08226068";"Reilingen";"Gemeinden";"0,00";;;"0,00";
"08226076";"Sandhausen";"Gemeinden";"0,00";;;"0,00";
"08226080";"Schönau, Stadt";"Gemeinden";"1,68";"1,48";;"0,00";
"08226081";"Schönbrunn";"Gemeinden";"0,00";;;"0,00";
"08226082";"Schriesheim, Stadt";"Gemeinden";"4,12";"4,86";"5,70";"1,51";"5,03"
"08226084";"Schwetzingen, Stadt";"Gemeinden";"3,77";"4,04";"4,76";"3,81";"5,94"
"08226085";"Sinsheim, Stadt";"Gemeinden";"2,55";"2,67";"3,82";"2,12";"3,54"
"08226086";"Spechbach";"Gemeinden";"0,00";;;"0,00";"0,00"
"08226091";"Waibstadt, Stadt";"Gemeinden";"0,00";;;"0,00";
"08226095";"Walldorf, Stadt";"Gemeinden";"7,75";"10,77";"10,03";"3,70";"8,31"
"08226096";"Weinheim, Stadt";"Gemeinden";"2,68";"3,17";"2,74";"1,32";"2,24"
"08226097";"Wiesenbach";"Gemeinden";"0,00";;;"0,00";
"08226098";"Wiesloch, Stadt";"Gemeinden";"1,95";"2,59";"2,86";"0,84";"1,57"
"08226099";"Wilhelmsfeld";"Gemeinden";"0,00";;;"0,00";
"08226101";"Zuzenhausen";"Gemeinden";"0,00";;;"0,00";
"08226102";"Angelbachtal";"Gemeinden";"1,27";"1,08";"1,07";"0,42";"0,61"
"08226103";"St. Leon-Rot";"Gemeinden";"0,00";"3,95";"4,86";"3,51";"5,14"
"08226104";"Lobbach";"Gemeinden";"0,00";;;"0,00";
"08226105";"Edingen-Neckarhausen";"Gemeinden";"0,36";"0,63";"0,44";"0,00";
"08226106";"Helmstadt-Bargen";"Gemeinden";"0,00";;;"0,00";"0,00"
"08226107";"Hirschberg an der Bergstraße";"Gemeinden";"3,34";"3,24";"3,91";"2,05";"3,48"
"08231000";"Pforzheim, Stadt";"Gemeinden";"1,70";"1,93";"1,98";"1,16";"1,82"
"08235006";"Altensteig, Stadt";"Gemeinden";"5,52";"5,96";"5,03";"4,18";"5,71"
"08235007";"Althengstett";"Gemeinden";"0,88";;;"0,00";
"08235008";"Bad Liebenzell, Stadt";"Gemeinden";"17,81";"18,65";"20,52";"7,89";"15,17"
"08235018";"Dobel";"Gemeinden";"15,21";;;"33,77";"49,53"
"08235020";"Ebhausen";"Gemeinden";"0,00";;;"0,00";
"08235022";"Egenhausen";"Gemeinden";"0,00";;;"0,00";
"08235025";"Enzklösterle";"Gemeinden";"68,92";"57,38";"57,66";"34,15";"45,86"
"08235029";"Gechingen";"Gemeinden";"0,00";;;"0,00";"0,00"
"08235032";"Haiterbach, Stadt";"Gemeinden";"0,00";;;"0,00";"0,00"
"08235033";"Bad Herrenalb, Stadt";"Gemeinden";"27,38";"28,36";"25,26";"26,37";"39,16"
"08235035";"Höfen an der Enz";"Gemeinden";"15,31";"11,80";"11,14";"9,27";"14,05"
"08235046";"Nagold, Stadt";"Gemeinden";"1,21";"1,90";"2,69";"1,38";"1,80"
"08235047";"Neubulach, Stadt";"Gemeinden";"2,57";"3,09";"3,53";"2,46";"3,00"
"08235050";"Neuweiler";"Gemeinden";"5,68";"4,64";"4,07";"2,12";"3,95"
"08235055";"Oberreichenbach";"Gemeinden";"0,00";;;"0,00";
"08235057";"Ostelsheim";"Gemeinden";"0,00";;;"0,00";
"08235060";"Rohrdorf";"Gemeinden";"0,00";;;"0,00";"0,00"
"08235065";"Schömberg";"Gemeinden";"23,36";"24,12";"22,95";"17,85";"21,73"
"08235066";"Simmersfeld";"Gemeinden";"3,99";"8,08";"3,26";"0,00";
"08235067";"Simmozheim";"Gemeinden";"0,00";;;"0,00";"0,00"
"08235073";"Unterreichenbach";"Gemeinden";"0,00";;;"0,00";
"08235079";"Bad Wildbad, Stadt";"Gemeinden";"14,93";"17,41";"18,12";"11,27";"17,26"
"08235080";"Wildberg, Stadt";"Gemeinden";"4,86";"4,18";"6,16";"3,37";"6,96"
"08235084";"Bad Teinach-Zavelstein, Stadt";"Gemeinden";"21,47";"22,13";"30,14";"21,78";"36,05"
"08235085";"Calw, Stadt";"Gemeinden";"3,06";"3,93";"2,58";"2,84";"3,47"
"08236004";"Birkenfeld";"Gemeinden";"0,00";;;"0,00";
"08236011";"Eisingen";"Gemeinden";"0,00";;;"0,00";
"08236013";"Engelsbrand";"Gemeinden";"0,00";;;"0,00";"0,00"
"08236019";"Friolzheim";"Gemeinden";"0,00";;;"0,00";
"08236025";"Heimsheim, Stadt";"Gemeinden";"0,00";;;"0,00";
"08236028";"Illingen";"Gemeinden";"0,44";;;"0,00";
"08236030";"Ispringen";"Gemeinden";"0,00";;;"0,00";
"08236031";"Kieselbronn";"Gemeinden";"0,00";;;"0,00";"0,00"
"08236033";"Knittlingen, Stadt";"Gemeinden";"0,00";;;"0,00";
"08236038";"Maulbronn, Stadt";"Gemeinden";"2,48";"1,89";"1,62";"0,77";"1,27"
"08236039";"Mönsheim";"Gemeinden";"0,00";;;"0,00";
"08236040";"Mühlacker, Stadt";"Gemeinden";"0,47";"0,49";"0,51";"0,43";"0,67"
"08236043";"Neuenbürg, Stadt";"Gemeinden";"0,88";"1,17";"1,17";"0,00";
"08236044";"Neuhausen";"Gemeinden";"4,22";"3,18";"2,92";"0,00";"3,30"
"08236046";"Niefern-Öschelbronn";"Gemeinden";"2,48";"2,91";"4,00";"1,60";"3,27"
"08236050";"Ötisheim";"Gemeinden";"0,00";;;"0,00";
"08236061";"Sternenfels";"Gemeinden";"2,13";"1,99";"1,48";"1,12";"1,55"
"08236062";"Tiefenbronn";"Gemeinden";"1,58";"1,84";"2,77";"1,54";"2,80"
"08236065";"Wiernsheim";"Gemeinden";"0,00";;;"0,00";
"08236067";"Wimsheim";"Gemeinden";"0,00";;;"0,00";"0,00"
"08236068";"Wurmberg";"Gemeinden";"0,00";;;"0,00";"0,00"
"08236070";"Keltern";"Gemeinden";"0,00";"0,38";"0,37";"0,14";
"08236071";"Remchingen";"Gemeinden";"0,00";;;"0,00";
"08236072";"Straubenhardt";"Gemeinden";"0,75";"0,68";"0,68";"0,00";"0,00"
"08236073";"Neulingen";"Gemeinden";"0,00";;;"0,00";
"08236074";"Kämpfelbach";"Gemeinden";"0,00";;;"0,00";
"08236075";"Ölbronn-Dürrn";"Gemeinden";"0,00";;;"0,00";"0,00"
"08236076";"Königsbach-Stein";"Gemeinden";"0,81";"1,14";;"0,00";
"08237002";"Alpirsbach, Stadt";"Gemeinden";"5,73";"5,47";"6,38";"5,81";"7,92"
"08237004";"Baiersbronn";"Gemeinden";"45,67";"50,67";"47,89";"29,91";"40,18"
"08237019";"Dornstetten, Stadt";"Gemeinden";"3,27";;;"1,56";"2,24"
"08237024";"Empfingen";"Gemeinden";"0,00";;;"0,00";
"08237027";"Eutingen im Gäu";"Gemeinden";"0,00";;;"0,00";"0,00"
"08237028";"Freudenstadt, Stadt";"Gemeinden";"13,33";"15,37";"16,46";"10,01";"16,04"
"08237030";"Glatten";"Gemeinden";"2,16";"2,85";"3,05";"0,00";
"08237032";"Grömbach";"Gemeinden";"0,00";;;"0,00";"0,00"
"08237040";"Horb am Neckar, Stadt";"Gemeinden";"0,99";"1,21";"1,45";"0,96";"1,50"
"08237045";"Loßburg";"Gemeinden";"12,54";"12,10";"12,79";"6,61";"10,46"
"08237054";"Pfalzgrafenweiler";"Gemeinden";"7,54";"10,09";"9,14";"5,79";"8,18"
"08237061";"Schopfloch";"Gemeinden";"0,00";;;"0,00";"0,00"
"08237072";"Wörnersberg";"Gemeinden";"0,00";;;"0,00";
"08237073";"Seewald";"Gemeinden";"19,84";"27,57";"26,79";"15,85";"23,21"
"08237074";"Waldachtal";"Gemeinden";"37,36";"43,66";"41,05";"27,47";"37,02"
"08237075";"Bad Rippoldsau-Schapbach";"Gemeinden";"41,81";"22,75";"19,50";"15,62";"19,44"
"08311000";"Freiburg im Breisgau, Stadt";"Gemeinden";"5,65";"6,30";"6,76";"5,47";"8,99"
"08315003";"Au";"Gemeinden";"0,00";;;"0,00";"0,00"
"08315004";"Auggen";"Gemeinden";"0,00";;;"0,00";
"08315006";"Bad Krozingen, Stadt";"Gemeinden";"29,94";"28,01";"24,61";"15,76";"20,60"
"08315007";"Badenweiler";"Gemeinden";"103,98";"101,07";"94,52";"57,27";"78,53"
"08315008";"Ballrechten-Dottingen";"Gemeinden";"0,00";"3,15";;"0,00";
"08315013";"Bötzingen";"Gemeinden";"3,08";"2,63";"2,71";"1,98";
"08315014";"Bollschweil";"Gemeinden";"0,00";;;"0,00";
"08315015";"Breisach am Rhein, Stadt";"Gemeinden";"8,01";"7,81";"6,79";"3,82";"5,66"
"08315016";"Breitnau";"Gemeinden";"45,16";"62,45";"62,59";"41,73";"71,62"
"08315020";"Buchenbach";"Gemeinden";"11,14";"8,15";"9,59";"5,44";"9,34"
"08315022";"Buggingen";"Gemeinden";"0,00";;;"0,00";
"08315028";"Ebringen";"Gemeinden";"0,00";;;"0,00";"0,00"
"08315030";"Eichstetten am Kaiserstuhl";"Gemeinden";"0,00";;;"0,00";
"08315031";"Eisenbach (Hochschwarzwald)";"Gemeinden";"8,24";"8,78";"9,50";"5,97";"8,02"
"08315033";"Eschbach";"Gemeinden";"2,16";"1,49";;"0,00";"3,69"
"08315037";"Feldberg (Schwarzwald)";"Gemeinden";"242,56";"264,26";"262,10";"184,82";"257,24"
"08315039";"Friedenweiler";"Gemeinden";"8,74";"11,14";"7,16";"2,62";"4,48"
"08315041";"Glottertal";"Gemeinden";"47,26";"48,31";"46,48";"34,93";"39,02"
"08315043";"Gottenheim";"Gemeinden";"0,00";;;"0,00";
"08315047";"Gundelfingen";"Gemeinden";"0,00";;;"0,00";
"08315048";"Hartheim am Rhein";"Gemeinden";"0,00";;;"0,00";
"08315050";"Heitersheim, Stadt";"Gemeinden";"3,84";"4,83";"5,00";"3,73";"5,06"
"08315051";"Heuweiler";"Gemeinden";"0,00";;;"0,00";
"08315052";"Hinterzarten";"Gemeinden";"171,70";"189,43";"187,44";"130,30";"205,85"
"08315056";"Horben";"Gemeinden";"10,29";;"5,22";"3,65";"9,40"
"08315059";"Ihringen";"Gemeinden";"10,19";"12,00";"14,84";"11,36";"15,27"
"08315064";"Kirchzarten";"Gemeinden";"14,65";"16,26";"14,77";"13,20";"17,26"
"08315068";"Lenzkirch";"Gemeinden";"32,36";"38,63";"44,86";"23,33";"35,34"
"08315070";"Löffingen, Stadt";"Gemeinden";"6,08";"7,18";"5,96";"5,57";"6,29"
"08315072";"Merdingen";"Gemeinden";"0,00";;;"0,00";
"08315073";"Merzhausen";"Gemeinden";"2,17";"2,27";"1,86";"1,22";"11,15"
"08315074";"Müllheim im Markgräflerland, Stadt";"Gemeinden";"3,64";"3,34";"3,21";"2,36";"3,09"
"08315076";"Neuenburg am Rhein, Stadt";"Gemeinden";"9,42";"9,58";"9,09";"7,52";"10,30"
"08315084";"Oberried";"Gemeinden";"22,82";"26,63";"27,94";"24,21";"38,19"
"08315089";"Pfaffenweiler";"Gemeinden";"0,00";;;"0,00";
"08315094";"St. Märgen";"Gemeinden";"24,65";"32,43";"34,36";"19,33";"24,20"
"08315095";"St. Peter";"Gemeinden";"12,54";"14,22";"14,92";"11,74";"9,38"
"08315098";"Schallstadt";"Gemeinden";"6,99";;;"0,00";
"08315102";"Schluchsee";"Gemeinden";"140,63";"142,46";"144,00";"91,99";"125,28"
"08315107";"Sölden";"Gemeinden";"0,00";;;"0,00";"0,00"
"08315108";"Staufen im Breisgau, Stadt";"Gemeinden";"13,64";"14,78";"13,66";"12,14";"17,02"
"08315109";"Stegen";"Gemeinden";"1,02";"0,72";;"0,00";
"08315111";"Sulzburg, Stadt";"Gemeinden";"17,77";"19,29";"20,01";"15,32";"18,71"
"08315113";"Titisee-Neustadt, Stadt";"Gemeinden";"35,22";"35,45";"38,75";"26,55";"36,08"
"08315115";"Umkirch";"Gemeinden";"0,00";;"7,98";"6,36";"9,50"
"08315125";"Wittnau";"Gemeinden";"0,00";;;"0,00";
"08315130";"Münstertal/Schwarzwald";"Gemeinden";"41,71";"47,07";"54,41";"41,21";"59,65"
"08315131";"Ehrenkirchen";"Gemeinden";"0,52";;;"0,00";
"08315132";"March";"Gemeinden";"1,69";"2,30";"1,67";"1,13";"1,89"
"08315133";"Vogtsburg im Kaiserstuhl, Stadt";"Gemeinden";"11,20";"9,27";"11,73";"7,93";"10,29"
"08316002";"Bahlingen am Kaiserstuhl";"Gemeinden";"0,00";;;"0,00";
"08316003";"Biederbach";"Gemeinden";"6,06";"5,92";"6,96";"6,62";"8,67"
"08316009";"Denzlingen";"Gemeinden";"0,70";"0,77";"0,66";"0,00";
"08316010";"Elzach, Stadt";"Gemeinden";"6,00";"5,27";"5,77";"5,01";"7,72"
"08316011";"Emmendingen, Stadt";"Gemeinden";"1,35";"1,52";"1,70";"0,87";"0,68"
"08316012";"Endingen am Kaiserstuhl, Stadt";"Gemeinden";"3,05";"5,04";"5,92";"4,39";"5,24"
"08316013";"Forchheim";"Gemeinden";"0,00";;;"0,00";"0,00"
"08316014";"Gutach im Breisgau";"Gemeinden";"3,33";"4,76";"5,03";"0,00";
"08316017";"Herbolzheim, Stadt";"Gemeinden";"3,92";"3,50";"3,92";"4,49";"6,74"
"08316020";"Kenzingen, Stadt";"Gemeinden";"2,20";"2,24";"2,53";"1,84";"3,52"
"08316024";"Malterdingen";"Gemeinden";"0,00";;;"0,00";
"08316036";"Reute";"Gemeinden";"0,00";;;"0,00";
"08316037";"Riegel am Kaiserstuhl";"Gemeinden";"10,51";"11,55";"14,74";"11,25";"15,27"
"08316038";"Sasbach am Kaiserstuhl";"Gemeinden";"2,41";"4,46";"3,74";"2,30";"2,96"
"08316039";"Sexau";"Gemeinden";"2,11";;;"0,00";
"08316042";"Simonswald";"Gemeinden";"34,20";"38,93";"26,87";"19,04";"27,47"
"08316043";"Teningen";"Gemeinden";"1,33";"1,48";;"0,81";"1,01"
"08316045";"Vörstetten";"Gemeinden";"0,00";;;"0,00";
"08316049";"Weisweil";"Gemeinden";"0,00";;;"0,00";
"08316051";"Wyhl am Kaiserstuhl";"Gemeinden";"0,00";;;"0,00";
"08316053";"Rheinhausen";"Gemeinden";"0,00";;;"3,81";"6,56"
"08316054";"Freiamt";"Gemeinden";"12,13";"12,55";"12,77";"8,68";"11,23"
"08316055";"Winden im Elztal";"Gemeinden";"15,18";"16,86";"24,06";"16,69";"25,02"
"08316056";"Waldkirch, Stadt";"Gemeinden";"2,04";"2,15";"2,71";"1,87";"2,86"
"08317001";"Achern, Stadt";"Gemeinden";"1,55";"1,62";"2,26";"1,77";"2,19"
"08317005";"Appenweier";"Gemeinden";"1,67";"1,83";"1,47";"0,99";"1,48"
"08317008";"Bad Peterstal-Griesbach";"Gemeinden";"68,44";"65,29";"60,80";"42,95";"47,14"
"08317009";"Berghaupten";"Gemeinden";"0,00";;;"0,00";
"08317011";"Biberach";"Gemeinden";"5,99";"7,72";"7,19";"5,00";"6,37"
"08317021";"Durbach";"Gemeinden";"40,21";"43,20";"50,38";"35,85";"46,03"
"08317026";"Ettenheim, Stadt";"Gemeinden";"4,04";"3,88";"4,03";"3,37";"6,30"
"08317029";"Fischerbach";"Gemeinden";"4,49";"7,19";"7,07";"6,13";"7,95"
"08317031";"Friesenheim";"Gemeinden";"5,07";"3,00";"4,24";"2,58";"4,84"
"08317034";"Gengenbach, Stadt";"Gemeinden";"14,88";"16,91";"16,52";"13,82";"18,23"
"08317039";"Gutach (Schwarzwaldbahn)";"Gemeinden";"4,50";"4,92";"7,42";"4,08";"5,71"
"08317040";"Haslach im Kinzigtal, Stadt";"Gemeinden";"2,40";"2,00";"3,10";"2,64";"5,25"
"08317041";"Hausach, Stadt";"Gemeinden";"1,97";"2,74";"2,90";"2,13";"2,77"
"08317046";"Hofstetten";"Gemeinden";"7,03";"7,40";"6,17";"3,58";"7,59"
"08317047";"Hohberg";"Gemeinden";"0,00";"1,29";"1,09";"1,10";"1,99"
"08317051";"Hornberg, Stadt";"Gemeinden";"12,89";"16,06";"16,46";"10,21";"15,73"
"08317056";"Kappelrodeck";"Gemeinden";"2,87";"4,11";"5,40";"3,50";"4,13"
"08317057";"Kehl, Stadt";"Gemeinden";"5,22";"6,51";"6,39";"3,72";"6,81"
"08317059";"Kippenheim";"Gemeinden";"1,26";;;"0,00";
"08317065";"Lahr/Schwarzwald, Stadt";"Gemeinden";"1,71";"1,63";"1,65";"1,12";"1,46"
"08317067";"Lautenbach";"Gemeinden";"4,72";"6,51";;"0,00";
"08317068";"Lauf";"Gemeinden";"0,00";;;"0,00";
"08317073";"Mahlberg, Stadt";"Gemeinden";"1,27";;;"0,00";
"08317075";"Meißenheim";"Gemeinden";"0,00";;;"0,00";
"08317078";"Mühlenbach";"Gemeinden";"5,35";"11,85";"10,40";"6,93";"10,51"
"08317085";"Nordrach";"Gemeinden";"78,04";"68,47";"58,10";"34,51";"42,61"
"08317088";"Oberharmersbach";"Gemeinden";"33,40";"31,04";"28,23";"19,81";"25,27"
"08317089";"Oberkirch, Stadt";"Gemeinden";"4,76";"5,54";"6,45";"4,24";"5,78"
"08317093";"Oberwolfach";"Gemeinden";"18,97";"19,83";"18,49";"9,73";"14,19"
"08317096";"Offenburg, Stadt";"Gemeinden";"2,29";"2,33";"2,69";"1,92";"3,29"
"08317097";"Ohlsbach";"Gemeinden";"6,00";"5,12";"4,87";"2,99";"2,81"
"08317098";"Oppenau, Stadt";"Gemeinden";"8,19";"9,65";"9,85";"6,86";"9,24"
"08317100";"Ortenberg";"Gemeinden";"0,00";;;"0,00";
"08317102";"Ottenhöfen im Schwarzwald";"Gemeinden";"4,60";"7,29";"6,97";"4,00";"6,31"
"08317110";"Renchen, Stadt";"Gemeinden";"0,37";;"0,51";"0,34";"0,48"
"08317113";"Ringsheim";"Gemeinden";"15,63";"13,04";"10,32";"31,20";"68,18"
"08317114";"Rust";"Gemeinden";"183,78";"232,13";"244,17";"220,74";"315,47"
"08317116";"Sasbach";"Gemeinden";"2,13";"2,89";"4,30";"1,14";"2,67"
"08317118";"Sasbachwalden";"Gemeinden";"41,11";"29,54";"32,54";"23,19";"25,61"
"08317121";"Schuttertal";"Gemeinden";"6,47";"6,48";"6,43";"2,75";"5,03"
"08317122";"Schutterwald";"Gemeinden";"0,00";;;"0,00";"0,00"
"08317126";"Seebach";"Gemeinden";"12,55";"23,10";"24,20";"16,20";"23,95"
"08317127";"Seelbach";"Gemeinden";"19,59";"20,90";"25,05";"23,43";"34,89"
"08317129";"Steinach";"Gemeinden";"2,86";"11,11";"12,31";"9,25";"13,31"
"08317141";"Willstätt";"Gemeinden";"0,60";"0,75";"1,07";"0,59";"0,79"
"08317145";"Wolfach, Stadt";"Gemeinden";"16,20";"21,82";"20,33";"16,58";"24,39"
"08317146";"Zell am Harmersbach, Stadt";"Gemeinden";"12,34";"13,44";"9,17";"6,09";"8,49"
"08317150";"Schwanau";"Gemeinden";"1,64";"1,90";;"0,00";"1,98"
"08317151";"Neuried";"Gemeinden";"1,47";"1,44";"2,10";"1,29";"1,50"
"08317152";"Kappel-Grafenhausen";"Gemeinden";"5,13";"6,23";"7,07";"5,22";"8,60"
"08317153";"Rheinau, Stadt";"Gemeinden";"0,93";"1,28";"1,62";"0,52";"1,28"
"08317971";"Rheinau, gemeindefreies Gebiet";"Gemeinden";"0,00";;;;
"08325001";"Aichhalden";"Gemeinden";"1,63";"1,33";;"0,00";
"08325009";"Bösingen";"Gemeinden";"0,00";;;"0,00";"0,00"
"08325011";"Dietingen";"Gemeinden";"0,00";;;"0,00";
"08325012";"Dornhan, Stadt";"Gemeinden";"1,89";"2,34";;"0,00";
"08325014";"Dunningen";"Gemeinden";"0,00";;;"0,00";"0,00"
"08325015";"Epfendorf";"Gemeinden";"0,00";;;"0,00";
"08325024";"Hardt";"Gemeinden";"0,00";;;"0,00";
"08325036";"Lauterbach";"Gemeinden";"9,30";"9,01";"13,79";"10,48";"14,59"
"08325045";"Oberndorf am Neckar, Stadt";"Gemeinden";"1,05";"1,05";"1,38";"0,79";"0,95"
"08325049";"Rottweil, Stadt";"Gemeinden";"1,50";"2,05";"2,67";"1,40";"2,38"
"08325050";"Schenkenzell";"Gemeinden";"11,56";"7,25";"9,26";"6,64";"7,41"
"08325051";"Schiltach, Stadt";"Gemeinden";"3,06";"3,93";"3,75";"2,99";"4,28"
"08325053";"Schramberg, Stadt";"Gemeinden";"3,96";"4,31";"3,97";"2,70";"3,40"
"08325057";"Sulz am Neckar, Stadt";"Gemeinden";"3,99";"4,44";"3,94";"1,91";"2,90"
"08325060";"Villingendorf";"Gemeinden";"0,00";;;"0,00";"0,00"
"08325061";"Vöhringen";"Gemeinden";"0,00";;;"0,00";"0,00"
"08325064";"Wellendingen";"Gemeinden";"0,00";;;"0,00";"0,00"
"08325069";"Zimmern ob Rottweil";"Gemeinden";"0,00";"0,54";"0,55";"0,31";"0,62"
"08325070";"Fluorn-Winzeln";"Gemeinden";"0,00";;;"0,00";
"08325071";"Eschbronn";"Gemeinden";"0,00";;;"0,00";"0,00"
"08325072";"Deißlingen";"Gemeinden";"0,00";;;"0,00";
"08326003";"Bad Dürrheim, Stadt";"Gemeinden";"39,49";"40,65";"40,38";"27,63";"35,68"
"08326005";"Blumberg, Stadt";"Gemeinden";"2,15";"2,34";"2,86";"1,45";"1,79"
"08326006";"Bräunlingen, Stadt";"Gemeinden";"4,20";"4,21";"4,09";"3,52";"5,37"
"08326010";"Dauchingen";"Gemeinden";"0,00";;;"0,00";
"08326012";"Donaueschingen, Stadt";"Gemeinden";"8,00";"9,28";"9,54";"7,03";"10,55"
"08326017";"Furtwangen im Schwarzwald, Stadt";"Gemeinden";"11,55";"11,01";"12,73";"8,93";"13,80"
"08326020";"Gütenbach";"Gemeinden";"0,00";;;"0,00";"0,00"
"08326027";"Hüfingen, Stadt";"Gemeinden";"2,16";"2,79";"3,28";"2,53";"2,81"
"08326031";"Königsfeld im Schwarzwald";"Gemeinden";"33,96";"29,73";"24,79";"16,99";"17,12"
"08326037";"Mönchweiler";"Gemeinden";"0,00";;;"0,00";
"08326041";"Niedereschach";"Gemeinden";"0,00";;;"0,00";
"08326052";"St. Georgen im Schwarzwald, Stadt";"Gemeinden";"2,79";"3,06";"3,44";"2,58";"3,99"
"08326054";"Schönwald im Schwarzwald";"Gemeinden";"29,72";"26,51";"26,92";"16,09";"17,79"
"08326055";"Schonach im Schwarzwald";"Gemeinden";"11,10";"10,70";"7,73";"4,48";"6,45"
"08326060";"Triberg im Schwarzwald, Stadt";"Gemeinden";"24,29";"22,52";"31,36";"17,31";"25,08"
"08326061";"Tuningen";"Gemeinden";"0,00";;;"0,00";
"08326065";"Unterkirnach";"Gemeinden";"21,56";"23,09";"21,45";"15,85";"24,64"
"08326068";"Vöhrenbach, Stadt";"Gemeinden";"2,77";"3,37";"4,33";"4,36";"6,11"
"08326074";"Villingen-Schwenningen, Stadt";"Gemeinden";"2,19";"2,36";"1,58";"1,01";"2,37"
"08326075";"Brigachtal";"Gemeinden";"0,00";;;"0,00";
"08327002";"Aldingen";"Gemeinden";"0,00";;;"0,00";"1,75"
"08327004";"Bärenthal";"Gemeinden";"0,00";;;"0,00";
"08327005";"Balgheim";"Gemeinden";"0,00";;;"0,00";
"08327006";"Böttingen";"Gemeinden";"0,00";;;"0,00";"0,00"
"08327007";"Bubsheim";"Gemeinden";"0,00";;;"0,00";"0,00"
"08327008";"Buchheim";"Gemeinden";"0,00";;;"0,00";"0,00"
"08327009";"Deilingen";"Gemeinden";"0,00";;;"0,00";"0,00"
"08327010";"Denkingen";"Gemeinden";"0,00";;;"0,00";
"08327011";"Dürbheim";"Gemeinden";"0,00";;;"0,00";
"08327012";"Durchhausen";"Gemeinden";"0,00";;;"0,00";"0,00"
"08327013";"Egesheim";"Gemeinden";"0,00";;;"0,00";"0,00"
"08327016";"Fridingen an der Donau, Stadt";"Gemeinden";"3,85";"4,52";"3,29";"3,48";"5,44"
"08327017";"Frittlingen";"Gemeinden";"0,00";;;"0,00";
"08327018";"Geisingen, Stadt";"Gemeinden";"0,00";"4,14";"4,52";"2,20";"4,96"
"08327019";"Gosheim";"Gemeinden";"0,00";;;"0,00";"0,00"
"08327020";"Gunningen";"Gemeinden";"0,00";;;"0,00";"0,00"
"08327023";"Hausen ob Verena";"Gemeinden";"0,00";;;"0,00";
"08327025";"Immendingen";"Gemeinden";"1,06";"2,03";"1,79";"0,96";"1,06"
"08327027";"Irndorf";"Gemeinden";"7,13";"6,36";;"0,00";
"08327029";"Königsheim";"Gemeinden";"0,00";;;"0,00";
"08327030";"Kolbingen";"Gemeinden";"0,00";;;"0,00";
"08327033";"Mahlstetten";"Gemeinden";"0,00";;;"0,00";
"08327036";"Mühlheim an der Donau, Stadt";"Gemeinden";"1,76";"1,97";"1,49";"1,24";"1,63"
"08327038";"Neuhausen ob Eck";"Gemeinden";"0,00";;;"0,00";
"08327040";"Reichenbach am Heuberg";"Gemeinden";"0,00";;;"0,00";"0,00"
"08327041";"Renquishausen";"Gemeinden";"0,00";;;"0,00";"0,00"
"08327046";"Spaichingen, Stadt";"Gemeinden";"0,47";"0,66";"0,54";"0,28";"0,62"
"08327048";"Talheim";"Gemeinden";"0,00";;;"0,00";"0,00"
"08327049";"Trossingen, Stadt";"Gemeinden";"1,69";"2,00";"1,94";"1,15";"1,99"
"08327050";"Tuttlingen, Stadt";"Gemeinden";"1,68";"2,03";"3,40";"2,01";"3,25"
"08327051";"Wehingen";"Gemeinden";"0,00";;;"0,00";
"08327054";"Wurmlingen";"Gemeinden";"0,00";;;"0,00";
"08327055";"Seitingen-Oberflacht";"Gemeinden";"0,00";;;"0,00";"0,00"
"08327056";"Rietheim-Weilheim";"Gemeinden";"0,00";;"2,32";"1,84";
"08327057";"Emmingen-Liptingen";"Gemeinden";"0,00";;;"0,41";"0,45"
"08335001";"Aach, Stadt";"Gemeinden";"0,00";;;"0,00";"0,00"
"08335002";"Allensbach";"Gemeinden";"22,66";"22,06";"29,07";"27,54";"32,78"
"08335015";"Büsingen am Hochrhein";"Gemeinden";"0,00";;;"0,00";
"08335021";"Eigeltingen";"Gemeinden";"0,00";;"2,17";"0,00";
"08335022";"Engen, Stadt";"Gemeinden";"2,70";"2,80";"4,00";"1,59";"1,71"
"08335025";"Gaienhofen";"Gemeinden";"33,04";"39,70";"44,52";"41,59";"56,70"
"08335026";"Gailingen am Hochrhein";"Gemeinden";"0,00";"51,40";"60,95";"53,04";"58,77"
"08335028";"Gottmadingen";"Gemeinden";"2,24";"2,46";"1,92";"1,52";"2,09"
"08335035";"Hilzingen";"Gemeinden";"1,90";"1,79";"1,47";"1,55";"1,00"
"08335043";"Konstanz, Universitätsstadt";"Gemeinden";"6,76";"8,21";"10,61";"8,30";"12,77"
"08335055";"Moos";"Gemeinden";"7,42";"7,44";"5,81";"5,32";"4,91"
"08335057";"Mühlingen";"Gemeinden";"0,00";;;"0,00";"0,00"
"08335061";"Öhningen";"Gemeinden";"8,65";"8,42";"7,35";"7,38";"11,33"
"08335063";"Radolfzell am Bodensee, Stadt";"Gemeinden";"7,56";"8,47";"10,72";"8,82";"12,12"
"08335066";"Reichenau";"Gemeinden";"35,11";"28,41";"32,20";"27,52";"39,11"
"08335075";"Singen (Hohentwiel), Stadt";"Gemeinden";"2,01";"2,33";"2,35";"2,09";"3,10"
"08335077";"Steißlingen";"Gemeinden";"1,41";"1,85";;"3,86";"4,79"
"08335079";"Stockach, Stadt";"Gemeinden";"2,54";"2,97";"3,04";"2,42";"2,77"
"08335080";"Tengen, Stadt";"Gemeinden";"0,00";"14,48";"22,55";"21,20";
"08335081";"Volkertshausen";"Gemeinden";"0,00";;;"0,00";"0,00"
"08335096";"Hohenfels";"Gemeinden";"0,00";;;"0,00";"0,00"
"08335097";"Mühlhausen-Ehingen";"Gemeinden";"0,00";;;"0,00";"0,00"
"08335098";"Bodman-Ludwigshafen";"Gemeinden";"17,92";"21,06";"24,23";"19,41";"26,32"
"08335099";"Orsingen-Nenzingen";"Gemeinden";"2,31";"11,69";"15,99";"18,46";"22,32"
"08335100";"Rielasingen-Worblingen";"Gemeinden";"0,73";"1,30";"2,20";"1,75";"2,00"
"08336004";"Aitern";"Gemeinden";"40,67";"41,97";"42,56";"33,91";"49,59"
"08336006";"Bad Bellingen";"Gemeinden";"57,22";"58,75";"47,83";"29,87";"37,96"
"08336008";"Binzen";"Gemeinden";"5,35";"5,64";"4,96";"2,64";"5,55"
"08336010";"Böllen";"Gemeinden";"0,00";;;"0,00";"0,00"
"08336014";"Efringen-Kirchen";"Gemeinden";"1,16";"1,35";"1,67";"1,12";"2,46"
"08336019";"Eimeldingen";"Gemeinden";"1,22";;;"0,00";
"08336024";"Fischingen";"Gemeinden";"0,00";;;"0,00";
"08336025";"Fröhnd";"Gemeinden";"6,60";"15,98";"17,58";"13,77";"18,64"
"08336034";"Hasel";"Gemeinden";"0,00";;;"0,00";
"08336036";"Hausen im Wiesental";"Gemeinden";"0,00";;;"0,00";"0,00"
"08336043";"Inzlingen";"Gemeinden";"0,00";;;"0,00";
"08336045";"Kandern, Stadt";"Gemeinden";"3,47";"2,22";"2,02";"0,58";
"08336050";"Lörrach, Stadt";"Gemeinden";"2,32";"2,83";"3,17";"1,71";"4,69"
"08336057";"Maulburg";"Gemeinden";"0,00";;;"0,00";
"08336069";"Rheinfelden (Baden), Stadt";"Gemeinden";"1,70";"2,10";"1,74";"1,15";"1,76"
"08336073";"Rümmingen";"Gemeinden";"0,00";;;"0,00";
"08336075";"Schallbach";"Gemeinden";"0,00";;;"0,00";
"08336078";"Schliengen";"Gemeinden";"2,73";"2,40";"1,79";"1,82";"2,08"
"08336079";"Schönau im Schwarzwald, Stadt";"Gemeinden";"5,79";"9,86";"10,04";"5,34";"8,23"
"08336080";"Schönenberg";"Gemeinden";"0,00";;;"0,00";"0,00"
"08336081";"Schopfheim, Stadt";"Gemeinden";"2,47";"2,42";"2,27";"1,55";"2,50"
"08336082";"Schwörstadt";"Gemeinden";"0,00";;;"0,00";
"08336084";"Steinen";"Gemeinden";"2,88";"4,06";"3,54";"2,35";"4,01"
"08336087";"Todtnau, Stadt";"Gemeinden";"54,67";"58,36";"56,93";"40,09";"56,23"
"08336089";"Tunau";"Gemeinden";"0,00";;;"0,00";
"08336090";"Utzenfeld";"Gemeinden";"0,00";;;"0,00";
"08336091";"Weil am Rhein, Stadt";"Gemeinden";"3,65";"4,90";"6,62";"4,74";"7,76"
"08336094";"Wembach";"Gemeinden";"0,00";;;"0,00";"0,00"
"08336096";"Wieden";"Gemeinden";"57,76";"36,11";"50,02";"29,73";"38,95"
"08336100";"Wittlingen";"Gemeinden";"0,00";;;"0,00";"0,00"
"08336103";"Zell im Wiesental, Stadt";"Gemeinden";"2,25";"2,54";"2,61";"1,47";"2,43"
"08336104";"Malsburg-Marzell";"Gemeinden";"0,00";;;"0,00";"0,00"
"08336105";"Grenzach-Wyhlen";"Gemeinden";"1,46";"2,03";"3,46";"2,39";"3,31"
"08336106";"Häg-Ehrsberg";"Gemeinden";"0,00";;;"0,00";"0,00"
"08336107";"Kleines Wiesental";"Gemeinden";"8,92";"9,05";"5,69";"5,16";"5,85"
"08337002";"Albbruck";"Gemeinden";"0,00";;;"0,00";
"08337013";"Bernau im Schwarzwald";"Gemeinden";"40,28";"45,63";"49,82";"31,24";"49,62"
"08337022";"Bonndorf im Schwarzwald, Stadt";"Gemeinden";"11,94";"10,76";"10,39";"5,90";"7,73"
"08337027";"Dachsberg (Südschwarzwald)";"Gemeinden";"11,45";"13,71";"10,99";"7,51";"12,81"
"08337030";"Dettighofen";"Gemeinden";"0,00";;;"0,00";
"08337032";"Dogern";"Gemeinden";"0,00";;;"0,00";"0,00"
"08337038";"Görwihl";"Gemeinden";"2,47";"3,81";"3,26";"1,76";"1,33"
"08337039";"Grafenhausen";"Gemeinden";"27,90";"26,83";"35,55";"21,41";"34,88"
"08337045";"Häusern";"Gemeinden";"32,09";"41,00";"39,52";"29,31";"46,75"
"08337049";"Herrischried";"Gemeinden";"10,94";"10,65";"8,52";"3,83";"8,36"
"08337051";"Höchenschwand";"Gemeinden";"63,07";"72,35";"62,24";"34,88";"44,46"
"08337053";"Hohentengen am Hochrhein";"Gemeinden";"0,53";"0,94";"0,92";"1,79";"2,55"
"08337059";"Ibach";"Gemeinden";"17,07";"21,32";;"0,00";
"08337060";"Jestetten";"Gemeinden";"1,29";;"1,52";"0,00";"1,25"
"08337062";"Klettgau";"Gemeinden";"0,00";;;"0,97";"1,84"
"08337065";"Lauchringen";"Gemeinden";"1,63";"2,03";"1,98";"1,58";"2,69"
"08337066";"Laufenburg (Baden), Stadt";"Gemeinden";"1,86";"1,85";"1,93";"1,52";"2,18"
"08337070";"Lottstetten";"Gemeinden";"0,00";;;"0,00";"5,64"
"08337076";"Murg";"Gemeinden";"0,00";;"1,10";"0,85";
"08337090";"Rickenbach";"Gemeinden";"22,01";"23,44";"25,23";"20,92";"26,98"
"08337096";"Bad Säckingen, Stadt";"Gemeinden";"9,69";"10,20";"8,55";"6,16";"8,16"
"08337097";"St. Blasien, Stadt";"Gemeinden";"45,42";"45,24";"42,23";"30,56";"38,33"
"08337106";"Stühlingen, Stadt";"Gemeinden";"4,14";"5,80";"6,68";"4,42";"5,47"
"08337108";"Todtmoos";"Gemeinden";"106,32";"117,14";"91,92";"51,22";"65,57"
"08337116";"Wehr, Stadt";"Gemeinden";"0,00";;"0,99";"0,72";"0,92"
"08337118";"Weilheim";"Gemeinden";"2,81";"2,31";"2,05";"0,86";"1,64"
"08337123";"Wutöschingen";"Gemeinden";"0,00";;;"0,00";"0,00"
"08337124";"Eggingen";"Gemeinden";"0,00";;;"0,00";
"08337125";"Küssaberg";"Gemeinden";"1,62";"1,69";"1,31";"0,76";"1,32"
"08337126";"Waldshut-Tiengen, Stadt";"Gemeinden";"2,21";"3,01";"3,21";"1,99";"2,41"
"08337127";"Wutach";"Gemeinden";"8,81";"8,10";"6,12";"6,47";"8,28"
"08337128";"Ühlingen-Birkendorf";"Gemeinden";"5,25";"7,83";"9,07";"5,85";"8,54"
"08415014";"Dettingen an der Erms";"Gemeinden";"1,01";"1,88";"1,92";"0,80";"1,48"
"08415019";"Eningen unter Achalm";"Gemeinden";"0,71";"0,66";"0,65";"0,00";"0,34"
"08415027";"Gomadingen";"Gemeinden";"16,48";"12,08";"4,68";"2,85";"4,60"
"08415028";"Grabenstetten";"Gemeinden";"0,00";;;"0,00";
"08415029";"Grafenberg";"Gemeinden";"0,00";;;"0,00";
"08415034";"Hayingen, Stadt";"Gemeinden";"32,52";"30,91";"33,44";"23,30";"30,23"
"08415039";"Hülben";"Gemeinden";"0,00";;;"0,00";
"08415048";"Mehrstetten";"Gemeinden";"4,02";"3,35";;"0,00";
"08415050";"Metzingen, Stadt";"Gemeinden";"1,99";"2,72";"3,01";"1,94";"3,46"
"08415053";"Münsingen, Stadt";"Gemeinden";"2,10";"4,11";"5,55";"4,81";"6,27"
"08415058";"Pfronstetten";"Gemeinden";"0,00";;;"0,00";
"08415059";"Pfullingen, Stadt";"Gemeinden";"0,98";"1,31";"1,22";"0,54";
"08415060";"Pliezhausen";"Gemeinden";"0,00";;;"0,00";
"08415061";"Reutlingen, Stadt";"Gemeinden";"1,24";"1,51";"1,64";"0,86";"1,94"
"08415062";"Riederich";"Gemeinden";"0,00";"5,09";"5,18";"2,59";"5,35"
"08415073";"Trochtelfingen, Stadt";"Gemeinden";"0,00";"2,68";"2,76";"1,51";"2,16"
"08415078";"Bad Urach, Stadt";"Gemeinden";"29,59";"30,56";"30,32";"21,25";"27,68"
"08415080";"Wannweil";"Gemeinden";"0,00";;;"0,00";"0,00"
"08415085";"Zwiefalten";"Gemeinden";"3,23";"3,20";"5,31";"2,51";"3,23"
"08415087";"Walddorfhäslach";"Gemeinden";"0,00";;;"0,00";
"08415088";"Römerstein";"Gemeinden";"2,14";"1,64";"2,03";"0,92";"0,93"
"08415089";"Engstingen";"Gemeinden";"0,00";;;"1,77";"2,45"
"08415090";"Hohenstein";"Gemeinden";"0,00";;;"0,00";
"08415091";"Sonnenbühl";"Gemeinden";"12,70";"12,85";"14,10";"8,70";"12,78"
"08415092";"Lichtenstein";"Gemeinden";"1,52";"1,50";"1,63";"1,24";"2,04"
"08415093";"St. Johann";"Gemeinden";"2,10";"3,59";"4,46";"1,97";"3,83"
"08415971";"Gutsbezirk Münsingen, gemeindefreies Gebiet";"Gemeinden";"0,00";;;;
"08416006";"Bodelshausen";"Gemeinden";"0,00";;;"0,00";
"08416009";"Dettenhausen";"Gemeinden";"0,00";;;"0,00";
"08416011";"Dußlingen";"Gemeinden";"0,00";;;"0,00";
"08416015";"Gomaringen";"Gemeinden";"2,20";"1,91";"2,10";"1,26";
"08416018";"Hirrlingen";"Gemeinden";"0,00";;;"0,00";"0,00"
"08416022";"Kirchentellinsfurt";"Gemeinden";"0,00";;;"0,00";
"08416023";"Kusterdingen";"Gemeinden";"0,00";"1,77";"1,80";"1,42";"1,90"
"08416025";"Mössingen, Stadt";"Gemeinden";"0,64";"0,74";"0,80";"0,79";"1,08"
"08416026";"Nehren";"Gemeinden";"0,00";;;"0,00";
"08416031";"Ofterdingen";"Gemeinden";"0,00";;;"0,00";"0,00"
"08416036";"Rottenburg am Neckar, Stadt";"Gemeinden";"1,28";"1,48";"1,37";"0,76";"1,31"
"08416041";"Tübingen, Universitätsstadt";"Gemeinden";"2,35";"2,76";"3,01";"1,68";"3,15"
"08416048";"Ammerbuch";"Gemeinden";"0,39";"0,59";"0,85";"0,00";
"08416049";"Neustetten";"Gemeinden";"0,00";;;"0,00";
"08416050";"Starzach";"Gemeinden";"0,00";;;"0,00";
"08417002";"Balingen, Stadt";"Gemeinden";"1,70";"1,80";"1,78";"0,74";"1,30"
"08417008";"Bisingen";"Gemeinden";"0,00";;;"0,00";"0,00"
"08417010";"Bitz";"Gemeinden";"0,00";;;"0,00";"0,00"
"08417013";"Burladingen, Stadt";"Gemeinden";"0,33";"0,28";"0,40";"0,21";"0,44"
"08417014";"Dautmergen";"Gemeinden";"0,00";;;"0,00";"0,00"
"08417015";"Dormettingen";"Gemeinden";"0,00";;;"0,00";"0,00"
"08417016";"Dotternhausen";"Gemeinden";"0,00";;;"0,00";
"08417022";"Geislingen, Stadt";"Gemeinden";"0,00";;;"0,00";
"08417023";"Grosselfingen";"Gemeinden";"0,00";;;"0,00";"0,00"
"08417025";"Haigerloch, Stadt";"Gemeinden";"1,20";"1,18";"1,23";"0,61";"0,61"
"08417029";"Hausen am Tann";"Gemeinden";"0,00";;;"0,00";"0,00"
"08417031";"Hechingen, Stadt";"Gemeinden";"1,76";"1,89";"2,10";"1,12";"1,47"
"08417036";"Jungingen";"Gemeinden";"0,00";;;"0,00";
"08417044";"Meßstetten, Stadt";"Gemeinden";"5,03";"4,89";"4,99";"2,32";"5,11"
"08417045";"Nusplingen";"Gemeinden";"0,65";;;"0,00";
"08417047";"Obernheim";"Gemeinden";"0,00";;;"0,00";
"08417051";"Rangendingen";"Gemeinden";"0,00";;;"0,00";
"08417052";"Ratshausen";"Gemeinden";"0,00";;;"0,00";"0,00"
"08417054";"Rosenfeld, Stadt";"Gemeinden";"0,00";;;"0,00";
"08417057";"Schömberg, Stadt";"Gemeinden";"3,54";"2,62";"4,00";"2,31";"3,74"
"08417063";"Straßberg";"Gemeinden";"0,00";;;"0,00";
"08417071";"Weilen unter den Rinnen";"Gemeinden";"0,00";;;"0,00";"0,00"
"08417075";"Winterlingen";"Gemeinden";"0,00";;;"0,00";
"08417078";"Zimmern unter der Burg";"Gemeinden";"0,00";;;"0,00";
"08417079";"Albstadt, Stadt";"Gemeinden";"2,36";"2,38";"2,28";"1,67";"2,78"
"08421000";"Ulm, Universitätsstadt";"Gemeinden";"3,19";"4,33";"5,10";"3,62";"6,49"
"08425002";"Allmendingen";"Gemeinden";"0,00";;;"0,00";
"08425004";"Altheim";"Gemeinden";"0,00";;;"0,00";"0,00"
"08425005";"Altheim (Alb)";"Gemeinden";"0,00";;;"0,00";
"08425008";"Amstetten";"Gemeinden";"0,00";;;"0,00";
"08425011";"Asselfingen";"Gemeinden";"0,00";;;"0,00";"0,00"
"08425013";"Ballendorf";"Gemeinden";"0,00";;;"0,00";"0,00"
"08425014";"Beimerstetten";"Gemeinden";"0,00";;;"0,00";"0,00"
"08425017";"Berghülen";"Gemeinden";"0,00";;;"0,00";
"08425019";"Bernstadt";"Gemeinden";"0,00";;;"0,00";
"08425020";"Blaubeuren, Stadt";"Gemeinden";"5,04";"8,49";"7,47";"4,98";"7,47"
"08425022";"Börslingen";"Gemeinden";"0,00";;;"0,00";
"08425024";"Breitingen";"Gemeinden";"0,00";;;"0,00";"0,00"
"08425028";"Dietenheim, Stadt";"Gemeinden";"1,76";"1,55";;"0,00";
"08425031";"Dornstadt";"Gemeinden";"0,00";;;"0,00";"2,06"
"08425033";"Ehingen (Donau), Stadt";"Gemeinden";"2,13";"2,88";"2,89";"2,48";"3,56"
"08425035";"Emeringen";"Gemeinden";"0,00";;;"0,00";"0,00"
"08425036";"Emerkingen";"Gemeinden";"0,00";;;"0,00";"0,00"
"08425039";"Erbach, Stadt";"Gemeinden";"1,11";"0,99";"1,51";"1,07";"1,57"
"08425050";"Griesingen";"Gemeinden";"0,00";;;"0,00";"0,00"
"08425052";"Grundsheim";"Gemeinden";"0,00";;;"0,00";"0,00"
"08425055";"Hausen am Bussen";"Gemeinden";"0,00";;;"0,00";"0,00"
"08425062";"Holzkirch";"Gemeinden";"0,00";;;"0,00";"0,00"
"08425064";"Hüttisheim";"Gemeinden";"0,00";;;"0,00";"0,00"
"08425066";"Illerrieden";"Gemeinden";"0,00";;;"0,00";"0,00"
"08425071";"Laichingen, Stadt";"Gemeinden";"3,54";"3,09";"4,31";"3,77";"6,28"
"08425072";"Langenau, Stadt";"Gemeinden";"2,29";"4,70";"5,36";"2,70";"5,07"
"08425073";"Lauterach";"Gemeinden";"0,00";;;"0,00";
"08425075";"Lonsee";"Gemeinden";"0,00";;;"0,00";
"08425079";"Merklingen";"Gemeinden";"4,06";"6,77";"7,19";"6,68";"14,33"
"08425081";"Munderkingen, Stadt";"Gemeinden";"1,17";"0,88";"0,87";"0,00";
"08425083";"Neenstetten";"Gemeinden";"0,00";;;"0,00";"0,00"
"08425084";"Nellingen";"Gemeinden";"0,00";;;"0,00";
"08425085";"Nerenstetten";"Gemeinden";"0,00";;;"0,00";
"08425088";"Oberdischingen";"Gemeinden";"0,00";;;"0,00";
"08425090";"Obermarchtal";"Gemeinden";"0,00";;;"0,00";
"08425091";"Oberstadion";"Gemeinden";"0,00";;;"0,00";
"08425092";"Öllingen";"Gemeinden";"0,00";;;"0,00";"0,00"
"08425093";"Öpfingen";"Gemeinden";"0,00";;;"0,00";
"08425097";"Rammingen";"Gemeinden";"0,00";;;"0,00";
"08425098";"Rechtenstein";"Gemeinden";"0,00";;;"0,00";"0,00"
"08425104";"Rottenacker";"Gemeinden";"0,00";;;"0,00";
"08425108";"Schelklingen, Stadt";"Gemeinden";"2,06";"2,18";"1,84";"1,49";"2,43"
"08425110";"Schnürpflingen";"Gemeinden";"0,00";;;"0,00";"0,00"
"08425112";"Setzingen";"Gemeinden";"0,00";;;"0,00";"0,00"
"08425123";"Untermarchtal";"Gemeinden";"0,00";;;"0,00";
"08425124";"Unterstadion";"Gemeinden";"0,00";;;"0,00";"0,00"
"08425125";"Unterwachingen";"Gemeinden";"0,00";;;"0,00";"0,00"
"08425130";"Weidenstetten";"Gemeinden";"0,00";;;"0,00";"0,00"
"08425134";"Westerheim";"Gemeinden";"4,64";"5,64";"6,14";"7,16";"9,28"
"08425135";"Westerstetten";"Gemeinden";"0,00";;;"0,00";"0,00"
"08425137";"Illerkirchberg";"Gemeinden";"0,00";;;"0,00";"0,00"
"08425138";"Staig";"Gemeinden";"0,00";;;"0,00";
"08425139";"Heroldstatt";"Gemeinden";"0,00";;;"0,00";
"08425140";"Balzheim";"Gemeinden";"0,00";;;"0,00";"0,00"
"08425141";"Blaustein, Stadt";"Gemeinden";"2,41";"2,78";"2,70";"1,04";"1,44"
"08426001";"Achstetten";"Gemeinden";"0,00";;;"0,00";"0,00"
"08426005";"Alleshausen";"Gemeinden";"0,00";;;"0,00";"0,00"
"08426006";"Allmannsweiler";"Gemeinden";"0,00";;;"0,00";"0,00"
"08426008";"Altheim";"Gemeinden";"0,00";;;"0,00";
"08426011";"Attenweiler";"Gemeinden";"0,00";;;"0,00";"0,00"
"08426013";"Bad Buchau, Stadt";"Gemeinden";"58,17";"69,55";"67,31";"54,12";"62,22"
"08426014";"Bad Schussenried, Stadt";"Gemeinden";"1,70";"1,94";"2,54";"1,78";"4,62"
"08426019";"Berkheim";"Gemeinden";"6,50";"6,21";"7,07";"2,77";"5,50"
"08426020";"Betzenweiler";"Gemeinden";"0,00";;;"0,00";"0,00"
"08426021";"Biberach an der Riß, Stadt";"Gemeinden";"3,10";"4,04";"3,84";"2,62";"4,30"
"08426028";"Burgrieden";"Gemeinden";"0,00";;;"0,00";
"08426031";"Dettingen an der Iller";"Gemeinden";"0,00";;;"0,00";"0,00"
"08426035";"Dürmentingen";"Gemeinden";"0,00";;;"0,00";
"08426036";"Dürnau";"Gemeinden";"0,00";;;"0,00";"0,00"
"08426038";"Eberhardzell";"Gemeinden";"2,83";"1,56";"2,29";"0,94";"1,71"
"08426043";"Erlenmoos";"Gemeinden";"0,00";;;"0,00";"0,00"
"08426044";"Erolzheim";"Gemeinden";"0,00";;;"0,00";
"08426045";"Ertingen";"Gemeinden";"0,00";;;"0,00";
"08426058";"Hochdorf";"Gemeinden";"0,00";;;"0,00";
"08426062";"Ingoldingen";"Gemeinden";"0,00";;;"0,00";
"08426064";"Kanzach";"Gemeinden";"0,00";;;"0,00";"0,00"
"08426065";"Kirchberg an der Iller";"Gemeinden";"0,00";;;"0,00";
"08426066";"Kirchdorf an der Iller";"Gemeinden";"0,00";;;"0,00";
"08426067";"Langenenslingen";"Gemeinden";"0,00";;;"0,00";
"08426070";"Laupheim, Stadt";"Gemeinden";"1,22";"1,70";"1,63";"1,60";"2,80"
"08426071";"Maselheim";"Gemeinden";"0,00";;;"0,00";
"08426073";"Mietingen";"Gemeinden";"0,00";;;"0,00";"0,00"
"08426074";"Mittelbiberach";"Gemeinden";"0,00";;;"0,00";"0,00"
"08426078";"Moosburg";"Gemeinden";"0,00";;;"0,00";"0,00"
"08426087";"Ochsenhausen, Stadt";"Gemeinden";"5,23";"6,37";"7,18";"3,83";"6,82"
"08426090";"Oggelshausen";"Gemeinden";"0,00";;;"0,00";
"08426097";"Riedlingen, Stadt";"Gemeinden";"1,27";"0,88";"0,78";"0,28";"0,69"
"08426100";"Rot an der Rot";"Gemeinden";"5,88";"6,44";"6,43";"2,95";"6,48"
"08426108";"Schwendi";"Gemeinden";"1,59";;;"0,00";
"08426109";"Seekirch";"Gemeinden";"0,00";;;"0,00";"0,00"
"08426113";"Steinhausen an der Rottum";"Gemeinden";"0,00";;;"0,00";"0,00"
"08426117";"Tannheim";"Gemeinden";"0,00";;;"0,00";"0,00"
"08426118";"Tiefenbach";"Gemeinden";"0,00";;;"0,00";"0,00"
"08426120";"Ummendorf";"Gemeinden";"1,94";"2,80";"2,97";"1,51";"1,94"
"08426121";"Unlingen";"Gemeinden";"0,00";;;"0,00";
"08426124";"Uttenweiler";"Gemeinden";"0,00";;;"0,00";
"08426125";"Wain";"Gemeinden";"0,00";;;"0,00";"0,00"
"08426128";"Warthausen";"Gemeinden";"0,00";;;"0,00";
"08426134";"Schemmerhofen";"Gemeinden";"0,00";;;"0,00";
"08426135";"Gutenzell-Hürbel";"Gemeinden";"0,00";;;"0,00";
"08435005";"Bermatingen";"Gemeinden";"2,66";"3,35";"3,06";"1,82";"2,95"
"08435010";"Daisendorf";"Gemeinden";"0,00";;;"0,00";
"08435013";"Eriskirch";"Gemeinden";"0,00";"3,84";;"0,00";
"08435015";"Frickingen";"Gemeinden";"4,21";"3,71";"3,78";"2,35";"2,41"
"08435016";"Friedrichshafen, Stadt";"Gemeinden";"9,55";"10,13";"12,57";"7,73";"12,38"
"08435018";"Hagnau am Bodensee";"Gemeinden";"113,48";"126,50";"140,21";"109,41";"146,95"
"08435020";"Heiligenberg";"Gemeinden";"5,37";"6,60";"5,56";"3,60";"4,35"
"08435024";"Immenstaad am Bodensee";"Gemeinden";"41,90";"45,48";"49,49";"40,00";"50,39"
"08435029";"Kressbronn am Bodensee";"Gemeinden";"23,91";"29,56";"31,18";"26,80";"31,35"
"08435030";"Langenargen";"Gemeinden";"21,28";"23,14";"22,62";"17,84";"21,95"
"08435034";"Markdorf, Stadt";"Gemeinden";"8,35";"6,82";"9,16";"7,02";"8,19"
"08435035";"Meckenbeuren";"Gemeinden";"2,62";"4,72";"5,80";"4,04";"6,16"
"08435036";"Meersburg, Stadt";"Gemeinden";"30,63";"40,11";"39,17";"25,38";"36,12"
"08435042";"Neukirch";"Gemeinden";"0,00";;;"0,00";"4,31"
"08435045";"Oberteuringen";"Gemeinden";"7,09";"8,33";"8,66";"8,20";"9,57"
"08435047";"Owingen";"Gemeinden";"1,94";"2,50";"2,45";"1,90";"2,35"
"08435052";"Salem";"Gemeinden";"5,49";"5,30";"5,10";"4,39";"4,51"
"08435053";"Sipplingen";"Gemeinden";"9,01";"8,95";"12,55";"9,82";"14,29"
"08435054";"Stetten";"Gemeinden";"6,96";"11,08";"16,47";"13,33";"17,37"
"08435057";"Tettnang, Stadt";"Gemeinden";"3,03";"3,23";"3,32";"2,45";"3,03"
"08435059";"Überlingen, Stadt";"Gemeinden";"21,77";"22,34";"22,72";"17,28";"22,07"
"08435066";"Uhldingen-Mühlhofen";"Gemeinden";"21,35";"23,88";"23,88";"18,93";"20,84"
"08435067";"Deggenhausertal";"Gemeinden";"15,18";"16,87";"17,95";"11,60";"17,19"
"08436001";"Achberg";"Gemeinden";"0,00";;;"0,00";
"08436003";"Aichstetten";"Gemeinden";"0,00";;;"0,00";
"08436004";"Aitrach";"Gemeinden";"0,00";;;"0,00";
"08436005";"Altshausen";"Gemeinden";"0,67";;;"0,00";
"08436006";"Amtzell";"Gemeinden";"0,00";;"2,05";"4,05";"4,82"
"08436008";"Aulendorf, Stadt";"Gemeinden";"15,98";"16,12";"16,99";"12,97";"16,06"
"08436009";"Bad Waldsee, Stadt";"Gemeinden";"17,27";"17,76";"15,10";"13,18";"16,83"
"08436010";"Bad Wurzach, Stadt";"Gemeinden";"9,92";"10,30";"10,49";"8,58";"11,35"
"08436011";"Baienfurt";"Gemeinden";"0,54";;;"0,00";
"08436012";"Baindt";"Gemeinden";"0,00";;;"0,00";"0,00"
"08436013";"Berg";"Gemeinden";"3,70";"3,58";"1,89";"0,00";
"08436014";"Bergatreute";"Gemeinden";"0,00";;;"0,00";"0,00"
"08436018";"Bodnegg";"Gemeinden";"0,00";;"0,97";"0,00";
"08436019";"Boms";"Gemeinden";"0,00";;;"0,00";"0,00"
"08436024";"Ebenweiler";"Gemeinden";"0,00";;;"0,00";
"08436027";"Eichstegen";"Gemeinden";"0,00";;;"0,00";
"08436032";"Fleischwangen";"Gemeinden";"0,00";;;"0,00";"0,00"
"08436039";"Grünkraut";"Gemeinden";"0,00";;;"0,00";
"08436040";"Guggenhausen";"Gemeinden";"0,00";;;"0,00";"0,00"
"08436047";"Hoßkirch";"Gemeinden";"0,00";;;"0,00";
"08436049";"Isny im Allgäu, Stadt";"Gemeinden";"33,26";"34,82";"34,58";"26,50";"31,24"
"08436052";"Kißlegg";"Gemeinden";"4,68";"6,20";"7,71";"4,87";"7,48"
"08436053";"Königseggwald";"Gemeinden";"0,00";;;"0,00";"0,00"
"08436055";"Leutkirch im Allgäu, Stadt";"Gemeinden";"1,56";"1,76";"1,78";"0,00";
"08436064";"Ravensburg, Stadt";"Gemeinden";"1,98";"2,22";"2,21";"2,16";"4,68"
"08436067";"Riedhausen";"Gemeinden";"0,00";;;"0,00";"0,00"
"08436069";"Schlier";"Gemeinden";"1,12";;;"0,78";"0,67"
"08436077";"Unterwaldhausen";"Gemeinden";"0,00";;;"0,00";"0,00"
"08436078";"Vogt";"Gemeinden";"0,00";;;"0,00";
"08436079";"Waldburg";"Gemeinden";"2,47";"2,86";"2,57";"0,00";
"08436081";"Wangen im Allgäu, Stadt";"Gemeinden";"2,76";"2,77";"2,83";"1,96";"4,09"
"08436082";"Weingarten, Stadt";"Gemeinden";"2,19";"2,62";"2,55";"1,28";"1,99"
"08436083";"Wilhelmsdorf";"Gemeinden";"0,00";"1,40";"0,92";"0,55";"0,56"
"08436085";"Wolfegg";"Gemeinden";"0,00";;;"4,83";"7,21"
"08436087";"Wolpertswende";"Gemeinden";"0,00";;;"0,00";"0,00"
"08436093";"Ebersbach-Musbach";"Gemeinden";"0,00";;;"0,00";"0,00"
"08436094";"Argenbühl";"Gemeinden";"16,05";"16,47";"17,97";"14,15";"19,61"
"08436095";"Horgenzell";"Gemeinden";"0,00";"1,40";"2,49";"0,72";"1,52"
"08436096";"Fronreute";"Gemeinden";"0,00";;;"0,00";
"08437005";"Beuron";"Gemeinden";"71,04";"82,88";"90,44";"62,16";"88,71"
"08437008";"Bingen";"Gemeinden";"0,00";;;"0,00";"0,00"
"08437031";"Gammertingen, Stadt";"Gemeinden";"0,00";;;"0,00";
"08437044";"Herbertingen";"Gemeinden";"0,00";;;"0,00";
"08437047";"Hettingen, Stadt";"Gemeinden";"0,00";;;"0,00";
"08437053";"Hohentengen";"Gemeinden";"0,00";;;"0,00";"0,00"
"08437056";"Illmensee";"Gemeinden";"12,74";"15,25";"15,57";"10,86";"15,79"
"08437059";"Inzigkofen";"Gemeinden";"8,63";"6,88";"6,95";"3,36";"5,96"
"08437065";"Krauchenwies";"Gemeinden";"0,00";"0,47";"1,33";"0,00";
"08437072";"Leibertingen";"Gemeinden";"0,00";;;"0,00";
"08437076";"Mengen, Stadt";"Gemeinden";"0,64";"1,29";"1,85";"1,51";"2,31"
"08437078";"Meßkirch, Stadt";"Gemeinden";"0,58";"0,52";"0,82";"1,47";"1,42"
"08437082";"Neufra";"Gemeinden";"0,00";;;"0,00";"0,00"
"08437086";"Ostrach";"Gemeinden";"4,42";"5,59";"5,67";"4,78";"6,23"
"08437088";"Pfullendorf, Stadt";"Gemeinden";"1,56";"1,65";"1,83";"1,98";"2,94"
"08437100";"Bad Saulgau, Stadt";"Gemeinden";"14,43";"15,48";"13,73";"10,16";"11,48"
"08437101";"Scheer, Stadt";"Gemeinden";"0,00";;;"0,00";
"08437102";"Schwenningen";"Gemeinden";"0,00";;;"0,00";
"08437104";"Sigmaringen, Stadt";"Gemeinden";"3,64";"4,63";"4,63";"2,70";"5,52"
"08437105";"Sigmaringendorf";"Gemeinden";"0,00";;"1,99";"0,00";
"08437107";"Stetten am kalten Markt";"Gemeinden";"2,41";"3,14";"2,98";"2,12";"2,61"
"08437114";"Veringenstadt, Stadt";"Gemeinden";"0,00";;;"0,00";"0,00"
"08437118";"Wald";"Gemeinden";"0,00";;;"0,00";"0,00"
"08437123";"Sauldorf";"Gemeinden";"0,00";;;"0,00";
"08437124";"Herdwangen-Schönach";"Gemeinden";"1,62";"1,41";;"0,00";
"09161000";"Ingolstadt";"Gemeinden";"3,04";"3,55";"3,80";"2,14";"4,64"
"09162000";"München, Landeshauptstadt";"Gemeinden";"7,45";"9,16";"10,76";"5,34";"12,52"
"09163000";"Rosenheim";"Gemeinden";"2,26";"2,61";"2,93";"2,46";"5,02"
"09171111";"Altötting, St";"Gemeinden";"8,23";"7,95";"8,35";"4,65";"7,59"
"09171112";"Burghausen, St";"Gemeinden";"4,13";"4,91";"4,27";"3,00";"5,65"
"09171113";"Burgkirchen a.d.Alz";"Gemeinden";"0,00";;"0,62";"0,48";"0,53"
"09171114";"Emmerting";"Gemeinden";"0,00";;;"0,00";
"09171115";"Erlbach";"Gemeinden";"0,00";;;"0,00";
"09171116";"Feichten a.d.Alz";"Gemeinden";"0,00";;;"0,00";
"09171117";"Garching a.d.Alz";"Gemeinden";"0,00";;;"0,00";
"09171118";"Haiming";"Gemeinden";"1,94";"1,87";"2,53";"2,42";"3,41"
"09171119";"Halsbach";"Gemeinden";"0,00";;;"0,00";"0,00"
"09171121";"Kastl";"Gemeinden";"0,00";;;"0,00";
"09171122";"Kirchweidach";"Gemeinden";"0,00";;"3,57";"3,47";"2,94"
"09171123";"Marktl, M";"Gemeinden";"0,00";;"3,11";"2,26";"8,31"
"09171124";"Mehring";"Gemeinden";"0,00";;;"0,00";
"09171125";"Neuötting, St";"Gemeinden";"0,94";"0,91";"0,67";"0,89";
"09171126";"Perach";"Gemeinden";"0,00";;;"0,00";"0,00"
"09171127";"Pleiskirchen";"Gemeinden";"0,00";;;"0,00";"0,00"
"09171129";"Reischach";"Gemeinden";"0,00";;;"0,00";
"09171130";"Stammham";"Gemeinden";"0,00";;;"0,00";
"09171131";"Teising";"Gemeinden";"0,00";;;"0,00";"0,00"
"09171132";"Töging a.Inn, St";"Gemeinden";"0,00";;;"0,00";
"09171133";"Tüßling, M";"Gemeinden";"0,00";;;"0,00";"0,00"
"09171134";"Tyrlaching";"Gemeinden";"0,00";;;"0,00";"0,00"
"09171135";"Unterneukirchen";"Gemeinden";"0,00";;"3,89";"3,87";"4,45"
"09171137";"Winhöring";"Gemeinden";"0,00";;;"0,00";
"09172111";"Ainring";"Gemeinden";"6,02";"7,32";"8,10";"6,61";"10,50"
"09172112";"Anger";"Gemeinden";"2,89";"3,34";"5,72";"3,37";"6,82"
"09172114";"Bad Reichenhall, GKSt";"Gemeinden";"33,89";"33,18";"34,68";"21,41";"31,09"
"09172115";"Bayerisch Gmain";"Gemeinden";"65,46";"59,10";"65,24";"37,70";"59,14"
"09172116";"Berchtesgaden, M";"Gemeinden";"57,28";"68,71";"74,25";"57,79";"80,68"
"09172117";"Bischofswiesen";"Gemeinden";"26,07";"23,26";"26,96";"21,39";"33,32"
"09172118";"Freilassing, St";"Gemeinden";"2,27";"2,32";"2,10";"1,34";"1,85"
"09172122";"Laufen, St";"Gemeinden";"3,12";"3,41";"3,26";"2,89";"5,25"
"09172124";"Marktschellenberg, M";"Gemeinden";"17,53";"17,22";"17,10";"11,03";"15,21"
"09172128";"Piding";"Gemeinden";"8,64";"7,80";"9,75";"9,93";"10,35"
"09172129";"Ramsau b.Berchtesgaden";"Gemeinden";"117,42";"131,07";"140,59";"106,79";"145,91"
"09172130";"Saaldorf-Surheim";"Gemeinden";"1,90";"2,05";"3,14";"1,98";"2,20"
"09172131";"Schneizlreuth";"Gemeinden";"12,14";"11,10";"17,05";"12,53";"15,52"
"09172132";"Schönau a.Königssee";"Gemeinden";"128,30";"125,63";"128,13";"90,82";"121,72"
"09172134";"Teisendorf, M";"Gemeinden";"4,55";"4,65";"5,73";"3,38";"6,83"
"09172452";"Eck";"Gemeinden";"0,00";;;;
"09172454";"Schellenberger Forst";"Gemeinden";"0,00";;;;
"09173111";"Bad Heilbrunn";"Gemeinden";"4,16";"4,65";"4,50";"4,16";"5,19"
"09173112";"Bad Tölz, St";"Gemeinden";"17,13";"19,67";"16,52";"11,13";"14,33"
"09173113";"Benediktbeuern";"Gemeinden";"24,63";"28,90";"27,62";"13,79";"24,59"
"09173115";"Bichl";"Gemeinden";"0,00";;;"0,00";
"09173118";"Dietramszell";"Gemeinden";"4,80";"5,87";"6,49";"3,65";"6,84"
"09173120";"Egling";"Gemeinden";"3,85";"5,42";"5,47";"3,67";"5,45"
"09173123";"Eurasburg";"Gemeinden";"0,68";"0,97";;"2,12";"2,40"
"09173124";"Gaißach";"Gemeinden";"22,20";;;"0,00";
"09173126";"Geretsried, St";"Gemeinden";"2,67";"2,37";"2,02";"1,23";"2,28"
"09173127";"Greiling";"Gemeinden";"0,00";;;"0,00";"0,00"
"09173130";"Icking";"Gemeinden";"0,00";;;"0,00";
"09173131";"Jachenau";"Gemeinden";"16,46";"16,50";"16,47";"17,42";"29,17"
"09173133";"Kochel a.See";"Gemeinden";"34,00";"37,29";"41,18";"34,49";"44,55"
"09173134";"Königsdorf";"Gemeinden";"16,87";"16,50";"14,08";"14,38";"18,94"
"09173135";"Lenggries";"Gemeinden";"11,20";"15,00";"18,95";"13,59";"15,67"
"09173137";"Münsing";"Gemeinden";"16,62";"17,65";"14,56";"16,04";"25,31"
"09173140";"Reichersbeuern";"Gemeinden";"0,00";;;"0,00";
"09173141";"Sachsenkam";"Gemeinden";"0,00";;;"0,00";
"09173142";"Schlehdorf";"Gemeinden";"11,15";;"23,75";"19,90";"25,18"
"09173145";"Wackersberg";"Gemeinden";"7,16";"7,11";"9,72";"13,60";"16,30"
"09173147";"Wolfratshausen, St";"Gemeinden";"1,11";"1,25";"1,80";"1,18";"1,30"
"09173451";"Pupplinger Au";"Gemeinden";"0,00";;;;
"09173452";"Wolfratshauser Forst";"Gemeinden";"0,00";;;;
"09174111";"Altomünster, M";"Gemeinden";"1,21";"1,87";"2,20";"1,41";"1,87"
"09174113";"Bergkirchen";"Gemeinden";"4,46";"4,49";"5,97";"4,01";"5,19"
"09174115";"Dachau, GKSt";"Gemeinden";"1,71";"1,94";"3,02";"1,24";"6,05"
"09174118";"Erdweg";"Gemeinden";"0,00";;;"0,00";
"09174121";"Haimhausen";"Gemeinden";"0,00";;;"0,00";
"09174122";"Hebertshausen";"Gemeinden";"1,59";"2,50";"2,13";"0,62";"1,25"
"09174126";"Karlsfeld";"Gemeinden";"0,87";"1,33";"0,85";"0,38";"0,67"
"09174131";"Markt Indersdorf, M";"Gemeinden";"1,63";"1,62";"0,98";"2,28";"2,34"
"09174135";"Odelzhausen";"Gemeinden";"2,39";"3,76";;"0,00";
"09174136";"Petershausen";"Gemeinden";"0,00";;;"0,00";
"09174137";"Pfaffenhofen a.d.Glonn";"Gemeinden";"0,00";;;"0,00";"0,00"
"09174141";"Röhrmoos";"Gemeinden";"1,15";"1,82";"1,98";"1,10";"1,48"
"09174143";"Schwabhausen";"Gemeinden";"1,77";"2,32";"2,38";"1,88";"3,34"
"09174146";"Sulzemoos";"Gemeinden";"0,00";"7,16";"5,89";"0,00";"8,38"
"09174147";"Hilgertshausen-Tandern";"Gemeinden";"0,00";;;"0,00";"2,74"
"09174150";"Vierkirchen";"Gemeinden";"0,00";;;"0,00";
"09174151";"Weichs";"Gemeinden";"0,00";;;"0,00";
"09175111";"Anzing";"Gemeinden";"3,59";"5,02";"3,66";"2,21";"3,94"
"09175112";"Aßling";"Gemeinden";"0,00";;;"0,00";
"09175113";"Baiern";"Gemeinden";"0,00";;;"0,00";
"09175114";"Bruck";"Gemeinden";"0,00";;;"0,00";"0,00"
"09175115";"Ebersberg, St";"Gemeinden";"1,85";"2,52";"4,20";"2,85";"3,42"
"09175116";"Egmating";"Gemeinden";"0,00";;;"0,00";
"09175118";"Forstinning";"Gemeinden";"3,77";"4,73";"5,48";"2,05";"4,15"
"09175119";"Frauenneuharting";"Gemeinden";"0,00";;;"0,00";"0,00"
"09175121";"Glonn, M";"Gemeinden";"0,00";;;"3,13";
"09175122";"Grafing b.München, St";"Gemeinden";"0,97";"0,86";"0,77";"0,53";"0,78"
"09175123";"Hohenlinden";"Gemeinden";"0,00";;"3,31";"1,79";
"09175124";"Kirchseeon, M";"Gemeinden";"0,00";;;"0,00";
"09175127";"Markt Schwaben, M";"Gemeinden";"1,30";"1,32";"2,05";"0,82";"1,98"
"09175128";"Moosach";"Gemeinden";"0,00";;;"0,00";"0,00"
"09175131";"Oberpframmern";"Gemeinden";"0,00";;;"0,00";
"09175132";"Vaterstetten";"Gemeinden";"4,61";"5,65";"6,69";"3,50";"6,57"
"09175133";"Pliening";"Gemeinden";"4,46";"4,73";"8,15";"4,29";"4,78"
"09175135";"Poing";"Gemeinden";"1,32";"1,57";;"0,00";
"09175136";"Emmering";"Gemeinden";"0,00";;;"0,00";"0,00"
"09175137";"Steinhöring";"Gemeinden";"0,00";;;"0,00";
"09175139";"Zorneding";"Gemeinden";"2,91";"2,86";"4,38";"2,04";"3,17"
"09175451";"Anzinger Forst";"Gemeinden";"0,00";;;;
"09175452";"Ebersberger Forst";"Gemeinden";"0,00";;;;
"09175453";"Eglhartinger Forst";"Gemeinden";"0,00";;;;
"09176111";"Adelschlag";"Gemeinden";"0,00";;;"0,00";
"09176112";"Altmannstein, M";"Gemeinden";"1,04";"0,66";"0,73";"0,45";"0,50"
"09176114";"Beilngries, St";"Gemeinden";"24,34";"23,67";"21,78";"14,03";"18,71"
"09176116";"Böhmfeld";"Gemeinden";"0,00";;;"0,00";
"09176118";"Buxheim";"Gemeinden";"0,00";;;"0,00";
"09176120";"Denkendorf";"Gemeinden";"10,30";"12,04";"11,52";"6,39";"10,95"
"09176121";"Dollnstein, M";"Gemeinden";"6,96";"5,27";"6,68";"6,95";"11,04"
"09176122";"Egweil";"Gemeinden";"0,00";;;"0,00";"0,00"
"09176123";"Eichstätt, GKSt";"Gemeinden";"7,27";"7,42";"7,69";"6,48";"7,59"
"09176124";"Eitensheim";"Gemeinden";"0,00";;;"0,00";"0,00"
"09176126";"Gaimersheim, M";"Gemeinden";"3,01";"3,49";"2,93";"1,95";"2,94"
"09176129";"Großmehring";"Gemeinden";"1,41";"2,02";"1,78";"1,97";"2,93"
"09176131";"Hepberg";"Gemeinden";"0,00";;;"0,00";"0,00"
"09176132";"Hitzhofen";"Gemeinden";"0,00";;;"0,00";"0,00"
"09176137";"Kinding, M";"Gemeinden";"42,86";"41,08";"44,83";"36,26";"41,06"
"09176138";"Kipfenberg, M";"Gemeinden";"12,04";"14,40";"14,78";"12,11";"14,66"
"09176139";"Kösching, M";"Gemeinden";"0,78";"0,75";"0,67";"1,12";"1,85"
"09176143";"Lenting";"Gemeinden";"9,74";"12,29";"13,22";"6,83";"13,29"
"09176147";"Mindelstetten";"Gemeinden";"0,00";;;"0,00";
"09176148";"Mörnsheim, M";"Gemeinden";"3,37";"7,91";"11,10";"9,41";"9,63"
"09176149";"Nassenfels, M";"Gemeinden";"0,00";;;"0,00";
"09176150";"Oberdolling";"Gemeinden";"0,00";;;"0,00";"0,00"
"09176153";"Pförring, M";"Gemeinden";"0,00";;;"0,00";
"09176155";"Pollenfeld";"Gemeinden";"0,00";;;"0,00";
"09176160";"Schernfeld";"Gemeinden";"2,99";"3,40";"2,76";"1,85";"2,73"
"09176161";"Stammham";"Gemeinden";"0,00";;;"0,00";
"09176164";"Titting, M";"Gemeinden";"18,00";"17,38";"21,47";"13,51";"18,07"
"09176165";"Walting";"Gemeinden";"10,22";"12,85";;"0,00";
"09176166";"Wellheim, M";"Gemeinden";"6,12";"6,55";"6,16";"3,91";"5,34"
"09176167";"Wettstetten";"Gemeinden";"0,00";;;"0,00";"0,00"
"09176451";"Haunstetter Forst";"Gemeinden";"0,00";;;;
"09177112";"Berglern";"Gemeinden";"0,00";;;"0,00";
"09177113";"Bockhorn";"Gemeinden";"0,00";;;"0,00";
"09177114";"Buch a.Buchrain";"Gemeinden";"0,00";"5,04";;"0,00";
"09177115";"Dorfen, St";"Gemeinden";"0,83";"0,84";"1,24";"0,59";"1,17"
"09177116";"Eitting";"Gemeinden";"5,16";"11,86";"10,34";"10,32";"14,37"
"09177117";"Erding, GKSt";"Gemeinden";"6,96";"9,97";"13,46";"7,06";"13,89"
"09177118";"Finsing";"Gemeinden";"3,49";"5,19";"4,65";"4,62";"6,35"
"09177119";"Forstern";"Gemeinden";"0,00";;;"0,00";
"09177120";"Fraunberg";"Gemeinden";"0,00";;;"0,00";
"09177121";"Hohenpolding";"Gemeinden";"0,00";;;"0,00";
"09177122";"Inning a.Holz";"Gemeinden";"0,00";;;"0,00";
"09177123";"Isen, M";"Gemeinden";"0,00";;;"0,91";"0,89"
"09177124";"Kirchberg";"Gemeinden";"0,00";;;"0,00";"0,00"
"09177126";"Langenpreising";"Gemeinden";"0,00";;;"1,95";"3,55"
"09177127";"Lengdorf";"Gemeinden";"0,00";;;"0,00";"0,00"
"09177130";"Moosinning";"Gemeinden";"3,35";"4,51";"4,71";"2,13";"3,37"
"09177131";"Neuching";"Gemeinden";"3,85";"3,82";"3,43";"0,00";
"09177133";"Oberding";"Gemeinden";"52,80";"81,40";"88,88";"24,76";"79,83"
"09177134";"Ottenhofen";"Gemeinden";"0,00";;;"0,00";"0,00"
"09177135";"Pastetten";"Gemeinden";"0,00";;;"0,00";
"09177137";"Sankt Wolfgang";"Gemeinden";"4,02";"4,37";"6,67";"5,24";"4,90"
"09177138";"Steinkirchen";"Gemeinden";"0,00";;;"0,00";"0,00"
"09177139";"Taufkirchen (Vils)";"Gemeinden";"0,39";"1,07";"1,15";"1,25";"1,81"
"09177142";"Walpertskirchen";"Gemeinden";"0,00";;;"0,00";
"09177143";"Wartenberg, M";"Gemeinden";"0,89";"4,34";;"0,00";
"09177144";"Wörth";"Gemeinden";"0,00";;;"0,00";"0,00"
"09178113";"Allershausen";"Gemeinden";"7,44";"6,70";"5,73";"3,30";"6,35"
"09178115";"Attenkirchen";"Gemeinden";"0,00";;;"0,00";
"09178116";"Au i.d.Hallertau, M";"Gemeinden";"0,00";;;"1,59";"2,47"
"09178120";"Eching";"Gemeinden";"5,02";"4,43";"4,39";"3,26";"6,42"
"09178122";"Rudelzhausen";"Gemeinden";"0,00";;;"0,00";
"09178123";"Fahrenzhausen";"Gemeinden";"6,34";;;"0,00";"3,06"
"09178124";"Freising, GKSt";"Gemeinden";"5,00";"7,40";"7,83";"3,86";"8,67"
"09178125";"Gammelsdorf";"Gemeinden";"0,00";;;"0,00";"0,00"
"09178129";"Haag a.d.Amper";"Gemeinden";"0,00";;;"0,00";
"09178130";"Hallbergmoos";"Gemeinden";"12,81";"15,13";"19,74";"9,60";"27,46"
"09178132";"Hörgertshausen";"Gemeinden";"0,00";;;"0,00";"0,00"
"09178133";"Hohenkammer";"Gemeinden";"12,22";"12,76";"16,36";"6,29";"14,12"
"09178136";"Kirchdorf a.d.Amper";"Gemeinden";"0,00";;;"0,00";
"09178137";"Kranzberg";"Gemeinden";"5,73";"6,33";"5,86";"3,22";"6,05"
"09178138";"Langenbach";"Gemeinden";"0,00";;;"0,00";
"09178140";"Marzling";"Gemeinden";"0,00";"3,24";"6,41";"0,00";"8,79"
"09178142";"Mauern";"Gemeinden";"0,00";;;"0,00";
"09178143";"Moosburg a.d.Isar, St";"Gemeinden";"0,86";"1,22";"1,19";"1,00";"1,58"
"09178144";"Nandlstadt, M";"Gemeinden";"0,00";;;"0,00";"0,00"
"09178145";"Neufahrn b.Freising";"Gemeinden";"3,69";"4,48";"5,32";"1,44";"3,12"
"09178150";"Paunzhausen";"Gemeinden";"0,00";;;"0,00";"0,00"
"09178155";"Wang";"Gemeinden";"0,00";;;"0,00";
"09178156";"Wolfersdorf";"Gemeinden";"0,00";;;"0,00";"0,00"
"09178157";"Zolling";"Gemeinden";"0,70";"1,03";"0,70";"1,82";"2,20"
"09179111";"Adelshofen";"Gemeinden";"0,00";;;"0,00";"0,00"
"09179113";"Alling";"Gemeinden";"0,00";;;"0,00";"3,81"
"09179114";"Althegnenberg";"Gemeinden";"0,00";;;"0,00";"0,00"
"09179117";"Egenhofen";"Gemeinden";"0,00";;;"0,00";"0,00"
"09179118";"Eichenau";"Gemeinden";"0,00";;;"0,00";
"09179119";"Emmering";"Gemeinden";"1,06";"1,31";"1,62";"0,80";"1,25"
"09179121";"Fürstenfeldbruck, GKSt";"Gemeinden";"1,18";"1,55";"1,43";"0,90";"1,51"
"09179123";"Germering, GKSt";"Gemeinden";"1,18";"1,27";"1,15";"1,33";"2,68"
"09179125";"Grafrath";"Gemeinden";"0,00";;;"0,00";"0,00"
"09179126";"Gröbenzell";"Gemeinden";"0,30";"0,67";"0,60";"0,67";"0,89"
"09179128";"Hattenhofen";"Gemeinden";"0,00";;;"0,00";
"09179130";"Jesenwang";"Gemeinden";"0,00";;;"0,00";
"09179131";"Kottgeisering";"Gemeinden";"0,00";;;"0,00";
"09179132";"Landsberied";"Gemeinden";"0,00";;;"0,00";"0,00"
"09179134";"Maisach";"Gemeinden";"0,00";;;"0,00";
"09179136";"Mammendorf";"Gemeinden";"0,00";;;"0,00";
"09179137";"Mittelstetten";"Gemeinden";"0,00";;;"0,00";"0,00"
"09179138";"Moorenweis";"Gemeinden";"0,00";;;"0,00";
"09179140";"Oberschweinbach";"Gemeinden";"0,00";;;"0,00";"0,00"
"09179142";"Olching, St";"Gemeinden";"1,49";"1,28";"1,98";"1,85";"3,10"
"09179145";"Puchheim, St";"Gemeinden";"2,49";"2,96";"2,38";"0,68";"1,58"
"09179147";"Schöngeising";"Gemeinden";"0,00";;;"0,00";
"09179149";"Türkenfeld";"Gemeinden";"0,00";;;"0,00";
"09180112";"Bad Kohlgrub";"Gemeinden";"64,39";"54,21";"50,03";"33,53";"40,25"
"09180113";"Bad Bayersoien";"Gemeinden";"63,11";"52,55";"50,36";"28,39";"29,01"
"09180114";"Eschenlohe";"Gemeinden";"4,87";"6,83";"7,10";"0,00";
"09180115";"Ettal";"Gemeinden";"86,52";"109,90";"129,65";"80,66";"106,86"
"09180116";"Farchant";"Gemeinden";"7,61";"9,68";"12,57";"8,65";"11,26"
"09180117";"Garmisch-Partenkirchen, M";"Gemeinden";"33,06";"35,41";"40,03";"27,92";"40,08"
"09180118";"Grainau";"Gemeinden";"94,47";"102,18";"147,30";"111,95";"141,80"
"09180119";"Großweil";"Gemeinden";"0,00";;;"0,00";"0,00"
"09180122";"Krün";"Gemeinden";"183,59";"189,63";"196,28";"152,66";"184,10"
"09180123";"Mittenwald, M";"Gemeinden";"33,39";"34,57";"33,56";"33,99";"41,00"
"09180124";"Murnau a.Staffelsee, M";"Gemeinden";"10,69";"13,35";"12,17";"11,84";"16,54"
"09180125";"Oberammergau";"Gemeinden";"44,29";"48,12";"54,11";"38,32";"51,10"
"09180126";"Oberau";"Gemeinden";"6,11";"7,07";"7,69";"4,14";"3,81"
"09180127";"Ohlstadt";"Gemeinden";"27,85";"24,58";"25,83";"17,74";"23,72"
"09180128";"Riegsee";"Gemeinden";"5,30";"4,18";;"0,00";
"09180129";"Saulgrub";"Gemeinden";"15,10";"15,05";"14,73";"12,59";"13,09"
"09180131";"Schwaigen";"Gemeinden";"0,00";;;"0,00";"0,00"
"09180132";"Seehausen a.Staffelsee";"Gemeinden";"16,92";"16,58";"15,69";"14,89";"18,66"
"09180133";"Spatzenhausen";"Gemeinden";"0,00";;;"0,00";
"09180134";"Uffing a.Staffelsee";"Gemeinden";"0,00";;;"0,00";
"09180135";"Unterammergau";"Gemeinden";"7,17";"7,56";"4,85";"6,65";"9,19"
"09180136";"Wallgau";"Gemeinden";"54,06";"56,28";"49,56";"36,88";"39,49"
"09180451";"Ettaler Forst";"Gemeinden";"0,00";;;;
"09181111";"Apfeldorf";"Gemeinden";"0,00";;;"0,00";"0,00"
"09181113";"Denklingen";"Gemeinden";"0,00";;;"0,00";"0,00"
"09181114";"Dießen am Ammersee, M";"Gemeinden";"3,70";"5,02";"5,09";"4,08";"5,88"
"09181115";"Eching am Ammersee";"Gemeinden";"0,00";;;"0,00";"0,00"
"09181116";"Egling a.d.Paar";"Gemeinden";"0,00";;;"0,00";"0,00"
"09181118";"Eresing";"Gemeinden";"8,56";"8,28";;"0,00";
"09181120";"Finning";"Gemeinden";"0,00";;;"0,00";
"09181121";"Fuchstal";"Gemeinden";"0,00";;;"0,00";
"09181122";"Geltendorf";"Gemeinden";"0,00";;;"0,00";"0,00"
"09181123";"Greifenberg";"Gemeinden";"1,81";;;"0,00";
"09181124";"Hofstetten";"Gemeinden";"0,00";;;"0,00";
"09181126";"Hurlach";"Gemeinden";"0,00";;;"0,00";"0,00"
"09181127";"Igling";"Gemeinden";"0,00";;;"0,00";"0,00"
"09181128";"Kaufering, M";"Gemeinden";"0,00";;;"0,00";
"09181129";"Kinsau";"Gemeinden";"0,00";;;"0,00";
"09181130";"Landsberg am Lech, GKSt";"Gemeinden";"2,74";"3,42";"3,47";"1,91";"3,33"
"09181131";"Obermeitingen";"Gemeinden";"0,00";;;"0,00";"0,00"
"09181132";"Penzing";"Gemeinden";"0,00";;;"0,00";"0,00"
"09181133";"Vilgertshofen";"Gemeinden";"0,00";;;"0,00";"0,00"
"09181134";"Prittriching";"Gemeinden";"0,00";;;"0,00";"0,00"
"09181135";"Reichling";"Gemeinden";"0,00";;;"0,00";"0,00"
"09181137";"Rott";"Gemeinden";"0,00";;;"0,00";"0,00"
"09181138";"Scheuring";"Gemeinden";"0,00";;;"0,00";
"09181139";"Schondorf am Ammersee";"Gemeinden";"2,04";"2,40";"2,21";"0,00";
"09181140";"Schwifting";"Gemeinden";"0,00";;;"0,00";"0,00"
"09181141";"Pürgen";"Gemeinden";"0,00";;;"0,00";"0,00"
"09181142";"Thaining";"Gemeinden";"0,00";;;"0,00";
"09181143";"Unterdießen";"Gemeinden";"0,00";;;"0,00";"0,00"
"09181144";"Utting am Ammersee";"Gemeinden";"11,14";"7,97";;"12,35";
"09181145";"Weil";"Gemeinden";"2,38";"1,83";;"0,00";
"09181146";"Windach";"Gemeinden";"0,00";;;"0,00";"0,00"
"09181451";"Ammersee";"Gemeinden";"0,00";;;;
"09182111";"Bad Wiessee";"Gemeinden";"117,66";"121,93";"120,71";"88,10";"108,21"
"09182112";"Bayrischzell";"Gemeinden";"60,12";"77,29";"74,94";"71,83";"114,88"
"09182114";"Fischbachau";"Gemeinden";"14,25";"12,82";"12,85";"7,50";"12,49"
"09182116";"Gmund a.Tegernsee";"Gemeinden";"4,41";"5,36";"6,02";"4,47";"8,80"
"09182119";"Hausham";"Gemeinden";"3,07";"2,71";"3,23";"1,34";"3,66"
"09182120";"Holzkirchen, M";"Gemeinden";"2,78";"2,70";"3,35";"1,76";"3,08"
"09182123";"Irschenberg";"Gemeinden";"16,76";"15,52";"12,93";"8,79";"14,17"
"09182124";"Kreuth";"Gemeinden";"52,01";"53,29";"49,67";"40,36";"60,33"
"09182125";"Miesbach, St";"Gemeinden";"4,32";"4,94";"4,22";"2,42";"4,40"
"09182127";"Otterfing";"Gemeinden";"2,55";"1,97";"2,21";"0,64";
"09182129";"Rottach-Egern";"Gemeinden";"52,40";"62,85";"60,86";"39,50";"57,41"
"09182131";"Schliersee, M";"Gemeinden";"53,25";"60,96";"68,55";"40,52";"72,81"
"09182132";"Tegernsee, St";"Gemeinden";"44,86";"51,13";"51,86";"37,63";"55,60"
"09182133";"Valley";"Gemeinden";"0,00";"2,24";;"3,33";"5,25"
"09182134";"Waakirchen";"Gemeinden";"0,00";;;"0,00";"2,13"
"09182136";"Warngau";"Gemeinden";"0,85";;;"0,00";
"09182137";"Weyarn";"Gemeinden";"7,49";"10,77";"12,27";"5,92";"9,80"
"09183112";"Ampfing";"Gemeinden";"1,83";"1,70";"1,90";"1,03";"3,63"
"09183113";"Aschau a.Inn";"Gemeinden";"0,00";;"4,64";"3,63";"3,13"
"09183114";"Buchbach, M";"Gemeinden";"0,00";"1,03";;"0,00";
"09183115";"Egglkofen";"Gemeinden";"0,00";;;"0,00";"0,00"
"09183116";"Erharting";"Gemeinden";"0,00";;;"0,00";
"09183118";"Gars a.Inn, M";"Gemeinden";"1,46";"1,37";"2,61";"1,84";"1,82"
"09183119";"Haag i.OB, M";"Gemeinden";"0,00";;;"0,00";"0,00"
"09183120";"Heldenstein";"Gemeinden";"0,00";;;"0,00";"0,00"
"09183122";"Jettenbach";"Gemeinden";"0,00";;;"0,00";
"09183123";"Kirchdorf";"Gemeinden";"0,00";;;"0,00";
"09183124";"Kraiburg a.Inn, M";"Gemeinden";"1,54";"1,71";"1,19";"0,83";"1,18"
"09183125";"Lohkirchen";"Gemeinden";"0,00";;;"0,00";"0,00"
"09183126";"Maitenbeth";"Gemeinden";"0,00";;;"0,00";"0,00"
"09183127";"Mettenheim";"Gemeinden";"0,00";;;"0,00";"0,00"
"09183128";"Mühldorf a.Inn, St";"Gemeinden";"2,55";"3,10";"3,28";"1,93";"2,46"
"09183129";"Neumarkt-Sankt Veit, St";"Gemeinden";"0,00";;;"0,00";
"09183130";"Niederbergkirchen";"Gemeinden";"0,00";;;"0,00";"0,00"
"09183131";"Niedertaufkirchen";"Gemeinden";"0,00";;;"0,00";
"09183132";"Oberbergkirchen";"Gemeinden";"0,00";;;"0,00";"0,00"
"09183134";"Oberneukirchen";"Gemeinden";"0,00";;;"0,00";"0,00"
"09183135";"Obertaufkirchen";"Gemeinden";"0,00";;"1,34";"1,26";"2,51"
"09183136";"Polling";"Gemeinden";"0,49";;;"0,00";
"09183138";"Rattenkirchen";"Gemeinden";"0,00";;;"0,00";"0,00"
"09183139";"Rechtmehring";"Gemeinden";"0,00";;;"0,00";"0,00"
"09183140";"Reichertsheim";"Gemeinden";"0,00";;;"0,00";
"09183143";"Schönberg";"Gemeinden";"0,00";;;"0,00";"0,00"
"09183144";"Schwindegg";"Gemeinden";"0,00";;;"0,00";
"09183145";"Taufkirchen";"Gemeinden";"0,00";;;"0,00";
"09183147";"Unterreit";"Gemeinden";"0,00";;;"0,00";
"09183148";"Waldkraiburg, St";"Gemeinden";"0,82";"1,04";"1,27";"0,64";"1,11"
"09183151";"Zangberg";"Gemeinden";"0,00";;;"0,00";
"09183451";"Mühldorfer Hart";"Gemeinden";"0,00";;;;
"09184112";"Aschheim";"Gemeinden";"28,19";"37,63";"35,02";"20,74";"41,72"
"09184113";"Baierbrunn";"Gemeinden";"4,43";"6,91";"5,85";"0,00";
"09184114";"Brunnthal";"Gemeinden";"0,00";;"12,54";"6,48";"12,41"
"09184118";"Feldkirchen";"Gemeinden";"19,23";"22,55";"23,73";"10,17";"26,47"
"09184119";"Garching b.München, St";"Gemeinden";"8,97";"13,13";"14,72";"8,46";"19,67"
"09184120";"Gräfelfing";"Gemeinden";"0,81";"1,28";"1,69";"0,70";"3,26"
"09184121";"Grasbrunn";"Gemeinden";"2,97";"5,99";"5,45";"2,19";"3,22"
"09184122";"Grünwald";"Gemeinden";"2,75";"2,66";"2,81";"2,02";"3,30"
"09184123";"Haar";"Gemeinden";"3,78";"4,59";"4,81";"4,34";"5,75"
"09184127";"Höhenkirchen-Siegertsbrunn";"Gemeinden";"0,00";;;"0,00";
"09184129";"Hohenbrunn";"Gemeinden";"1,99";"4,15";"5,45";"1,39";"3,11"
"09184130";"Ismaning";"Gemeinden";"10,95";"11,36";"9,24";"4,56";"6,71"
"09184131";"Kirchheim b.München";"Gemeinden";"3,22";"4,50";"3,37";"2,05";"3,74"
"09184132";"Neuried";"Gemeinden";"0,00";;;"0,00";"0,00"
"09184134";"Oberhaching";"Gemeinden";"3,82";"4,86";"4,34";"2,72";"4,55"
"09184135";"Oberschleißheim";"Gemeinden";"3,98";"4,53";"4,57";"2,06";"4,17"
"09184136";"Ottobrunn";"Gemeinden";"1,77";"2,40";"2,35";"0,78";"1,02"
"09184137";"Aying";"Gemeinden";"0,00";;;"0,00";
"09184138";"Planegg";"Gemeinden";"3,23";"3,89";"7,28";"4,80";"6,16"
"09184139";"Pullach i.Isartal";"Gemeinden";"5,34";"5,17";"3,09";"1,54";"4,57"
"09184140";"Putzbrunn";"Gemeinden";"13,90";"14,78";"12,04";"5,95";"8,35"
"09184141";"Sauerlach";"Gemeinden";"3,71";"4,78";"8,20";"4,63";"7,44"
"09184142";"Schäftlarn";"Gemeinden";"2,28";"3,77";"3,80";"2,32";"3,06"
"09184144";"Straßlach-Dingharting";"Gemeinden";"3,23";"5,03";"5,41";"3,13";"5,77"
"09184145";"Taufkirchen";"Gemeinden";"0,98";"0,88";"1,15";"0,57";"0,94"
"09184146";"Neubiberg";"Gemeinden";"1,28";"1,25";"1,06";"0,00";
"09184147";"Unterföhring";"Gemeinden";"10,96";"11,60";"15,08";"4,12";"10,05"
"09184148";"Unterhaching";"Gemeinden";"6,36";"8,92";"7,78";"3,20";"6,35"
"09184149";"Unterschleißheim, St";"Gemeinden";"2,78";"6,31";"6,24";"1,98";"6,41"
"09184452";"Forstenrieder Park";"Gemeinden";"0,00";;;;
"09184454";"Grünwalder Forst";"Gemeinden";"0,00";;;;
"09184457";"Perlacher Forst";"Gemeinden";"0,00";;;;
"09185113";"Aresing";"Gemeinden";"0,00";;;"0,00";"0,00"
"09185116";"Berg im Gau";"Gemeinden";"0,00";;;"0,00";
"09185118";"Bergheim";"Gemeinden";"0,00";;;"0,00";
"09185123";"Brunnen";"Gemeinden";"0,00";;;"0,00";"0,00"
"09185125";"Burgheim, M";"Gemeinden";"0,00";;;"0,00";"0,00"
"09185127";"Ehekirchen";"Gemeinden";"0,00";;;"0,00";"0,00"
"09185131";"Gachenbach";"Gemeinden";"0,00";;;"0,00";"0,00"
"09185139";"Karlshuld";"Gemeinden";"0,00";;;"0,00";
"09185140";"Karlskron";"Gemeinden";"0,00";;;"0,00";
"09185143";"Langenmosen";"Gemeinden";"0,00";;;"0,00";
"09185149";"Neuburg a.d.Donau, GKSt";"Gemeinden";"2,49";"2,97";"3,09";"2,51";"3,51"
"09185150";"Oberhausen";"Gemeinden";"0,00";;;"0,00";
"09185153";"Rennertshofen, M";"Gemeinden";"0,00";;"0,80";"0,00";
"09185157";"Rohrenfels";"Gemeinden";"0,00";;;"0,00";"0,00"
"09185158";"Schrobenhausen, St";"Gemeinden";"1,10";"1,39";"1,15";"1,15";"1,51"
"09185163";"Königsmoos";"Gemeinden";"0,00";;;"0,00";
"09185166";"Waidhofen";"Gemeinden";"0,00";;;"0,00";
"09185168";"Weichering";"Gemeinden";"0,00";;;"0,00";
"09186113";"Baar-Ebenhausen";"Gemeinden";"0,00";;;"0,00";
"09186116";"Ernsgaden";"Gemeinden";"0,00";;;"0,00";
"09186122";"Geisenfeld, St";"Gemeinden";"0,00";;"1,52";"0,81";
"09186125";"Gerolsbach";"Gemeinden";"0,00";;;"0,00";"0,00"
"09186126";"Hettenshausen";"Gemeinden";"0,00";;;"0,00";
"09186128";"Hohenwart, M";"Gemeinden";"0,00";;;"0,00";
"09186130";"Ilmmünster";"Gemeinden";"0,00";;;"0,00";"0,00"
"09186132";"Jetzendorf";"Gemeinden";"0,00";;;"0,00";
"09186137";"Manching, M";"Gemeinden";"1,45";"1,55";"1,91";"1,42";"1,79"
"09186139";"Münchsmünster";"Gemeinden";"0,00";;;"0,00";
"09186143";"Pfaffenhofen a.d.Ilm, St";"Gemeinden";"1,06";"1,67";"1,69";"1,32";"2,40"
"09186144";"Pörnbach";"Gemeinden";"0,00";;;"0,00";
"09186146";"Reichertshausen";"Gemeinden";"0,00";;;"0,00";
"09186147";"Reichertshofen, M";"Gemeinden";"3,25";"4,45";"5,64";"3,45";"6,42"
"09186149";"Rohrbach";"Gemeinden";"0,00";;;"0,00";"0,00"
"09186151";"Scheyern";"Gemeinden";"0,00";;;"0,00";
"09186152";"Schweitenkirchen";"Gemeinden";"7,11";"8,44";"9,82";"6,73";"9,52"
"09186158";"Vohburg a.d.Donau, St";"Gemeinden";"1,11";"0,99";"2,35";"1,83";"2,96"
"09186162";"Wolnzach, M";"Gemeinden";"2,09";"3,06";"2,47";"1,00";"1,18"
"09187113";"Amerang";"Gemeinden";"6,60";"6,17";"1,98";"3,90";"4,88"
"09187114";"Aschau i.Chiemgau";"Gemeinden";"31,68";"31,18";"32,67";"22,42";"33,41"
"09187116";"Babensham";"Gemeinden";"0,00";;;"0,00";
"09187117";"Bad Aibling, St";"Gemeinden";"17,22";"19,15";"19,24";"10,74";"16,92"
"09187118";"Bernau a.Chiemsee";"Gemeinden";"19,27";"21,69";"27,09";"30,68";"37,99"
"09187120";"Brannenburg";"Gemeinden";"7,38";"8,35";"7,05";"3,21";"3,84"
"09187121";"Breitbrunn a.Chiemsee";"Gemeinden";"6,94";"5,98";"6,93";"5,79";"6,72"
"09187122";"Bruckmühl, M";"Gemeinden";"1,00";"1,22";"1,47";"0,45";"1,46"
"09187123";"Chiemsee";"Gemeinden";"86,79";"111,04";"115,83";"76,30";"124,48"
"09187124";"Edling";"Gemeinden";"0,00";;;"0,00";
"09187125";"Eggstätt";"Gemeinden";"4,72";"11,08";"14,47";"12,68";"18,66"
"09187126";"Eiselfing";"Gemeinden";"2,40";"3,00";"1,62";"1,34";"0,84"
"09187128";"Bad Endorf, M";"Gemeinden";"23,69";"22,57";"22,60";"18,02";"23,69"
"09187129";"Bad Feilnbach";"Gemeinden";"40,69";"35,24";"37,47";"26,71";"33,16"
"09187130";"Feldkirchen-Westerham";"Gemeinden";"2,63";"2,94";"3,35";"1,74";"3,02"
"09187131";"Flintsbach a.Inn";"Gemeinden";"5,29";"8,12";"6,07";"3,96";"8,55"
"09187132";"Frasdorf";"Gemeinden";"9,89";"12,95";"12,82";"6,64";"13,27"
"09187134";"Griesstätt";"Gemeinden";"0,00";;;"0,00";"0,00"
"09187137";"Großkarolinenfeld";"Gemeinden";"0,00";;;"0,00";"0,00"
"09187138";"Gstadt a.Chiemsee";"Gemeinden";"33,39";"41,24";"47,76";"42,95";"52,90"
"09187139";"Halfing";"Gemeinden";"4,73";;;"0,00";
"09187142";"Schechen";"Gemeinden";"5,29";"5,20";"6,80";"5,58";"8,24"
"09187145";"Höslwang";"Gemeinden";"0,00";"2,97";"11,25";"12,12";"16,00"
"09187148";"Kiefersfelden";"Gemeinden";"5,69";"5,43";"4,81";"6,94";"12,17"
"09187150";"Kolbermoor, St";"Gemeinden";"0,56";;;"0,00";"0,00"
"09187154";"Neubeuern, M";"Gemeinden";"1,60";"2,08";"3,18";"2,08";"2,24"
"09187156";"Nußdorf a.Inn";"Gemeinden";"3,98";"5,21";"5,33";"4,84";"6,97"
"09187157";"Oberaudorf";"Gemeinden";"24,32";"33,86";"35,84";"23,55";"42,25"
"09187159";"Pfaffing";"Gemeinden";"1,88";;;"0,00";
"09187162";"Prien a.Chiemsee, M";"Gemeinden";"29,90";"28,34";"34,99";"29,20";"36,60"
"09187163";"Prutting";"Gemeinden";"0,00";;;"0,00";"0,00"
"09187164";"Ramerberg";"Gemeinden";"0,00";;;"0,00";"0,00"
"09187165";"Raubling";"Gemeinden";"0,64";"1,37";"0,92";"1,77";"2,03"
"09187167";"Riedering";"Gemeinden";"0,50";"0,39";"2,23";"2,17";"3,08"
"09187168";"Rimsting";"Gemeinden";"11,03";"10,84";"10,29";"6,98";"11,27"
"09187169";"Rohrdorf";"Gemeinden";"10,42";"12,40";"14,43";"8,42";"12,84"
"09187170";"Rott a.Inn";"Gemeinden";"0,00";;;"0,00";
"09187172";"Samerberg";"Gemeinden";"5,31";"6,22";"9,67";"7,30";"9,70"
"09187173";"Schonstett";"Gemeinden";"0,00";;;"0,00";
"09187174";"Söchtenau";"Gemeinden";"0,00";;;"0,00";
"09187176";"Soyen";"Gemeinden";"1,56";"2,02";;"0,00";
"09187177";"Stephanskirchen";"Gemeinden";"0,62";"0,47";;"0,00";
"09187179";"Tuntenhausen";"Gemeinden";"0,00";;;"0,00";"0,00"
"09187181";"Vogtareuth";"Gemeinden";"0,00";;;"2,61";"3,69"
"09187182";"Wasserburg a.Inn, St";"Gemeinden";"1,97";"1,51";"2,73";"1,73";"2,41"
"09187186";"Albaching";"Gemeinden";"0,00";;;"0,00";"0,00"
"09187451";"Rotter Forst-Nord";"Gemeinden";"0,00";;;;
"09187452";"Rotter Forst-Süd";"Gemeinden";"0,00";;;;
"09188113";"Berg";"Gemeinden";"8,21";"10,49";"11,39";"6,57";"10,60"
"09188117";"Andechs";"Gemeinden";"3,70";"3,21";"2,58";"3,26";"4,43"
"09188118";"Feldafing";"Gemeinden";"17,41";"18,59";"16,21";"10,44";"3,26"
"09188120";"Gauting";"Gemeinden";"1,29";"1,33";"1,47";"0,81";"1,15"
"09188121";"Gilching";"Gemeinden";"0,50";"0,58";"0,45";"1,82";"2,92"
"09188124";"Herrsching a.Ammersee";"Gemeinden";"12,46";"12,25";"12,95";"6,82";"11,00"
"09188126";"Inning a.Ammersee";"Gemeinden";"4,86";"5,94";"5,43";"5,17";"6,47"
"09188127";"Krailling";"Gemeinden";"0,00";;;"0,00";
"09188132";"Seefeld";"Gemeinden";"5,57";"6,18";"9,83";"14,25";
"09188137";"Pöcking";"Gemeinden";"10,94";"11,71";"9,91";"6,06";"9,36"
"09188139";"Starnberg, St";"Gemeinden";"2,08";"3,65";"3,34";"2,17";"2,89"
"09188141";"Tutzing";"Gemeinden";"5,91";"5,54";"5,39";"3,12";"5,37"
"09188144";"Weßling";"Gemeinden";"2,80";"3,38";"3,52";"0,00";"3,35"
"09188145";"Wörthsee";"Gemeinden";"13,07";"11,54";"10,55";"9,85";"9,40"
"09188451";"Starnberger See";"Gemeinden";"0,00";;;;
"09189111";"Altenmarkt a.d.Alz";"Gemeinden";"1,98";"2,88";;"0,00";
"09189113";"Bergen";"Gemeinden";"11,00";"7,52";"7,91";"7,15";"8,23"
"09189114";"Chieming";"Gemeinden";"42,97";"40,64";"46,54";"36,72";"50,79"
"09189115";"Engelsberg";"Gemeinden";"0,00";;;"0,00";
"09189118";"Fridolfing";"Gemeinden";"1,90";"3,06";;"3,40";"5,17"
"09189119";"Grabenstätt";"Gemeinden";"2,99";"3,90";"4,71";"11,37";"14,14"
"09189120";"Grassau, M";"Gemeinden";"14,88";"11,16";"13,30";"9,45";"12,46"
"09189124";"Inzell";"Gemeinden";"95,90";"107,23";"104,36";"60,51";"110,89"
"09189126";"Kienberg";"Gemeinden";"0,00";;;"0,00";"0,00"
"09189127";"Kirchanschöring";"Gemeinden";"11,23";"10,96";;"0,00";
"09189129";"Marquartstein";"Gemeinden";"25,42";"31,26";"30,60";"21,36";"29,21"
"09189130";"Nußdorf";"Gemeinden";"0,00";;;"0,00";
"09189133";"Obing";"Gemeinden";"13,53";"13,06";"13,25";"8,16";"10,57"
"09189134";"Palling";"Gemeinden";"0,00";;;"0,00";
"09189135";"Petting";"Gemeinden";"5,87";"6,32";"7,70";"9,56";"9,59"
"09189137";"Pittenhart";"Gemeinden";"0,00";;;"0,00";
"09189139";"Reit im Winkl";"Gemeinden";"169,67";"174,14";"178,97";"113,28";"203,53"
"09189140";"Ruhpolding";"Gemeinden";"70,84";"58,16";"57,97";"47,49";"72,91"
"09189141";"Schleching";"Gemeinden";"20,21";"23,95";"16,95";"19,40";"20,30"
"09189142";"Schnaitsee";"Gemeinden";"0,00";;;"0,00";"0,00"
"09189143";"Seeon-Seebruck";"Gemeinden";"32,23";"32,00";"29,00";"27,98";"33,83"
"09189145";"Siegsdorf";"Gemeinden";"15,52";"16,18";"11,28";"5,85";"9,34"
"09189146";"Staudach-Egerndach";"Gemeinden";"0,00";;;"0,00";"11,33"
"09189148";"Surberg";"Gemeinden";"0,00";;;"0,00";"0,56"
"09189149";"Tacherting";"Gemeinden";"0,00";;;"0,00";"0,00"
"09189150";"Taching a.See";"Gemeinden";"0,00";;;"12,17";"16,01"
"09189152";"Tittmoning, St";"Gemeinden";"1,66";"2,49";"2,73";"2,67";"3,36"
"09189154";"Traunreut, St";"Gemeinden";"0,57";"1,31";"1,37";"1,16";"1,38"
"09189155";"Traunstein, GKSt";"Gemeinden";"1,74";"1,55";"1,71";"0,72";"1,53"
"09189157";"Trostberg, St";"Gemeinden";"1,38";"1,66";"2,20";"1,63";"1,98"
"09189159";"Übersee";"Gemeinden";"17,44";"19,11";"22,81";"25,31";"27,47"
"09189160";"Unterwössen";"Gemeinden";"22,83";"20,32";"19,91";"16,05";"25,48"
"09189161";"Vachendorf";"Gemeinden";"0,00";;;"0,00";"0,00"
"09189162";"Waging a.See, M";"Gemeinden";"35,90";"36,65";"37,58";"44,82";"47,98"
"09189165";"Wonneberg";"Gemeinden";"5,78";"12,66";"13,22";"5,35";"10,32"
"09189451";"Chiemsee (See)";"Gemeinden";"0,00";;;;
"09189452";"Waginger See";"Gemeinden";"0,00";;;;
"09190111";"Altenstadt";"Gemeinden";"0,00";;;"0,00";
"09190113";"Antdorf";"Gemeinden";"0,00";;;"0,00";
"09190114";"Bernbeuren";"Gemeinden";"5,57";"6,64";"6,75";"2,61";"5,32"
"09190115";"Bernried am Starnberger See";"Gemeinden";"104,58";"119,70";"115,74";"101,00";"116,09"
"09190117";"Böbing";"Gemeinden";"0,00";;;"0,00";"4,10"
"09190118";"Burggen";"Gemeinden";"0,00";;;"0,00";
"09190120";"Eberfing";"Gemeinden";"0,00";;;"0,00";"0,00"
"09190121";"Eglfing";"Gemeinden";"0,00";;;"0,00";"0,00"
"09190126";"Habach";"Gemeinden";"0,00";;;"0,00";"0,00"
"09190129";"Hohenfurch";"Gemeinden";"2,27";"4,10";;"0,00";
"09190130";"Hohenpeißenberg";"Gemeinden";"0,00";;;"0,00";"0,00"
"09190131";"Huglfing";"Gemeinden";"0,00";;"4,14";"3,69";"4,95"
"09190132";"Iffeldorf";"Gemeinden";"5,34";"4,69";"5,72";"0,00";
"09190133";"Ingenried";"Gemeinden";"0,00";;;"0,00";"0,00"
"09190135";"Oberhausen";"Gemeinden";"0,00";;;"0,00";"0,00"
"09190136";"Obersöchering";"Gemeinden";"0,00";;;"0,00";
"09190138";"Pähl";"Gemeinden";"0,00";;;"0,00";
"09190139";"Peißenberg, M";"Gemeinden";"0,79";"0,90";"1,15";"1,12";"1,11"
"09190140";"Peiting, M";"Gemeinden";"2,03";"2,09";"2,40";"1,69";"2,19"
"09190141";"Penzberg, St";"Gemeinden";"0,96";"1,15";"1,11";"1,22";"1,95"
"09190142";"Polling";"Gemeinden";"1,00";;;"0,00";
"09190143";"Prem";"Gemeinden";"0,00";;;"0,00";"0,00"
"09190144";"Raisting";"Gemeinden";"0,00";;;"0,00";
"09190145";"Rottenbuch";"Gemeinden";"6,51";"6,94";"5,61";"0,00";
"09190148";"Schongau, St";"Gemeinden";"1,31";"1,53";"1,79";"1,88";"2,70"
"09190149";"Schwabbruck";"Gemeinden";"0,00";;;"0,00";"0,00"
"09190151";"Schwabsoien";"Gemeinden";"0,00";;;"0,00";"0,00"
"09190152";"Seeshaupt";"Gemeinden";"12,93";"12,65";"13,37";"13,25";"22,12"
"09190153";"Sindelsdorf";"Gemeinden";"7,96";"6,37";"3,77";"5,35";"5,97"
"09190154";"Steingaden";"Gemeinden";"24,85";"25,04";"22,22";"9,67";"20,92"
"09190157";"Weilheim i.OB, St";"Gemeinden";"0,69";;;"0,61";"0,99"
"09190158";"Wessobrunn";"Gemeinden";"6,72";"6,07";"6,92";"2,88";"5,42"
"09190159";"Wielenbach";"Gemeinden";"0,00";;;"0,00";
"09190160";"Wildsteig";"Gemeinden";"2,93";;;"0,00";
"09261000";"Landshut";"Gemeinden";"3,19";"3,55";"3,31";"2,46";"4,24"
"09262000";"Passau";"Gemeinden";"8,12";"8,49";"10,50";"5,75";"10,34"
"09263000";"Straubing";"Gemeinden";"2,68";"2,80";"3,35";"2,25";"3,47"
"09271111";"Aholming";"Gemeinden";"0,00";;;"0,00";"0,00"
"09271113";"Auerbach";"Gemeinden";"0,00";;;"0,00";
"09271114";"Außernzell";"Gemeinden";"0,00";;;"0,00";
"09271116";"Bernried";"Gemeinden";"7,35";"6,49";"7,54";"3,45";"5,22"
"09271118";"Buchhofen";"Gemeinden";"0,00";;;"0,00";"0,00"
"09271119";"Deggendorf, GKSt";"Gemeinden";"3,10";"3,66";"4,02";"2,77";"4,95"
"09271122";"Grafling";"Gemeinden";"3,88";"2,52";"1,96";"0,00";
"09271123";"Grattersdorf";"Gemeinden";"0,00";;;"0,00";
"09271125";"Hengersberg, M";"Gemeinden";"1,73";"2,45";"1,06";"1,45";"1,63"
"09271126";"Hunding";"Gemeinden";"0,00";;;"0,00";
"09271127";"Iggensbach";"Gemeinden";"3,42";"2,91";"3,15";"1,32";"2,43"
"09271128";"Künzing";"Gemeinden";"0,00";;;"0,00";
"09271130";"Lalling";"Gemeinden";"8,37";"10,48";"13,71";"10,09";"11,66"
"09271132";"Metten, M";"Gemeinden";"0,35";"0,62";;"0,00";"1,44"
"09271135";"Moos";"Gemeinden";"0,00";;;"0,00";"0,00"
"09271138";"Niederalteich";"Gemeinden";"11,60";"13,44";"11,34";"5,30";"12,63"
"09271139";"Oberpöring";"Gemeinden";"0,00";;;"0,00";"0,00"
"09271140";"Offenberg";"Gemeinden";"0,00";;;"0,00";
"09271141";"Osterhofen, St";"Gemeinden";"0,35";;;"0,57";"1,41"
"09271143";"Otzing";"Gemeinden";"0,00";;;"0,00";"0,00"
"09271146";"Plattling, St";"Gemeinden";"1,01";"1,86";"2,36";"1,60";"1,92"
"09271148";"Schaufling";"Gemeinden";"63,36";"67,91";"89,58";"51,09";"66,40"
"09271149";"Schöllnach, M";"Gemeinden";"3,21";"3,62";"2,99";"2,35";"2,34"
"09271151";"Stephansposching";"Gemeinden";"0,00";;;"0,00";
"09271152";"Wallerfing";"Gemeinden";"0,00";;;"0,00";"0,00"
"09271153";"Winzer, M";"Gemeinden";"0,62";"0,58";"1,47";"0,68";"1,11"
"09272116";"Eppenschlag";"Gemeinden";"6,79";"8,23";"7,34";"4,93";"6,06"
"09272118";"Freyung, St";"Gemeinden";"30,98";"22,67";"24,79";"10,40";"8,50"
"09272119";"Fürsteneck";"Gemeinden";"2,89";;;"0,00";"8,93"
"09272120";"Grafenau, St";"Gemeinden";"24,76";"25,79";"17,58";"12,54";"16,64"
"09272121";"Grainet";"Gemeinden";"8,94";"11,09";"12,63";"8,33";"19,53"
"09272122";"Haidmühle";"Gemeinden";"58,45";"55,51";"47,11";"13,37";"22,67"
"09272126";"Hinterschmiding";"Gemeinden";"10,25";"8,52";"6,80";"3,16";"6,45"
"09272127";"Hohenau";"Gemeinden";"8,74";"18,74";"9,66";"5,82";"9,02"
"09272128";"Innernzell";"Gemeinden";"2,02";;;"0,00";
"09272129";"Jandelsbrunn";"Gemeinden";"1,19";"1,13";"1,95";"1,75";"2,04"
"09272134";"Mauth";"Gemeinden";"12,78";"17,53";"11,31";"10,92";"23,89"
"09272136";"Neureichenau";"Gemeinden";"31,11";"32,99";"28,25";"17,99";"24,77"
"09272138";"Perlesreut, M";"Gemeinden";"1,58";"1,86";"1,89";"10,44";
"09272139";"Philippsreut";"Gemeinden";"90,98";"63,35";"113,15";"43,51";"50,16"
"09272140";"Ringelai";"Gemeinden";"7,03";"8,34";"9,72";"2,56";"2,56"
"09272141";"Röhrnbach, M";"Gemeinden";"12,48";"14,26";"16,01";"9,24";"16,05"
"09272142";"Saldenburg";"Gemeinden";"9,01";"9,40";"9,60";"0,00";"8,20"
"09272143";"Sankt Oswald-Riedlhütte";"Gemeinden";"9,12";"18,31";"16,34";"12,73";"15,73"
"09272145";"Schöfweg";"Gemeinden";"30,18";"27,51";;"0,00";"4,03"
"09272146";"Neuschönau";"Gemeinden";"34,33";"36,43";"27,06";"18,24";"36,49"
"09272147";"Schönberg, M";"Gemeinden";"19,66";"32,04";"37,47";"29,61";"45,44"
"09272149";"Spiegelau";"Gemeinden";"29,89";"27,99";"26,94";"15,86";"22,74"
"09272150";"Thurmansbang";"Gemeinden";"16,33";"11,69";"9,44";"4,49";"5,89"
"09272151";"Waldkirchen, St";"Gemeinden";"17,64";"17,11";"18,28";"6,30";"7,77"
"09272152";"Zenting";"Gemeinden";"9,89";"6,76";"7,57";"5,64";"7,28"
"09272451";"Annathaler Wald";"Gemeinden";"0,00";;;;
"09272452";"Frauenberger u. Duschlberger Wald";"Gemeinden";"0,00";;;;
"09272453";"Graineter Wald";"Gemeinden";"0,00";;;;
"09272455";"Leopoldsreuter Wald";"Gemeinden";"0,00";;;;
"09272456";"Mauther Forst";"Gemeinden";"0,00";;;;
"09272457";"Philippsreuter Wald";"Gemeinden";"0,00";;;;
"09272458";"Pleckensteiner Wald";"Gemeinden";"0,00";;;;
"09272459";"Sankt Oswald";"Gemeinden";"0,00";;;;
"09272460";"Schlichtenberger Wald";"Gemeinden";"0,00";;;;
"09272461";"Schönbrunner Wald";"Gemeinden";"0,00";;;;
"09272463";"Waldhäuserwald";"Gemeinden";"0,00";;;;
"09273111";"Abensberg, St";"Gemeinden";"1,19";"1,13";"1,49";"0,94";"1,72"
"09273113";"Aiglsbach";"Gemeinden";"0,00";;;"0,00";"0,00"
"09273115";"Attenhofen";"Gemeinden";"0,00";;;"0,00";"0,00"
"09273116";"Bad Abbach, M";"Gemeinden";"4,82";"6,01";"6,80";"4,47";"6,08"
"09273119";"Biburg";"Gemeinden";"0,00";;;"0,00";"0,00"
"09273121";"Essing, M";"Gemeinden";"18,11";"22,08";"24,16";"15,24";"17,97"
"09273125";"Hausen";"Gemeinden";"0,00";;;"0,00";
"09273127";"Herrngiersdorf";"Gemeinden";"0,00";;;"0,00";
"09273133";"Ihrlerstein";"Gemeinden";"3,37";;;"0,00";
"09273137";"Kelheim, St";"Gemeinden";"4,14";"4,54";"5,87";"4,37";"6,02"
"09273139";"Kirchdorf";"Gemeinden";"0,00";;;"0,00";
"09273141";"Langquaid, M";"Gemeinden";"0,00";;;"0,00";"1,28"
"09273147";"Mainburg, St";"Gemeinden";"1,00";"0,81";"0,96";"0,67";"0,72"
"09273152";"Neustadt a.d.Donau, St";"Gemeinden";"34,93";"35,65";"36,43";"28,96";"40,82"
"09273159";"Painten, M";"Gemeinden";"0,00";;;"0,00";"0,00"
"09273163";"Elsendorf";"Gemeinden";"0,00";;;"0,00";
"09273164";"Riedenburg, St";"Gemeinden";"12,34";"13,15";"15,87";"11,08";"14,32"
"09273165";"Rohr i.NB, M";"Gemeinden";"0,00";;;"0,00";
"09273166";"Saal a.d.Donau";"Gemeinden";"0,00";;;"0,00";"0,00"
"09273172";"Siegenburg, M";"Gemeinden";"0,00";;;"0,00";
"09273175";"Teugn";"Gemeinden";"0,00";;;"0,00";"0,00"
"09273177";"Train";"Gemeinden";"0,00";;;"0,00";"0,00"
"09273178";"Volkenschwand";"Gemeinden";"0,00";;;"0,00";
"09273181";"Wildenberg";"Gemeinden";"0,00";;;"0,00";"0,00"
"09273451";"Dürnbucher Forst";"Gemeinden";"0,00";;;;
"09273452";"Frauenforst";"Gemeinden";"0,00";;;;
"09273453";"Hacklberg";"Gemeinden";"0,00";;;;
"09274111";"Adlkofen";"Gemeinden";"0,00";;;"0,00";
"09274112";"Aham";"Gemeinden";"0,00";;;"0,00";"0,00"
"09274113";"Altdorf, M";"Gemeinden";"2,00";"2,91";"3,30";"1,83";"3,56"
"09274114";"Altfraunhofen";"Gemeinden";"0,00";;;"0,00";
"09274118";"Baierbach";"Gemeinden";"0,00";;;"0,00";"0,00"
"09274119";"Bayerbach b.Ergoldsbach";"Gemeinden";"0,00";;;"0,00";
"09274120";"Bodenkirchen";"Gemeinden";"0,88";"1,99";"1,44";"1,17";"1,14"
"09274121";"Buch a.Erlbach";"Gemeinden";"0,00";;;"0,00";
"09274124";"Eching";"Gemeinden";"1,87";"3,51";"4,70";"2,75";"4,37"
"09274126";"Ergolding, M";"Gemeinden";"1,07";"2,56";"2,28";"2,74";"2,87"
"09274127";"Ergoldsbach, M";"Gemeinden";"0,00";;;"0,00";
"09274128";"Essenbach, M";"Gemeinden";"0,54";"0,60";"0,56";"0,27";"0,38"
"09274132";"Furth";"Gemeinden";"1,51";"2,42";"1,81";"0,00";
"09274134";"Geisenhausen, M";"Gemeinden";"0,00";;;"0,00";
"09274135";"Gerzen";"Gemeinden";"0,00";;"0,95";"0,00";
"09274141";"Hohenthann";"Gemeinden";"1,15";"1,50";"2,30";"0,37";"0,93"
"09274145";"Kröning";"Gemeinden";"0,00";;;"0,00";"0,00"
"09274146";"Kumhausen";"Gemeinden";"0,00";;;"0,00";
"09274153";"Neufahrn i.NB";"Gemeinden";"0,00";;;"0,00";
"09274154";"Neufraunhofen";"Gemeinden";"0,00";;;"0,00";
"09274156";"Niederaichbach";"Gemeinden";"0,00";;;"0,00";
"09274165";"Obersüßbach";"Gemeinden";"0,00";;;"0,00";
"09274172";"Pfeffenhausen, M";"Gemeinden";"0,00";;;"0,00";
"09274174";"Postau";"Gemeinden";"0,00";;;"0,00";"0,00"
"09274176";"Rottenburg a.d.Laaber, St";"Gemeinden";"0,52";"1,03";"1,28";"1,00";"1,29"
"09274179";"Schalkham";"Gemeinden";"0,00";;;"0,00";"0,00"
"09274182";"Tiefenbach";"Gemeinden";"0,00";;;"0,00";
"09274183";"Velden, M";"Gemeinden";"0,00";;;"0,00";
"09274184";"Vilsbiburg, St";"Gemeinden";"0,00";;;"0,00";
"09274185";"Vilsheim";"Gemeinden";"0,00";;;"0,00";
"09274187";"Weihmichl";"Gemeinden";"0,00";;;"0,00";"0,00"
"09274188";"Weng";"Gemeinden";"0,00";;;"0,00";"0,00"
"09274191";"Wörth a.d.Isar";"Gemeinden";"0,00";;;"5,05";"7,51"
"09274193";"Wurmsham";"Gemeinden";"0,00";;;"0,00";"0,00"
"09274194";"Bruckberg";"Gemeinden";"0,94";"1,09";"1,32";"0,56";"1,11"
"09275111";"Aicha vorm Wald";"Gemeinden";"1,38";"0,91";"1,98";"1,41";"2,37"
"09275112";"Aidenbach, M";"Gemeinden";"0,46";;;"1,35";"1,63"
"09275114";"Aldersbach";"Gemeinden";"0,00";;;"0,00";
"09275116";"Bad Füssing";"Gemeinden";"368,30";"333,63";"303,19";"173,59";"254,33"
"09275117";"Beutelsbach";"Gemeinden";"0,00";;;"0,00";"0,00"
"09275118";"Breitenberg";"Gemeinden";"6,30";"7,33";"7,69";"5,44";"8,34"
"09275119";"Büchlberg";"Gemeinden";"10,06";"13,32";"12,32";"6,31";"9,23"
"09275120";"Eging a.See, M";"Gemeinden";"11,80";"17,46";"22,80";"17,76";"26,33"
"09275121";"Fürstenstein";"Gemeinden";"0,87";"1,15";"1,55";"1,39";"1,81"
"09275122";"Fürstenzell, M";"Gemeinden";"1,08";"1,74";"0,81";"0,59";"0,82"
"09275124";"Bad Griesbach i.Rottal, St";"Gemeinden";"100,01";"104,72";"98,55";"59,34";"83,81"
"09275125";"Haarbach";"Gemeinden";"6,66";"5,40";"5,82";"5,01";"5,37"
"09275126";"Hauzenberg, St";"Gemeinden";"4,23";"4,94";"3,62";"2,12";"2,49"
"09275127";"Hofkirchen, M";"Gemeinden";"0,53";"0,86";"1,18";"0,00";
"09275128";"Hutthurm, M";"Gemeinden";"1,08";"1,18";"1,62";"0,68";
"09275130";"Kirchham";"Gemeinden";"110,05";"120,05";"90,68";"39,35";"30,09"
"09275131";"Kößlarn, M";"Gemeinden";"0,00";;;"0,00";
"09275132";"Malching";"Gemeinden";"0,00";;;"0,00";"0,00"
"09275133";"Neuburg a.Inn";"Gemeinden";"22,56";"22,72";;"17,46";"19,21"
"09275134";"Neuhaus a.Inn";"Gemeinden";"0,00";;;"0,00";
"09275135";"Neukirchen vorm Wald";"Gemeinden";"5,61";"5,93";"5,83";"4,86";"5,65"
"09275137";"Obernzell, M";"Gemeinden";"8,60";"2,81";"4,12";"4,63";"7,23"
"09275138";"Ortenburg, M";"Gemeinden";"2,68";"2,71";"2,74";"2,51";"3,69"
"09275141";"Pocking, St";"Gemeinden";"2,17";"2,65";"2,12";"1,37";"1,57"
"09275143";"Rotthalmünster, M";"Gemeinden";"1,99";"2,33";"2,69";"3,05";
"09275144";"Ruderting";"Gemeinden";"2,21";"2,16";"2,59";"1,92";"2,46"
"09275145";"Ruhstorf a.d.Rott, M";"Gemeinden";"2,24";"2,56";"2,33";"1,36";"1,88"
"09275146";"Salzweg";"Gemeinden";"0,78";"1,20";"0,80";"1,10";"1,56"
"09275148";"Sonnen";"Gemeinden";"20,11";"21,97";"19,16";"17,38";"5,66"
"09275149";"Tettenweis";"Gemeinden";"2,61";"2,84";;"0,00";"0,00"
"09275150";"Thyrnau";"Gemeinden";"23,90";"22,65";"23,76";"18,37";"25,55"
"09275151";"Tiefenbach";"Gemeinden";"3,92";"4,83";"3,26";"1,56";"3,72"
"09275152";"Tittling, M";"Gemeinden";"3,87";"3,58";"3,85";"2,89";"3,81"
"09275153";"Untergriesbach, M";"Gemeinden";"10,01";"9,94";"8,59";"4,62";"5,59"
"09275154";"Vilshofen an der Donau, St";"Gemeinden";"0,81";"0,92";"1,03";"0,28";"0,72"
"09275156";"Wegscheid, M";"Gemeinden";"13,32";"9,61";"13,77";"11,77";"22,12"
"09275159";"Windorf, M";"Gemeinden";"10,48";"7,54";"7,79";"6,06";"8,22"
"09275160";"Witzmannsberg";"Gemeinden";"0,00";;;"0,00";
"09276111";"Achslach";"Gemeinden";"13,77";"11,50";"14,46";"17,58";"22,56"
"09276113";"Arnbruck";"Gemeinden";"14,76";"18,63";"20,21";"16,71";"21,18"
"09276115";"Bayerisch Eisenstein";"Gemeinden";"83,94";"112,15";"95,58";"54,73";"92,10"
"09276116";"Bischofsmais";"Gemeinden";"64,91";"46,73";"31,83";"13,30";"24,49"
"09276117";"Bodenmais, M";"Gemeinden";"225,42";"224,00";"210,56";"145,30";"197,27"
"09276118";"Böbrach";"Gemeinden";"15,38";"13,45";"12,83";"8,99";"11,48"
"09276120";"Drachselsried";"Gemeinden";"56,94";"72,66";"67,00";"44,81";"70,27"
"09276121";"Frauenau";"Gemeinden";"21,31";"24,19";"24,82";"22,35";"25,96"
"09276122";"Geiersthal";"Gemeinden";"14,25";"18,45";"16,61";"12,64";"16,88"
"09276123";"Gotteszell";"Gemeinden";"3,08";;"2,47";"0,63";"0,00"
"09276126";"Kirchberg i.Wald";"Gemeinden";"3,44";"3,03";"2,95";"2,54";"3,45"
"09276127";"Kirchdorf i.Wald";"Gemeinden";"0,00";;;"0,00";
"09276128";"Kollnburg";"Gemeinden";"16,58";"17,21";"18,82";"14,82";"24,39"
"09276129";"Langdorf";"Gemeinden";"26,28";"26,99";"15,37";"15,57";"21,81"
"09276130";"Lindberg";"Gemeinden";"26,66";"23,77";"41,90";"17,13";"28,20"
"09276134";"Patersdorf";"Gemeinden";"5,36";"5,34";"5,37";"2,49";"2,82"
"09276135";"Prackenbach";"Gemeinden";"5,83";"5,42";"4,78";"2,49";"3,98"
"09276138";"Regen, St";"Gemeinden";"4,80";"6,50";"8,12";"5,74";"8,14"
"09276139";"Rinchnach";"Gemeinden";"11,84";"11,60";"11,77";"7,84";"7,98"
"09276142";"Ruhmannsfelden, M";"Gemeinden";"0,00";"1,81";"1,92";"0,00";
"09276143";"Teisnach, M";"Gemeinden";"7,73";"6,09";"11,91";"5,97";"7,60"
"09276144";"Viechtach, St";"Gemeinden";"25,37";"26,91";"24,34";"19,45";"26,10"
"09276146";"Zachenberg";"Gemeinden";"4,90";"6,32";;"0,00";
"09276148";"Zwiesel, St";"Gemeinden";"23,88";"27,73";"27,06";"19,93";"27,94"
"09277111";"Arnstorf, M";"Gemeinden";"1,67";"2,26";"2,66";"1,69";"2,73"
"09277112";"Bayerbach";"Gemeinden";"8,02";"36,33";"98,13";"67,80";"95,83"
"09277113";"Bad Birnbach, M";"Gemeinden";"127,26";"111,09";"109,79";"59,03";"95,40"
"09277114";"Dietersburg";"Gemeinden";"0,00";;;"0,00";
"09277116";"Eggenfelden, St";"Gemeinden";"0,85";;;"0,89";"1,41"
"09277117";"Egglham";"Gemeinden";"0,00";;;"0,00";"0,00"
"09277118";"Ering";"Gemeinden";"2,51";"3,11";"3,79";"0,00";
"09277119";"Falkenberg";"Gemeinden";"0,00";;;"0,00";"0,00"
"09277121";"Gangkofen, M";"Gemeinden";"0,00";;;"0,00";"1,01"
"09277122";"Geratskirchen";"Gemeinden";"0,00";;;"0,00";"0,00"
"09277124";"Hebertsfelden";"Gemeinden";"0,00";;;"0,00";
"09277126";"Johanniskirchen";"Gemeinden";"0,00";;;"0,00";"0,00"
"09277127";"Julbach";"Gemeinden";"0,00";;;"0,00";"0,00"
"09277128";"Kirchdorf a.Inn";"Gemeinden";"2,76";;;"0,00";
"09277131";"Malgersdorf";"Gemeinden";"0,00";;;"0,00";"0,00"
"09277133";"Massing, M";"Gemeinden";"0,00";;;"0,00";
"09277134";"Mitterskirchen";"Gemeinden";"0,00";;;"0,00";"0,00"
"09277138";"Pfarrkirchen, St";"Gemeinden";"1,10";"1,41";;"0,00";"1,28"
"09277139";"Postmünster";"Gemeinden";"2,56";"9,53";"10,53";"8,85";"13,42"
"09277140";"Reut";"Gemeinden";"0,00";;;"0,00";
"09277141";"Rimbach";"Gemeinden";"0,00";;;"0,00";"0,00"
"09277142";"Roßbach";"Gemeinden";"0,00";;;"0,00";
"09277144";"Schönau";"Gemeinden";"0,00";;;"0,00";"0,00"
"09277145";"Simbach a.Inn, St";"Gemeinden";"3,00";"3,23";"4,85";"3,41";"5,11"
"09277147";"Stubenberg";"Gemeinden";"0,00";;;"0,00";
"09277148";"Tann, M";"Gemeinden";"0,00";;;"0,00";"0,00"
"09277149";"Triftern, M";"Gemeinden";"0,00";;;"0,00";
"09277151";"Unterdietfurt";"Gemeinden";"0,00";;;"0,00";
"09277152";"Wittibreut";"Gemeinden";"0,00";;;"0,00";"0,00"
"09277153";"Wurmannsquick, M";"Gemeinden";"0,00";;;"0,00";"0,00"
"09277154";"Zeilarn";"Gemeinden";"0,00";;;"0,00";"0,00"
"09278112";"Aholfing";"Gemeinden";"0,00";;;"0,00";"0,00"
"09278113";"Aiterhofen";"Gemeinden";"0,00";;;"5,58";"6,87"
"09278116";"Ascha";"Gemeinden";"0,00";;;"0,00";"0,00"
"09278117";"Atting";"Gemeinden";"0,00";;;"0,00";"0,00"
"09278118";"Bogen, St";"Gemeinden";"1,22";"1,48";"1,41";"1,70";"2,50"
"09278120";"Falkenfels";"Gemeinden";"0,00";;;"0,00";
"09278121";"Feldkirchen";"Gemeinden";"0,00";;;"0,00";"0,00"
"09278123";"Geiselhöring, St";"Gemeinden";"0,73";"0,60";"0,92";"0,48";"1,13"
"09278129";"Haibach";"Gemeinden";"24,19";"23,83";"22,77";"12,08";"18,55"
"09278134";"Haselbach";"Gemeinden";"0,00";;;"0,00";
"09278139";"Hunderdorf";"Gemeinden";"0,00";;;"0,00";"0,00"
"09278140";"Irlbach";"Gemeinden";"0,00";;;"0,00";"0,00"
"09278141";"Kirchroth";"Gemeinden";"0,00";;;"0,44";"2,51"
"09278143";"Konzell";"Gemeinden";"5,81";"5,88";;"0,00";
"09278144";"Laberweinting";"Gemeinden";"0,00";;;"0,00";"0,00"
"09278146";"Leiblfing";"Gemeinden";"0,00";;;"0,00";
"09278147";"Loitzendorf";"Gemeinden";"0,00";;;"0,00";"0,00"
"09278148";"Mallersdorf-Pfaffenberg, M";"Gemeinden";"0,00";;;"0,00";"0,00"
"09278149";"Mariaposching";"Gemeinden";"0,00";;;"0,00";"0,00"
"09278151";"Mitterfels, M";"Gemeinden";"10,32";"2,58";"3,09";"1,97";"2,63"
"09278154";"Neukirchen";"Gemeinden";"23,53";"28,14";"31,27";"18,25";"26,86"
"09278159";"Niederwinkling";"Gemeinden";"0,00";;;"0,00";
"09278167";"Oberschneiding";"Gemeinden";"0,00";;;"0,00";"0,00"
"09278170";"Parkstetten";"Gemeinden";"0,00";;;"0,00";
"09278171";"Perasdorf";"Gemeinden";"0,00";;;"0,00";"0,00"
"09278172";"Perkam";"Gemeinden";"0,00";;;"0,00";"0,00"
"09278177";"Rain";"Gemeinden";"0,00";;;"0,00";"0,00"
"09278178";"Rattenberg";"Gemeinden";"25,04";"25,99";"25,69";"16,71";"23,51"
"09278179";"Rattiszell";"Gemeinden";"3,07";"2,77";;"0,00";
"09278182";"Salching";"Gemeinden";"0,00";;;"0,00";
"09278184";"Sankt Englmar";"Gemeinden";"171,40";"178,39";"181,21";"104,88";"198,35"
"09278187";"Schwarzach, M";"Gemeinden";"3,10";"4,28";"5,71";"5,89";"6,09"
"09278189";"Stallwang";"Gemeinden";"0,00";;;"0,00";"0,00"
"09278190";"Steinach";"Gemeinden";"0,00";;;"0,00";
"09278192";"Straßkirchen";"Gemeinden";"0,00";;;"0,00";"0,00"
"09278197";"Wiesenfelden";"Gemeinden";"0,75";"1,05";"1,43";"0,00";
"09278198";"Windberg";"Gemeinden";"21,64";;;"0,00";
"09279112";"Dingolfing, St";"Gemeinden";"2,46";"2,95";"3,14";"3,43";"4,10"
"09279113";"Eichendorf, M";"Gemeinden";"0,29";"0,51";;"0,00";
"09279115";"Frontenhausen, M";"Gemeinden";"0,00";;;"0,00";
"09279116";"Gottfrieding";"Gemeinden";"0,00";;;"0,00";
"09279122";"Landau a.d.Isar, St";"Gemeinden";"1,31";"2,18";"1,53";"1,38";"1,58"
"09279124";"Loiching";"Gemeinden";"0,00";;;"0,00";
"09279125";"Mamming";"Gemeinden";"3,85";"4,86";"4,35";"2,68";"3,58"
"09279126";"Marklkofen";"Gemeinden";"1,61";"1,35";"1,56";"1,48";"1,77"
"09279127";"Mengkofen";"Gemeinden";"1,02";;;"0,00";
"09279128";"Moosthenning";"Gemeinden";"0,99";"1,77";"1,50";"1,29";"1,08"
"09279130";"Niederviehbach";"Gemeinden";"0,00";;;"0,00";"0,00"
"09279132";"Pilsting, M";"Gemeinden";"0,00";;;"0,00";
"09279134";"Reisbach, M";"Gemeinden";"1,51";"2,49";"2,19";"2,00";"2,26"
"09279135";"Simbach, M";"Gemeinden";"0,00";;;"0,00";
"09279137";"Wallersdorf, M";"Gemeinden";"0,00";;;"1,65";"2,42"
"09361000";"Amberg";"Gemeinden";"1,65";"1,60";"1,82";"1,28";"2,23"
"09362000";"Regensburg";"Gemeinden";"5,70";"6,57";"7,19";"3,97";"8,85"
"09363000";"Weiden i.d.OPf.";"Gemeinden";"1,77";"1,78";"1,88";"1,18";"1,79"
"09371111";"Ammerthal";"Gemeinden";"0,00";;;"0,00";"0,00"
"09371113";"Auerbach i.d.OPf., St";"Gemeinden";"0,51";"0,18";;"0,00";
"09371116";"Birgland";"Gemeinden";"0,00";;;"0,00";
"09371118";"Ebermannsdorf";"Gemeinden";"0,00";;;"0,00";"0,00"
"09371119";"Edelsfeld";"Gemeinden";"3,05";"2,35";"2,17";"2,15";"4,93"
"09371120";"Ensdorf";"Gemeinden";"7,78";;;"0,00";
"09371121";"Freihung, M";"Gemeinden";"0,00";;;"0,00";"0,00"
"09371122";"Freudenberg";"Gemeinden";"1,87";"2,49";"1,95";"0,00";
"09371123";"Gebenbach";"Gemeinden";"0,00";;;"0,00";
"09371126";"Hahnbach, M";"Gemeinden";"0,00";;;"0,00";
"09371127";"Hirschau, St";"Gemeinden";"7,55";"6,41";"6,34";"5,54";"6,60"
"09371128";"Hirschbach";"Gemeinden";"6,61";"5,31";"6,12";"3,92";"7,00"
"09371129";"Hohenburg, M";"Gemeinden";"0,00";;;"0,00";
"09371131";"Illschwang";"Gemeinden";"0,00";;;"0,00";
"09371132";"Kastl, M";"Gemeinden";"1,65";"1,97";"3,52";"2,67";"3,65"
"09371135";"Königstein, M";"Gemeinden";"13,16";"10,74";"13,38";"10,12";"14,88"
"09371136";"Kümmersbruck";"Gemeinden";"0,00";;;"0,00";
"09371140";"Etzelwang";"Gemeinden";"3,96";"3,40";"6,21";"6,03";"6,31"
"09371141";"Neukirchen b.Sulzbach-Rosenberg";"Gemeinden";"1,64";"2,69";"2,87";"0,00";
"09371144";"Poppenricht";"Gemeinden";"0,00";;;"0,00";
"09371146";"Rieden, M";"Gemeinden";"17,00";"17,51";"18,08";"6,83";"19,79"
"09371148";"Schmidmühlen, M";"Gemeinden";"1,23";"0,94";"1,06";"0,00";
"09371150";"Schnaittenbach, St";"Gemeinden";"1,93";"2,14";"2,17";"1,17";"2,45"
"09371151";"Sulzbach-Rosenberg, St";"Gemeinden";"1,17";"1,38";"1,60";"1,44";"2,02"
"09371154";"Ursensollen";"Gemeinden";"0,00";;"2,45";"1,73";
"09371156";"Vilseck, St";"Gemeinden";"3,29";"2,23";"2,86";"2,43";"4,74"
"09371157";"Weigendorf";"Gemeinden";"8,32";"12,12";"11,27";"3,85";"14,48"
"09371452";"Eichen";"Gemeinden";"0,00";;;;
"09372112";"Arnschwang";"Gemeinden";"0,00";;;"0,00";
"09372113";"Arrach";"Gemeinden";"63,37";"56,00";"59,74";"31,63";"42,09"
"09372115";"Blaibach";"Gemeinden";"11,53";"9,83";"10,95";"9,57";"12,37"
"09372116";"Cham, St";"Gemeinden";"7,22";"6,54";"6,83";"5,32";"5,61"
"09372117";"Chamerau";"Gemeinden";"2,76";"3,49";"4,46";"3,64";"4,29"
"09372124";"Eschlkam, M";"Gemeinden";"14,31";"13,73";"9,90";"8,62";"10,53"
"09372125";"Falkenstein, M";"Gemeinden";"12,52";"8,62";"9,00";"5,39";"7,22"
"09372126";"Furth im Wald, St";"Gemeinden";"3,81";"3,88";"7,91";"5,28";"8,72"
"09372128";"Gleißenberg";"Gemeinden";"21,78";"23,24";;"0,00";
"09372130";"Grafenwiesen";"Gemeinden";"52,28";"41,92";"38,24";"32,28";"47,24"
"09372135";"Hohenwarth";"Gemeinden";"26,30";"14,86";"22,68";"16,25";"17,72"
"09372137";"Bad Kötzting, St";"Gemeinden";"23,52";"23,77";"26,76";"19,56";"29,03"
"09372138";"Lam, M";"Gemeinden";"61,40";"87,66";"81,47";"50,75";"78,20"
"09372142";"Michelsneukirchen";"Gemeinden";"0,00";;;"0,00";
"09372143";"Miltach";"Gemeinden";"2,28";"1,74";"1,66";"0,00";"1,89"
"09372144";"Neukirchen b.Hl.Blut, M";"Gemeinden";"38,38";"53,06";"65,10";"31,47";"41,40"
"09372146";"Pemfling";"Gemeinden";"0,00";;;"0,00";"0,00"
"09372147";"Pösing";"Gemeinden";"0,00";;;"0,00";
"09372149";"Reichenbach";"Gemeinden";"0,00";;;"0,00";"0,00"
"09372150";"Rettenbach";"Gemeinden";"0,00";;;"0,00";"0,00"
"09372151";"Rimbach";"Gemeinden";"41,17";"41,81";"71,90";"52,12";"77,03"
"09372153";"Roding, St";"Gemeinden";"3,72";"5,10";"6,10";"4,44";"7,05"
"09372154";"Rötz, St";"Gemeinden";"9,15";"11,89";"14,06";"7,97";"10,10"
"09372155";"Runding";"Gemeinden";"35,80";"42,13";"33,50";"15,15";"28,33"
"09372157";"Schönthal";"Gemeinden";"1,30";"1,33";;"0,00";
"09372158";"Schorndorf";"Gemeinden";"0,00";;;"0,00";
"09372161";"Stamsried, M";"Gemeinden";"32,76";"25,11";;"0,00";"7,92"
"09372163";"Tiefenbach";"Gemeinden";"3,63";"2,83";"2,66";"1,86";"2,14"
"09372164";"Traitsching";"Gemeinden";"7,64";"6,48";"6,25";"4,29";"4,41"
"09372165";"Treffelstein";"Gemeinden";"1,81";"1,48";;"0,00";
"09372167";"Zell";"Gemeinden";"0,00";;;"0,00";
"09372168";"Waffenbrunn";"Gemeinden";"0,00";;;"0,00";"0,00"
"09372169";"Wald";"Gemeinden";"0,00";;;"0,00";"0,00"
"09372170";"Walderbach";"Gemeinden";"1,23";;;"0,00";
"09372171";"Waldmünchen, St";"Gemeinden";"22,16";"22,83";"24,58";"14,48";"22,25"
"09372174";"Weiding";"Gemeinden";"0,00";;;"0,00";
"09372175";"Willmering";"Gemeinden";"0,00";;;"0,00";"0,00"
"09372177";"Zandt";"Gemeinden";"30,47";"19,36";"14,35";"12,15";"15,29"
"09372178";"Lohberg";"Gemeinden";"35,11";"53,22";"48,39";"24,14";"21,47"
"09373112";"Berching, St";"Gemeinden";"4,67";"5,20";"4,77";"3,68";"5,28"
"09373113";"Berg b.Neumarkt i.d.OPf.";"Gemeinden";"3,40";"4,78";"4,06";"2,50";"4,05"
"09373114";"Berngau";"Gemeinden";"0,00";;;"0,00";
"09373115";"Breitenbrunn, M";"Gemeinden";"5,98";"3,31";"3,07";"1,73";"3,10"
"09373119";"Deining";"Gemeinden";"0,00";;;"0,00";
"09373121";"Dietfurt a.d.Altmühl, St";"Gemeinden";"7,18";"9,75";"10,01";"5,04";"7,81"
"09373126";"Freystadt, St";"Gemeinden";"0,00";;;"0,00";
"09373134";"Hohenfels, M";"Gemeinden";"0,00";;;"0,00";
"09373140";"Lauterhofen, M";"Gemeinden";"0,00";;;"0,00";
"09373143";"Lupburg, M";"Gemeinden";"0,00";;;"0,00";
"09373146";"Mühlhausen";"Gemeinden";"2,58";;;"0,00";
"09373147";"Neumarkt i.d.OPf., GKSt";"Gemeinden";"1,63";"2,44";"2,80";"1,66";"2,92"
"09373151";"Parsberg, St";"Gemeinden";"5,37";"5,03";"5,32";"4,31";"5,56"
"09373153";"Pilsach";"Gemeinden";"2,09";"1,81";"1,97";"0,00";
"09373155";"Postbauer-Heng, M";"Gemeinden";"0,00";"1,41";"1,31";"0,00";
"09373156";"Pyrbaum, M";"Gemeinden";"0,00";;;"0,00";
"09373159";"Sengenthal";"Gemeinden";"0,00";;;"0,00";
"09373160";"Seubersdorf i.d.OPf.";"Gemeinden";"0,00";;;"0,00";
"09373167";"Velburg, St";"Gemeinden";"11,59";"12,19";"12,33";"6,90";"10,64"
"09374111";"Altenstadt a.d.Waldnaab";"Gemeinden";"0,00";;;"0,00";"0,00"
"09374117";"Eschenbach i.d.OPf., St";"Gemeinden";"2,75";"4,09";"4,39";"3,90";"4,27"
"09374118";"Eslarn, M";"Gemeinden";"0,57";"0,69";;"0,00";
"09374119";"Etzenricht";"Gemeinden";"0,00";;;"0,00";
"09374121";"Floß, M";"Gemeinden";"1,61";"1,54";"1,96";"1,81";"2,37"
"09374122";"Flossenbürg";"Gemeinden";"2,46";"1,47";"1,94";"9,53";"9,22"
"09374123";"Georgenberg";"Gemeinden";"7,06";"10,72";"14,84";"9,41";"9,00"
"09374124";"Grafenwöhr, St";"Gemeinden";"3,40";"2,11";"4,12";"2,95";"4,02"
"09374127";"Irchenrieth";"Gemeinden";"0,00";;;"0,00";"0,00"
"09374128";"Kirchendemenreuth";"Gemeinden";"0,00";;;"0,00";
"09374129";"Kirchenthumbach, M";"Gemeinden";"0,00";;;"0,00";"0,00"
"09374131";"Kohlberg, M";"Gemeinden";"0,00";;;"0,00";
"09374132";"Leuchtenberg, M";"Gemeinden";"0,00";;;"0,00";"0,00"
"09374133";"Luhe-Wildenau, M";"Gemeinden";"0,00";;;"0,00";"0,00"
"09374134";"Mantel, M";"Gemeinden";"0,00";;;"0,00";"0,00"
"09374137";"Moosbach, M";"Gemeinden";"5,54";"3,53";"4,87";"3,83";"6,57"
"09374139";"Neustadt a.d.Waldnaab, St";"Gemeinden";"2,60";"2,13";"2,77";"0,97";
"09374140";"Neustadt am Kulm, St";"Gemeinden";"0,00";;;"0,00";"0,00"
"09374144";"Parkstein, M";"Gemeinden";"4,92";"5,47";"4,59";"5,43";"5,39"
"09374146";"Pirk";"Gemeinden";"0,00";;;"0,00";"0,00"
"09374147";"Pleystein, St";"Gemeinden";"6,45";"4,34";"4,92";"5,08";"2,96"
"09374148";"Trabitz";"Gemeinden";"0,00";;;"0,00";"0,00"
"09374149";"Pressath, St";"Gemeinden";"0,00";;"1,91";"1,51";"2,06"
"09374150";"Püchersreuth";"Gemeinden";"0,00";;;"0,00";
"09374154";"Schirmitz";"Gemeinden";"0,00";;;"0,00";"0,00"
"09374155";"Schlammersdorf";"Gemeinden";"0,00";;;"0,00";
"09374156";"Schwarzenbach";"Gemeinden";"0,00";;;"0,00";"0,00"
"09374157";"Speinshart";"Gemeinden";"0,00";;;"0,00";
"09374158";"Störnstein";"Gemeinden";"0,00";;;"0,00";"0,00"
"09374159";"Tännesberg, M";"Gemeinden";"11,30";"11,19";"19,25";"6,44";"10,49"
"09374160";"Theisseil";"Gemeinden";"3,49";"4,66";"5,77";"4,14";"4,88"
"09374162";"Vohenstrauß, St";"Gemeinden";"1,99";"2,47";"2,76";"1,88";"2,97"
"09374163";"Vorbach";"Gemeinden";"0,00";;;"0,00";"0,00"
"09374164";"Waidhaus, M";"Gemeinden";"5,77";"4,72";"5,02";"3,41";"3,93"
"09374165";"Waldthurn, M";"Gemeinden";"0,68";"1,05";;"0,00";
"09374166";"Weiherhammer";"Gemeinden";"0,00";;;"1,29";
"09374168";"Windischeschenbach, St";"Gemeinden";"6,71";"6,45";"5,84";"4,04";"8,32"
"09374170";"Bechtsrieth";"Gemeinden";"0,00";;;"0,00";"0,00"
"09374452";"Manteler Forst";"Gemeinden";"0,00";;;;
"09374458";"Speinsharter Forst";"Gemeinden";"0,00";;;;
"09375113";"Alteglofsheim";"Gemeinden";"0,00";;;"0,00";
"09375114";"Altenthann";"Gemeinden";"0,00";;;"0,00";"0,00"
"09375115";"Aufhausen";"Gemeinden";"0,00";;;"0,00";"0,00"
"09375116";"Bach a.d.Donau";"Gemeinden";"0,00";;;"0,00";
"09375117";"Barbing";"Gemeinden";"2,45";"5,09";"7,74";"3,94";"4,56"
"09375118";"Beratzhausen, M";"Gemeinden";"1,32";"1,09";"1,45";"0,73";"0,89"
"09375119";"Bernhardswald";"Gemeinden";"0,00";;;"0,00";
"09375120";"Brennberg";"Gemeinden";"0,00";;;"0,00";
"09375122";"Brunn";"Gemeinden";"0,00";;;"0,00";"0,00"
"09375127";"Deuerling";"Gemeinden";"0,00";;;"0,00";"0,00"
"09375130";"Donaustauf, M";"Gemeinden";"7,07";"9,00";"9,26";"6,17";"7,16"
"09375131";"Duggendorf";"Gemeinden";"0,00";;;"0,00";
"09375143";"Hagelstadt";"Gemeinden";"0,00";;;"0,00";"0,00"
"09375148";"Hemau, St";"Gemeinden";"0,73";"1,11";"0,87";"0,34";"0,27"
"09375153";"Holzheim a.Forst";"Gemeinden";"0,00";;;"0,00";"0,00"
"09375156";"Kallmünz, M";"Gemeinden";"6,51";"6,45";"7,92";"3,67";"5,28"
"09375161";"Köfering";"Gemeinden";"0,00";;;"0,00";"0,00"
"09375162";"Laaber, M";"Gemeinden";"0,00";;;"0,00";"2,14"
"09375165";"Lappersdorf, M";"Gemeinden";"1,15";"1,45";"1,81";"0,78";"1,31"
"09375170";"Mintraching";"Gemeinden";"0,00";;;"0,00";"0,00"
"09375171";"Mötzing";"Gemeinden";"0,00";;;"0,00";"0,00"
"09375174";"Neutraubling, St";"Gemeinden";"1,19";"1,75";"1,86";"0,96";"1,57"
"09375175";"Nittendorf, M";"Gemeinden";"3,18";"3,06";"2,68";"1,28";
"09375179";"Obertraubling";"Gemeinden";"0,70";"1,13";"0,94";"0,58";"0,79"
"09375180";"Pentling";"Gemeinden";"0,67";"0,68";"1,42";"0,63";"0,74"
"09375181";"Pettendorf";"Gemeinden";"0,00";;;"0,00";
"09375182";"Pfakofen";"Gemeinden";"0,00";;;"0,00";
"09375183";"Pfatter";"Gemeinden";"1,97";;;"0,00";"0,00"
"09375184";"Pielenhofen";"Gemeinden";"0,00";;;"0,00";
"09375190";"Regenstauf, M";"Gemeinden";"1,57";"1,50";"1,75";"0,85";"1,05"
"09375191";"Riekofen";"Gemeinden";"0,00";;;"0,00";"0,00"
"09375196";"Schierling, M";"Gemeinden";"0,00";;;"0,00";
"09375199";"Sinzing";"Gemeinden";"0,00";"1,36";"1,41";"1,39";"2,06"
"09375201";"Sünching";"Gemeinden";"0,00";;;"0,00";
"09375204";"Tegernheim";"Gemeinden";"0,00";"8,72";"13,22";"8,75";"14,91"
"09375205";"Thalmassing";"Gemeinden";"0,00";;;"0,00";"0,00"
"09375208";"Wenzenbach";"Gemeinden";"0,00";;;"0,00";"0,00"
"09375209";"Wiesent";"Gemeinden";"0,86";"1,63";"2,48";"1,29";"1,70"
"09375210";"Wörth a.d.Donau, St";"Gemeinden";"2,94";"2,80";"4,85";"2,25";"2,41"
"09375211";"Wolfsegg";"Gemeinden";"0,00";;;"0,00";
"09375213";"Zeitlarn";"Gemeinden";"0,00";;;"0,00";
"09375451";"Forstmühler Forst";"Gemeinden";"0,00";;;;
"09375452";"Kreuther Forst";"Gemeinden";"0,00";;;;
"09376112";"Altendorf";"Gemeinden";"0,00";;;"0,00";
"09376116";"Bodenwöhr";"Gemeinden";"5,70";"5,62";"5,46";"6,49";"8,10"
"09376117";"Bruck i.d.OPf., M";"Gemeinden";"1,34";;;"0,00";
"09376119";"Burglengenfeld, St";"Gemeinden";"0,89";"0,92";"0,80";"0,53";"0,66"
"09376122";"Dieterskirchen";"Gemeinden";"0,00";;;"0,00";"0,00"
"09376125";"Fensterbach";"Gemeinden";"0,00";;;"0,00";
"09376131";"Gleiritsch";"Gemeinden";"0,00";;;"0,00";"0,00"
"09376133";"Guteneck";"Gemeinden";"0,00";;;"0,00";
"09376141";"Maxhütte-Haidhof, St";"Gemeinden";"0,00";;;"0,75";
"09376144";"Nabburg, St";"Gemeinden";"1,04";"1,43";"1,35";"0,79";"0,86"
"09376146";"Neukirchen-Balbini, M";"Gemeinden";"0,00";;;"0,00";
"09376147";"Neunburg vorm Wald, St";"Gemeinden";"8,52";"13,01";"13,74";"10,60";"14,01"
"09376148";"Niedermurach";"Gemeinden";"0,00";;;"0,00";"0,00"
"09376149";"Nittenau, St";"Gemeinden";"1,33";"1,61";"2,46";"2,29";"3,25"
"09376150";"Wernberg-Köblitz, M";"Gemeinden";"2,75";"2,85";"2,79";"0,00";
"09376151";"Oberviechtach, St";"Gemeinden";"1,44";"1,11";"0,85";"0,80";"0,64"
"09376153";"Pfreimd, St";"Gemeinden";"0,00";"0,43";;"0,00";
"09376159";"Schmidgaden";"Gemeinden";"0,00";;;"0,00";
"09376160";"Schönsee, St";"Gemeinden";"6,69";"5,24";"6,35";"4,13";"8,38"
"09376161";"Schwandorf, GKSt";"Gemeinden";"1,08";"1,33";"1,35";"1,06";"1,21"
"09376162";"Schwarzach b.Nabburg";"Gemeinden";"0,00";;;"0,00";
"09376163";"Schwarzenfeld, M";"Gemeinden";"2,32";"2,26";"1,63";"0,29";"0,91"
"09376164";"Schwarzhofen, M";"Gemeinden";"0,00";;;"0,00";"0,00"
"09376167";"Stadlern";"Gemeinden";"0,00";;;"0,00";"0,00"
"09376168";"Steinberg am See";"Gemeinden";"2,42";;;"0,00";"13,02"
"09376169";"Stulln";"Gemeinden";"0,00";;;"0,00";"0,00"
"09376170";"Teublitz, St";"Gemeinden";"0,59";"0,74";;"0,00";
"09376171";"Teunz";"Gemeinden";"0,00";;;"0,00";"0,00"
"09376172";"Thanstein";"Gemeinden";"0,00";;"7,74";"0,00";"7,99"
"09376173";"Trausnitz";"Gemeinden";"21,34";;;"0,00";
"09376175";"Wackersdorf";"Gemeinden";"5,93";"4,10";"6,53";"8,96";"11,47"
"09376176";"Weiding";"Gemeinden";"11,79";"11,32";"7,16";"2,94";"3,41"
"09376178";"Winklarn, M";"Gemeinden";"0,00";;;"0,00";
"09376455";"Wolferlohe";"Gemeinden";"0,00";;;;
"09377112";"Bärnau, St";"Gemeinden";"2,52";"2,98";"4,31";"2,44";"4,48"
"09377113";"Brand";"Gemeinden";"3,35";;;"0,00";
"09377115";"Ebnath";"Gemeinden";"2,51";"1,38";;"0,00";
"09377116";"Erbendorf, St";"Gemeinden";"8,84";"6,84";"10,32";"0,00";"8,40"
"09377117";"Falkenberg, M";"Gemeinden";"15,09";;;"0,00";
"09377118";"Friedenfels";"Gemeinden";"4,28";"2,75";"15,05";"23,82";"19,80"
"09377119";"Fuchsmühl, M";"Gemeinden";"3,46";"1,26";"1,93";"2,52";"2,64"
"09377127";"Immenreuth";"Gemeinden";"9,05";"5,56";"1,55";"0,00";
"09377128";"Kastl";"Gemeinden";"0,00";;;"0,00";"0,00"
"09377129";"Kemnath, St";"Gemeinden";"2,01";"1,13";"1,94";"1,75";"2,51"
"09377131";"Konnersreuth, M";"Gemeinden";"0,00";;;"0,00";
"09377132";"Krummennaab";"Gemeinden";"0,00";;;"0,00";"0,00"
"09377133";"Kulmain";"Gemeinden";"2,55";;;"0,00";
"09377137";"Leonberg";"Gemeinden";"0,00";;;"0,00";
"09377139";"Mähring, M";"Gemeinden";"3,81";"4,65";"4,17";"3,23";"3,59"
"09377141";"Mitterteich, St";"Gemeinden";"1,63";"2,46";"4,00";"4,91";"6,23"
"09377142";"Bad Neualbenreuth, M";"Gemeinden";"55,98";"48,35";"66,20";"43,41";"61,65"
"09377143";"Neusorg";"Gemeinden";"2,88";;;"0,00";
"09377145";"Pechbrunn";"Gemeinden";"0,00";;;"0,00";
"09377146";"Plößberg, M";"Gemeinden";"3,64";"3,56";"2,63";"2,12";"2,09"
"09377148";"Pullenreuth";"Gemeinden";"1,46";"1,58";"2,55";"2,40";"2,92"
"09377149";"Reuth b.Erbendorf";"Gemeinden";"0,00";;;"0,00";
"09377154";"Tirschenreuth, St";"Gemeinden";"2,47";"2,93";"3,53";"3,07";"4,24"
"09377157";"Waldershof, St";"Gemeinden";"0,78";"0,74";;"0,00";
"09377158";"Waldsassen, St";"Gemeinden";"3,94";"4,45";"5,06";"3,39";"5,14"
"09377159";"Wiesau, M";"Gemeinden";"1,88";"6,04";"7,18";"4,92";"7,26"
"09461000";"Bamberg";"Gemeinden";"5,56";"7,34";"8,87";"5,94";"10,75"
"09462000";"Bayreuth";"Gemeinden";"3,75";"4,43";"5,16";"4,02";"7,01"
"09463000";"Coburg";"Gemeinden";"2,66";"2,75";"3,45";"1,87";"3,83"
"09464000";"Hof";"Gemeinden";"2,23";"3,06";"3,23";"2,35";"3,04"
"09471111";"Altendorf";"Gemeinden";"0,00";;;"0,00";"0,00"
"09471115";"Baunach, St";"Gemeinden";"0,00";;;"0,00";
"09471117";"Bischberg";"Gemeinden";"0,00";;;"0,00";"2,15"
"09471119";"Breitengüßbach";"Gemeinden";"2,87";"2,33";"2,52";"1,54";"2,24"
"09471120";"Burgebrach, M";"Gemeinden";"0,77";;;"0,00";
"09471122";"Burgwindheim, M";"Gemeinden";"0,00";;;"0,00";"0,00"
"09471123";"Buttenheim, M";"Gemeinden";"2,35";"4,08";"4,45";"3,09";"4,10"
"09471128";"Ebrach, M";"Gemeinden";"13,98";"9,41";"8,83";"6,61";"9,09"
"09471131";"Frensdorf";"Gemeinden";"0,00";;;"0,00";"0,00"
"09471133";"Gerach";"Gemeinden";"0,00";;;"0,00";"0,00"
"09471137";"Gundelsheim";"Gemeinden";"0,00";;;"0,00";"0,00"
"09471140";"Hallstadt, St";"Gemeinden";"0,00";;;"2,79";"3,75"
"09471142";"Heiligenstadt i.OFr., M";"Gemeinden";"15,57";"15,87";"16,16";"12,77";"18,90"
"09471145";"Hirschaid, M";"Gemeinden";"5,16";"4,77";"5,62";"2,78";"4,38"
"09471150";"Kemmern";"Gemeinden";"0,00";;;"0,00";
"09471151";"Königsfeld";"Gemeinden";"0,00";;;"0,00";
"09471152";"Lauter";"Gemeinden";"0,00";;;"0,00";"0,00"
"09471154";"Lisberg";"Gemeinden";"0,00";;;"0,00";
"09471155";"Litzendorf";"Gemeinden";"1,18";"1,40";"1,53";"0,58";"0,89"
"09471159";"Memmelsdorf";"Gemeinden";"0,00";;;"0,00";
"09471165";"Oberhaid";"Gemeinden";"0,00";;;"0,00";"0,00"
"09471169";"Pettstadt";"Gemeinden";"0,00";;;"0,00";"0,00"
"09471172";"Pommersfelden";"Gemeinden";"5,84";"5,97";"1,70";"0,96";"2,00"
"09471173";"Priesendorf";"Gemeinden";"0,00";;;"0,00";"0,00"
"09471174";"Rattelsdorf, M";"Gemeinden";"0,59";;"0,73";"1,97";"2,22"
"09471175";"Reckendorf";"Gemeinden";"0,00";;;"0,00";"0,00"
"09471185";"Scheßlitz, St";"Gemeinden";"1,41";"2,28";"2,44";"1,67";"2,19"
"09471186";"Schönbrunn i.Steigerwald";"Gemeinden";"0,00";;;"0,00";"0,00"
"09471189";"Stadelhofen";"Gemeinden";"0,00";;;"0,00";"0,00"
"09471191";"Stegaurach";"Gemeinden";"2,39";"2,34";"2,29";"0,77";"1,39"
"09471195";"Strullendorf";"Gemeinden";"1,08";"1,62";"3,32";"2,69";"3,67"
"09471207";"Viereth-Trunstadt";"Gemeinden";"0,00";;;"0,00";
"09471208";"Walsdorf";"Gemeinden";"0,00";;;"0,00";"0,00"
"09471209";"Wattendorf";"Gemeinden";"0,00";;;"0,00";"0,00"
"09471214";"Zapfendorf, M";"Gemeinden";"0,63";;;"0,00";
"09471220";"Schlüsselfeld, St";"Gemeinden";"5,81";"7,75";"8,84";"4,32";"4,33"
"09471452";"Ebracher Forst";"Gemeinden";"0,00";;;;
"09471453";"Eichwald";"Gemeinden";"0,00";;;;
"09471454";"Geisberger Forst";"Gemeinden";"0,00";;;;
"09471455";"Hauptsmoor";"Gemeinden";"0,00";;;;
"09471456";"Koppenwinder Forst";"Gemeinden";"0,00";;;;
"09471457";"Lindach";"Gemeinden";"0,00";;;;
"09471459";"Semberg";"Gemeinden";"0,00";;;;
"09471460";"Steinachsrangen";"Gemeinden";"0,00";;;;
"09471461";"Winkelhofer Forst";"Gemeinden";"0,00";;;;
"09471462";"Zückshuter Forst";"Gemeinden";"0,00";;;;
"09472111";"Ahorntal";"Gemeinden";"4,47";"4,31";"6,74";"4,67";"5,82"
"09472115";"Aufseß";"Gemeinden";"10,19";"21,11";"16,52";"8,88";"14,15"
"09472116";"Bad Berneck i.Fichtelgebirge, St";"Gemeinden";"4,04";"4,61";"4,11";"3,79";"5,22"
"09472118";"Betzenstein, St";"Gemeinden";"6,75";"8,48";"8,15";"5,85";"16,61"
"09472119";"Bindlach";"Gemeinden";"2,52";;;"0,00";
"09472121";"Bischofsgrün";"Gemeinden";"78,48";"81,42";"81,50";"49,44";"85,77"
"09472127";"Creußen, St";"Gemeinden";"0,00";;;"0,00";
"09472131";"Eckersdorf";"Gemeinden";"0,63";"1,11";;"0,00";
"09472133";"Emtmannsberg";"Gemeinden";"0,00";;;"0,00";"0,00"
"09472138";"Fichtelberg";"Gemeinden";"29,15";"25,37";"30,33";"36,29";"45,98"
"09472139";"Gefrees, St";"Gemeinden";"0,52";"0,66";"0,72";"0,82";"0,99"
"09472140";"Gesees";"Gemeinden";"0,00";;;"0,00";"0,00"
"09472141";"Glashütten";"Gemeinden";"0,00";;;"0,00";
"09472143";"Goldkronach, St";"Gemeinden";"0,00";;;"0,00";
"09472146";"Haag";"Gemeinden";"0,00";;;"0,00";"0,00"
"09472150";"Heinersreuth";"Gemeinden";"0,00";;;"0,00";
"09472154";"Hollfeld, St";"Gemeinden";"2,47";"2,47";"2,20";"1,93";"3,19"
"09472155";"Hummeltal";"Gemeinden";"0,00";;;"0,00";
"09472156";"Kirchenpingarten";"Gemeinden";"0,00";;;"0,00";"0,00"
"09472164";"Mehlmeisel";"Gemeinden";"2,73";"1,91";"2,18";"1,76";"5,00"
"09472166";"Mistelbach";"Gemeinden";"0,00";;;"0,00";"0,00"
"09472167";"Mistelgau";"Gemeinden";"1,58";"2,31";"3,75";"2,05";"2,31"
"09472175";"Pegnitz, St";"Gemeinden";"4,56";"7,26";"7,63";"2,92";"6,10"
"09472176";"Plankenfels";"Gemeinden";"0,00";;;"0,00";
"09472177";"Plech, M";"Gemeinden";"9,54";"9,02";"9,22";"8,49";"8,24"
"09472179";"Pottenstein, St";"Gemeinden";"22,72";"21,15";"25,03";"15,55";"22,13"
"09472180";"Prebitz";"Gemeinden";"0,00";;;"0,00";"0,00"
"09472184";"Schnabelwaid, M";"Gemeinden";"0,00";;;"0,00";"0,00"
"09472188";"Seybothenreuth";"Gemeinden";"0,00";;;"0,00";
"09472190";"Speichersdorf";"Gemeinden";"1,76";"1,67";"1,69";"0,66";"1,39"
"09472197";"Waischenfeld, St";"Gemeinden";"8,79";"10,14";"11,05";"8,64";"13,04"
"09472198";"Warmensteinach";"Gemeinden";"31,24";"27,49";"32,48";"23,34";"29,82"
"09472199";"Weidenberg, M";"Gemeinden";"1,77";"1,65";"0,82";"0,00";
"09472451";"Bischofsgrüner Forst";"Gemeinden";"0,00";;;;
"09472453";"Fichtelberg";"Gemeinden";"0,00";;;;
"09472454";"Forst Neustädtlein a.Forst";"Gemeinden";"0,00";;;;
"09472456";"Glashüttener Forst";"Gemeinden";"0,00";;;;
"09472458";"Heinersreuther Forst";"Gemeinden";"0,00";;;;
"09472463";"Neubauer Forst-Nord";"Gemeinden";"0,00";;;;
"09472464";"Prüll";"Gemeinden";"0,00";;;;
"09472468";"Veldensteinerforst";"Gemeinden";"0,00";;;;
"09472469";"Waidacher Forst";"Gemeinden";"0,00";;;;
"09472470";"Warmensteinacher Forst-Nord";"Gemeinden";"0,00";;;;
"09473112";"Ahorn";"Gemeinden";"1,91";"2,49";"1,59";"3,05";"1,98"
"09473120";"Dörfles-Esbach";"Gemeinden";"0,00";;;"0,00";
"09473121";"Ebersdorf b.Coburg";"Gemeinden";"0,00";;;"0,00";"0,00"
"09473132";"Großheirath";"Gemeinden";"0,00";;;"0,00";
"09473134";"Grub a.Forst";"Gemeinden";"2,49";"2,60";"3,03";"2,04";
"09473138";"Itzgrund";"Gemeinden";"0,00";;;"0,00";
"09473141";"Lautertal";"Gemeinden";"0,00";;;"0,00";
"09473144";"Meeder";"Gemeinden";"0,00";;;"0,00";
"09473151";"Neustadt b.Coburg, GKSt";"Gemeinden";"0,53";"0,41";"0,50";"0,00";"0,37"
"09473153";"Niederfüllbach";"Gemeinden";"0,00";;;"0,00";
"09473158";"Bad Rodach, St";"Gemeinden";"18,51";"32,53";"32,97";"22,16";"30,78"
"09473159";"Rödental, St";"Gemeinden";"0,86";"1,33";"1,40";"0,86";"1,75"
"09473165";"Seßlach, St";"Gemeinden";"1,95";"2,98";"3,61";"3,61";"5,18"
"09473166";"Sonnefeld";"Gemeinden";"0,00";;;"0,00";
"09473170";"Untersiemau";"Gemeinden";"0,00";;;"0,00";"0,00"
"09473174";"Weidhausen b.Coburg";"Gemeinden";"0,00";;;"0,00";
"09473175";"Weitramsdorf";"Gemeinden";"0,00";;;"0,00";"0,00"
"09473452";"Callenberger Forst-West";"Gemeinden";"0,00";;;;
"09473453";"Gellnhausen";"Gemeinden";"0,00";;;;
"09473454";"Köllnholz";"Gemeinden";"0,00";;;;
"09474119";"Dormitz";"Gemeinden";"0,00";;;"0,00";"0,00"
"09474121";"Ebermannstadt, St";"Gemeinden";"9,86";"8,81";"8,60";"3,69";"7,00"
"09474122";"Effeltrich";"Gemeinden";"1,08";"1,12";;"0,00";
"09474123";"Eggolsheim, M";"Gemeinden";"0,00";;;"0,00";
"09474124";"Egloffstein, M";"Gemeinden";"10,28";"10,75";"10,81";"8,47";"10,76"
"09474126";"Forchheim, GKSt";"Gemeinden";"1,00";"1,19";"1,11";"1,50";"3,18"
"09474129";"Gößweinstein, M";"Gemeinden";"15,09";"17,02";"17,24";"12,87";"17,73"
"09474132";"Gräfenberg, St";"Gemeinden";"0,00";;;"3,03";"3,16"
"09474133";"Hallerndorf";"Gemeinden";"4,78";"5,17";"5,35";"3,69";"5,04"
"09474134";"Hausen";"Gemeinden";"0,00";;;"0,00";
"09474135";"Heroldsbach";"Gemeinden";"0,00";;;"0,00";
"09474137";"Hetzles";"Gemeinden";"0,00";;;"0,00";"0,00"
"09474138";"Hiltpoltstein, M";"Gemeinden";"0,00";;;"0,00";
"09474140";"Igensdorf, M";"Gemeinden";"0,00";;;"0,00";"0,00"
"09474143";"Kirchehrenbach";"Gemeinden";"0,00";;;"0,00";"0,00"
"09474144";"Kleinsendelbach";"Gemeinden";"0,00";;;"0,00";"0,00"
"09474145";"Kunreuth";"Gemeinden";"0,00";;;"0,00";
"09474146";"Langensendelbach";"Gemeinden";"2,96";"2,79";"2,99";"1,17";"1,63"
"09474147";"Leutenbach";"Gemeinden";"3,91";"3,30";"5,65";"4,19";"4,57"
"09474154";"Neunkirchen a.Brand, M";"Gemeinden";"0,80";"1,69";"2,90";"1,28";"2,12"
"09474156";"Obertrubach";"Gemeinden";"26,61";"24,88";"24,10";"13,78";"25,96"
"09474158";"Pinzberg";"Gemeinden";"1,43";;"3,36";"1,66";"2,12"
"09474160";"Poxdorf";"Gemeinden";"0,00";;;"0,00";"0,00"
"09474161";"Pretzfeld, M";"Gemeinden";"0,00";;;"0,00";
"09474168";"Unterleinleiter";"Gemeinden";"0,00";;;"0,00";"0,00"
"09474171";"Weilersbach";"Gemeinden";"0,00";;;"0,00";
"09474173";"Weißenohe";"Gemeinden";"0,00";;;"0,00";"0,00"
"09474175";"Wiesenthau";"Gemeinden";"0,00";;"2,29";"1,23";"2,08"
"09474176";"Wiesenttal, M";"Gemeinden";"17,12";"21,54";"16,07";"7,29";"10,43"
"09475112";"Bad Steben, M";"Gemeinden";"96,51";"97,57";"99,49";"70,08";"100,84"
"09475113";"Berg";"Gemeinden";"7,61";"8,83";"6,77";"5,36";"8,09"
"09475120";"Döhlau";"Gemeinden";"0,00";;;"0,00";"0,00"
"09475123";"Feilitzsch";"Gemeinden";"0,00";;;"0,00";"0,00"
"09475127";"Gattendorf";"Gemeinden";"0,00";;;"0,00";
"09475128";"Geroldsgrün";"Gemeinden";"0,47";"0,46";;"0,00";"0,00"
"09475136";"Helmbrechts, St";"Gemeinden";"0,81";"0,89";"1,09";"1,04";"1,41"
"09475137";"Issigau";"Gemeinden";"0,00";;;"0,00";
"09475141";"Köditz";"Gemeinden";"3,42";"3,90";"4,56";"3,78";"8,02"
"09475142";"Konradsreuth";"Gemeinden";"0,00";;;"0,00";
"09475145";"Leupoldsgrün";"Gemeinden";"0,00";;;"0,00";"0,00"
"09475146";"Lichtenberg, St";"Gemeinden";"5,65";"5,15";"4,50";"3,73";"12,29"
"09475154";"Münchberg, St";"Gemeinden";"1,17";"1,64";"1,58";"0,82";"1,82"
"09475156";"Naila, St";"Gemeinden";"0,55";"0,84";"1,27";"0,00";
"09475158";"Oberkotzau, M";"Gemeinden";"0,00";;;"0,00";"0,00"
"09475161";"Regnitzlosau";"Gemeinden";"0,00";;;"0,00";
"09475162";"Rehau, St";"Gemeinden";"2,32";"1,32";"1,07";"0,89";"1,35"
"09475165";"Schauenstein, St";"Gemeinden";"0,00";;;"0,00";"0,00"
"09475168";"Schwarzenbach a.d.Saale, St";"Gemeinden";"0,34";;;"0,00";"0,00"
"09475169";"Schwarzenbach a.Wald, St";"Gemeinden";"2,48";"2,61";"2,29";"0,93";"1,87"
"09475171";"Selbitz, St";"Gemeinden";"4,49";"4,73";"4,49";"3,62";"5,87"
"09475174";"Sparneck, M";"Gemeinden";"0,00";;;"0,00";"0,00"
"09475175";"Stammbach, M";"Gemeinden";"0,00";;;"0,00";
"09475181";"Töpen";"Gemeinden";"0,00";;;"0,00";
"09475182";"Trogen";"Gemeinden";"0,00";;;"0,00";
"09475184";"Weißdorf";"Gemeinden";"0,00";;;"0,00";
"09475189";"Zell im Fichtelgebirge, M";"Gemeinden";"1,81";"2,57";"2,13";"2,36";"3,55"
"09475451";"Forst Schwarzenbach a.Wald";"Gemeinden";"0,00";;;;
"09475452";"Gerlaser Forst";"Gemeinden";"0,00";;;;
"09475453";"Geroldsgrüner Forst";"Gemeinden";"0,00";;;;
"09475454";"Martinlamitzer Forst-Nord";"Gemeinden";"0,00";;;;
"09476145";"Kronach, St";"Gemeinden";"2,48";"2,86";"2,70";"1,76";"2,52"
"09476146";"Küps, M";"Gemeinden";"0,39";"0,38";;"0,00";"0,00"
"09476152";"Ludwigsstadt, St";"Gemeinden";"2,22";"2,00";"1,81";"0,00";
"09476154";"Mitwitz, M";"Gemeinden";"11,65";"11,94";"13,24";"9,40";"9,18"
"09476159";"Nordhalben, M";"Gemeinden";"0,00";;;"0,00";
"09476164";"Pressig, M";"Gemeinden";"0,00";;;"0,00";
"09476166";"Reichenbach";"Gemeinden";"0,00";;;"0,00";"0,00"
"09476171";"Schneckenlohe";"Gemeinden";"0,00";;;"0,00";
"09476175";"Steinbach a.Wald";"Gemeinden";"2,61";"3,47";"3,63";"3,17";"4,84"
"09476177";"Steinwiesen, M";"Gemeinden";"14,09";"11,52";;"0,00";
"09476178";"Stockheim";"Gemeinden";"1,88";"1,83";"2,15";"3,88";"4,57"
"09476179";"Tettau, M";"Gemeinden";"0,53";"1,02";"0,80";"0,00";
"09476180";"Teuschnitz, St";"Gemeinden";"0,00";;;"0,00";
"09476182";"Tschirn";"Gemeinden";"0,00";;;"0,00";"0,00"
"09476183";"Marktrodach, M";"Gemeinden";"0,46";"0,82";"1,35";"1,40";"2,50"
"09476184";"Wallenfels, St";"Gemeinden";"5,42";"4,29";"3,72";"3,11";"5,16"
"09476185";"Weißenbrunn";"Gemeinden";"0,00";;;"0,00";
"09476189";"Wilhelmsthal";"Gemeinden";"4,42";"4,47";"4,80";"2,70";"3,08"
"09476451";"Birnbaum";"Gemeinden";"0,00";;;;
"09476453";"Langenbacher Forst";"Gemeinden";"0,00";;;;
"09477117";"Grafengehaig, M";"Gemeinden";"0,00";;;"0,00";
"09477118";"Guttenberg";"Gemeinden";"0,00";;;"0,00";"0,00"
"09477119";"Harsdorf";"Gemeinden";"0,00";;;"0,00";"0,00"
"09477121";"Himmelkron";"Gemeinden";"4,75";"5,56";"5,31";"2,34";
"09477124";"Kasendorf, M";"Gemeinden";"0,00";;;"0,00";
"09477127";"Ködnitz";"Gemeinden";"0,00";;;"0,00";"0,00"
"09477128";"Kulmbach, GKSt";"Gemeinden";"2,93";"2,93";"2,58";"3,07";"3,20"
"09477129";"Kupferberg, St";"Gemeinden";"0,00";;;"0,00";"0,00"
"09477135";"Ludwigschorgast, M";"Gemeinden";"0,00";;;"0,00";"0,00"
"09477136";"Mainleus, M";"Gemeinden";"2,65";"1,51";"1,60";"1,18";"2,16"
"09477138";"Marktleugast, M";"Gemeinden";"3,30";"3,95";"5,14";"4,42";"5,75"
"09477139";"Marktschorgast, M";"Gemeinden";"1,67";"4,08";"3,94";"2,29";"3,64"
"09477142";"Neudrossenfeld";"Gemeinden";"0,00";;"1,95";"1,40";"1,59"
"09477143";"Neuenmarkt";"Gemeinden";"0,00";;;"0,00";"0,00"
"09477148";"Presseck, M";"Gemeinden";"5,39";"5,75";"6,66";"6,30";"5,74"
"09477151";"Rugendorf";"Gemeinden";"0,00";;;"0,00";"0,00"
"09477156";"Stadtsteinach, St";"Gemeinden";"4,66";"4,32";"4,92";"5,05";"4,96"
"09477157";"Thurnau, M";"Gemeinden";"1,31";"2,16";;"1,92";"3,03"
"09477158";"Trebgast";"Gemeinden";"4,05";;;"0,00";
"09477159";"Untersteinach";"Gemeinden";"0,00";;;"0,00";"0,00"
"09477163";"Wirsberg, M";"Gemeinden";"24,42";"24,12";"24,34";"15,01";"19,78"
"09477164";"Wonsees, M";"Gemeinden";"0,00";;;"0,00";
"09478111";"Altenkunstadt";"Gemeinden";"2,78";"3,59";"3,74";"2,73";"4,13"
"09478116";"Burgkunstadt, St";"Gemeinden";"0,00";;"2,81";"1,79";
"09478120";"Ebensfeld, M";"Gemeinden";"3,54";"3,05";"2,40";"1,69";"2,83"
"09478127";"Hochstadt a.Main";"Gemeinden";"0,00";;;"0,00";"0,00"
"09478139";"Lichtenfels, St";"Gemeinden";"3,47";"3,66";"3,76";"2,64";"3,91"
"09478143";"Marktgraitz, M";"Gemeinden";"0,00";;;"0,00";
"09478144";"Marktzeuln, M";"Gemeinden";"0,00";;;"0,00";"0,00"
"09478145";"Michelau i.OFr.";"Gemeinden";"0,76";"0,88";;"0,00";
"09478155";"Redwitz a.d.Rodach";"Gemeinden";"0,00";;;"0,00";
"09478165";"Bad Staffelstein, St";"Gemeinden";"42,93";"45,62";"46,51";"30,48";"43,66"
"09478176";"Weismain, St";"Gemeinden";"3,10";"3,00";"2,37";"3,68";"2,96"
"09478451";"Breitengüßbacher Forst";"Gemeinden";"0,00";;;;
"09478453";"Neuensorger Forst";"Gemeinden";"0,00";;;;
"09479111";"Bad Alexandersbad";"Gemeinden";"58,36";"56,21";"55,43";"35,84";"54,84"
"09479112";"Arzberg, St";"Gemeinden";"0,00";;;"0,00";
"09479126";"Höchstädt i.Fichtelgebirge";"Gemeinden";"0,00";;;"0,00";
"09479127";"Hohenberg a.d.Eger, St";"Gemeinden";"19,01";"16,72";"8,72";"5,71";"5,97"
"09479129";"Kirchenlamitz, St";"Gemeinden";"0,00";;;"0,00";"1,28"
"09479135";"Marktleuthen, St";"Gemeinden";"1,17";"1,80";"2,08";"1,77";"2,12"
"09479136";"Marktredwitz, GKSt";"Gemeinden";"1,60";"1,60";"1,73";"1,91";"2,62"
"09479138";"Nagel";"Gemeinden";"0,00";;;"0,00";"0,00"
"09479145";"Röslau";"Gemeinden";"0,00";;;"0,00";
"09479147";"Schirnding, M";"Gemeinden";"0,00";;;"0,00";"0,00"
"09479150";"Schönwald, St";"Gemeinden";"3,60";"3,82";"5,31";"2,91";"4,93"
"09479152";"Selb, GKSt";"Gemeinden";"1,89";"2,31";"2,70";"1,60";"2,87"
"09479158";"Thiersheim, M";"Gemeinden";"0,00";;;"0,00";"0,00"
"09479159";"Thierstein, M";"Gemeinden";"0,00";;;"0,00";
"09479161";"Tröstau";"Gemeinden";"8,39";"10,49";"11,07";"10,30";"15,84"
"09479166";"Weißenstadt, St";"Gemeinden";"22,66";"26,83";"45,35";"21,92";"50,79"
"09479169";"Wunsiedel, St";"Gemeinden";"3,65";"3,01";"3,20";"1,76";"3,27"
"09479453";"Kaiserhammer Forst-Ost";"Gemeinden";"0,00";;;;
"09479455";"Martinlamitzer Forst-Süd";"Gemeinden";"0,00";;;;
"09479456";"Meierhöfer Seite";"Gemeinden";"0,00";;;;
"09479457";"Neubauer Forst-Süd";"Gemeinden";"0,00";;;;
"09479459";"Tröstauer Forst-Ost";"Gemeinden";"0,00";;;;
"09479460";"Tröstauer Forst-West";"Gemeinden";"0,00";;;;
"09479461";"Vordorfer Forst";"Gemeinden";"0,00";;;;
"09479462";"Weißenstadter Forst-Nord";"Gemeinden";"0,00";;;;
"09479463";"Weißenstadter Forst-Süd";"Gemeinden";"0,00";;;;
"09561000";"Ansbach";"Gemeinden";"3,95";"2,55";"2,53";"2,22";"3,16"
"09562000";"Erlangen";"Gemeinden";"4,00";"4,74";"4,59";"2,49";"5,56"
"09563000";"Fürth";"Gemeinden";"1,87";"2,04";"1,89";"1,45";"2,31"
"09564000";"Nürnberg";"Gemeinden";"4,23";"5,35";"6,46";"2,93";"6,74"
"09565000";"Schwabach";"Gemeinden";"1,12";"1,99";"2,14";"1,23";"2,42"
"09571111";"Adelshofen";"Gemeinden";"0,00";"1,75";"12,74";"10,46";"9,99"
"09571113";"Arberg, M";"Gemeinden";"0,00";;;"0,00";
"09571114";"Aurach";"Gemeinden";"5,04";"6,80";;"0,00";"5,56"
"09571115";"Bechhofen, M";"Gemeinden";"1,07";"1,38";"1,64";"0,86";"1,36"
"09571122";"Bruckberg";"Gemeinden";"0,00";;;"0,00";"0,00"
"09571125";"Buch a.Wald";"Gemeinden";"3,88";"2,23";"2,13";"0,00";
"09571127";"Burgoberbach";"Gemeinden";"0,69";;;"0,00";
"09571128";"Burk";"Gemeinden";"0,00";"0,00";"0,00";"0,00";"0,00"
"09571130";"Colmberg, M";"Gemeinden";"10,00";"14,87";"16,58";"11,84";"16,14"
"09571132";"Dentlein a.Forst, M";"Gemeinden";"0,00";;;"0,00";"0,00"
"09571134";"Diebach";"Gemeinden";"0,00";;"2,90";"0,00";
"09571135";"Dietenhofen, M";"Gemeinden";"0,00";;"1,80";"0,93";"1,39"
"09571136";"Dinkelsbühl, GKSt";"Gemeinden";"8,82";"8,55";"14,31";"12,16";"24,64"
"09571137";"Dombühl, M";"Gemeinden";"0,00";;;"0,00";
"09571139";"Dürrwangen, M";"Gemeinden";"0,00";;;"0,00";
"09571141";"Ehingen";"Gemeinden";"0,00";;;"0,00";
"09571145";"Feuchtwangen, St";"Gemeinden";"5,97";"6,98";"7,04";"3,96";"6,37"
"09571146";"Flachslanden, M";"Gemeinden";"0,53";"1,30";"1,50";"0,50";"0,51"
"09571152";"Gebsattel";"Gemeinden";"8,69";"10,85";"10,71";"5,06";"7,48"
"09571154";"Gerolfingen";"Gemeinden";"19,55";"22,52";"27,27";"13,53";"27,66"
"09571155";"Geslau";"Gemeinden";"3,77";"4,42";"4,92";"50,14";"74,65"
"09571165";"Heilsbronn, St";"Gemeinden";"1,97";"2,08";"1,74";"1,04";"2,46"
"09571166";"Herrieden, St";"Gemeinden";"3,27";"3,74";"6,14";"5,45";"8,31"
"09571169";"Insingen";"Gemeinden";"5,63";"5,55";;"0,00";
"09571170";"Langfurth";"Gemeinden";"0,00";;;"0,00";
"09571171";"Lehrberg, M";"Gemeinden";"0,00";"2,84";"2,53";"1,08";"0,93"
"09571174";"Leutershausen, St";"Gemeinden";"1,27";"2,47";"2,92";"1,86";"2,49"
"09571175";"Lichtenau, M";"Gemeinden";"1,01";"1,01";"1,03";"0,33";
"09571177";"Merkendorf, St";"Gemeinden";"3,36";"1,83";"1,80";"2,20";"6,06"
"09571178";"Mitteleschenbach";"Gemeinden";"0,00";;;"0,00";
"09571179";"Mönchsroth";"Gemeinden";"0,00";;;"0,00";
"09571180";"Neuendettelsau";"Gemeinden";"3,78";"4,32";"4,89";"2,79";"3,70"
"09571181";"Neusitz";"Gemeinden";"2,02";"1,88";;"0,00";
"09571183";"Oberdachstetten";"Gemeinden";"0,00";;;"0,00";"8,54"
"09571188";"Ohrenbach";"Gemeinden";"0,00";;;"0,00";
"09571189";"Ornbau, St";"Gemeinden";"0,00";;;"0,00";"0,00"
"09571190";"Petersaurach";"Gemeinden";"0,00";;;"0,00";
"09571192";"Röckingen";"Gemeinden";"0,00";;;"0,00";
"09571193";"Rothenburg ob der Tauber, GKSt";"Gemeinden";"37,88";"47,75";"45,96";"23,15";"46,66"
"09571194";"Rügland";"Gemeinden";"0,00";;;"0,00";
"09571196";"Sachsen b.Ansbach";"Gemeinden";"0,00";;;"0,00";
"09571198";"Schillingsfürst, St";"Gemeinden";"4,10";"3,90";"4,04";"2,84";"4,87"
"09571199";"Schnelldorf";"Gemeinden";"3,16";"3,83";"2,79";"1,54";"3,64"
"09571200";"Schopfloch, M";"Gemeinden";"0,00";;;"0,00";"0,00"
"09571205";"Steinsfeld";"Gemeinden";"13,76";"18,53";"20,78";"12,06";"22,64"
"09571208";"Unterschwaningen";"Gemeinden";"7,00";"8,16";"8,83";"9,62";"13,86"
"09571214";"Wassertrüdingen, St";"Gemeinden";"0,37";"1,52";"0,79";"0,56";"1,44"
"09571216";"Weidenbach, M";"Gemeinden";"2,64";"2,73";"2,69";"0,00";"5,96"
"09571217";"Weihenzell";"Gemeinden";"0,00";;;"0,00";"0,00"
"09571218";"Weiltingen, M";"Gemeinden";"0,00";;;"0,00";
"09571222";"Wettringen";"Gemeinden";"0,00";;;"0,00";"0,00"
"09571223";"Wieseth";"Gemeinden";"0,00";;;"0,00";"0,00"
"09571224";"Wilburgstetten";"Gemeinden";"0,00";;;"0,00";"0,00"
"09571225";"Windelsbach";"Gemeinden";"8,62";"11,00";"14,35";"9,99";"12,92"
"09571226";"Windsbach, St";"Gemeinden";"1,15";"1,38";"1,87";"1,64";"2,14"
"09571227";"Wittelshofen";"Gemeinden";"0,00";;;"0,00";
"09571228";"Wörnitz";"Gemeinden";"0,00";;;"0,00";
"09571229";"Wolframs-Eschenbach, St";"Gemeinden";"5,57";"5,26";"6,30";"6,55";"9,34"
"09571451";"Unterer Wald";"Gemeinden";"0,00";;;;
"09572111";"Adelsdorf";"Gemeinden";"2,25";"2,62";"2,95";"1,44";"2,73"
"09572114";"Aurachtal";"Gemeinden";"0,00";;;"0,00";
"09572115";"Baiersdorf, St";"Gemeinden";"0,00";;;"0,00";"0,00"
"09572119";"Bubenreuth";"Gemeinden";"0,00";;;"0,00";
"09572120";"Buckenhof";"Gemeinden";"0,00";;;"0,00";"0,00"
"09572121";"Eckental, M";"Gemeinden";"0,32";"0,50";"0,57";"0,00";
"09572126";"Gremsdorf";"Gemeinden";"4,15";;;"0,00";
"09572127";"Großenseebach";"Gemeinden";"0,00";;;"0,00";
"09572130";"Hemhofen";"Gemeinden";"0,00";;;"0,00";
"09572131";"Heroldsberg, M";"Gemeinden";"2,27";"2,16";"1,81";"1,02";
"09572132";"Herzogenaurach, St";"Gemeinden";"10,49";"10,57";"11,24";"7,85";"11,17"
"09572133";"Heßdorf";"Gemeinden";"2,67";"5,31";"5,05";"0,00";"0,00"
"09572135";"Höchstadt a.d.Aisch, St";"Gemeinden";"0,88";"1,15";;"0,00";
"09572137";"Kalchreuth";"Gemeinden";"0,00";;;"0,00";
"09572139";"Lonnerstadt, M";"Gemeinden";"0,00";;;"0,00";"0,00"
"09572141";"Marloffstein";"Gemeinden";"0,00";;;"0,00";
"09572142";"Möhrendorf";"Gemeinden";"0,00";;;"0,00";
"09572143";"Mühlhausen, M";"Gemeinden";"0,00";;;"0,00";"0,00"
"09572147";"Oberreichenbach";"Gemeinden";"0,00";;;"0,00";
"09572149";"Röttenbach";"Gemeinden";"0,00";;"1,18";"2,17";"2,62"
"09572154";"Spardorf";"Gemeinden";"0,00";;;"0,00";"0,00"
"09572158";"Uttenreuth";"Gemeinden";"0,00";;;"0,00";
"09572159";"Vestenbergsgreuth, M";"Gemeinden";"0,00";;;"0,00";
"09572160";"Wachenroth, M";"Gemeinden";"8,34";"6,45";"5,44";"6,36";"8,18"
"09572164";"Weisendorf, M";"Gemeinden";"2,28";"2,25";"3,13";"1,40";
"09572451";"Birkach";"Gemeinden";"0,00";;;;
"09572452";"Buckenhofer Forst";"Gemeinden";"0,00";;;;
"09572453";"Dormitzer Forst";"Gemeinden";"0,00";;;;
"09572454";"Erlenstegener Forst";"Gemeinden";"0,00";;;;
"09572455";"Forst Tennenlohe";"Gemeinden";"0,00";;;;
"09572456";"Geschaidt";"Gemeinden";"0,00";;;;
"09572457";"Kalchreuther Forst";"Gemeinden";"0,00";;;;
"09572458";"Kraftshofer Forst";"Gemeinden";"0,00";;;;
"09572459";"Mark";"Gemeinden";"0,00";;;;
"09572460";"Neunhofer Forst";"Gemeinden";"0,00";;;;
"09573111";"Ammerndorf, M";"Gemeinden";"0,00";;;"0,00";
"09573114";"Cadolzburg, M";"Gemeinden";"0,69";;"1,09";"0,29";
"09573115";"Großhabersdorf";"Gemeinden";"0,00";;;"0,00";
"09573120";"Langenzenn, St";"Gemeinden";"0,47";;"1,36";"1,02";"1,26"
"09573122";"Oberasbach, St";"Gemeinden";"0,49";"0,73";"1,93";"1,25";"2,01"
"09573123";"Obermichelbach";"Gemeinden";"0,00";;;"0,00";"0,00"
"09573124";"Puschendorf";"Gemeinden";"0,00";;;"0,00";
"09573125";"Roßtal, M";"Gemeinden";"0,83";"0,88";"1,37";"0,86";"1,41"
"09573126";"Seukendorf";"Gemeinden";"0,00";;;"0,00";
"09573127";"Stein, St";"Gemeinden";"1,07";"1,12";"1,24";"0,70";"1,11"
"09573129";"Tuchenbach";"Gemeinden";"0,00";;;"0,00";"0,00"
"09573130";"Veitsbronn";"Gemeinden";"0,00";;;"0,00";
"09573133";"Wilhermsdorf, M";"Gemeinden";"0,00";;;"0,00";"0,00"
"09573134";"Zirndorf, St";"Gemeinden";"2,26";"3,03";"3,72";"2,38";"3,71"
"09574111";"Alfeld";"Gemeinden";"0,00";;;"0,00";
"09574112";"Altdorf b.Nürnberg, St";"Gemeinden";"1,80";"1,67";"0,82";"0,46";"0,78"
"09574117";"Burgthann";"Gemeinden";"1,10";"1,20";"1,16";"0,75";"1,02"
"09574120";"Engelthal";"Gemeinden";"0,00";;;"0,00";
"09574123";"Feucht, M";"Gemeinden";"0,47";"0,46";;"0,00";
"09574128";"Happurg";"Gemeinden";"2,30";"1,71";"2,22";"1,29";"2,82"
"09574129";"Hartenstein";"Gemeinden";"0,00";;;"0,00";
"09574131";"Henfenfeld";"Gemeinden";"0,00";;;"0,00";"0,00"
"09574132";"Hersbruck, St";"Gemeinden";"8,51";"8,07";"7,24";"1,30";"4,74"
"09574135";"Kirchensittenbach";"Gemeinden";"7,32";;;"0,00";
"09574138";"Lauf a.d.Pegnitz, St";"Gemeinden";"1,46";"1,87";"1,67";"0,80";"1,40"
"09574139";"Leinburg";"Gemeinden";"2,27";"2,61";"3,13";"2,26";"3,01"
"09574140";"Neuhaus a.d.Pegnitz, M";"Gemeinden";"2,01";"1,52";"0,74";"0,00";
"09574141";"Neunkirchen a.Sand";"Gemeinden";"0,00";;;"0,00";
"09574145";"Offenhausen";"Gemeinden";"0,00";;;"0,00";
"09574146";"Ottensoos";"Gemeinden";"0,00";;;"0,00";"0,00"
"09574147";"Pommelsbrunn";"Gemeinden";"4,33";"4,23";"4,09";"2,08";"1,96"
"09574150";"Reichenschwand";"Gemeinden";"5,65";"9,49";"10,76";"6,06";"8,21"
"09574152";"Röthenbach a.d.Pegnitz, St";"Gemeinden";"0,57";;;"0,35";"0,68"
"09574154";"Rückersdorf";"Gemeinden";"1,49";"1,76";"1,33";"1,45";
"09574155";"Schnaittach, M";"Gemeinden";"2,29";"2,60";"2,21";"1,14";"1,92"
"09574156";"Schwaig b.Nürnberg";"Gemeinden";"1,57";"1,77";;"0,00";
"09574157";"Schwarzenbruck";"Gemeinden";"3,99";"3,81";"4,82";"2,05";"3,19"
"09574158";"Simmelsdorf";"Gemeinden";"0,00";;;"0,00";"0,00"
"09574160";"Velden, St";"Gemeinden";"3,90";"3,36";"1,97";"2,04";"2,39"
"09574161";"Vorra";"Gemeinden";"5,88";"6,42";"5,89";"1,70";
"09574164";"Winkelhaid";"Gemeinden";"0,00";;;"0,00";
"09574451";"Behringersdorfer Forst";"Gemeinden";"0,00";;;;
"09574452";"Brunn";"Gemeinden";"0,00";;;;
"09574453";"Engelthaler Forst";"Gemeinden";"0,00";;;;
"09574454";"Feuchter Forst";"Gemeinden";"0,00";;;;
"09574455";"Fischbach";"Gemeinden";"0,00";;;;
"09574456";"Forsthof";"Gemeinden";"0,00";;;;
"09574457";"Günthersbühler Forst";"Gemeinden";"0,00";;;;
"09574458";"Haimendorfer Forst";"Gemeinden";"0,00";;;;
"09574460";"Laufamholzer Forst";"Gemeinden";"0,00";;;;
"09574461";"Leinburg";"Gemeinden";"0,00";;;;
"09574462";"Rückersdorfer Forst";"Gemeinden";"0,00";;;;
"09574463";"Schönberg";"Gemeinden";"0,00";;;;
"09574464";"Winkelhaid";"Gemeinden";"0,00";;;;
"09574465";"Zerzabelshofer Forst";"Gemeinden";"0,00";;;;
"09575112";"Bad Windsheim, St";"Gemeinden";"24,18";"30,00";"28,26";"21,24";"31,96"
"09575113";"Baudenbach, M";"Gemeinden";"0,00";;;"0,00";"0,00"
"09575115";"Burgbernheim, St";"Gemeinden";"0,00";;;"3,72";"5,46"
"09575116";"Burghaslach, M";"Gemeinden";"4,25";"4,29";"4,41";"2,59";"4,03"
"09575117";"Dachsbach, M";"Gemeinden";"0,00";;;"0,00";
"09575118";"Diespeck";"Gemeinden";"0,00";;;"0,00";"0,00"
"09575119";"Dietersheim";"Gemeinden";"0,00";;;"0,00";
"09575121";"Emskirchen, M";"Gemeinden";"0,00";"0,57";;"0,00";
"09575122";"Ergersheim";"Gemeinden";"0,00";;;"0,00";
"09575124";"Gallmersgarten";"Gemeinden";"0,00";;;"0,00";
"09575125";"Gerhardshofen";"Gemeinden";"0,00";;;"0,00";
"09575127";"Gollhofen";"Gemeinden";"0,00";;;"0,00";
"09575128";"Gutenstetten";"Gemeinden";"0,00";;;"0,00";
"09575129";"Hagenbüchach";"Gemeinden";"0,00";;;"0,00";"0,00"
"09575130";"Hemmersheim";"Gemeinden";"0,00";;;"0,00";"0,00"
"09575133";"Illesheim";"Gemeinden";"0,00";;;"0,00";"0,00"
"09575134";"Ippesheim, M";"Gemeinden";"0,00";;;"0,00";
"09575135";"Ipsheim, M";"Gemeinden";"10,10";"11,11";"10,85";"3,87";"9,33"
"09575138";"Langenfeld";"Gemeinden";"0,00";;;"0,00";"0,00"
"09575143";"Marktbergel, M";"Gemeinden";"0,00";;;"0,00";
"09575144";"Markt Bibart, M";"Gemeinden";"0,00";;;"0,00";"0,00"
"09575145";"Markt Erlbach, M";"Gemeinden";"2,91";"1,57";"1,88";"1,57";"2,76"
"09575146";"Markt Nordheim, M";"Gemeinden";"2,71";"4,31";"7,14";"5,33";"6,97"
"09575147";"Markt Taschendorf, M";"Gemeinden";"17,88";"17,10";"17,92";"10,39";"17,33"
"09575150";"Münchsteinach";"Gemeinden";"7,42";;"9,27";"6,70";"13,57"
"09575152";"Neuhof a.d.Zenn, M";"Gemeinden";"0,00";;;"0,00";
"09575153";"Neustadt a.d.Aisch, St";"Gemeinden";"1,01";"1,52";"1,73";"1,19";"2,05"
"09575155";"Oberickelsheim";"Gemeinden";"0,00";;;"0,00";
"09575156";"Obernzenn, M";"Gemeinden";"3,50";"4,01";"2,89";"2,11";"3,06"
"09575157";"Oberscheinfeld, M";"Gemeinden";"8,34";"10,32";"11,66";"8,25";"13,73"
"09575161";"Scheinfeld, St";"Gemeinden";"3,07";"2,91";"3,21";"1,52";"3,73"
"09575163";"Simmershofen";"Gemeinden";"0,00";;;"0,00";"16,66"
"09575165";"Sugenheim, M";"Gemeinden";"3,88";"3,30";"3,49";"3,40";"4,31"
"09575166";"Trautskirchen";"Gemeinden";"0,00";;;"0,00";
"09575167";"Uehlfeld, M";"Gemeinden";"0,00";;;"0,00";
"09575168";"Uffenheim, St";"Gemeinden";"1,15";"1,32";"1,32";"0,88";"0,99"
"09575179";"Weigenheim";"Gemeinden";"3,41";"2,52";;"0,00";
"09575181";"Wilhelmsdorf";"Gemeinden";"0,00";;;"0,00";
"09575451";"Osing";"Gemeinden";"0,00";;;;
"09576111";"Abenberg, St";"Gemeinden";"2,28";"2,38";"2,14";"1,21";"1,92"
"09576113";"Allersberg, M";"Gemeinden";"3,19";"3,87";"4,37";"2,66";"3,88"
"09576117";"Büchenbach";"Gemeinden";"0,00";;;"0,00";
"09576121";"Georgensgmünd";"Gemeinden";"0,00";;;"0,40";"0,43"
"09576122";"Greding, St";"Gemeinden";"7,47";"7,61";"9,41";"6,77";"10,86"
"09576126";"Heideck, St";"Gemeinden";"0,00";;;"0,00";"1,51"
"09576127";"Hilpoltstein, St";"Gemeinden";"1,90";"2,26";"2,23";"2,01";"3,72"
"09576128";"Kammerstein";"Gemeinden";"0,00";;;"0,00";
"09576132";"Schwanstetten, M";"Gemeinden";"0,00";"0,49";;"0,00";
"09576137";"Rednitzhembach";"Gemeinden";"0,60";"0,93";;"0,00";
"09576141";"Röttenbach";"Gemeinden";"0,00";;;"0,00";"0,00"
"09576142";"Rohr";"Gemeinden";"0,00";;;"0,00";
"09576143";"Roth, St";"Gemeinden";"1,25";"1,59";"1,71";"1,68";"2,78"
"09576147";"Spalt, St";"Gemeinden";"20,64";"19,30";"18,25";"10,64";"17,92"
"09576148";"Thalmässing, M";"Gemeinden";"0,99";"0,96";"1,41";"0,64";"0,86"
"09576151";"Wendelstein, M";"Gemeinden";"1,02";"0,82";"1,38";"0,88";"1,95"
"09576451";"Abenberger Wald";"Gemeinden";"0,00";;;;
"09576452";"Dechenwald";"Gemeinden";"0,00";;;;
"09576453";"Forst Kleinschwarzenlohe";"Gemeinden";"0,00";;;;
"09576454";"Heidenberg";"Gemeinden";"0,00";;;;
"09576455";"Soos";"Gemeinden";"0,00";;;;
"09577111";"Absberg, M";"Gemeinden";"20,64";"19,36";"66,25";"69,11";"97,65"
"09577113";"Alesheim";"Gemeinden";"0,00";;;"0,00";"0,00"
"09577114";"Muhr a.See";"Gemeinden";"4,70";"3,65";"4,59";"3,13";"8,58"
"09577115";"Bergen";"Gemeinden";"0,00";;;"0,00";
"09577120";"Burgsalach";"Gemeinden";"0,00";;;"0,00";"0,00"
"09577122";"Dittenheim";"Gemeinden";"1,91";;;"0,00";
"09577125";"Ellingen, St";"Gemeinden";"1,00";"1,09";"1,18";"0,00";
"09577127";"Ettenstatt";"Gemeinden";"0,00";;;"0,00";"0,00"
"09577133";"Gnotzheim, M";"Gemeinden";"0,00";;;"0,00";
"09577136";"Gunzenhausen, St";"Gemeinden";"15,00";"16,38";"17,83";"13,82";"18,56"
"09577138";"Haundorf";"Gemeinden";"8,57";"8,59";"6,01";"4,47";"5,25"
"09577140";"Heidenheim, M";"Gemeinden";"5,61";"4,60";"5,84";"3,01";"4,85"
"09577141";"Höttingen";"Gemeinden";"0,00";;;"0,00";
"09577148";"Langenaltheim";"Gemeinden";"0,00";;;"0,00";
"09577149";"Markt Berolzheim, M";"Gemeinden";"0,00";;;"0,00";"0,00"
"09577150";"Meinheim";"Gemeinden";"3,73";"3,45";"4,08";"0,00";
"09577151";"Nennslingen, M";"Gemeinden";"0,00";;;"0,00";"0,00"
"09577158";"Pappenheim, St";"Gemeinden";"12,72";"12,05";"11,65";"5,32";"10,51"
"09577159";"Pfofeld";"Gemeinden";"104,12";"91,83";"92,08";"104,67";"160,16"
"09577161";"Pleinfeld, M";"Gemeinden";"13,19";"15,09";"18,40";"16,56";"19,37"
"09577162";"Polsingen";"Gemeinden";"0,00";;"0,00";"0,00";"0,00"
"09577163";"Raitenbuch";"Gemeinden";"0,00";;;"0,00";"0,00"
"09577168";"Solnhofen";"Gemeinden";"0,00";;;"0,00";
"09577172";"Theilenhofen";"Gemeinden";"0,00";;;"0,00";
"09577173";"Treuchtlingen, St";"Gemeinden";"2,30";"3,53";"3,96";"3,68";"4,89"
"09577177";"Weißenburg i.Bay., GKSt";"Gemeinden";"1,18";"1,40";"1,56";"0,64";"1,86"
"09577179";"Westheim";"Gemeinden";"0,00";;;"0,00";
"09661000";"Aschaffenburg";"Gemeinden";"1,63";"1,92";"2,70";"2,10";"3,79"
"09662000";"Schweinfurt";"Gemeinden";"3,02";"3,37";"4,28";"2,54";"4,53"
"09663000";"Würzburg";"Gemeinden";"5,09";"6,73";"7,34";"3,78";"7,26"
"09671111";"Alzenau, St";"Gemeinden";"1,31";"1,42";"1,32";"0,68";"1,22"
"09671112";"Bessenbach";"Gemeinden";"2,03";"1,30";"1,39";"0,62";"0,84"
"09671113";"Blankenbach";"Gemeinden";"0,00";;;"0,00";
"09671114";"Karlstein a.Main";"Gemeinden";"2,76";"2,07";"2,33";"1,27";"2,49"
"09671119";"Geiselbach";"Gemeinden";"0,00";;;"0,00";"0,00"
"09671120";"Glattbach";"Gemeinden";"0,00";;;"0,00";"0,00"
"09671121";"Goldbach, M";"Gemeinden";"1,40";"1,58";"2,39";"1,19";"1,60"
"09671122";"Großostheim, M";"Gemeinden";"0,70";"0,88";"0,73";"0,39";"0,49"
"09671124";"Haibach";"Gemeinden";"0,88";"0,93";"1,07";"0,58";"1,29"
"09671126";"Heigenbrücken";"Gemeinden";"9,90";"9,70";"10,22";"6,41";"7,57"
"09671127";"Heimbuchenthal";"Gemeinden";"24,50";"27,92";"29,72";"18,73";"33,11"
"09671128";"Heinrichsthal";"Gemeinden";"0,00";;;"0,00";"0,00"
"09671130";"Hösbach, M";"Gemeinden";"1,68";"7,12";"5,09";"3,05";"4,44"
"09671133";"Johannesberg";"Gemeinden";"2,84";"3,41";"4,30";"1,90";"3,83"
"09671134";"Kahl a.Main";"Gemeinden";"5,07";"5,38";"6,43";"4,54";"6,48"
"09671135";"Kleinkahl";"Gemeinden";"0,00";;;"0,00";
"09671136";"Kleinostheim";"Gemeinden";"1,14";"1,97";;"0,00";
"09671138";"Krombach";"Gemeinden";"0,00";;;"0,00";
"09671139";"Laufach";"Gemeinden";"0,00";;;"0,00";"0,00"
"09671140";"Mainaschaff";"Gemeinden";"0,00";;;"0,00";
"09671141";"Mespelbrunn";"Gemeinden";"12,91";"17,01";"13,38";"7,61";"9,80"
"09671143";"Mömbris, M";"Gemeinden";"0,58";"0,27";"0,67";"0,33";"0,53"
"09671148";"Rothenbuch";"Gemeinden";"5,70";"6,91";"7,23";"5,69";"12,80"
"09671150";"Sailauf";"Gemeinden";"0,00";;;"0,00";
"09671152";"Schöllkrippen, M";"Gemeinden";"0,00";;;"0,00";
"09671153";"Sommerkahl";"Gemeinden";"0,00";;;"0,00";"0,00"
"09671155";"Stockstadt a.Main, M";"Gemeinden";"0,98";"1,21";"1,46";"1,36";"2,96"
"09671156";"Waldaschaff";"Gemeinden";"0,00";;;"0,00";"0,00"
"09671157";"Weibersbrunn";"Gemeinden";"13,18";"18,63";"23,51";"0,00";"30,49"
"09671159";"Westerngrund";"Gemeinden";"0,00";;;"0,00";"0,00"
"09671160";"Dammbach";"Gemeinden";"9,44";"9,77";"11,87";"7,25";"9,89"
"09671162";"Wiesen";"Gemeinden";"1,26";"1,14";;"0,00";
"09671451";"Forst Hain i.Spessart";"Gemeinden";"0,00";;;;
"09671453";"Heinrichsthaler Forst";"Gemeinden";"0,00";;;;
"09671456";"Rohrbrunner Forst";"Gemeinden";"0,00";;;;
"09671457";"Rothenbucher Forst";"Gemeinden";"0,00";;;;
"09671458";"Sailaufer Forst";"Gemeinden";"0,00";;;;
"09671459";"Schöllkrippener Forst";"Gemeinden";"0,00";;;;
"09671460";"Waldaschaffer Forst";"Gemeinden";"0,00";;;;
"09671461";"Wiesener Forst";"Gemeinden";"0,00";;;;
"09672111";"Aura a.d.Saale";"Gemeinden";"0,00";;;"0,00";"0,00"
"09672112";"Bad Bocklet, M";"Gemeinden";"41,96";"38,47";"39,40";"34,08";"43,07"
"09672113";"Bad Brückenau, St";"Gemeinden";"37,29";"44,51";"42,53";"28,93";"35,12"
"09672114";"Bad Kissingen, GKSt";"Gemeinden";"71,86";"70,89";"68,05";"43,02";"58,60"
"09672117";"Burkardroth, M";"Gemeinden";"0,00";;;"0,00";"0,00"
"09672121";"Elfershausen, M";"Gemeinden";"5,28";"6,41";"6,23";"3,47";"5,28"
"09672122";"Euerdorf, M";"Gemeinden";"0,00";;;"0,00";"0,00"
"09672124";"Fuchsstadt";"Gemeinden";"0,00";;;"0,00";
"09672126";"Geroda, M";"Gemeinden";"2,74";;;"0,00";
"09672127";"Hammelburg, St";"Gemeinden";"4,06";"4,73";"5,06";"3,98";"6,78"
"09672131";"Maßbach, M";"Gemeinden";"0,00";;;"0,00";"0,00"
"09672134";"Motten";"Gemeinden";"11,47";"12,97";"17,09";"13,80";"17,10"
"09672135";"Münnerstadt, St";"Gemeinden";"5,58";"5,42";"4,16";"3,64";"3,55"
"09672136";"Nüdlingen";"Gemeinden";"0,00";;;"0,00";
"09672138";"Oberleichtersbach";"Gemeinden";"5,15";"4,58";"4,69";"2,70";"4,31"
"09672139";"Oberthulba, M";"Gemeinden";"2,78";"4,45";"4,73";"2,88";"4,68"
"09672140";"Oerlenbach";"Gemeinden";"0,00";;;"0,00";"0,00"
"09672142";"Ramsthal";"Gemeinden";"0,00";;;"0,00";
"09672143";"Rannungen";"Gemeinden";"0,00";;;"0,00";"0,00"
"09672145";"Riedenberg";"Gemeinden";"0,00";;;"0,00";
"09672149";"Schondra, M";"Gemeinden";"0,00";;;"0,00";"0,00"
"09672155";"Sulzthal, M";"Gemeinden";"0,00";;;"0,00";"0,00"
"09672157";"Thundorf i.UFr.";"Gemeinden";"0,00";;;"0,00";"0,00"
"09672161";"Wartmannsroth";"Gemeinden";"0,00";;;"0,00";
"09672163";"Wildflecken, M";"Gemeinden";"7,34";"7,12";"9,07";"3,68";"8,89"
"09672166";"Zeitlofs, M";"Gemeinden";"0,00";;;"0,00";
"09672451";"Dreistelzer Forst";"Gemeinden";"0,00";;;;
"09672454";"Forst Detter-Süd";"Gemeinden";"0,00";;;;
"09672455";"Geiersnest-Ost";"Gemeinden";"0,00";;;;
"09672456";"Geiersnest-West";"Gemeinden";"0,00";;;;
"09672457";"Großer Auersberg";"Gemeinden";"0,00";;;;
"09672458";"Kälberberg";"Gemeinden";"0,00";;;;
"09672461";"Mottener Forst-Süd";"Gemeinden";"0,00";;;;
"09672462";"Neuwirtshauser Forst";"Gemeinden";"0,00";;;;
"09672463";"Omerz u. Roter Berg";"Gemeinden";"0,00";;;;
"09672464";"Römershager Forst-Nord";"Gemeinden";"0,00";;;;
"09672465";"Römershager Forst-Ost";"Gemeinden";"0,00";;;;
"09672466";"Roßbacher Forst";"Gemeinden";"0,00";;;;
"09672468";"Waldfensterer Forst";"Gemeinden";"0,00";;;;
"09673113";"Aubstadt";"Gemeinden";"0,00";;;"0,00";"0,00"
"09673114";"Bad Neustadt a.d.Saale, St";"Gemeinden";"22,16";"22,67";"20,97";"18,36";"21,43"
"09673116";"Bastheim";"Gemeinden";"0,00";;;"0,00";"0,00"
"09673117";"Bischofsheim i.d.Rhön, St";"Gemeinden";"17,37";"16,49";"16,45";"7,84";"15,50"
"09673123";"Fladungen, St";"Gemeinden";"17,64";"17,19";"18,61";"14,37";"20,79"
"09673126";"Großbardorf";"Gemeinden";"0,00";;;"0,00";"0,00"
"09673127";"Großeibstadt";"Gemeinden";"0,00";;;"0,00";
"09673129";"Hausen";"Gemeinden";"0,00";"200,80";"217,83";"190,95";
"09673130";"Hendungen";"Gemeinden";"0,00";;;"0,00";
"09673131";"Herbstadt";"Gemeinden";"0,00";;;"0,00";"0,00"
"09673133";"Heustreu";"Gemeinden";"0,00";;;"0,00";"0,00"
"09673134";"Höchheim";"Gemeinden";"0,00";;;"0,00";
"09673135";"Hohenroth";"Gemeinden";"0,73";"0,50";"0,72";"0,54";"0,42"
"09673136";"Hollstadt";"Gemeinden";"0,00";;;"0,00";
"09673141";"Bad Königshofen i.Grabfeld, St";"Gemeinden";"13,18";"15,03";"14,78";"11,01";"13,84"
"09673142";"Mellrichstadt, St";"Gemeinden";"0,00";;;"0,00";"3,44"
"09673146";"Niederlauer";"Gemeinden";"0,00";;;"0,00";"0,00"
"09673147";"Nordheim v.d.Rhön";"Gemeinden";"0,00";;;"0,00";
"09673149";"Oberelsbach, M";"Gemeinden";"3,78";"3,61";"6,54";"3,00";"6,32"
"09673151";"Oberstreu";"Gemeinden";"0,00";;;"0,00";
"09673153";"Ostheim v.d.Rhön, St";"Gemeinden";"7,73";"4,46";"6,28";"3,53";"5,92"
"09673156";"Rödelmaier";"Gemeinden";"0,00";;;"0,00";"0,00"
"09673160";"Saal a.d.Saale, M";"Gemeinden";"0,00";;;"0,00";
"09673161";"Salz";"Gemeinden";"0,00";;;"0,00";
"09673162";"Sandberg";"Gemeinden";"0,44";"3,65";;"0,00";
"09673163";"Schönau a.d.Brend";"Gemeinden";"6,53";"7,75";"12,85";"6,58";"10,29"
"09673167";"Sondheim v.d.Rhön";"Gemeinden";"0,00";;;"0,00";
"09673170";"Stockheim";"Gemeinden";"0,00";;;"0,00";"0,00"
"09673171";"Strahlungen";"Gemeinden";"0,00";;;"0,00";"0,00"
"09673172";"Sulzdorf a.d.Lederhecke";"Gemeinden";"0,00";;;"0,00";
"09673173";"Sulzfeld";"Gemeinden";"5,40";"5,67";"9,09";"11,85";"15,00"
"09673174";"Trappstadt, M";"Gemeinden";"0,00";;;"0,00";"0,00"
"09673175";"Unsleben";"Gemeinden";"0,00";;;"0,00";
"09673182";"Willmars";"Gemeinden";"0,00";;;"0,00";"0,00"
"09673183";"Wollbach";"Gemeinden";"0,00";;;"0,00";"0,00"
"09673184";"Wülfershausen a.d.Saale";"Gemeinden";"0,00";;;"0,00";"0,00"
"09673186";"Burglauer";"Gemeinden";"0,00";;;"0,00";"0,00"
"09673451";"Bundorfer Forst";"Gemeinden";"0,00";;;;
"09673452";"Burgwallbacher Forst";"Gemeinden";"0,00";;;;
"09673453";"Forst Schmalwasser-Nord";"Gemeinden";"0,00";;;;
"09673454";"Forst Schmalwasser-Süd";"Gemeinden";"0,00";;;;
"09673455";"Mellrichstadter Forst";"Gemeinden";"0,00";;;;
"09673456";"Steinacher Forst r.d.Saale";"Gemeinden";"0,00";;;;
"09673457";"Sulzfelder Forst";"Gemeinden";"0,00";;;;
"09673458";"Weigler";"Gemeinden";"0,00";;;;
"09674111";"Aidhausen";"Gemeinden";"0,00";"2,29";"4,24";"2,30";"3,76"
"09674118";"Breitbrunn";"Gemeinden";"0,00";;;"0,00";"0,00"
"09674120";"Bundorf";"Gemeinden";"0,00";;;"0,00";
"09674121";"Burgpreppach, M";"Gemeinden";"0,00";;"1,68";"1,94";"2,28"
"09674129";"Ebelsbach";"Gemeinden";"0,72";"1,05";"2,12";"0,92";
"09674130";"Ebern, St";"Gemeinden";"2,39";"3,18";"3,35";"1,46";"2,24"
"09674133";"Eltmann, St";"Gemeinden";"1,54";"2,18";"2,28";"1,38";"1,91"
"09674139";"Gädheim";"Gemeinden";"0,00";;;"0,00";
"09674147";"Haßfurt, St";"Gemeinden";"2,36";"2,40";"1,68";"1,73";"1,89"
"09674149";"Hofheim i.UFr., St";"Gemeinden";"2,03";"5,93";"5,93";"4,44";"6,57"
"09674153";"Riedbach";"Gemeinden";"0,00";;;"0,00";
"09674159";"Oberaurach";"Gemeinden";"0,57";"1,03";"1,24";"1,11";"2,00"
"09674160";"Kirchlauter";"Gemeinden";"0,00";;;"0,00";
"09674163";"Knetzgau";"Gemeinden";"0,00";;;"0,00";"2,14"
"09674164";"Königsberg i.Bay., St";"Gemeinden";"2,55";"2,63";"2,98";"0,00";
"09674171";"Maroldsweisach, M";"Gemeinden";"7,09";"10,83";"10,01";"4,22";"7,17"
"09674180";"Theres";"Gemeinden";"0,00";;;"0,00";
"09674184";"Pfarrweisach";"Gemeinden";"2,10";;;"0,00";
"09674187";"Rauhenebrach";"Gemeinden";"0,97";"1,28";;"1,20";"1,92"
"09674190";"Rentweinsdorf, M";"Gemeinden";"0,00";;;"0,00";"0,00"
"09674195";"Sand a.Main";"Gemeinden";"3,62";"3,95";;"0,00";
"09674201";"Stettfeld";"Gemeinden";"0,00";;;"0,00";"0,00"
"09674210";"Untermerzbach";"Gemeinden";"0,00";;;"0,00";
"09674219";"Wonfurt";"Gemeinden";"0,00";;;"0,00";"0,00"
"09674221";"Zeil a.Main, St";"Gemeinden";"0,95";"0,97";"1,25";"0,90";"1,11"
"09674223";"Ermershausen";"Gemeinden";"0,00";;;"0,00";"0,00"
"09675111";"Abtswind, M";"Gemeinden";"0,00";;;"0,00";
"09675112";"Albertshofen";"Gemeinden";"0,00";"2,55";"2,72";"0,00";
"09675113";"Biebelried";"Gemeinden";"0,00";;;"0,00";
"09675114";"Buchbrunn";"Gemeinden";"0,00";;;"0,00";"0,00"
"09675116";"Castell";"Gemeinden";"0,00";;;"0,00";
"09675117";"Dettelbach, St";"Gemeinden";"6,67";"8,54";"10,32";"7,07";"8,85"
"09675127";"Geiselwind, M";"Gemeinden";"22,53";"29,50";"35,85";"25,84";"33,32"
"09675131";"Großlangheim, M";"Gemeinden";"0,00";;;"0,00";
"09675139";"Iphofen, St";"Gemeinden";"10,46";"10,76";"11,03";"6,21";"9,07"
"09675141";"Kitzingen, GKSt";"Gemeinden";"1,91";"1,98";"2,68";"2,29";"3,46"
"09675142";"Kleinlangheim, M";"Gemeinden";"0,00";;;"0,00";
"09675144";"Mainbernheim, St";"Gemeinden";"0,00";"2,26";;"0,00";
"09675146";"Mainstockheim";"Gemeinden";"0,00";;;"0,00";
"09675147";"Marktbreit, St";"Gemeinden";"5,02";"4,89";"7,06";"5,37";"7,04"
"09675148";"Markt Einersheim, M";"Gemeinden";"0,00";;;"0,00";
"09675149";"Marktsteft, St";"Gemeinden";"0,00";;;"0,00";"0,00"
"09675150";"Martinsheim";"Gemeinden";"0,00";;;"0,00";"0,00"
"09675155";"Nordheim a.Main";"Gemeinden";"15,01";"12,30";"16,03";"14,80";"18,35"
"09675156";"Obernbreit, M";"Gemeinden";"0,00";;;"0,00";"0,00"
"09675158";"Prichsenstadt, St";"Gemeinden";"3,87";"6,45";"7,91";"5,29";"7,43"
"09675161";"Rödelsee";"Gemeinden";"24,33";"26,11";"24,82";"9,59";"16,58"
"09675162";"Rüdenhausen, M";"Gemeinden";"0,00";;;"0,00";"0,00"
"09675165";"Schwarzach a.Main, M";"Gemeinden";"11,11";"15,94";"17,51";"13,60";"17,93"
"09675166";"Segnitz";"Gemeinden";"0,00";;;"0,00";
"09675167";"Seinsheim, M";"Gemeinden";"0,00";;;"0,00";
"09675169";"Sommerach";"Gemeinden";"48,33";"49,95";"60,25";"60,04";"68,33"
"09675170";"Sulzfeld a.Main";"Gemeinden";"0,00";;;"0,00";"6,73"
"09675174";"Volkach, St";"Gemeinden";"8,02";"9,43";"12,85";"16,16";"20,34"
"09675177";"Wiesenbronn";"Gemeinden";"0,00";"15,67";;"0,00";
"09675178";"Wiesentheid, M";"Gemeinden";"0,00";;;"0,00";
"09675179";"Willanzheim, M";"Gemeinden";"0,00";;;"0,00";
"09676111";"Altenbuch";"Gemeinden";"0,00";"0,00";;"0,00";"0,00"
"09676112";"Amorbach, St";"Gemeinden";"3,64";"2,30";"4,43";"3,49";"6,08"
"09676116";"Bürgstadt, M";"Gemeinden";"3,10";"4,68";"5,44";"4,17";"5,60"
"09676117";"Collenberg";"Gemeinden";"0,00";;;"0,00";
"09676118";"Dorfprozelten";"Gemeinden";"0,00";;;"0,00";
"09676119";"Eichenbühl";"Gemeinden";"0,00";;;"0,00";"0,00"
"09676121";"Elsenfeld, M";"Gemeinden";"0,61";"0,31";;"0,00";"0,16"
"09676122";"Erlenbach a.Main, St";"Gemeinden";"0,71";"0,60";"0,67";"0,42";"0,58"
"09676123";"Eschau, M";"Gemeinden";"8,36";"8,18";"7,81";"2,25";"5,36"
"09676124";"Faulbach";"Gemeinden";"0,00";;;"0,00";"0,00"
"09676125";"Großheubach, M";"Gemeinden";"3,23";"3,21";"3,47";"3,27";"2,71"
"09676126";"Großwallstadt";"Gemeinden";"0,00";"3,90";"4,54";"2,35";"3,67"
"09676128";"Hausen";"Gemeinden";"0,00";;;"0,00";"0,00"
"09676131";"Kirchzell, M";"Gemeinden";"0,00";;"2,39";"0,00";
"09676132";"Kleinheubach, M";"Gemeinden";"0,00";;;"0,00";
"09676133";"Kleinwallstadt, M";"Gemeinden";"0,71";"0,50";;"0,00";
"09676134";"Klingenberg a.Main, St";"Gemeinden";"2,57";"3,47";"3,35";"2,14";"3,02"
"09676135";"Laudenbach";"Gemeinden";"3,46";"3,48";"3,20";"1,17";"1,39"
"09676136";"Leidersbach";"Gemeinden";"1,05";"1,72";;"0,00";
"09676139";"Miltenberg, St";"Gemeinden";"6,33";"6,09";"6,57";"3,22";"4,85"
"09676140";"Mömlingen";"Gemeinden";"0,00";;;"0,00";
"09676141";"Mönchberg, M";"Gemeinden";"8,09";"6,01";"5,98";"2,18";"3,53"
"09676143";"Neunkirchen";"Gemeinden";"0,00";;;"0,00";"0,00"
"09676144";"Niedernberg";"Gemeinden";"0,00";;;"0,00";
"09676145";"Obernburg a.Main, St";"Gemeinden";"1,35";"1,38";"1,40";"1,21";"2,94"
"09676151";"Röllbach";"Gemeinden";"0,00";;;"0,00";"0,00"
"09676153";"Rüdenau";"Gemeinden";"0,00";;;"0,00";
"09676156";"Schneeberg, M";"Gemeinden";"0,00";;;"0,00";"0,00"
"09676158";"Stadtprozelten, St";"Gemeinden";"0,00";"1,71";"2,08";"2,29";"2,22"
"09676160";"Sulzbach a.Main, M";"Gemeinden";"0,00";;;"0,00";"0,00"
"09676165";"Weilbach, M";"Gemeinden";"2,90";"2,83";"1,93";"0,00";
"09676169";"Wörth a.Main, St";"Gemeinden";"1,08";;;"0,00";
"09676452";"Forstwald";"Gemeinden";"0,00";;;;
"09676455";"Hohe Wart";"Gemeinden";"0,00";;;;
"09677114";"Arnstein, St";"Gemeinden";"1,11";"1,51";"1,62";"0,71";"1,24"
"09677116";"Aura i.Sinngrund";"Gemeinden";"0,00";;;"0,00";
"09677119";"Birkenfeld";"Gemeinden";"0,00";;;"0,00";"0,00"
"09677120";"Bischbrunn";"Gemeinden";"0,00";;;"0,00";"0,00"
"09677122";"Burgsinn, M";"Gemeinden";"0,00";;;"0,00";
"09677125";"Erlenbach b.Marktheidenfeld";"Gemeinden";"0,00";;;"0,00";
"09677126";"Esselbach";"Gemeinden";"0,00";;;"3,28";"3,84"
"09677127";"Eußenheim";"Gemeinden";"0,00";;;"0,00";
"09677128";"Fellen";"Gemeinden";"0,00";;;"0,00";
"09677129";"Frammersbach, M";"Gemeinden";"4,21";"3,98";"3,79";"2,14";"3,16"
"09677131";"Gemünden a.Main, St";"Gemeinden";"4,57";"3,82";"3,93";"3,44";"4,58"
"09677132";"Gössenheim";"Gemeinden";"0,00";;;"0,00";"0,00"
"09677133";"Gräfendorf";"Gemeinden";"10,20";"10,57";"14,11";"14,94";"18,36"
"09677135";"Hafenlohr";"Gemeinden";"0,00";;;"0,00";
"09677137";"Hasloch";"Gemeinden";"0,00";;;"0,00";
"09677142";"Himmelstadt";"Gemeinden";"0,00";;;"0,00";"0,00"
"09677146";"Karbach, M";"Gemeinden";"0,00";;;"0,00";"0,00"
"09677148";"Karlstadt, St";"Gemeinden";"1,11";"1,34";"1,55";"1,64";"2,13"
"09677149";"Karsbach";"Gemeinden";"0,00";;;"0,00";"0,00"
"09677151";"Kreuzwertheim, M";"Gemeinden";"2,67";"2,70";"2,76";"1,57";"2,33"
"09677154";"Triefenstein, M";"Gemeinden";"17,70";"17,96";"15,54";"10,34";"15,60"
"09677155";"Lohr a.Main, St";"Gemeinden";"3,94";"5,43";"5,65";"5,02";"6,59"
"09677157";"Marktheidenfeld, St";"Gemeinden";"4,33";"4,61";"6,11";"4,67";"6,46"
"09677159";"Mittelsinn";"Gemeinden";"0,00";;;"0,00";"0,00"
"09677164";"Neuendorf";"Gemeinden";"0,00";;;"0,00";"0,00"
"09677165";"Neuhütten";"Gemeinden";"0,00";;;"0,00";"0,00"
"09677166";"Neustadt a.Main";"Gemeinden";"12,92";;;"0,00";
"09677169";"Obersinn, M";"Gemeinden";"0,00";;;"0,00";"0,00"
"09677170";"Partenstein";"Gemeinden";"0,00";;;"0,00";
"09677172";"Rechtenbach";"Gemeinden";"0,00";;;"0,00";"0,00"
"09677175";"Retzstadt";"Gemeinden";"0,00";;;"0,00";"0,00"
"09677177";"Rieneck, St";"Gemeinden";"17,04";"15,51";"16,20";"8,64";"17,06"
"09677178";"Roden";"Gemeinden";"0,00";;;"0,00";"0,00"
"09677181";"Rothenfels, St";"Gemeinden";"42,45";"44,85";"44,35";"11,61";"37,18"
"09677182";"Schollbrunn";"Gemeinden";"8,01";"6,84";;"7,90";
"09677186";"Steinfeld";"Gemeinden";"0,00";;;"0,00";"0,00"
"09677189";"Thüngen, M";"Gemeinden";"0,00";;;"0,00";
"09677193";"Urspringen";"Gemeinden";"0,00";;;"0,00";"0,00"
"09677200";"Wiesthal";"Gemeinden";"0,00";;;"0,00";
"09677203";"Zellingen, M";"Gemeinden";"2,90";"2,60";"3,18";"2,01";
"09677452";"Burgjoß";"Gemeinden";"0,00";;;;
"09677453";"Forst Aura";"Gemeinden";"0,00";;;;
"09677454";"Forst Lohrerstraße";"Gemeinden";"0,00";;;;
"09677455";"Frammersbacher Forst";"Gemeinden";"0,00";;;;
"09677456";"Fürstl. Löwenstein'scher Park";"Gemeinden";"0,00";;;;
"09677457";"Haurain";"Gemeinden";"0,00";;;;
"09677458";"Herrnwald";"Gemeinden";"0,00";;;;
"09677459";"Langenprozeltener Forst";"Gemeinden";"0,00";;;;
"09677461";"Partensteiner Forst";"Gemeinden";"0,00";;;;
"09677463";"Ruppertshüttener Forst";"Gemeinden";"0,00";;;;
"09678115";"Bergrheinfeld";"Gemeinden";"0,00";"2,79";"2,06";"1,13";"1,43"
"09678122";"Dingolshausen";"Gemeinden";"0,00";;;"0,00";
"09678123";"Dittelbrunn";"Gemeinden";"0,00";;;"0,00";"0,00"
"09678124";"Donnersdorf";"Gemeinden";"0,00";;;"0,00";"0,00"
"09678128";"Euerbach";"Gemeinden";"0,00";;;"0,00";
"09678130";"Frankenwinheim";"Gemeinden";"0,00";;;"0,00";"0,00"
"09678132";"Geldersheim";"Gemeinden";"0,00";;;"0,00";"0,00"
"09678134";"Gerolzhofen, St";"Gemeinden";"1,26";"1,52";"1,23";"0,97";"1,40"
"09678135";"Gochsheim";"Gemeinden";"0,00";;;"0,00";
"09678136";"Grafenrheinfeld";"Gemeinden";"0,00";;;"0,00";
"09678138";"Grettstadt";"Gemeinden";"0,00";;;"0,00";
"09678150";"Kolitzheim";"Gemeinden";"0,00";;;"0,00";"0,88"
"09678153";"Lülsfeld";"Gemeinden";"0,00";;;"0,00";"0,00"
"09678157";"Michelau i.Steigerwald";"Gemeinden";"0,00";;;"0,00";
"09678160";"Niederwerrn";"Gemeinden";"0,00";;;"0,00";"0,00"
"09678164";"Oberschwarzach, M";"Gemeinden";"0,00";;;"0,00";
"09678168";"Poppenhausen";"Gemeinden";"0,00";;;"0,00";
"09678170";"Röthlein";"Gemeinden";"0,00";;;"0,00";"0,00"
"09678174";"Schonungen";"Gemeinden";"1,49";"1,72";"1,97";"0,87";"2,08"
"09678175";"Schwanfeld";"Gemeinden";"0,00";;;"0,00";"0,00"
"09678176";"Schwebheim";"Gemeinden";"0,00";;;"0,00";"0,00"
"09678178";"Sennfeld";"Gemeinden";"0,00";;;"0,00";"0,00"
"09678181";"Stadtlauringen, M";"Gemeinden";"3,16";"3,93";"3,33";"1,70";"3,52"
"09678183";"Sulzheim";"Gemeinden";"0,00";;;"0,00";
"09678186";"Üchtelhausen";"Gemeinden";"0,00";;;"0,00";"0,00"
"09678190";"Waigolshausen";"Gemeinden";"0,00";;;"0,00";"0,00"
"09678192";"Wasserlosen";"Gemeinden";"0,00";;;"0,00";
"09678193";"Werneck, M";"Gemeinden";"1,52";"2,11";"1,95";"1,15";"1,43"
"09678196";"Wipfeld";"Gemeinden";"0,00";;;"0,00";
"09678451";"Bürgerwald";"Gemeinden";"0,00";;;;
"09678452";"Geiersberg";"Gemeinden";"0,00";;;;
"09678453";"Hundelshausen";"Gemeinden";"0,00";;;;
"09678454";"Nonnenkloster";"Gemeinden";"0,00";;;;
"09678455";"Stollbergerforst";"Gemeinden";"0,00";;;;
"09678456";"Vollburg";"Gemeinden";"0,00";;;;
"09678457";"Wustvieler Forst";"Gemeinden";"0,00";;;;
"09679114";"Aub, St";"Gemeinden";"6,02";"5,38";"7,87";"3,00";"6,45"
"09679117";"Bergtheim";"Gemeinden";"0,00";;;"0,00";
"09679118";"Bieberehren";"Gemeinden";"0,00";;;"0,00";
"09679122";"Bütthard, M";"Gemeinden";"0,00";;;"0,00";"0,00"
"09679124";"Eibelstadt, St";"Gemeinden";"0,00";"6,40";"10,29";"6,19";"16,65"
"09679126";"Eisingen";"Gemeinden";"0,00";;;"0,00";
"09679128";"Erlabrunn";"Gemeinden";"7,18";"7,64";"6,64";"4,30";"6,69"
"09679130";"Estenfeld";"Gemeinden";"0,00";;;"0,00";
"09679131";"Frickenhausen a.Main, M";"Gemeinden";"40,12";"46,12";"49,85";"33,20";"52,29"
"09679134";"Gaukönigshofen";"Gemeinden";"0,00";;;"0,00";"0,00"
"09679135";"Gelchsheim, M";"Gemeinden";"0,00";;;"0,00";"0,00"
"09679136";"Gerbrunn";"Gemeinden";"0,00";;;"0,00";"0,00"
"09679137";"Geroldshausen";"Gemeinden";"0,00";;;"0,00";"0,00"
"09679138";"Giebelstadt, M";"Gemeinden";"0,00";;;"0,00";
"09679141";"Greußenheim";"Gemeinden";"0,00";;;"0,00";"0,00"
"09679142";"Güntersleben";"Gemeinden";"0,65";"3,29";"2,73";"2,72";"2,43"
"09679143";"Hausen b.Würzburg";"Gemeinden";"4,55";"4,10";"5,07";"5,05";"7,09"
"09679144";"Helmstadt, M";"Gemeinden";"0,00";;;"0,00";
"09679146";"Hettstadt";"Gemeinden";"0,00";;;"0,00";"0,00"
"09679147";"Höchberg, M";"Gemeinden";"1,59";"1,63";;"1,08";"1,69"
"09679149";"Holzkirchen";"Gemeinden";"0,00";;;"0,00";
"09679153";"Kirchheim";"Gemeinden";"0,00";;;"0,00";"0,00"
"09679154";"Kist";"Gemeinden";"0,00";;;"0,00";
"09679155";"Kleinrinderfeld";"Gemeinden";"0,00";;;"0,00";"0,00"
"09679156";"Kürnach";"Gemeinden";"0,00";;;"0,00";
"09679161";"Margetshöchheim";"Gemeinden";"0,00";;;"0,00";
"09679164";"Neubrunn, M";"Gemeinden";"0,00";;;"0,00";
"09679165";"Altertheim";"Gemeinden";"0,00";;;"0,00";"0,00"
"09679167";"Eisenheim, M";"Gemeinden";"0,00";"6,40";"4,54";"3,74";"6,49"
"09679169";"Oberpleichfeld";"Gemeinden";"0,00";;;"0,00";"0,00"
"09679170";"Ochsenfurt, St";"Gemeinden";"1,29";"1,58";"1,55";"0,91";"1,15"
"09679174";"Prosselsheim";"Gemeinden";"0,00";;;"0,00";"0,00"
"09679175";"Randersacker, M";"Gemeinden";"6,95";"8,98";"12,52";"9,05";"13,01"
"09679176";"Reichenberg, M";"Gemeinden";"0,00";;;"0,00";
"09679177";"Remlingen, M";"Gemeinden";"0,00";;;"0,00";"0,00"
"09679179";"Riedenheim";"Gemeinden";"0,00";;;"0,00";"0,00"
"09679180";"Rimpar, M";"Gemeinden";"0,79";"0,66";"0,92";"0,41";
"09679182";"Röttingen, St";"Gemeinden";"0,00";;;"0,00";"3,28"
"09679185";"Rottendorf";"Gemeinden";"0,00";;;"0,00";
"09679187";"Sommerhausen, M";"Gemeinden";"19,26";"18,27";"20,16";"13,94";"24,32"
"09679188";"Sonderhofen";"Gemeinden";"0,00";;;"0,00";"0,00"
"09679192";"Tauberrettersheim";"Gemeinden";"0,00";;;"0,00";
"09679193";"Theilheim";"Gemeinden";"0,00";;;"0,00";"0,00"
"09679194";"Thüngersheim";"Gemeinden";"0,00";"2,45";"3,12";"2,65";"3,92"
"09679196";"Uettingen";"Gemeinden";"0,00";;;"0,00";
"09679200";"Leinach";"Gemeinden";"0,00";;;"0,00";
"09679201";"Unterpleichfeld";"Gemeinden";"0,00";;;"0,00";"0,00"
"09679202";"Veitshöchheim";"Gemeinden";"4,96";"5,08";"5,94";"3,53";"6,05"
"09679204";"Waldbrunn";"Gemeinden";"0,00";;;"0,00";
"09679205";"Waldbüttelbrunn";"Gemeinden";"0,00";;;"0,00";
"09679206";"Winterhausen, M";"Gemeinden";"0,00";;;"0,00";
"09679209";"Zell a.Main, M";"Gemeinden";"0,00";;;"0,00";
"09679451";"Gramschatzer Wald";"Gemeinden";"0,00";;;;
"09679452";"Guttenberger Wald";"Gemeinden";"0,00";;;;
"09679453";"Irtenberger Wald";"Gemeinden";"0,00";;;;
"09761000";"Augsburg";"Gemeinden";"1,94";"2,60";"2,73";"1,61";"3,79"
"09762000";"Kaufbeuren";"Gemeinden";"1,47";"2,04";"2,02";"1,15";"2,11"
"09763000";"Kempten (Allgäu)";"Gemeinden";"2,06";"2,97";"4,64";"3,16";"5,34"
"09764000";"Memmingen";"Gemeinden";"2,37";"2,42";"4,21";"2,74";"4,43"
"09771111";"Adelzhausen";"Gemeinden";"0,00";;;"0,00";
"09771112";"Affing";"Gemeinden";"3,68";"5,20";"5,77";"4,77";"3,69"
"09771113";"Aichach, St";"Gemeinden";"0,91";"1,24";"1,60";"1,32";"2,13"
"09771114";"Aindling, M";"Gemeinden";"0,00";;;"0,00";
"09771122";"Dasing";"Gemeinden";"7,95";"8,87";;"0,00";
"09771129";"Eurasburg";"Gemeinden";"0,00";;;"0,00";"0,00"
"09771130";"Friedberg, St";"Gemeinden";"1,21";"1,36";"2,19";"1,01";"1,32"
"09771140";"Hollenbach";"Gemeinden";"0,00";;;"0,00";"0,00"
"09771141";"Inchenhofen, M";"Gemeinden";"0,00";;;"0,00";"0,00"
"09771142";"Kissing";"Gemeinden";"0,00";;;"0,00";"0,29"
"09771144";"Kühbach, M";"Gemeinden";"0,00";;;"0,67";"1,46"
"09771145";"Merching";"Gemeinden";"4,71";"5,03";"4,60";"2,94";"3,76"
"09771146";"Mering, M";"Gemeinden";"0,00";;;"0,00";
"09771149";"Obergriesbach";"Gemeinden";"0,00";;;"0,00";"0,00"
"09771155";"Petersdorf";"Gemeinden";"0,00";;;"0,00";
"09771156";"Pöttmes, M";"Gemeinden";"1,72";"2,18";"2,23";"1,36";"2,10"
"09771158";"Rehling";"Gemeinden";"0,00";;;"0,00";"0,00"
"09771160";"Ried";"Gemeinden";"0,00";;;"0,00";
"09771162";"Schiltberg";"Gemeinden";"0,00";;;"0,00";
"09771163";"Schmiechen";"Gemeinden";"0,00";;;"0,00";"0,00"
"09771165";"Sielenbach";"Gemeinden";"0,00";;;"0,00";"0,00"
"09771168";"Steindorf";"Gemeinden";"0,00";;;"0,00";"0,00"
"09771169";"Todtenweis";"Gemeinden";"0,00";;;"0,00";"0,00"
"09771176";"Baar (Schwaben)";"Gemeinden";"0,00";;;"0,00";"0,00"
"09772111";"Adelsried";"Gemeinden";"0,00";;;"0,00";
"09772114";"Allmannshofen";"Gemeinden";"0,00";;;"0,00";
"09772115";"Altenmünster";"Gemeinden";"0,00";"9,46";"9,26";"2,34";"7,04"
"09772117";"Aystetten";"Gemeinden";"0,00";;;"0,00";
"09772121";"Biberbach, M";"Gemeinden";"0,00";;;"0,00";
"09772125";"Bobingen, St";"Gemeinden";"1,00";"1,24";"1,27";"1,02";"1,20"
"09772126";"Bonstetten";"Gemeinden";"0,00";;;"0,00";
"09772130";"Diedorf, M";"Gemeinden";"0,00";;;"0,00";"0,00"
"09772131";"Dinkelscherben, M";"Gemeinden";"0,00";;;"0,00";
"09772134";"Ehingen";"Gemeinden";"0,00";;;"0,00";"0,00"
"09772136";"Ellgau";"Gemeinden";"0,00";;;"0,00";
"09772137";"Emersacker";"Gemeinden";"0,00";;;"0,00";"0,00"
"09772141";"Fischach, M";"Gemeinden";"0,00";;;"0,00";
"09772145";"Gablingen";"Gemeinden";"0,00";;;"0,00";
"09772147";"Gersthofen, St";"Gemeinden";"3,54";"4,15";"2,85";"2,65";"4,17"
"09772148";"Gessertshausen";"Gemeinden";"0,00";;;"0,00";
"09772149";"Graben";"Gemeinden";"0,00";;;"0,00";
"09772151";"Großaitingen";"Gemeinden";"0,00";;;"0,00";
"09772156";"Heretsried";"Gemeinden";"0,00";;;"0,00";"0,00"
"09772157";"Hiltenfingen";"Gemeinden";"0,00";;;"0,00";
"09772159";"Horgau";"Gemeinden";"0,00";;;"0,00";
"09772160";"Kleinaitingen";"Gemeinden";"0,00";;;"0,00";"0,00"
"09772162";"Klosterlechfeld";"Gemeinden";"0,00";;;"0,00";"0,00"
"09772163";"Königsbrunn, St";"Gemeinden";"1,36";"1,45";"1,85";"0,94";"1,73"
"09772166";"Kühlenthal";"Gemeinden";"0,00";;;"0,00";"0,00"
"09772167";"Kutzenhausen";"Gemeinden";"0,00";;;"0,00";"0,00"
"09772168";"Langenneufnach";"Gemeinden";"0,00";;;"0,00";
"09772170";"Langerringen";"Gemeinden";"3,24";"3,40";"2,68";"0,00";
"09772171";"Langweid a.Lech";"Gemeinden";"0,00";;;"0,00";"0,00"
"09772177";"Meitingen, M";"Gemeinden";"0,00";;;"0,00";
"09772178";"Mickhausen";"Gemeinden";"0,00";;;"0,00";"0,00"
"09772179";"Mittelneufnach";"Gemeinden";"4,14";;;"0,00";
"09772184";"Neusäß, St";"Gemeinden";"0,89";"0,94";"0,87";"0,42";"0,55"
"09772185";"Nordendorf";"Gemeinden";"0,00";;;"0,00";"0,00"
"09772186";"Oberottmarshausen";"Gemeinden";"0,00";;;"0,00";"0,00"
"09772197";"Scherstetten";"Gemeinden";"0,00";;;"0,00";
"09772200";"Schwabmünchen, St";"Gemeinden";"0,00";;;"0,00";
"09772202";"Stadtbergen, St";"Gemeinden";"1,32";"1,68";;"0,00";
"09772207";"Thierhaupten, M";"Gemeinden";"0,00";;;"0,00";
"09772209";"Untermeitingen";"Gemeinden";"0,00";;;"0,00";
"09772211";"Ustersbach";"Gemeinden";"0,00";;;"0,00";
"09772214";"Walkertshofen";"Gemeinden";"0,00";;;"0,00";"0,00"
"09772215";"Wehringen";"Gemeinden";"0,00";;;"0,00";
"09772216";"Welden, M";"Gemeinden";"0,00";;;"0,00";
"09772217";"Westendorf";"Gemeinden";"0,00";;;"0,00";"0,00"
"09772223";"Zusmarshausen, M";"Gemeinden";"4,84";"5,23";;"1,48";"3,19"
"09772451";"Schmellerforst";"Gemeinden";"0,00";;;;
"09773111";"Aislingen, M";"Gemeinden";"0,00";;;"0,00";
"09773112";"Bachhagel";"Gemeinden";"0,00";;;"0,00";
"09773113";"Bächingen a.d.Brenz";"Gemeinden";"0,00";;;"0,00";"0,00"
"09773116";"Binswangen";"Gemeinden";"0,00";;;"0,00";"0,00"
"09773117";"Bissingen, M";"Gemeinden";"0,00";;;"0,00";
"09773119";"Blindheim";"Gemeinden";"0,00";;;"0,00";"0,00"
"09773122";"Buttenwiesen";"Gemeinden";"0,00";;;"0,00";
"09773125";"Dillingen a.d.Donau, GKSt";"Gemeinden";"3,67";"3,74";"3,23";"1,87";"3,88"
"09773133";"Glött";"Gemeinden";"0,00";;;"0,00";"0,00"
"09773136";"Gundelfingen a.d.Donau, St";"Gemeinden";"0,98";"1,08";;"0,50";
"09773137";"Haunsheim";"Gemeinden";"0,00";;;"0,00";"0,00"
"09773139";"Höchstädt a.d.Donau, St";"Gemeinden";"6,37";;"5,53";"3,88";"6,26"
"09773140";"Holzheim";"Gemeinden";"0,00";;;"0,00";"0,00"
"09773143";"Laugna";"Gemeinden";"0,00";;;"0,00";"0,00"
"09773144";"Lauingen (Donau), St";"Gemeinden";"7,78";"8,04";"8,23";"3,74";"5,40"
"09773146";"Lutzingen";"Gemeinden";"0,00";;;"0,00";"0,00"
"09773147";"Mödingen";"Gemeinden";"0,00";;;"0,00";
"09773150";"Finningen";"Gemeinden";"0,00";;;"0,00";
"09773153";"Medlingen";"Gemeinden";"0,00";;;"0,00";"0,00"
"09773164";"Schwenningen";"Gemeinden";"0,00";;;"0,00";
"09773170";"Syrgenstein";"Gemeinden";"0,00";;;"0,00";"0,00"
"09773179";"Villenbach";"Gemeinden";"0,00";;;"0,00";"0,00"
"09773182";"Wertingen, St";"Gemeinden";"0,98";"1,66";"1,06";"0,54";
"09773183";"Wittislingen, M";"Gemeinden";"0,00";;;"0,00";"0,00"
"09773186";"Ziertheim";"Gemeinden";"0,00";;;"0,00";"0,00"
"09773187";"Zöschingen";"Gemeinden";"0,00";;;"0,00";"0,00"
"09773188";"Zusamaltheim";"Gemeinden";"0,00";;;"0,00";"0,00"
"09774111";"Aletshausen";"Gemeinden";"0,00";;;"0,00";"0,00"
"09774115";"Balzhausen";"Gemeinden";"0,00";;;"0,00";
"09774116";"Ursberg";"Gemeinden";"0,00";;;"0,00";
"09774117";"Breitenthal";"Gemeinden";"0,00";;;"0,00";
"09774118";"Bubesheim";"Gemeinden";"0,00";;;"0,00";
"09774119";"Bibertal";"Gemeinden";"0,00";;;"0,00";"0,00"
"09774121";"Burgau, St";"Gemeinden";"1,94";"2,79";"4,23";"2,04";"4,72"
"09774122";"Burtenbach, M";"Gemeinden";"0,00";;;"0,00";"0,00"
"09774124";"Deisenhausen";"Gemeinden";"0,00";;;"0,00";
"09774127";"Dürrlauingen";"Gemeinden";"0,00";;;"0,00";"0,00"
"09774129";"Ebershausen";"Gemeinden";"0,00";;;"0,00";"0,00"
"09774133";"Ellzee";"Gemeinden";"0,00";;;"0,00";
"09774135";"Günzburg, GKSt";"Gemeinden";"7,15";"9,34";"24,34";"14,26";"28,25"
"09774136";"Gundremmingen";"Gemeinden";"0,00";;;"0,00";
"09774140";"Haldenwang";"Gemeinden";"0,00";;;"0,00";"0,00"
"09774143";"Ichenhausen, St";"Gemeinden";"1,42";"2,59";"3,03";"0,76";"1,39"
"09774144";"Jettingen-Scheppach, M";"Gemeinden";"5,40";"5,24";"5,97";"0,00";
"09774145";"Kammeltal";"Gemeinden";"2,63";"3,18";"3,90";"3,29";"6,67"
"09774148";"Kötz";"Gemeinden";"0,00";;;"0,00";
"09774150";"Krumbach (Schwaben), St";"Gemeinden";"4,82";"5,83";"5,73";"3,95";"6,04"
"09774151";"Landensberg";"Gemeinden";"0,00";;;"0,00";"0,00"
"09774155";"Leipheim, St";"Gemeinden";"9,88";"10,86";"10,37";"5,55";"12,61"
"09774160";"Münsterhausen, M";"Gemeinden";"0,00";;;"0,00";"0,00"
"09774162";"Neuburg a.d.Kammel, M";"Gemeinden";"0,00";;;"0,00";
"09774166";"Aichen";"Gemeinden";"0,00";;;"0,00";
"09774171";"Offingen, M";"Gemeinden";"0,00";;;"0,00";
"09774174";"Rettenbach";"Gemeinden";"0,00";;;"0,00";
"09774178";"Röfingen";"Gemeinden";"0,00";;;"0,00";
"09774185";"Thannhausen, St";"Gemeinden";"1,36";"1,80";"1,72";"0,54";"0,52"
"09774189";"Wiesenbach";"Gemeinden";"0,00";;;"0,00";"0,00"
"09774191";"Waldstetten, M";"Gemeinden";"0,00";;;"0,00";
"09774192";"Waltenhausen";"Gemeinden";"0,00";;;"0,00";"0,00"
"09774196";"Winterbach";"Gemeinden";"0,00";;;"0,00";"0,00"
"09774198";"Ziemetshausen, M";"Gemeinden";"0,00";;;"0,00";
"09774451";"Ebershauser-Nattenhauser Wald";"Gemeinden";"0,00";;;;
"09774452";"Winzerwald";"Gemeinden";"0,00";;;;
"09775111";"Altenstadt, M";"Gemeinden";"3,10";"3,45";"3,66";"1,07";"2,08"
"09775115";"Bellenberg";"Gemeinden";"0,00";;;"0,00";"0,00"
"09775118";"Buch, M";"Gemeinden";"0,00";;;"0,00";"0,00"
"09775126";"Holzheim";"Gemeinden";"0,00";;;"0,00";
"09775129";"Illertissen, St";"Gemeinden";"2,78";"2,84";"3,00";"1,63";"3,19"
"09775132";"Kellmünz a.d.Iller, M";"Gemeinden";"0,00";;;"0,00";"0,00"
"09775134";"Nersingen";"Gemeinden";"0,00";;;"0,00";"0,00"
"09775135";"Neu-Ulm, GKSt";"Gemeinden";"2,08";"3,22";"3,60";"2,25";"3,74"
"09775139";"Elchingen";"Gemeinden";"4,22";"4,75";"6,29";"4,76";"7,32"
"09775141";"Oberroth";"Gemeinden";"0,00";;;"0,00";
"09775142";"Osterberg";"Gemeinden";"0,00";;;"0,00";"0,00"
"09775143";"Pfaffenhofen a.d.Roth, M";"Gemeinden";"0,00";;;"0,00";
"09775149";"Roggenburg";"Gemeinden";"8,05";"10,93";"13,42";"4,19";"9,97"
"09775152";"Senden, St";"Gemeinden";"0,90";"1,18";"1,18";"0,45";"0,89"
"09775161";"Unterroth";"Gemeinden";"0,00";;;"0,00";
"09775162";"Vöhringen, St";"Gemeinden";"0,64";"1,46";"1,76";"0,75";"1,00"
"09775164";"Weißenhorn, St";"Gemeinden";"1,87";"2,10";"1,80";"1,62";"2,62"
"09775451";"Auwald";"Gemeinden";"0,00";;;;
"09775452";"Oberroggenburger Wald";"Gemeinden";"0,00";;;;
"09775454";"Stoffenrieder Forst";"Gemeinden";"0,00";;;;
"09775455";"Unterroggenburger Wald";"Gemeinden";"0,00";;;;
"09776111";"Bodolz";"Gemeinden";"0,00";;"6,62";"4,75";"5,91"
"09776112";"Gestratz";"Gemeinden";"0,00";;;"0,00";"0,00"
"09776113";"Grünenbach";"Gemeinden";"8,04";"6,71";"5,14";"4,51";"8,72"
"09776114";"Heimenkirch, M";"Gemeinden";"0,61";"0,81";;"0,00";
"09776115";"Hergensweiler";"Gemeinden";"1,12";"2,11";"5,04";"0,00";
"09776116";"Lindau (Bodensee), GKSt";"Gemeinden";"24,69";"27,22";"32,80";"24,34";"35,11"
"09776117";"Lindenberg i.Allgäu, St";"Gemeinden";"12,53";"11,95";"6,81";"4,66";"5,68"
"09776118";"Maierhöfen";"Gemeinden";"57,65";"46,84";"76,72";"55,12";"71,80"
"09776120";"Nonnenhorn";"Gemeinden";"44,61";"48,10";"52,99";"39,06";"47,46"
"09776121";"Oberreute";"Gemeinden";"21,60";"16,80";"18,29";"10,17";"14,83"
"09776122";"Opfenbach";"Gemeinden";"30,31";"16,42";;"0,00";"0,00"
"09776124";"Röthenbach (Allgäu)";"Gemeinden";"2,61";"2,16";;"0,00";
"09776125";"Scheidegg, M";"Gemeinden";"103,24";"95,58";"110,44";"88,38";"107,97"
"09776126";"Sigmarszell";"Gemeinden";"0,67";"1,26";;"0,00";
"09776127";"Stiefenhofen";"Gemeinden";"6,52";"8,90";"9,16";"5,99";"7,49"
"09776128";"Wasserburg (Bodensee)";"Gemeinden";"41,82";"42,35";"46,36";"31,73";"38,33"
"09776129";"Weiler-Simmerberg, M";"Gemeinden";"8,28";"9,58";"12,88";"9,13";"10,62"
"09776130";"Weißensberg";"Gemeinden";"0,00";;;"0,00";
"09776131";"Hergatz";"Gemeinden";"0,00";;;"0,00";
"09777111";"Aitrang";"Gemeinden";"0,00";;;"0,00";
"09777112";"Biessenhofen";"Gemeinden";"0,00";;;"0,00";"0,00"
"09777114";"Baisweil";"Gemeinden";"0,00";;;"0,00";"0,00"
"09777118";"Bidingen";"Gemeinden";"0,00";;;"0,00";"0,00"
"09777121";"Buchloe, St";"Gemeinden";"1,04";"1,15";"1,71";"0,94";"1,19"
"09777124";"Eggenthal";"Gemeinden";"0,00";;;"0,00";
"09777125";"Eisenberg";"Gemeinden";"27,23";"34,63";"35,04";"26,01";"30,08"
"09777128";"Friesenried";"Gemeinden";"0,00";;;"0,00";"0,00"
"09777129";"Füssen, St";"Gemeinden";"55,65";"64,38";"75,47";"54,21";"82,72"
"09777130";"Germaringen";"Gemeinden";"0,93";"1,25";;"0,00";
"09777131";"Görisried";"Gemeinden";"0,00";;;"0,00";
"09777135";"Hopferau";"Gemeinden";"22,34";"32,79";"39,11";"40,54";"41,85"
"09777138";"Günzach";"Gemeinden";"0,00";;;"0,00";
"09777139";"Irsee, M";"Gemeinden";"0,00";;;"0,00";
"09777140";"Jengen";"Gemeinden";"0,00";;;"0,00";"0,00"
"09777141";"Kaltental, M";"Gemeinden";"0,00";;;"0,00";"0,00"
"09777144";"Kraftisried";"Gemeinden";"0,00";;;"0,00";"0,00"
"09777145";"Lamerdingen";"Gemeinden";"0,00";;;"0,00";
"09777147";"Lechbruck am See";"Gemeinden";"23,72";"25,84";"69,49";"74,06";"86,88"
"09777149";"Lengenwang";"Gemeinden";"2,39";"4,02";"3,66";"2,71";"2,87"
"09777151";"Marktoberdorf, St";"Gemeinden";"2,51";"2,88";"3,30";"3,29";"5,41"
"09777152";"Mauerstetten";"Gemeinden";"0,00";;;"0,00";
"09777153";"Nesselwang, M";"Gemeinden";"35,82";"51,87";"69,03";"49,31";"74,15"
"09777154";"Obergünzburg, M";"Gemeinden";"0,68";"0,77";"1,30";"0,83";"1,08"
"09777155";"Oberostendorf";"Gemeinden";"0,00";;;"0,00";
"09777157";"Osterzell";"Gemeinden";"0,00";;;"0,00";"0,00"
"09777158";"Pforzen";"Gemeinden";"0,00";;;"0,00";"0,00"
"09777159";"Pfronten";"Gemeinden";"36,25";"39,52";"39,85";"45,58";"60,85"
"09777163";"Rieden am Forggensee";"Gemeinden";"31,55";"50,67";"65,68";"59,13";"75,44"
"09777164";"Rieden";"Gemeinden";"0,00";;;"0,00";
"09777165";"Ronsberg, M";"Gemeinden";"0,00";;;"0,00";"0,00"
"09777166";"Roßhaupten";"Gemeinden";"16,80";"20,38";"27,87";"18,90";"27,00"
"09777167";"Ruderatshofen";"Gemeinden";"19,11";"17,20";"19,45";"26,30";"32,70"
"09777168";"Rückholz";"Gemeinden";"16,24";"19,84";"35,80";"34,37";"40,84"
"09777169";"Schwangau";"Gemeinden";"173,84";"202,99";"211,40";"176,43";"257,88"
"09777170";"Seeg";"Gemeinden";"7,58";"8,21";"10,74";"8,62";"11,16"
"09777171";"Stötten a.Auerberg";"Gemeinden";"0,00";;;"0,00";
"09777172";"Stöttwang";"Gemeinden";"0,00";;;"0,00";"0,00"
"09777173";"Halblech";"Gemeinden";"14,83";"23,83";"29,20";"22,52";"30,90"
"09777175";"Unterthingau, M";"Gemeinden";"0,74";"0,99";"2,44";"2,10";"2,33"
"09777176";"Untrasried";"Gemeinden";"0,00";;;"0,00";
"09777177";"Waal, M";"Gemeinden";"0,00";;;"0,00";
"09777179";"Wald";"Gemeinden";"0,00";;;"0,00";
"09777182";"Westendorf";"Gemeinden";"0,00";;;"0,00";
"09777183";"Rettenbach a.Auerberg";"Gemeinden";"0,00";;;"0,00";
"09778111";"Amberg";"Gemeinden";"0,00";;;"0,00";"0,00"
"09778113";"Apfeltrach";"Gemeinden";"0,00";;;"0,00";
"09778115";"Babenhausen, M";"Gemeinden";"3,95";"3,81";"3,44";"1,07";"4,25"
"09778116";"Bad Wörishofen, St";"Gemeinden";"52,84";"47,77";"42,21";"22,10";"34,17"
"09778118";"Benningen";"Gemeinden";"0,00";;;"0,00";"0,00"
"09778119";"Böhen";"Gemeinden";"0,00";;;"0,00";
"09778120";"Boos";"Gemeinden";"0,00";;;"0,00";"0,00"
"09778121";"Breitenbrunn";"Gemeinden";"0,00";;;"0,00";"0,00"
"09778123";"Buxheim";"Gemeinden";"0,00";;;"0,00";
"09778127";"Dirlewang, M";"Gemeinden";"0,00";;;"0,00";"0,00"
"09778130";"Egg a.d.Günz";"Gemeinden";"0,00";;;"0,00";"0,00"
"09778134";"Eppishausen";"Gemeinden";"0,00";;;"0,00";
"09778136";"Erkheim, M";"Gemeinden";"0,00";;;"0,00";
"09778137";"Ettringen";"Gemeinden";"0,00";;;"0,00";
"09778139";"Fellheim";"Gemeinden";"0,00";;;"0,00";"0,00"
"09778144";"Bad Grönenbach, M";"Gemeinden";"7,37";"6,96";"28,13";"23,16";"31,33"
"09778149";"Hawangen";"Gemeinden";"0,00";;;"0,00";
"09778150";"Heimertingen";"Gemeinden";"0,00";;;"0,00";
"09778151";"Holzgünz";"Gemeinden";"0,00";;;"0,00";"0,00"
"09778157";"Kirchhaslach";"Gemeinden";"0,00";;;"0,00";"0,00"
"09778158";"Kirchheim i.Schw., M";"Gemeinden";"0,00";;;"0,00";"0,00"
"09778161";"Kronburg";"Gemeinden";"0,00";;;"0,00";
"09778162";"Lachen";"Gemeinden";"0,00";;;"0,00";"0,00"
"09778163";"Lauben";"Gemeinden";"0,00";;;"0,00";"0,00"
"09778164";"Lautrach";"Gemeinden";"0,00";;;"0,00";
"09778165";"Legau, M";"Gemeinden";"0,00";;;"0,00";"7,21"
"09778168";"Markt Rettenbach, M";"Gemeinden";"0,00";;;"0,00";"0,00"
"09778169";"Markt Wald, M";"Gemeinden";"0,00";;;"0,00";
"09778171";"Memmingerberg";"Gemeinden";"0,00";;;"0,00";
"09778173";"Mindelheim, St";"Gemeinden";"1,71";"1,93";"3,26";"4,00";"4,60"
"09778177";"Niederrieden";"Gemeinden";"0,00";;;"0,00";"0,00"
"09778180";"Kammlach";"Gemeinden";"0,00";;;"0,00";
"09778183";"Oberrieden";"Gemeinden";"0,00";;;"0,00";"0,00"
"09778184";"Oberschönegg";"Gemeinden";"0,00";;;"0,00";"0,00"
"09778186";"Ottobeuren, M";"Gemeinden";"6,58";"8,77";"10,99";"6,11";"9,57"
"09778187";"Pfaffenhausen, M";"Gemeinden";"0,00";;;"0,00";
"09778188";"Pleß";"Gemeinden";"0,00";;;"0,00";"0,00"
"09778190";"Salgen";"Gemeinden";"0,00";;;"0,00";"0,00"
"09778196";"Sontheim";"Gemeinden";"0,00";;;"0,00";"0,00"
"09778199";"Stetten";"Gemeinden";"0,00";;;"0,00";
"09778202";"Trunkelsberg";"Gemeinden";"0,00";;;"0,00";
"09778203";"Türkheim, M";"Gemeinden";"0,00";;;"0,00";
"09778204";"Tussenhausen, M";"Gemeinden";"0,00";;;"0,00";"0,00"
"09778205";"Ungerhausen";"Gemeinden";"0,00";;;"0,00";"0,00"
"09778207";"Unteregg";"Gemeinden";"0,00";;;"0,00";
"09778209";"Rammingen";"Gemeinden";"0,00";;;"0,00";"0,00"
"09778214";"Westerheim";"Gemeinden";"0,00";;;"0,00";
"09778216";"Wiedergeltingen";"Gemeinden";"0,00";;;"0,00";"0,00"
"09778217";"Winterrieden";"Gemeinden";"0,00";;;"0,00";
"09778218";"Wolfertschwenden";"Gemeinden";"0,00";;;"0,00";"0,00"
"09778219";"Woringen";"Gemeinden";"0,00";;;"0,00";
"09778221";"Kettershausen";"Gemeinden";"0,00";;;"0,00";"0,00"
"09778451";"Ungerhauser Wald";"Gemeinden";"0,00";;;;
"09779111";"Alerheim";"Gemeinden";"0,00";;;"0,00";"0,00"
"09779112";"Amerdingen";"Gemeinden";"0,00";;;"0,00";"0,00"
"09779115";"Asbach-Bäumenheim";"Gemeinden";"0,00";;;"2,67";"3,62"
"09779117";"Auhausen";"Gemeinden";"0,00";;;"0,00";"0,00"
"09779126";"Buchdorf";"Gemeinden";"0,00";;;"0,00";
"09779129";"Daiting";"Gemeinden";"0,00";;;"0,00";"0,00"
"09779130";"Deiningen";"Gemeinden";"0,00";;;"0,00";
"09779131";"Donauwörth, GKSt";"Gemeinden";"4,35";"4,63";"4,16";"2,18";"3,35"
"09779136";"Ederheim";"Gemeinden";"0,00";;;"0,00";
"09779138";"Ehingen a.Ries";"Gemeinden";"0,00";;;"0,00";"0,00"
"09779146";"Forheim";"Gemeinden";"0,00";;;"0,00";"0,00"
"09779147";"Fremdingen";"Gemeinden";"5,70";"7,85";"7,61";"3,35";"7,25"
"09779148";"Fünfstetten";"Gemeinden";"0,00";;;"0,00";
"09779149";"Genderkingen";"Gemeinden";"0,00";;;"0,00";"0,00"
"09779154";"Hainsfarth";"Gemeinden";"0,00";;;"0,00";"0,00"
"09779155";"Harburg (Schwaben), St";"Gemeinden";"0,91";"0,83";;"1,88";"2,69"
"09779162";"Hohenaltheim";"Gemeinden";"0,00";;;"0,00";"0,00"
"09779163";"Holzheim";"Gemeinden";"0,00";;;"0,00";"0,00"
"09779167";"Huisheim";"Gemeinden";"0,00";;;"0,00";"0,00"
"09779169";"Kaisheim, M";"Gemeinden";"0,00";;;"0,00";
"09779176";"Maihingen";"Gemeinden";"0,00";;;"0,00";
"09779177";"Marktoffingen";"Gemeinden";"0,00";;;"0,00";"0,00"
"09779178";"Marxheim";"Gemeinden";"0,00";;;"0,00";
"09779180";"Megesheim";"Gemeinden";"0,00";;;"0,00";"0,00"
"09779181";"Mertingen";"Gemeinden";"0,00";;;"0,00";
"09779184";"Mönchsdeggingen";"Gemeinden";"0,00";;;"0,00";
"09779185";"Möttingen";"Gemeinden";"0,00";;;"0,00";"0,00"
"09779186";"Monheim, St";"Gemeinden";"0,00";;;"0,00";
"09779187";"Münster";"Gemeinden";"0,00";;;"0,00";"0,00"
"09779188";"Munningen";"Gemeinden";"0,00";;;"0,00";"0,00"
"09779192";"Niederschönenfeld";"Gemeinden";"0,00";;;"0,00";"0,00"
"09779194";"Nördlingen, GKSt";"Gemeinden";"4,47";"5,50";"5,67";"3,14";"5,36"
"09779196";"Oberndorf a.Lech";"Gemeinden";"0,00";;;"0,00";
"09779197";"Oettingen i.Bay., St";"Gemeinden";"1,18";;"0,57";"0,00";"0,71"
"09779198";"Otting";"Gemeinden";"0,00";;;"0,00";
"09779201";"Rain, St";"Gemeinden";"3,68";"4,04";"4,55";"1,60";"2,71"
"09779203";"Reimlingen";"Gemeinden";"0,00";;"18,34";"0,00";
"09779206";"Rögling";"Gemeinden";"0,00";;;"0,00";"0,00"
"09779217";"Tagmersheim";"Gemeinden";"0,00";;;"0,00";"0,00"
"09779218";"Tapfheim";"Gemeinden";"1,67";"2,07";"1,94";"0,78";
"09779224";"Wallerstein, M";"Gemeinden";"0,00";;;"0,00";"0,00"
"09779226";"Wechingen";"Gemeinden";"0,00";;;"0,00";"0,00"
"09779228";"Wemding, St";"Gemeinden";"5,68";"8,83";"8,25";"5,49";"6,86"
"09779231";"Wolferstadt";"Gemeinden";"0,00";;;"0,00";"0,00"
"09779452";"Dornstadt-Linkersbaindt";"Gemeinden";"0,00";;;;
"09779453";"Esterholz";"Gemeinden";"0,00";;;;
"09780112";"Altusried, M";"Gemeinden";"0,00";;"0,26";"0,36";"0,41"
"09780113";"Balderschwang";"Gemeinden";"628,87";"456,02";"437,36";"267,94";"713,44"
"09780114";"Betzigau";"Gemeinden";"1,42";"0,44";"0,87";"0,68";
"09780115";"Blaichach";"Gemeinden";"16,04";"21,00";"34,59";"22,85";"42,45"
"09780116";"Bolsterlang";"Gemeinden";"83,93";"77,78";"108,31";"68,98";"135,52"
"09780117";"Buchenberg, M";"Gemeinden";"4,85";"3,50";"3,60";"0,00";"3,41"
"09780118";"Burgberg i.Allgäu";"Gemeinden";"4,40";"5,46";"5,92";"7,19";"9,14"
"09780119";"Dietmannsried, M";"Gemeinden";"1,01";"1,02";"1,04";"0,96";"4,98"
"09780120";"Durach";"Gemeinden";"1,08";"1,59";"1,53";"0,76";"1,18"
"09780121";"Fischen i.Allgäu";"Gemeinden";"127,32";"120,56";"121,30";"89,55";"125,22"
"09780122";"Haldenwang";"Gemeinden";"0,00";;;"0,00";
"09780123";"Bad Hindelang, M";"Gemeinden";"126,75";"162,56";"164,27";"101,77";"153,10"
"09780124";"Immenstadt i.Allgäu, St";"Gemeinden";"12,27";"14,42";"16,51";"12,65";"21,71"
"09780125";"Lauben";"Gemeinden";"0,00";;;"0,00";"0,00"
"09780127";"Missen-Wilhams";"Gemeinden";"41,05";"42,62";"51,96";"31,70";"34,37"
"09780128";"Oy-Mittelberg";"Gemeinden";"26,43";"25,05";"30,79";"22,49";"33,82"
"09780131";"Obermaiselstein";"Gemeinden";"178,15";"166,71";"155,44";"107,51";"145,88"
"09780132";"Oberstaufen, M";"Gemeinden";"106,75";"110,61";"116,40";"77,60";"117,35"
"09780133";"Oberstdorf, M";"Gemeinden";"183,27";"188,56";"199,95";"133,80";"192,92"
"09780134";"Ofterschwang";"Gemeinden";"113,39";"129,64";"80,02";"61,07";"90,08"
"09780137";"Rettenberg";"Gemeinden";"4,73";"5,15";"22,19";"15,81";"23,02"
"09780139";"Sonthofen, St";"Gemeinden";"8,79";"7,79";"8,15";"5,59";"7,72"
"09780140";"Sulzberg, M";"Gemeinden";"8,71";"8,79";"12,32";"10,28";"14,95"
"09780143";"Waltenhofen";"Gemeinden";"8,04";"8,75";"9,38";"5,86";"11,25"
"09780144";"Weitnau, M";"Gemeinden";"4,08";"4,55";"5,26";"4,25";"6,47"
"09780145";"Wertach, M";"Gemeinden";"51,99";"46,94";"68,76";"49,68";"52,71"
"09780146";"Wiggensbach, M";"Gemeinden";"11,02";"8,12";"7,77";"4,83";"3,06"
"09780147";"Wildpoldsried";"Gemeinden";"0,00";;;"0,00";
"09780451";"Kempter Wald";"Gemeinden";"0,00";;;;
"10041100";"Saarbrücken, Landeshauptstadt";"Gemeinden";"2,27";"2,88";"3,13";"1,74";"3,62"
"10041511";"Friedrichsthal, Stadt";"Gemeinden";"0,00";;;"0,00";"0,00"
"10041512";"Großrosseln";"Gemeinden";"0,00";;;"0,00";
"10041513";"Heusweiler";"Gemeinden";"0,00";;;"0,00";
"10041514";"Kleinblittersdorf";"Gemeinden";"0,38";"0,44";"0,40";"1,43";"2,20"
"10041515";"Püttlingen, Stadt";"Gemeinden";"0,00";;;"0,00";
"10041516";"Quierschied";"Gemeinden";"3,09";;;"0,00";"0,00"
"10041517";"Riegelsberg";"Gemeinden";"0,00";;;"0,00";"0,00"
"10041518";"Sulzbach/ Saar, Stadt";"Gemeinden";"0,80";"0,69";;"0,00";
"10041519";"Völklingen, Stadt";"Gemeinden";"0,48";"1,41";"1,17";"0,73";"1,13"
"10042111";"Beckingen";"Gemeinden";"0,14";;;"0,00";
"10042112";"Losheim am See";"Gemeinden";"3,62";"5,16";"4,31";"3,42";"4,81"
"10042113";"Merzig, Kreisstadt";"Gemeinden";"1,07";"1,43";"1,09";"1,07";"2,00"
"10042114";"Mettlach";"Gemeinden";"17,61";"17,25";"17,82";"11,74";"16,31"
"10042115";"Perl";"Gemeinden";"5,89";"4,84";"7,19";"5,17";"7,55"
"10042116";"Wadern, Stadt";"Gemeinden";"0,35";;;"0,00";
"10042117";"Weiskirchen";"Gemeinden";"30,78";"30,18";"30,94";"25,04";"35,89"
"10043111";"Eppelborn";"Gemeinden";"0,63";"0,55";"0,90";"0,00";
"10043112";"Illingen";"Gemeinden";"3,41";"3,81";"3,75";"0,00";
"10043113";"Merchweiler";"Gemeinden";"0,00";;;"0,00";
"10043114";"Neunkirchen, Kreisstadt";"Gemeinden";"2,59";"2,75";"3,17";"2,29";"2,71"
"10043115";"Ottweiler, Stadt";"Gemeinden";"0,00";;"0,83";"0,37";"0,73"
"10043116";"Schiffweiler";"Gemeinden";"0,00";;;"0,00";
"10043117";"Spiesen-Elversberg";"Gemeinden";"0,00";;;"0,00";
"10044111";"Dillingen/ Saar, Stadt";"Gemeinden";"0,92";"0,59";"0,81";"0,31";"0,49"
"10044112";"Lebach, Stadt";"Gemeinden";"0,06";"0,24";;"0,00";
"10044113";"Nalbach";"Gemeinden";"0,00";;;"0,00";
"10044114";"Rehlingen-Siersburg";"Gemeinden";"0,19";;;"0,00";"0,90"
"10044115";"Saarlouis, Kreisstadt";"Gemeinden";"1,94";"2,40";"2,97";"1,57";"2,37"
"10044116";"Saarwellingen";"Gemeinden";"0,00";;;"0,00";
"10044117";"Schmelz";"Gemeinden";"0,00";;;"0,00";
"10044118";"Schwalbach";"Gemeinden";"0,00";"0,42";"0,46";"0,00";"0,49"
"10044119";"Überherrn";"Gemeinden";"7,23";"7,69";"7,37";"5,44";"5,95"
"10044120";"Wadgassen";"Gemeinden";"0,00";;;"0,00";
"10044121";"Wallerfangen";"Gemeinden";"2,56";"3,01";"3,92";"1,76";"1,89"
"10044122";"Bous";"Gemeinden";"0,00";;;"0,00";"0,00"
"10044123";"Ensdorf";"Gemeinden";"0,00";;;"0,00";
"10045111";"Bexbach, Stadt";"Gemeinden";"1,21";"1,59";"1,38";"0,00";"1,11"
"10045112";"Blieskastel, Stadt";"Gemeinden";"7,30";"7,60";"8,22";"7,06";"9,27"
"10045113";"Gersheim";"Gemeinden";"0,00";"2,69";;"0,00";
"10045114";"Homburg, Kreisstadt";"Gemeinden";"2,04";"2,09";"2,26";"1,61";"2,67"
"10045115";"Kirkel";"Gemeinden";"1,58";"3,28";"2,65";"2,17";"3,42"
"10045116";"Mandelbachtal";"Gemeinden";"0,00";"0,25";;"0,00";
"10045117";"St. Ingbert, Stadt";"Gemeinden";"1,45";"1,44";"1,48";"1,30";"1,52"
"10046111";"Freisen";"Gemeinden";"0,00";;;"0,00";"0,00"
"10046112";"Marpingen";"Gemeinden";"0,00";;;"0,00";
"10046113";"Namborn";"Gemeinden";"0,00";;;"0,00";"0,00"
"10046114";"Nohfelden";"Gemeinden";"8,88";"33,31";"72,73";"50,22";"76,53"
"10046115";"Nonnweiler";"Gemeinden";"0,89";"3,83";"3,24";"0,99";"2,42"
"10046116";"Oberthal";"Gemeinden";"3,46";"4,63";"3,61";"0,97";
"10046117";"St. Wendel, Kreisstadt";"Gemeinden";"4,67";"5,22";"5,37";"3,96";"5,07"
"10046118";"Tholey";"Gemeinden";"2,96";"2,69";"1,96";"1,11";"2,53"
"11000000";"Berlin, Stadt";"Gemeinden";"5,48";"7,87";"17,24";"3,80";"8,08"
"12051000";"Brandenburg an der Havel, Stadt";"Gemeinden";"1,93";"2,43";"3,17";"2,96";"3,51"
"12052000";"Cottbus/Chósebuz, Stadt";"Gemeinden";"2,20";"2,26";"2,73";"1,72";"2,96"
"12053000";"Frankfurt (Oder), Stadt";"Gemeinden";"2,51";"2,90";"2,26";"1,66";"2,14"
"12054000";"Potsdam, Stadt";"Gemeinden";"5,37";"6,21";"6,67";"4,60";"7,39"
"12060005";"Ahrensfelde";"Gemeinden";"2,82";"2,72";"1,76";"1,48";"1,95"
"12060012";"Althüttendorf";"Gemeinden";"0,00";;;"20,03";"35,94"
"12060020";"Bernau bei Berlin, Stadt";"Gemeinden";"7,30";"7,35";;"0,00";"7,66"
"12060024";"Biesenthal, Stadt";"Gemeinden";"0,00";;;"0,83";"1,26"
"12060034";"Breydin";"Gemeinden";"0,00";;;"0,00";
"12060036";"Britz";"Gemeinden";"0,00";;;"0,00";
"12060045";"Chorin";"Gemeinden";"16,60";"19,67";"17,92";"13,61";"16,37"
"12060052";"Eberswalde, Stadt";"Gemeinden";"0,69";"1,25";"1,08";"0,75";"0,89"
"12060068";"Friedrichswalde";"Gemeinden";"0,00";;;"0,00";
"12060092";"Hohenfinow";"Gemeinden";"0,00";;;"0,00";
"12060100";"Joachimsthal, Stadt";"Gemeinden";"35,57";"42,93";"40,89";"16,87";"34,64"
"12060128";"Liepe";"Gemeinden";"0,00";;;"0,00";
"12060149";"Lunow-Stolzenhagen";"Gemeinden";"0,00";;;"0,00";
"12060154";"Marienwerder";"Gemeinden";"15,52";"18,82";"26,73";"0,00";
"12060161";"Melchow";"Gemeinden";"0,00";;;"0,00";
"12060172";"Niederfinow";"Gemeinden";"9,73";"9,37";;"0,00";
"12060176";"Oderberg, Stadt";"Gemeinden";"0,00";"1,37";"1,05";"0,55";"1,79"
"12060181";"Panketal";"Gemeinden";"0,00";;;"0,00";
"12060185";"Parsteinsee";"Gemeinden";"25,69";;;"0,00";
"12060192";"Rüdnitz";"Gemeinden";"0,00";;;"0,00";"0,00"
"12060198";"Schorfheide";"Gemeinden";"3,87";"5,71";"8,21";"5,66";"7,18"
"12060250";"Sydower Fließ";"Gemeinden";"0,00";;;"0,00";"0,00"
"12060269";"Wandlitz";"Gemeinden";"4,45";"4,30";"5,12";"5,53";"7,18"
"12060280";"Werneuchen, Stadt";"Gemeinden";"5,43";"4,33";"4,40";"2,71";"5,07"
"12060296";"Ziethen";"Gemeinden";"0,00";;;"0,00";"0,00"
"12061005";"Alt Zauche-Wußwerk/Stara Niwa-Wózwjerch";"Gemeinden";"11,65";"21,89";"20,08";"0,00";
"12061017";"Bersteland";"Gemeinden";"0,00";;;"0,00";"0,00"
"12061020";"Bestensee";"Gemeinden";"1,14";"1,33";"1,10";"1,48";"1,62"
"12061061";"Byhleguhre-Byhlen/Bela Góra-Belin";"Gemeinden";"0,00";;;"0,00";"0,00"
"12061097";"Drahnsdorf";"Gemeinden";"0,00";;;"0,00";"0,00"
"12061112";"Eichwalde";"Gemeinden";"0,00";;;"0,00";
"12061164";"Golßen, Stadt";"Gemeinden";"3,30";"4,73";"7,20";"5,11";
"12061192";"Groß Köris";"Gemeinden";"13,93";"13,53";"15,61";"9,23";"15,19"
"12061216";"Halbe";"Gemeinden";"70,42";"130,70";;"0,00";
"12061217";"Heidesee";"Gemeinden";"33,35";"33,58";"34,23";"18,02";"31,35"
"12061219";"Heideblick";"Gemeinden";"0,00";"0,62";"2,26";"1,41";
"12061224";"Jamlitz";"Gemeinden";"0,00";;;"0,00";"0,00"
"12061244";"Kasel-Golzig";"Gemeinden";"0,00";;;"0,00";
"12061260";"Königs Wusterhausen, Stadt";"Gemeinden";"1,46";"1,88";"1,37";"1,36";"1,77"
"12061265";"Krausnick-Groß Wasserburg";"Gemeinden";"0,00";;"288,05";"0,00";"579,12"
"12061308";"Lieberose, Stadt";"Gemeinden";"0,00";;;"0,00";
"12061316";"Lübben (Spreewald) / Lubin (Blota), Stadt";"Gemeinden";"12,24";"13,03";"14,78";"12,95";"15,19"
"12061320";"Luckau, Stadt";"Gemeinden";"1,28";"1,05";"3,43";"2,07";"3,02"
"12061328";"Märkisch Buchholz, Stadt";"Gemeinden";"26,60";"27,17";;"0,00";"25,67"
"12061329";"Märkische Heide/Markojska Góla";"Gemeinden";"9,59";"8,83";"12,77";"20,51";"24,35"
"12061332";"Mittenwalde, Stadt";"Gemeinden";"3,12";"2,93";"1,93";"2,19";"2,66"
"12061344";"Münchehofe";"Gemeinden";"0,00";;;"0,00";"0,00"
"12061352";"Neu Zauche/Nowa Niwa";"Gemeinden";"14,54";"10,81";"23,67";"24,89";"27,71"
"12061405";"Rietzneuendorf-Staakow";"Gemeinden";"0,00";;;"0,00";"0,00"
"12061428";"Schlepzig/Slopišca";"Gemeinden";"32,72";"32,88";"48,11";"40,04";"49,69"
"12061433";"Schönefeld";"Gemeinden";"9,75";"14,00";"19,52";"12,94";"34,13"
"12061435";"Schönwald";"Gemeinden";"0,00";;;"0,00";"0,00"
"12061444";"Schulzendorf";"Gemeinden";"0,00";;;"0,00";"0,00"
"12061448";"Schwerin";"Gemeinden";"0,00";;;"0,00";
"12061450";"Schwielochsee/Gójacki Jazor";"Gemeinden";"28,51";"26,54";"30,58";"26,03";"32,08"
"12061470";"Spreewaldheide/Blosanska Góla";"Gemeinden";"0,00";;;"0,00";"0,00"
"12061471";"Steinreich";"Gemeinden";"0,00";;;"0,00";"0,00"
"12061476";"Straupitz (Spreewald)/Tšupc (Blota)";"Gemeinden";"0,00";;;"0,00";
"12061492";"Teupitz, Stadt";"Gemeinden";"9,26";"8,20";"3,65";"11,04";
"12061510";"Unterspreewald";"Gemeinden";"0,00";"11,85";"23,97";"15,69";"25,96"
"12061540";"Wildau, Stadt";"Gemeinden";"0,00";;;"0,00";
"12061572";"Zeuthen";"Gemeinden";"0,00";;;"0,00";
"12062024";"Bad Liebenwerda, Stadt";"Gemeinden";"12,51";"13,00";"13,49";"10,16";"12,37"
"12062088";"Crinitz";"Gemeinden";"0,00";;;"0,00";"0,00"
"12062092";"Doberlug-Kirchhain, Stadt";"Gemeinden";"0,44";"0,21";"0,58";"0,75";"0,68"
"12062124";"Elsterwerda, Stadt";"Gemeinden";"0,69";"0,88";"1,48";"1,30";"1,37"
"12062128";"Falkenberg/Elster, Stadt";"Gemeinden";"1,58";"2,57";"2,99";"3,36";"4,10"
"12062134";"Fichtwald";"Gemeinden";"0,00";;;"0,00";"0,00"
"12062140";"Finsterwalde, Stadt";"Gemeinden";"0,62";"0,80";"0,87";"0,54";"0,87"
"12062177";"Gorden-Staupitz";"Gemeinden";"0,00";;;"0,00";
"12062196";"Gröden";"Gemeinden";"0,00";;;"0,00";
"12062208";"Großthiemig";"Gemeinden";"0,00";;;"0,00";"0,00"
"12062219";"Heideland";"Gemeinden";"0,00";;;"0,00";"0,00"
"12062224";"Herzberg (Elster), Stadt";"Gemeinden";"0,00";"0,48";"1,16";"0,66";"1,12"
"12062232";"Hirschfeld";"Gemeinden";"0,00";;;"0,00";"0,00"
"12062237";"Hohenbucko";"Gemeinden";"0,00";;;"0,00";"0,00"
"12062240";"Hohenleipisch";"Gemeinden";"0,00";;;"0,00";
"12062282";"Kremitzaue";"Gemeinden";"0,00";;;"0,00";"0,00"
"12062289";"Lebusa";"Gemeinden";"5,47";"7,66";"8,31";"0,00";"14,92"
"12062293";"Lichterfeld-Schacksdorf";"Gemeinden";"0,00";;;"0,00";
"12062333";"Massen-Niederlausitz";"Gemeinden";"0,00";;;"0,00";"0,00"
"12062336";"Merzdorf";"Gemeinden";"0,00";;;"0,00";"0,00"
"12062341";"Mühlberg/Elbe, Stadt";"Gemeinden";"0,00";;"0,59";"0,00";
"12062372";"Plessa";"Gemeinden";"0,00";;;"0,00";"0,00"
"12062410";"Röderland";"Gemeinden";"0,00";;;"0,00";
"12062417";"Rückersdorf";"Gemeinden";"3,84";"3,28";;"0,00";
"12062425";"Sallgast";"Gemeinden";"3,93";"4,62";"9,15";"4,75";
"12062440";"Schilda";"Gemeinden";"0,00";;;"0,00";"0,00"
"12062445";"Schlieben, Stadt";"Gemeinden";"0,00";;;"0,00";"0,00"
"12062453";"Schönborn";"Gemeinden";"0,00";;;"0,00";"0,00"
"12062461";"Schönewalde, Stadt";"Gemeinden";"2,21";"2,74";"3,36";"2,05";"2,51"
"12062464";"Schraden";"Gemeinden";"0,00";;;"0,00";"0,00"
"12062469";"Sonnewalde, Stadt";"Gemeinden";"0,00";;;"0,00";
"12062492";"Tröbitz";"Gemeinden";"0,00";;;"0,00";"0,00"
"12062500";"Uebigau-Wahrenbrück, Stadt";"Gemeinden";"0,94";"1,23";"1,07";"0,00";
"12063036";"Brieselang";"Gemeinden";"1,46";"1,49";;"0,62";"0,93"
"12063056";"Dallgow-Döberitz";"Gemeinden";"2,67";;"3,49";"2,05";"2,61"
"12063080";"Falkensee, Stadt";"Gemeinden";"0,53";"0,35";"0,31";"0,26";"0,53"
"12063088";"Friesack, Stadt";"Gemeinden";"0,00";;;"0,00";"0,00"
"12063094";"Gollenberg";"Gemeinden";"0,00";;;"0,00";"0,00"
"12063112";"Großderschau";"Gemeinden";"0,00";;;"0,00";
"12063134";"Havelaue";"Gemeinden";"0,00";;;"0,00";"0,00"
"12063142";"Wiesenaue";"Gemeinden";"0,00";;;"0,00";
"12063148";"Ketzin/Havel, Stadt";"Gemeinden";"2,70";"2,26";"3,45";"4,29";"4,80"
"12063161";"Kleßen-Görne";"Gemeinden";"0,00";;;"0,00";
"12063165";"Kotzen";"Gemeinden";"0,00";;;"0,00";"0,00"
"12063186";"Märkisch Luch";"Gemeinden";"0,00";;;"0,00";"0,00"
"12063189";"Milower Land";"Gemeinden";"0,00";;"3,47";"0,00";"3,44"
"12063202";"Mühlenberge";"Gemeinden";"0,00";;;"0,00";
"12063208";"Nauen, Stadt";"Gemeinden";"0,69";"1,72";"2,72";"1,94";"2,64"
"12063212";"Nennhausen";"Gemeinden";"0,00";;;"0,00";"0,00"
"12063228";"Paulinenaue";"Gemeinden";"0,00";;;"0,00";"0,00"
"12063240";"Pessin";"Gemeinden";"0,00";;;"0,00";"0,00"
"12063244";"Premnitz, Stadt";"Gemeinden";"0,35";;;"0,00";
"12063252";"Rathenow, Stadt";"Gemeinden";"1,39";"1,98";"2,08";"2,02";"1,92"
"12063256";"Retzow";"Gemeinden";"0,00";;;"0,00";"0,00"
"12063260";"Rhinow, Stadt";"Gemeinden";"0,00";;;"0,00";"0,00"
"12063273";"Schönwalde-Glien";"Gemeinden";"0,00";"0,54";"0,70";"0,36";"0,52"
"12063274";"Seeblick";"Gemeinden";"0,00";;;"0,00";
"12063293";"Stechow-Ferchesar";"Gemeinden";"14,54";;;"0,00";
"12063357";"Wustermark";"Gemeinden";"1,78";"1,83";"2,20";"0,00";
"12064009";"Alt Tucheband";"Gemeinden";"0,00";;;"0,00";"0,00"
"12064029";"Altlandsberg, Stadt";"Gemeinden";"1,01";"1,06";"1,45";"1,13";"1,45"
"12064044";"Bad Freienwalde (Oder), Stadt";"Gemeinden";"7,44";"7,45";"6,94";"4,29";"6,28"
"12064053";"Beiersdorf-Freudenberg";"Gemeinden";"0,00";;;"0,00";"0,00"
"12064057";"Bleyen-Genschmar";"Gemeinden";"0,00";;;"0,00";
"12064061";"Bliesdorf";"Gemeinden";"0,00";;;"0,00";"0,00"
"12064084";"Buckow (Märkische Schweiz), Stadt";"Gemeinden";"80,87";"99,14";"104,72";"84,71";"95,06"
"12064125";"Falkenberg";"Gemeinden";"0,00";;;"0,00";
"12064128";"Falkenhagen (Mark)";"Gemeinden";"27,14";;;"7,43";"10,68"
"12064130";"Fichtenhöhe";"Gemeinden";"0,00";;;"0,00";"0,00"
"12064136";"Fredersdorf-Vogelsdorf";"Gemeinden";"0,00";;;"0,00";
"12064153";"Garzau-Garzin";"Gemeinden";"0,00";;;"0,00";
"12064172";"Golzow";"Gemeinden";"0,00";;;"0,00";
"12064190";"Gusow-Platkow";"Gemeinden";"0,00";;;"0,00";"0,00"
"12064205";"Heckelberg-Brunow";"Gemeinden";"0,00";;;"0,00";"0,00"
"12064222";"Höhenland";"Gemeinden";"0,00";;;"0,00";
"12064227";"Hoppegarten";"Gemeinden";"10,96";"11,80";"10,72";"6,40";"7,60"
"12064266";"Küstriner Vorland";"Gemeinden";"0,00";;;"0,00";"0,00"
"12064268";"Lebus, Stadt";"Gemeinden";"1,39";;;"0,19";"0,26"
"12064274";"Letschin";"Gemeinden";"2,07";"2,89";"4,05";"3,31";"4,67"
"12064288";"Lietzen";"Gemeinden";"0,00";;;"0,00";"0,00"
"12064290";"Lindendorf";"Gemeinden";"0,00";;;"0,00";"0,00"
"12064303";"Märkische Höhe";"Gemeinden";"0,00";;;"0,00";"0,00"
"12064317";"Müncheberg, Stadt";"Gemeinden";"4,60";"4,41";"4,99";"2,61";"3,84"
"12064336";"Neuenhagen bei Berlin";"Gemeinden";"0,00";;;"0,37";"0,35"
"12064340";"Neuhardenberg";"Gemeinden";"5,41";;;"3,83";"6,37"
"12064349";"Neulewin";"Gemeinden";"0,00";;;"0,00";
"12064365";"Neutrebbin";"Gemeinden";"0,00";;;"0,00";
"12064370";"Oberbarnim";"Gemeinden";"8,22";"5,89";"4,97";"2,76";"2,87"
"12064371";"Oderaue";"Gemeinden";"0,00";;;"0,00";
"12064380";"Petershagen/Eggersdorf";"Gemeinden";"1,34";"0,98";"1,21";"1,86";"2,40"
"12064388";"Podelzig";"Gemeinden";"0,00";;;"0,00";"0,00"
"12064393";"Prötzel";"Gemeinden";"0,00";;;"0,00";
"12064408";"Rehfelde";"Gemeinden";"0,00";;;"0,00";
"12064417";"Reichenow-Möglin";"Gemeinden";"0,00";"0,12";;"0,00";
"12064420";"Reitwein";"Gemeinden";"0,00";;;"0,00";
"12064428";"Rüdersdorf bei Berlin";"Gemeinden";"0,00";;;"0,00";
"12064448";"Seelow, Stadt";"Gemeinden";"0,00";;;"0,00";
"12064472";"Strausberg, Stadt";"Gemeinden";"1,57";"1,71";"1,91";"1,04";"1,81"
"12064480";"Treplin";"Gemeinden";"0,00";;;"0,00";"0,00"
"12064482";"Vierlinden";"Gemeinden";"0,00";;;"0,00";
"12064484";"Waldsieversdorf";"Gemeinden";"20,40";"23,32";;"0,00";
"12064512";"Wriezen, Stadt";"Gemeinden";"0,00";"1,05";"1,00";"0,86";
"12064538";"Zechin";"Gemeinden";"0,00";;;"0,00";
"12064539";"Zeschdorf";"Gemeinden";"0,00";;;"0,00";
"12065036";"Birkenwerder";"Gemeinden";"2,10";"2,49";"3,05";"1,16";"2,97"
"12065084";"Fürstenberg/Havel, Stadt";"Gemeinden";"9,19";"12,59";"12,42";"19,46";"23,41"
"12065096";"Glienicke/Nordbahn";"Gemeinden";"0,00";;;"0,00";"0,00"
"12065100";"Gransee, Stadt";"Gemeinden";"0,83";"1,12";"1,44";"1,81";"2,56"
"12065117";"Großwoltersdorf";"Gemeinden";"0,00";"2,83";"5,22";"7,48";
"12065136";"Hennigsdorf, Stadt";"Gemeinden";"2,07";"2,19";"2,52";"1,11";"2,03"
"12065144";"Hohen Neuendorf, Stadt";"Gemeinden";"0,85";"0,91";"1,07";"0,84";"1,08"
"12065165";"Kremmen, Stadt";"Gemeinden";"4,63";"4,40";"4,32";"2,56";"4,25"
"12065180";"Leegebruch";"Gemeinden";"0,00";;;"0,00";
"12065193";"Liebenwalde, Stadt";"Gemeinden";"0,00";;;"0,00";
"12065198";"Löwenberger Land";"Gemeinden";"3,36";"4,64";"4,67";"2,03";"4,36"
"12065225";"Mühlenbecker Land";"Gemeinden";"0,64";"0,96";"1,06";"0,70";"1,08"
"12065251";"Oberkrämer";"Gemeinden";"0,02";"0,02";"0,04";"0,03";"0,00"
"12065256";"Oranienburg, Stadt";"Gemeinden";"1,00";"1,38";"1,64";"1,46";"1,64"
"12065276";"Schönermark";"Gemeinden";"0,00";;;"0,00";"0,00"
"12065301";"Sonnenberg";"Gemeinden";"0,00";;;"0,00";"0,00"
"12065310";"Stechlin";"Gemeinden";"29,83";"35,51";"30,21";"30,09";"28,49"
"12065332";"Velten, Stadt";"Gemeinden";"1,68";"2,08";"3,51";"2,96";"3,75"
"12065356";"Zehdenick, Stadt";"Gemeinden";"0,79";"0,75";"1,65";"1,66";"1,61"
"12066008";"Altdöbern";"Gemeinden";"0,00";;;"0,00";
"12066041";"Bronkow";"Gemeinden";"0,00";;;"0,00";
"12066052";"Calau/Kalawa, Stadt";"Gemeinden";"0,75";"0,89";"0,74";"0,00";
"12066064";"Frauendorf";"Gemeinden";"0,00";;;"0,00";"0,00"
"12066104";"Großkmehlen";"Gemeinden";"0,00";;;"0,00";"0,00"
"12066112";"Großräschen/Ran, Stadt";"Gemeinden";"0,00";;;"2,15";"2,80"
"12066116";"Grünewald";"Gemeinden";"0,00";;;"0,00";"0,00"
"12066120";"Guteborn";"Gemeinden";"0,00";;;"0,00";"0,00"
"12066124";"Hermsdorf";"Gemeinden";"0,00";;;"0,00";"0,00"
"12066132";"Hohenbocka";"Gemeinden";"0,00";;;"0,00";"0,00"
"12066168";"Kroppen";"Gemeinden";"0,00";;;"0,00";
"12066176";"Lauchhammer, Stadt";"Gemeinden";"1,44";"1,44";"1,96";"2,34";"2,28"
"12066188";"Lindenau";"Gemeinden";"0,00";;;"0,00";"0,00"
"12066196";"Lübbenau/Spreewald / Lubnjow/Blota, Stadt";"Gemeinden";"10,93";"11,60";"14,86";"13,67";"21,06"
"12066202";"Luckaitztal";"Gemeinden";"0,00";;;"0,00";"0,00"
"12066226";"Neu-Seeland/Nowa Jazorina";"Gemeinden";"0,00";;;"0,00";
"12066228";"Neupetershain/Nowe Wiki";"Gemeinden";"0,00";;;"0,00";"0,00"
"12066240";"Ortrand, Stadt";"Gemeinden";"0,00";;;"0,00";
"12066272";"Ruhland, Stadt";"Gemeinden";"0,00";;;"0,00";
"12066285";"Schipkau";"Gemeinden";"1,76";"1,96";"0,77";"0,63";
"12066292";"Schwarzbach";"Gemeinden";"0,00";;;"0,00";
"12066296";"Schwarzheide, Stadt";"Gemeinden";"0,00";;;"0,00";
"12066304";"Senftenberg/Zly Komorow, Stadt";"Gemeinden";"7,70";"10,44";"14,00";"13,67";"15,88"
"12066316";"Tettau";"Gemeinden";"0,00";;;"0,00";"0,00"
"12066320";"Vetschau/Spreewald / Wetošow/Blota, Stadt";"Gemeinden";"3,78";"3,27";"4,92";"5,22";
"12067024";"Bad Saarow";"Gemeinden";"53,87";"63,06";"67,52";"38,92";"55,82"
"12067036";"Beeskow, Stadt";"Gemeinden";"3,68";"3,65";"3,79";"2,34";"4,15"
"12067040";"Berkenbrück";"Gemeinden";"0,00";;;"0,00";"0,00"
"12067072";"Briesen (Mark)";"Gemeinden";"0,00";;;"0,00";
"12067076";"Brieskow-Finkenheerd";"Gemeinden";"0,00";;;"0,00";"0,00"
"12067112";"Diensdorf-Radlow";"Gemeinden";"0,00";;;"0,00";
"12067120";"Eisenhüttenstadt, Stadt";"Gemeinden";"1,24";"1,25";"1,52";"1,43";"1,70"
"12067124";"Erkner, Stadt";"Gemeinden";"5,05";;"4,91";"0,00";"6,31"
"12067137";"Friedland, Stadt";"Gemeinden";"4,49";"5,81";"5,39";"5,62";"6,03"
"12067144";"Fürstenwalde/Spree, Stadt";"Gemeinden";"0,92";"1,01";"0,79";"0,47";"0,69"
"12067173";"Gosen-Neu Zittau";"Gemeinden";"0,00";"1,51";;"0,00";
"12067180";"Groß Lindow";"Gemeinden";"0,00";;;"0,00";"0,00"
"12067201";"Grünheide (Mark)";"Gemeinden";"33,41";"31,78";"31,18";"22,50";"28,11"
"12067205";"Grunow-Dammendorf";"Gemeinden";"0,00";;;"0,00";"0,00"
"12067237";"Jacobsdorf";"Gemeinden";"0,00";;;"0,00";
"12067288";"Langewahl";"Gemeinden";"0,00";;;"0,00";"0,00"
"12067292";"Lawitz";"Gemeinden";"0,00";;;"0,00";"0,00"
"12067324";"Mixdorf";"Gemeinden";"0,00";;;"0,00";"0,00"
"12067336";"Müllrose, Stadt";"Gemeinden";"3,34";"2,36";"2,58";"2,24";"1,94"
"12067338";"Neißemünde";"Gemeinden";"0,00";;;"0,00";"0,00"
"12067357";"Neuzelle";"Gemeinden";"5,32";"5,05";"6,76";"3,36";"5,99"
"12067397";"Ragow-Merz";"Gemeinden";"0,00";;;"0,00";
"12067408";"Rauen";"Gemeinden";"0,00";;;"0,00";"0,00"
"12067413";"Reichenwalde";"Gemeinden";"11,72";"1,67";"1,92";"0,00";
"12067426";"Rietz-Neuendorf";"Gemeinden";"1,10";;;"2,32";"3,12"
"12067438";"Schlaubetal";"Gemeinden";"11,97";;"13,79";"0,00";
"12067440";"Schöneiche bei Berlin";"Gemeinden";"0,00";;;"0,00";
"12067458";"Siehdichum";"Gemeinden";"0,00";;;"0,00";
"12067469";"Spreenhagen";"Gemeinden";"2,33";"1,79";;"0,00";
"12067473";"Steinhöfel";"Gemeinden";"1,74";"1,93";;"0,75";
"12067481";"Storkow (Mark), Stadt";"Gemeinden";"7,51";"7,40";"9,61";"8,23";"11,91"
"12067493";"Tauche";"Gemeinden";"3,13";"3,62";"3,13";"0,00";
"12067508";"Vogelsang";"Gemeinden";"0,00";;;"0,00";"0,00"
"12067520";"Wendisch Rietz";"Gemeinden";"96,89";"100,45";"112,45";"108,08";"107,84"
"12067528";"Wiesenau";"Gemeinden";"0,00";;;"0,00";
"12067544";"Woltersdorf";"Gemeinden";"2,68";"3,11";"4,69";"4,48";"5,65"
"12067552";"Ziltendorf";"Gemeinden";"0,00";;;"0,00";"0,00"
"12068052";"Breddin";"Gemeinden";"0,00";"0,00";;"0,00";"0,00"
"12068072";"Dabergotz";"Gemeinden";"0,00";;;"0,00";"0,00"
"12068109";"Dreetz";"Gemeinden";"0,00";;;"0,00";
"12068117";"Fehrbellin";"Gemeinden";"1,57";"3,03";"3,04";"1,63";"2,41"
"12068181";"Heiligengrabe";"Gemeinden";"0,00";"1,76";"1,41";"1,05";
"12068188";"Herzberg (Mark)";"Gemeinden";"0,00";;;"0,00";
"12068264";"Kyritz, Stadt";"Gemeinden";"1,68";"2,25";"2,09";"2,30";"1,94"
"12068280";"Lindow (Mark), Stadt";"Gemeinden";"46,24";"48,39";"50,21";"44,73";"53,58"
"12068306";"Märkisch Linden";"Gemeinden";"0,00";;;"0,00";"0,00"
"12068320";"Neuruppin, Stadt";"Gemeinden";"4,92";"5,98";"6,45";"4,60";"7,08"
"12068324";"Neustadt (Dosse), Stadt";"Gemeinden";"0,00";"2,23";"2,39";"1,99";"2,39"
"12068353";"Rheinsberg, Stadt";"Gemeinden";"61,74";"66,15";"70,30";"46,82";"62,49"
"12068372";"Rüthnick";"Gemeinden";"0,00";;;"0,00";"0,00"
"12068409";"Sieversdorf-Hohenofen";"Gemeinden";"0,00";;;"0,00";"0,00"
"12068413";"Storbeck-Frankendorf";"Gemeinden";"0,00";;;"0,00";"0,00"
"12068417";"Stüdenitz-Schönermark";"Gemeinden";"0,00";;;"0,00";"0,00"
"12068425";"Temnitzquell";"Gemeinden";"0,00";;;"5,33";
"12068426";"Temnitztal";"Gemeinden";"0,00";;;"0,00";"0,00"
"12068437";"Vielitzsee";"Gemeinden";"0,00";;;"0,00";
"12068452";"Walsleben";"Gemeinden";"0,00";;;"0,00";"0,00"
"12068468";"Wittstock/Dosse, Stadt";"Gemeinden";"1,83";"2,48";"2,54";"2,31";"2,74"
"12068477";"Wusterhausen/Dosse";"Gemeinden";"6,17";"7,51";"5,74";"7,63";"10,51"
"12068501";"Zernitz-Lohm";"Gemeinden";"0,00";;;"0,00";"0,00"
"12069017";"Beelitz, Stadt";"Gemeinden";"3,58";"4,44";"4,55";"1,41";"1,93"
"12069018";"Beetzsee";"Gemeinden";"4,72";;;"0,00";
"12069019";"Beetzseeheide";"Gemeinden";"22,68";"32,87";"31,97";"0,00";
"12069020";"Bad Belzig, Stadt";"Gemeinden";"10,84";"12,48";"13,60";"10,09";"13,33"
"12069028";"Bensdorf";"Gemeinden";"0,00";;;"0,00";"0,00"
"12069052";"Borkheide";"Gemeinden";"0,00";;;"0,00";
"12069056";"Borkwalde";"Gemeinden";"0,00";;;"0,00";"0,00"
"12069076";"Brück, Stadt";"Gemeinden";"2,77";"3,04";"2,60";"1,00";"2,44"
"12069089";"Buckautal";"Gemeinden";"0,00";;;"0,00";
"12069216";"Golzow";"Gemeinden";"0,00";;;"0,00";"0,00"
"12069224";"Görzke";"Gemeinden";"0,00";;;"0,00";
"12069232";"Gräben";"Gemeinden";"0,00";;;"0,00";
"12069249";"Groß Kreutz (Havel)";"Gemeinden";"0,00";"2,70";"3,29";"2,17";"3,09"
"12069270";"Havelsee, Stadt";"Gemeinden";"1,26";"1,30";"1,77";"0,00";
"12069304";"Kleinmachnow";"Gemeinden";"5,27";"6,27";"7,16";"2,39";"4,09"
"12069306";"Kloster Lehnin";"Gemeinden";"3,90";"5,45";"6,17";"3,97";"6,06"
"12069345";"Linthe";"Gemeinden";"0,00";;;"0,00";
"12069397";"Michendorf";"Gemeinden";"0,00";;"0,89";"0,57";"0,81"
"12069402";"Mühlenfließ";"Gemeinden";"0,00";;;"0,00";
"12069448";"Niemegk, Stadt";"Gemeinden";"5,24";"8,50";"12,06";"4,50";
"12069454";"Nuthetal";"Gemeinden";"0,00";;;"0,00";
"12069460";"Päwesin";"Gemeinden";"0,00";;"93,51";"51,05";"82,07"
"12069470";"Planebruch";"Gemeinden";"0,00";;;"0,00";"0,00"
"12069474";"Planetal";"Gemeinden";"0,00";;;"0,00";
"12069485";"Rabenstein/Fläming";"Gemeinden";"11,52";"9,71";"8,06";"0,00";
"12069537";"Rosenau";"Gemeinden";"0,00";;;"0,00";"0,00"
"12069541";"Roskow";"Gemeinden";"0,00";;;"0,00";
"12069590";"Schwielowsee";"Gemeinden";"7,62";"8,20";"7,70";"6,58";"7,18"
"12069596";"Seddiner See";"Gemeinden";"6,44";"5,37";"4,84";"5,47";
"12069604";"Stahnsdorf";"Gemeinden";"0,00";;"0,31";"0,00";"1,75"
"12069616";"Teltow, Stadt";"Gemeinden";"6,32";"6,40";"6,32";"3,56";"7,27"
"12069632";"Treuenbrietzen, Stadt";"Gemeinden";"0,00";;;"0,17";"0,73"
"12069648";"Wenzlow";"Gemeinden";"0,00";;;"0,00";"0,00"
"12069656";"Werder (Havel), Stadt";"Gemeinden";"8,96";"9,91";"10,77";"8,46";"11,86"
"12069665";"Wiesenburg/Mark";"Gemeinden";"1,34";"2,21";"2,83";"1,75";"1,70"
"12069680";"Wollin";"Gemeinden";"0,00";;;"0,00";"0,00"
"12069688";"Wusterwitz";"Gemeinden";"0,00";"1,07";"0,96";"0,00";
"12069696";"Ziesar, Stadt";"Gemeinden";"0,00";;;"0,00";
"12070008";"Bad Wilsnack, Stadt";"Gemeinden";"15,90";"14,13";"14,96";"34,03";"46,63"
"12070028";"Berge";"Gemeinden";"0,00";;;"0,00";
"12070052";"Breese";"Gemeinden";"0,00";;;"0,00";"0,00"
"12070060";"Cumlosen";"Gemeinden";"0,00";"0,12";;"0,00";
"12070096";"Gerdshagen";"Gemeinden";"0,00";;;"0,00";"0,00"
"12070125";"Groß Pankow (Prignitz)";"Gemeinden";"0,95";"1,43";"2,64";"1,24";"0,48"
"12070145";"Gülitz-Reetz";"Gemeinden";"0,00";;;"0,00";"0,00"
"12070149";"Gumtow";"Gemeinden";"0,70";"0,39";"0,58";"1,22";"1,29"
"12070153";"Halenbeck-Rohlsdorf";"Gemeinden";"0,00";"9,04";"9,99";"0,00";
"12070173";"Karstädt";"Gemeinden";"0,59";"1,49";"1,73";"1,20";"1,60"
"12070222";"Kümmernitztal";"Gemeinden";"0,00";;;"0,00";
"12070236";"Lanz";"Gemeinden";"0,00";;;"0,00";
"12070241";"Legde/Quitzöbel";"Gemeinden";"0,00";;;"0,00";
"12070244";"Lenzen (Elbe), Stadt";"Gemeinden";"6,29";"7,88";"8,05";"8,91";"13,25"
"12070246";"Lenzerwische";"Gemeinden";"12,88";"12,67";"29,99";"31,16";"45,99"
"12070266";"Marienfließ";"Gemeinden";"0,00";;;"0,00";
"12070280";"Meyenburg, Stadt";"Gemeinden";"0,00";;;"2,54";"2,80"
"12070296";"Perleberg, Stadt";"Gemeinden";"5,77";"5,19";"4,60";"3,88";"4,57"
"12070300";"Pirow";"Gemeinden";"0,00";;;"0,00";"0,00"
"12070302";"Plattenburg";"Gemeinden";"0,98";"0,53";"0,33";"0,00";
"12070316";"Pritzwalk, Stadt";"Gemeinden";"1,77";"1,79";"2,29";"1,92";"2,35"
"12070325";"Putlitz, Stadt";"Gemeinden";"0,00";;;"0,00";"0,00"
"12070348";"Rühstädt";"Gemeinden";"11,98";"11,84";;"0,00";
"12070393";"Triglitz";"Gemeinden";"0,00";;;"0,00";"0,00"
"12070416";"Weisen";"Gemeinden";"0,00";;;"0,00";
"12070424";"Wittenberge, Stadt";"Gemeinden";"1,70";"2,38";"3,06";"2,98";"4,21"
"12071028";"Briesen/Brjazyna";"Gemeinden";"0,00";;;"0,00";"0,00"
"12071032";"Burg (Spreewald)/Bórkowy (Blota)";"Gemeinden";"80,63";"109,76";"126,92";"86,72";"132,51"
"12071041";"Dissen-Striesow/Dešno-Strjažow";"Gemeinden";"0,00";;;"0,00";"0,00"
"12071044";"Döbern/Derbno, Stadt";"Gemeinden";"0,29";;;"0,00";
"12071052";"Drachhausen/Hochoza";"Gemeinden";"0,00";;;"0,00";"0,00"
"12071057";"Drebkau/Drjowk, Stadt";"Gemeinden";"0,40";;;"0,00";
"12071060";"Drehnow/Drjenow";"Gemeinden";"0,00";;;"0,00";
"12071074";"Felixsee/Feliksowy Jazor";"Gemeinden";"0,00";;;"0,00";
"12071076";"Forst (Lausitz)/Baršc (Lužyca), Stadt";"Gemeinden";"1,23";"0,90";"1,20";"0,31";"0,60"
"12071153";"Groß Schacksdorf-Simmersdorf";"Gemeinden";"0,00";;;"0,00";
"12071160";"Guben, Stadt";"Gemeinden";"0,50";"0,68";"0,69";"0,72";"1,07"
"12071164";"Guhrow/Góry";"Gemeinden";"0,00";;;"0,00";
"12071176";"Heinersbrück/Móst";"Gemeinden";"0,00";;;"0,00";"0,00"
"12071189";"Jämlitz-Klein Düben";"Gemeinden";"0,00";;;"0,00";"0,00"
"12071193";"Jänschwalde/Janšojce";"Gemeinden";"0,00";;;"0,00";
"12071244";"Kolkwitz/Golkojce";"Gemeinden";"1,73";"2,78";"2,83";"1,81";"2,71"
"12071294";"Neiße-Malxetal/Dolina Nysa-Malksa";"Gemeinden";"0,00";;;"0,00";
"12071301";"Neuhausen/Spree / Kopance/Sprjewja";"Gemeinden";"8,96";"8,72";"10,21";"10,66";"14,67"
"12071304";"Peitz/Picnjo, Stadt";"Gemeinden";"0,66";;;"0,00";
"12071337";"Schenkendöbern/Derbno";"Gemeinden";"2,53";"1,88";"2,39";"0,00";
"12071341";"Schmogrow-Fehrow/Smogorjow-Prjawoz";"Gemeinden";"0,00";;"11,70";"0,00";
"12071372";"Spremberg/Grodk, Stadt";"Gemeinden";"1,08";"1,22";"1,30";"1,37";"1,46"
"12071384";"Tauer/Turjej";"Gemeinden";"0,00";;;"0,00";
"12071386";"Teichland/Gatojce";"Gemeinden";"0,00";;;"0,00";
"12071392";"Tschernitz/Cersk";"Gemeinden";"0,00";;;"0,00";"0,00"
"12071401";"Turnow-Preilack/Turnow-Psiluk";"Gemeinden";"0,00";;;"0,00";
"12071408";"Welzow/Wjelcej, Stadt";"Gemeinden";"0,00";;;"0,00";
"12071412";"Werben/Wjerbno";"Gemeinden";"0,00";;;"0,00";
"12071414";"Wiesengrund/Lukojce";"Gemeinden";"0,00";;;"0,00";"0,00"
"12072002";"Am Mellensee";"Gemeinden";"6,52";"6,69";"5,98";"2,86";"3,94"
"12072014";"Baruth/Mark, Stadt";"Gemeinden";"5,47";"5,90";"3,99";"3,33";"6,19"
"12072017";"Blankenfelde-Mahlow";"Gemeinden";"4,67";"5,21";"5,89";"3,42";"4,83"
"12072053";"Dahme/Mark, Stadt";"Gemeinden";"4,37";"4,74";"4,84";"3,47";"3,33"
"12072055";"Dahmetal";"Gemeinden";"0,00";;;"0,00";"0,00"
"12072120";"Großbeeren";"Gemeinden";"5,82";"7,68";"5,16";"4,10";"3,54"
"12072157";"Ihlow";"Gemeinden";"0,00";;;"0,00";
"12072169";"Jüterbog, Stadt";"Gemeinden";"1,51";"1,85";"1,79";"1,94";"2,47"
"12072232";"Luckenwalde, Stadt";"Gemeinden";"1,75";"1,63";"1,83";"1,39";"1,70"
"12072240";"Ludwigsfelde, Stadt";"Gemeinden";"3,33";"3,59";"3,86";"4,10";"5,04"
"12072297";"Niedergörsdorf";"Gemeinden";"1,86";"2,26";"2,30";"0,00";
"12072298";"Niederer Fläming";"Gemeinden";"0,00";;;"0,00";
"12072312";"Nuthe-Urstromtal";"Gemeinden";"3,45";"3,12";"2,87";"2,30";"3,18"
"12072340";"Rangsdorf";"Gemeinden";"0,00";;;"1,32";"3,11"
"12072426";"Trebbin, Stadt";"Gemeinden";"2,39";"3,06";"3,14";"2,65";"4,00"
"12072477";"Zossen, Stadt";"Gemeinden";"2,60";"2,50";"2,82";"1,60";"2,84"
"12073008";"Angermünde, Stadt";"Gemeinden";"6,13";"7,08";"7,13";"6,46";"7,25"
"12073069";"Boitzenburger Land";"Gemeinden";"28,02";"37,27";"40,38";"30,19";"41,56"
"12073085";"Brüssow, Stadt";"Gemeinden";"0,00";;"4,17";"2,46";
"12073093";"Carmzow-Wallmow";"Gemeinden";"0,00";;;"0,00";
"12073097";"Casekow";"Gemeinden";"0,00";;;"0,00";
"12073157";"Flieth-Stegelitz";"Gemeinden";"0,00";"0,99";;"0,00";"0,00"
"12073189";"Gartz (Oder), Stadt";"Gemeinden";"0,00";"1,21";;"0,00";
"12073201";"Gerswalde";"Gemeinden";"15,60";"11,82";"11,83";"8,10";"12,34"
"12073216";"Göritz";"Gemeinden";"0,00";;;"0,00";
"12073225";"Gramzow";"Gemeinden";"0,00";;;"0,00";"0,00"
"12073261";"Grünow";"Gemeinden";"0,00";;;"0,00";
"12073309";"Hohenselchow-Groß Pinnow";"Gemeinden";"0,00";;;"0,00";"0,00"
"12073384";"Lychen, Stadt";"Gemeinden";"29,94";"29,53";"28,47";"30,70";"33,00"
"12073393";"Mescherin";"Gemeinden";"0,00";;"10,92";"0,00";
"12073396";"Milmersdorf";"Gemeinden";"0,00";;;"0,00";
"12073404";"Mittenwalde";"Gemeinden";"0,00";;;"0,00";"0,00"
"12073429";"Nordwestuckermark";"Gemeinden";"6,32";"5,21";"6,19";"3,59";"5,36"
"12073430";"Oberuckersee";"Gemeinden";"15,14";"27,77";"38,53";"29,04";"36,56"
"12073440";"Pinnow";"Gemeinden";"0,00";;;"0,00";
"12073452";"Prenzlau, Stadt";"Gemeinden";"2,21";"2,12";"2,08";"1,75";"2,95"
"12073458";"Randowtal";"Gemeinden";"0,00";;;"0,00";"0,00"
"12073490";"Schenkenberg";"Gemeinden";"0,00";;;"0,00";"0,00"
"12073520";"Schönfeld";"Gemeinden";"0,00";;;"0,00";"0,00"
"12073532";"Schwedt/Oder, Stadt";"Gemeinden";"1,40";"1,73";"1,95";"1,70";"2,44"
"12073565";"Tantow";"Gemeinden";"0,00";;;"0,00";"0,00"
"12073569";"Temmen-Ringenwalde";"Gemeinden";"0,00";;"7,32";"9,09";"8,69"
"12073572";"Templin, Stadt";"Gemeinden";"16,80";"19,38";"23,78";"16,54";"22,93"
"12073578";"Uckerfelde";"Gemeinden";"0,00";;;"0,00";"0,00"
"12073579";"Uckerland";"Gemeinden";"0,00";;"3,53";"5,01";"4,25"
"12073645";"Zichow";"Gemeinden";"0,00";;;"0,00";"0,00"
"13003000";"Rostock, Hanse- und Universitätsstadt";"Gemeinden";"7,08";"8,94";"9,58";"6,88";"10,52"
"13004000";"Schwerin, Landeshauptstadt";"Gemeinden";"4,66";"3,85";"3,69";"2,51";"3,66"
"13071001";"Alt Schwerin";"Gemeinden";"0,00";"96,14";"98,16";"86,96";"80,86"
"13071002";"Altenhagen";"Gemeinden";"0,00";;;"0,00";"0,00"
"13071003";"Altenhof";"Gemeinden";"0,00";;;"0,00";"0,00"
"13071004";"Altentreptow, Stadt";"Gemeinden";"0,00";"2,14";"1,49";"0,82";
"13071005";"Ankershagen, Schliemanngemeinde";"Gemeinden";"0,00";;;"0,00";"0,00"
"13071006";"Bartow";"Gemeinden";"0,00";;;"0,00";"0,00"
"13071007";"Basedow";"Gemeinden";"0,00";;;"0,00";
"13071008";"Beggerow";"Gemeinden";"0,00";;;"0,00";"0,00"
"13071009";"Beseritz";"Gemeinden";"0,00";;;"0,00";"0,00"
"13071010";"Blankenhof";"Gemeinden";"0,00";;;"0,00";"0,00"
"13071011";"Blankensee";"Gemeinden";"0,00";"2,38";;"0,00";
"13071012";"Blumenholz";"Gemeinden";"0,00";;;"0,00";"0,00"
"13071013";"Bollewick";"Gemeinden";"0,00";;;"0,00";
"13071014";"Borrentin";"Gemeinden";"0,00";;;"0,00";"0,00"
"13071015";"Bredenfelde";"Gemeinden";"0,00";;;"0,00";
"13071016";"Breesen";"Gemeinden";"0,00";;;"0,00";"0,00"
"13071017";"Breest";"Gemeinden";"0,00";;;"0,00";"0,00"
"13071018";"Briggow";"Gemeinden";"0,00";;;"0,00";"0,00"
"13071019";"Brunn";"Gemeinden";"0,00";;;"0,00";"0,00"
"13071020";"Buchholz";"Gemeinden";"0,00";"19,10";"28,13";"37,10";
"13071021";"Burg Stargard, Stadt";"Gemeinden";"0,00";"4,87";"5,43";"1,74";"4,57"
"13071022";"Burow";"Gemeinden";"0,00";;;"0,00";"0,00"
"13071023";"Bütow";"Gemeinden";"0,00";;;"0,00";
"13071025";"Carpin";"Gemeinden";"0,00";;;"0,00";
"13071026";"Cölpin";"Gemeinden";"0,00";;;"0,00";"0,00"
"13071027";"Dargun, Stadt";"Gemeinden";"0,00";"2,86";"2,55";"0,99";"1,13"
"13071028";"Datzetal";"Gemeinden";"0,00";;;"0,00";"0,00"
"13071029";"Demmin, Hansestadt";"Gemeinden";"0,00";"1,82";"1,64";"1,11";"2,02"
"13071032";"Faulenrost";"Gemeinden";"0,00";;;"0,00";"0,00"
"13071033";"Feldberger Seenlandschaft";"Gemeinden";"0,00";"55,21";"55,70";"40,85";"51,57"
"13071034";"Fincken";"Gemeinden";"0,00";;;"0,00";
"13071035";"Friedland, Stadt";"Gemeinden";"0,00";;;"0,85";"0,94"
"13071036";"Fünfseen";"Gemeinden";"0,00";"25,03";"34,56";"22,48";"27,42"
"13071037";"Galenbeck";"Gemeinden";"0,00";;;"0,00";
"13071039";"Gielow";"Gemeinden";"0,00";;;"0,00";"0,00"
"13071041";"Gnevkow";"Gemeinden";"0,00";;;"0,00";"0,00"
"13071042";"Godendorf";"Gemeinden";"0,00";"44,82";;"5,28";"0,00"
"13071043";"Göhren-Lebbin";"Gemeinden";"0,00";"467,90";"560,13";"426,69";"641,27"
"13071044";"Golchen";"Gemeinden";"0,00";;;"0,00";"0,00"
"13071045";"Gotthun";"Gemeinden";"0,00";"81,70";"73,20";"91,44";"96,48"
"13071047";"Grabowhöfe";"Gemeinden";"0,00";;;"0,56";"0,00"
"13071048";"Grammentin";"Gemeinden";"0,00";;;"0,00";"0,00"
"13071049";"Grapzow";"Gemeinden";"0,00";;;"0,00";"0,00"
"13071050";"Grischow";"Gemeinden";"0,00";;;"0,00";"0,00"
"13071053";"Groß Kelle";"Gemeinden";"0,00";;;"0,00";"0,00"
"13071054";"Groß Miltzow";"Gemeinden";"0,00";;;"0,00";"0,00"
"13071055";"Groß Nemerow";"Gemeinden";"0,00";;;"0,00";
"13071056";"Groß Plasten";"Gemeinden";"0,00";;;"0,00";"0,72"
"13071057";"Groß Teetzleben";"Gemeinden";"0,00";;;"0,00";"0,00"
"13071058";"Grünow";"Gemeinden";"0,00";;;"0,00";
"13071059";"Gültz";"Gemeinden";"0,00";;;"0,00";"0,00"
"13071060";"Gülzow";"Gemeinden";"0,00";;;"0,00";"0,00"
"13071063";"Hohen Wangelin";"Gemeinden";"0,00";;;"0,00";"0,00"
"13071064";"Hohenbollentin";"Gemeinden";"0,00";;;"0,00";"0,00"
"13071065";"Hohenmocker";"Gemeinden";"0,00";;;"0,00";"0,00"
"13071066";"Hohenzieritz";"Gemeinden";"0,00";;;"0,00";
"13071067";"Holldorf";"Gemeinden";"0,00";;;"0,00";"0,00"
"13071068";"Ivenack";"Gemeinden";"0,00";;;"0,00";"0,00"
"13071069";"Jabel";"Gemeinden";"0,00";"42,33";"35,51";"46,94";"103,33"
"13071070";"Jürgenstorf";"Gemeinden";"0,00";;;"0,00";"0,00"
"13071071";"Kargow";"Gemeinden";"0,00";"15,44";;"0,00";
"13071072";"Kentzlin";"Gemeinden";"0,00";;;"0,00";"0,00"
"13071073";"Kieve";"Gemeinden";"0,00";;;"0,00";"0,00"
"13071074";"Kittendorf";"Gemeinden";"0,00";;;"0,00";
"13071075";"Klein Vielen";"Gemeinden";"0,00";;;"0,00";
"13071076";"Kletzin";"Gemeinden";"0,00";;;"0,00";"0,00"
"13071077";"Klink";"Gemeinden";"0,00";"230,94";"144,67";"111,10";"136,46"
"13071078";"Klocksin";"Gemeinden";"0,00";;;"0,00";
"13071079";"Knorrendorf";"Gemeinden";"0,00";;;"0,00";"0,00"
"13071080";"Kratzeburg";"Gemeinden";"0,00";"36,71";"35,64";"0,00";
"13071081";"Kriesow";"Gemeinden";"0,00";;;"0,00";"0,00"
"13071083";"Kublank";"Gemeinden";"0,00";;;"0,00";"0,00"
"13071084";"Kummerow, Seegemeinde";"Gemeinden";"0,00";;;"0,00";"0,00"
"13071087";"Lärz";"Gemeinden";"0,00";;"37,89";"41,68";"54,37"
"13071088";"Leizen";"Gemeinden";"0,00";;;"0,00";
"13071089";"Lindenberg";"Gemeinden";"0,00";;;"0,00";"0,00"
"13071090";"Lindetal";"Gemeinden";"0,00";;;"0,00";"0,00"
"13071092";"Malchin, Stadt";"Gemeinden";"0,00";"4,57";"4,55";"2,40";"4,27"
"13071093";"Malchow, Inselstadt";"Gemeinden";"0,00";"23,80";"26,27";"24,28";"31,53"
"13071096";"Meesiger";"Gemeinden";"0,00";;"52,60";"57,40";"60,82"
"13071097";"Melz";"Gemeinden";"0,00";;;"0,00";"0,00"
"13071099";"Mirow, Stadt";"Gemeinden";"0,00";"51,49";"73,28";"71,67";"92,05"
"13071100";"Möllenbeck";"Gemeinden";"0,00";;;"0,00";"0,00"
"13071101";"Möllenhagen";"Gemeinden";"0,00";"3,78";"2,78";"3,57";"3,31"
"13071102";"Mölln";"Gemeinden";"0,00";;;"0,00";
"13071103";"Moltzow";"Gemeinden";"0,00";"18,66";"20,49";"0,00";
"13071104";"Neddemin";"Gemeinden";"0,00";;;"0,00";"0,00"
"13071105";"Neetzka";"Gemeinden";"0,00";;;"0,00";"0,00"
"13071107";"Neubrandenburg, Vier-Tore-Stadt";"Gemeinden";"0,00";"1,92";"1,64";"1,14";"1,28"
"13071108";"Neuenkirchen";"Gemeinden";"0,00";;;"0,00";"0,00"
"13071109";"Neukalen, Peenestadt";"Gemeinden";"0,00";"4,18";"5,97";"6,46";"6,41"
"13071110";"Neustrelitz, Residenzstadt";"Gemeinden";"0,00";"2,79";"1,72";"3,25";"4,10"
"13071111";"Neverin";"Gemeinden";"0,00";;;"0,00";"0,00"
"13071112";"Nossendorf";"Gemeinden";"0,00";;;"0,00";"0,00"
"13071113";"Nossentiner Hütte";"Gemeinden";"0,00";;;"0,00";
"13071114";"Penkow";"Gemeinden";"0,00";;;"0,00";"0,00"
"13071115";"Penzlin, Stadt";"Gemeinden";"0,00";"1,55";;"0,88";"0,52"
"13071117";"Pragsdorf";"Gemeinden";"0,00";;;"0,00";"0,00"
"13071118";"Priborn";"Gemeinden";"0,00";;;"0,00";
"13071119";"Priepert";"Gemeinden";"0,00";"33,04";"23,48";"0,00";
"13071120";"Pripsleben";"Gemeinden";"0,00";;;"0,00";"0,00"
"13071122";"Rechlin";"Gemeinden";"0,00";"85,55";"95,71";"98,65";"109,88"
"13071123";"Ritzerow";"Gemeinden";"0,00";;;"0,00";"0,00"
"13071124";"Röbel/Müritz, Stadt";"Gemeinden";"0,00";"19,35";"13,24";"22,84";"23,66"
"13071125";"Röckwitz";"Gemeinden";"0,00";;;"0,00";"0,00"
"13071127";"Rosenow";"Gemeinden";"0,00";;;"0,00";"0,00"
"13071128";"Sarow";"Gemeinden";"0,00";;;"0,00";"0,00"
"13071130";"Schönbeck";"Gemeinden";"0,00";;;"0,00";
"13071131";"Schönfeld";"Gemeinden";"0,00";;;"0,00";
"13071132";"Schönhausen";"Gemeinden";"0,00";;;"0,00";"0,00"
"13071133";"Schwarz";"Gemeinden";"0,00";"91,94";"101,39";"82,78";"62,41"
"13071135";"Siedenbollentin";"Gemeinden";"0,00";;;"0,00";"0,00"
"13071136";"Siedenbrünzow";"Gemeinden";"0,00";;;"0,00";"0,00"
"13071137";"Sietow";"Gemeinden";"0,00";"22,33";"31,22";"19,20";
"13071138";"Silz";"Gemeinden";"0,00";"67,29";"56,55";"41,38";"52,13"
"13071139";"Sommersdorf";"Gemeinden";"0,00";;;"0,00";
"13071140";"Sponholz";"Gemeinden";"0,00";;;"0,00";"0,00"
"13071141";"Staven";"Gemeinden";"0,00";;;"0,00";"0,00"
"13071142";"Stavenhagen, Reuterstadt, Stadt";"Gemeinden";"0,00";"9,89";"10,61";"7,23";"11,25"
"13071143";"Stuer";"Gemeinden";"0,00";;;"0,00";
"13071144";"Torgelow am See";"Gemeinden";"0,00";;;"0,00";"0,00"
"13071145";"Trollenhagen";"Gemeinden";"0,00";;;"0,00";
"13071146";"Tützpatz";"Gemeinden";"0,00";;;"0,00";"0,00"
"13071147";"Userin";"Gemeinden";"0,00";"249,22";"288,81";"169,84";"242,33"
"13071148";"Utzedel";"Gemeinden";"0,00";;;"0,00";"0,00"
"13071150";"Verchen";"Gemeinden";"0,00";;;"0,00";
"13071153";"Voigtsdorf";"Gemeinden";"0,00";;;"0,00";"0,00"
"13071154";"Vollrathsruhe";"Gemeinden";"0,00";;;"0,00";"0,00"
"13071155";"Walow";"Gemeinden";"0,00";;;"0,00";"0,00"
"13071156";"Waren (Müritz), Stadt";"Gemeinden";"0,00";"24,63";"27,71";"30,43";"39,67"
"13071157";"Warrenzin";"Gemeinden";"0,00";;;"0,00";
"13071158";"Werder";"Gemeinden";"0,00";;;"0,00";"0,00"
"13071159";"Wesenberg, Stadt";"Gemeinden";"0,00";"44,02";"40,99";"42,27";"48,84"
"13071160";"Wildberg";"Gemeinden";"0,00";;;"0,00";"0,00"
"13071161";"Woggersin";"Gemeinden";"0,00";;;"0,00";"0,00"
"13071162";"Wokuhl-Dabelow";"Gemeinden";"0,00";;;"19,71";
"13071163";"Wolde";"Gemeinden";"0,00";;;"0,00";"0,00"
"13071164";"Woldegk, Windmühlenstadt";"Gemeinden";"0,00";;;"0,00";"0,00"
"13071166";"Wulkenzin";"Gemeinden";"0,00";"3,90";;"0,00";
"13071167";"Wustrow";"Gemeinden";"0,00";"135,40";"125,40";"141,75";"122,77"
"13071169";"Zettemin";"Gemeinden";"0,00";;;"0,00";"0,00"
"13071170";"Zirzow";"Gemeinden";"0,00";;;"0,00";"0,00"
"13071171";"Zislow";"Gemeinden";"0,00";"346,85";"386,20";"443,20";"558,15"
"13071172";"Peenehagen";"Gemeinden";"0,00";;;"0,00";
"13071173";"Kuckssee";"Gemeinden";"0,00";;;"0,00";"0,00"
"13071174";"Schloen-Dratow";"Gemeinden";"0,00";;;"0,00";
"13071175";"Eldetal";"Gemeinden";"0,00";;;"0,00";
"13071176";"Südmüritz";"Gemeinden";"0,00";;;"45,26";"61,46"
"13072001";"Admannshagen-Bargeshagen";"Gemeinden";"0,00";;;"0,00";
"13072002";"Alt Bukow";"Gemeinden";"0,00";;;"0,00";
"13072003";"Alt Sührkow";"Gemeinden";"0,00";;;"0,00";
"13072004";"Altkalen";"Gemeinden";"0,00";;;"0,00";"0,00"
"13072005";"Am Salzhaff";"Gemeinden";"0,00";"146,89";"180,60";"190,24";"216,57"
"13072006";"Bad Doberan, Stadt";"Gemeinden";"0,00";"25,75";"24,87";"20,89";"22,16"
"13072007";"Bartenshagen-Parkentin";"Gemeinden";"0,00";;;"0,00";"0,00"
"13072008";"Bastorf";"Gemeinden";"0,00";"54,28";"47,84";"30,94";"26,51"
"13072009";"Baumgarten";"Gemeinden";"0,00";;;"0,00";"0,00"
"13072010";"Behren-Lübchin";"Gemeinden";"0,00";;;"0,00";
"13072011";"Benitz";"Gemeinden";"0,00";;;"0,00";"0,00"
"13072012";"Bentwisch";"Gemeinden";"0,00";;;"12,06";"15,20"
"13072013";"Bernitt";"Gemeinden";"0,00";;;"0,00";
"13072014";"Biendorf";"Gemeinden";"0,00";"7,10";"7,62";"0,00";
"13072015";"Blankenhagen";"Gemeinden";"0,00";;;"0,00";"0,00"
"13072017";"Börgerende-Rethwisch, Seebad";"Gemeinden";"0,00";"78,10";"83,74";"125,10";"165,97"
"13072018";"Bröbberow";"Gemeinden";"0,00";;;"0,00";"0,00"
"13072019";"Broderstorf";"Gemeinden";"0,00";"8,23";"9,61";"7,59";"9,24"
"13072020";"Bützow, Stadt";"Gemeinden";"0,00";"1,48";"1,36";"1,36";"1,57"
"13072021";"Cammin";"Gemeinden";"0,00";;;"0,00";"0,00"
"13072022";"Carinerland";"Gemeinden";"0,00";;;"0,00";
"13072023";"Dahmen";"Gemeinden";"0,00";"26,33";;"0,00";
"13072024";"Dalkendorf";"Gemeinden";"0,00";;;"0,00";"0,00"
"13072026";"Dobbin-Linstow";"Gemeinden";"0,00";"711,32";"711,11";"300,69";"485,14"
"13072027";"Dolgen am See";"Gemeinden";"0,00";;;"0,00";"0,00"
"13072028";"Dreetz";"Gemeinden";"0,00";;;"0,00";"0,00"
"13072029";"Dummerstorf";"Gemeinden";"0,00";"1,16";"1,80";"0,72";"0,72"
"13072030";"Elmenhorst/Lichtenhagen";"Gemeinden";"0,00";;;"0,00";
"13072031";"Finkenthal";"Gemeinden";"0,00";;;"0,00";"0,00"
"13072032";"Gelbensande";"Gemeinden";"0,00";;;"0,00";"0,00"
"13072033";"Glasewitz";"Gemeinden";"0,00";;;"0,00";"0,00"
"13072034";"Gnewitz";"Gemeinden";"0,00";;;"0,00";"0,00"
"13072035";"Gnoien, Warbelstadt";"Gemeinden";"0,00";;;"0,00";
"13072036";"Graal-Müritz, Ostseeheilbad";"Gemeinden";"0,00";"199,91";"227,82";"184,45";"229,96"
"13072037";"Grammow";"Gemeinden";"0,00";;;"0,00";
"13072038";"Groß Roge";"Gemeinden";"0,00";;;"0,00";"0,00"
"13072039";"Groß Schwiesow";"Gemeinden";"0,00";;;"0,00";"0,00"
"13072040";"Groß Wokern";"Gemeinden";"0,00";;;"0,00";"0,00"
"13072041";"Groß Wüstenfelde";"Gemeinden";"0,00";;;"0,00";"0,00"
"13072042";"Gülzow-Prüzen";"Gemeinden";"0,00";;;"0,00";
"13072043";"Güstrow, Barlachstadt";"Gemeinden";"0,00";"4,94";"4,65";"3,14";"4,33"
"13072044";"Gutow";"Gemeinden";"0,00";;;"0,00";
"13072045";"Hohen Demzin";"Gemeinden";"0,00";;;"0,00";
"13072046";"Hohen Sprenz";"Gemeinden";"0,00";;;"0,00";"0,00"
"13072047";"Hohenfelde";"Gemeinden";"0,00";;;"0,00";"0,00"
"13072048";"Hoppenrade";"Gemeinden";"0,00";;;"0,00";
"13072049";"Jördenstorf";"Gemeinden";"0,00";;;"0,00";"0,00"
"13072050";"Jürgenshagen";"Gemeinden";"0,00";;;"0,00";"0,00"
"13072051";"Kassow";"Gemeinden";"0,00";;;"0,00";"0,00"
"13072053";"Klein Belitz";"Gemeinden";"0,00";;;"0,00";"0,00"
"13072055";"Klein Upahl";"Gemeinden";"0,00";;;"0,00";"0,00"
"13072056";"Krakow am See, Stadt";"Gemeinden";"0,00";"14,90";"14,01";"12,61";"14,33"
"13072057";"Kritzmow";"Gemeinden";"0,00";;;"0,00";
"13072058";"Kröpelin, Stadt";"Gemeinden";"0,00";;"1,53";"1,37";"1,79"
"13072059";"Kuchelmiß";"Gemeinden";"0,00";"23,37";"15,29";"0,00";
"13072060";"Kühlungsborn, Ostseebad, Stadt";"Gemeinden";"0,00";"214,51";"207,19";"196,55";"249,39"
"13072061";"Kuhs";"Gemeinden";"0,00";;;"0,00";
"13072062";"Laage, Stadt";"Gemeinden";"0,00";;"0,94";"0,63";"0,90"
"13072063";"Lalendorf";"Gemeinden";"0,00";"4,42";"7,02";"4,38";"5,12"
"13072064";"Lambrechtshagen";"Gemeinden";"0,00";"11,54";"11,74";"0,00";
"13072066";"Lelkendorf";"Gemeinden";"0,00";;;"0,00";
"13072067";"Lohmen";"Gemeinden";"0,00";"166,06";"149,53";"136,87";"146,13"
"13072069";"Lüssow";"Gemeinden";"0,00";;;"0,00";
"13072071";"Mistorf";"Gemeinden";"0,00";;;"0,00";"0,00"
"13072072";"Mönchhagen";"Gemeinden";"0,00";;;"0,00";"0,00"
"13072073";"Mühl Rosin";"Gemeinden";"0,00";;;"0,00";"0,00"
"13072074";"Neubukow, Schliemannstadt";"Gemeinden";"0,00";;;"2,49";"2,29"
"13072075";"Nienhagen, Ostseebad";"Gemeinden";"0,00";"43,37";"39,86";"35,51";"44,73"
"13072076";"Nustrow";"Gemeinden";"0,00";;;"0,00";"0,00"
"13072077";"Papendorf";"Gemeinden";"0,00";;;"0,00";
"13072078";"Penzin";"Gemeinden";"0,00";;;"0,00";
"13072079";"Plaaz";"Gemeinden";"0,00";;;"0,00";"0,00"
"13072080";"Pölchow";"Gemeinden";"0,00";;;"0,00";"0,00"
"13072081";"Poppendorf";"Gemeinden";"0,00";;;"0,00";"0,00"
"13072082";"Prebberede";"Gemeinden";"0,00";;;"0,00";
"13072083";"Reddelich";"Gemeinden";"0,00";;;"0,00";"0,00"
"13072084";"Reimershagen";"Gemeinden";"0,00";;;"0,00";
"13072085";"Rerik, Ostseebad, Stadt";"Gemeinden";"0,00";"192,11";"191,20";"209,67";"241,06"
"13072086";"Retschow";"Gemeinden";"0,00";"1,97";;"0,00";
"13072087";"Roggentin";"Gemeinden";"0,00";;;"0,00";"0,00"
"13072088";"Rövershagen";"Gemeinden";"0,00";;;"10,65";
"13072089";"Rühn";"Gemeinden";"0,00";;;"0,00";
"13072090";"Rukieten";"Gemeinden";"0,00";;;"0,00";"0,00"
"13072091";"Sanitz";"Gemeinden";"0,00";"1,71";"1,34";"1,37";"1,56"
"13072092";"Sarmstorf";"Gemeinden";"0,00";;;"0,00";"0,00"
"13072093";"Satow";"Gemeinden";"0,00";"1,89";"1,45";"0,00";
"13072094";"Schorssow";"Gemeinden";"0,00";;;"0,00";
"13072095";"Schwaan, Stadt";"Gemeinden";"0,00";;;"0,00";
"13072096";"Schwasdorf";"Gemeinden";"0,00";;;"0,00";
"13072097";"Selpin";"Gemeinden";"0,00";;;"0,00";
"13072098";"Stäbelow";"Gemeinden";"0,00";;;"0,00";
"13072099";"Steffenshagen";"Gemeinden";"0,00";;;"0,00";
"13072101";"Steinhagen";"Gemeinden";"0,00";;;"0,00";
"13072102";"Stubbendorf";"Gemeinden";"0,00";;;"0,00";
"13072103";"Sukow-Levitzow";"Gemeinden";"0,00";;;"0,00";
"13072104";"Tarnow";"Gemeinden";"0,00";;;"0,00";
"13072105";"Tessin, Blumenstadt";"Gemeinden";"0,00";;;"0,00";
"13072106";"Teterow, Bergringstadt";"Gemeinden";"0,00";"8,32";"3,32";"1,59";"2,33"
"13072107";"Thelkow";"Gemeinden";"0,00";;;"0,00";
"13072108";"Thulendorf";"Gemeinden";"0,00";;;"0,00";
"13072109";"Thürkow";"Gemeinden";"0,00";;;"0,00";
"13072110";"Vorbeck";"Gemeinden";"0,00";;;"0,00";"0,00"
"13072111";"Walkendorf";"Gemeinden";"0,00";"10,81";;"14,24";"12,59"
"13072112";"Wardow";"Gemeinden";"0,00";;;"0,00";"0,00"
"13072113";"Warnkenhagen";"Gemeinden";"0,00";"9,66";"8,74";"0,00";
"13072114";"Warnow";"Gemeinden";"0,00";;;"0,00";
"13072116";"Wiendorf";"Gemeinden";"0,00";;;"0,00";"0,00"
"13072117";"Wittenbeck";"Gemeinden";"0,00";"45,90";"39,06";"24,48";"29,80"
"13072118";"Zarnewanz";"Gemeinden";"0,00";;;"0,00";"0,00"
"13072119";"Zehna";"Gemeinden";"0,00";;;"0,00";
"13072120";"Zepelin";"Gemeinden";"0,00";;;"0,00";"0,00"
"13072121";"Ziesendorf";"Gemeinden";"0,00";;;"0,00";"0,00"
"13073001";"Ahrenshagen-Daskow";"Gemeinden";"0,00";;;"0,00";"0,00"
"13073002";"Ahrenshoop, Ostseebad";"Gemeinden";"0,00";"277,56";"320,23";"394,25";"498,64"
"13073003";"Altefähr";"Gemeinden";"0,00";"22,50";"22,44";"45,07";"38,27"
"13073004";"Altenkirchen";"Gemeinden";"0,00";"153,82";"150,53";"145,95";"120,88"
"13073005";"Altenpleen";"Gemeinden";"0,00";;;"0,00";
"13073006";"Baabe, Ostseebad";"Gemeinden";"0,00";"372,95";"392,67";"313,98";"378,08"
"13073007";"Bad Sülze, Stadt";"Gemeinden";"0,00";;;"0,00";
"13073009";"Barth, Stadt";"Gemeinden";"0,00";"7,51";"6,21";"4,76";"6,62"
"13073010";"Bergen auf Rügen, Stadt";"Gemeinden";"0,00";"5,24";"4,81";"4,44";"4,92"
"13073011";"Binz, Ostseebad";"Gemeinden";"0,00";"339,96";"348,97";"281,66";"424,96"
"13073012";"Born a. Darß";"Gemeinden";"0,00";"231,85";"237,96";"103,18";"248,49"
"13073013";"Breege";"Gemeinden";"0,00";"395,71";"482,68";"535,23";"550,40"
"13073014";"Buschvitz";"Gemeinden";"0,00";;;"0,00";
"13073015";"Dettmannsdorf";"Gemeinden";"0,00";;;"0,00";
"13073016";"Deyelsdorf";"Gemeinden";"0,00";;;"0,00";"0,00"
"13073017";"Dierhagen, Ostseebad";"Gemeinden";"0,00";"224,54";"238,97";"225,59";"259,73"
"13073018";"Divitz-Spoldershagen";"Gemeinden";"0,00";;;"0,00";"0,00"
"13073019";"Dranske";"Gemeinden";"0,00";"198,64";"311,19";"342,38";"405,30"
"13073020";"Drechow";"Gemeinden";"0,00";;;"0,00";"0,00"
"13073021";"Dreschvitz";"Gemeinden";"0,00";;;"0,00";"0,00"
"13073022";"Eixen";"Gemeinden";"0,00";;;"0,00";"0,00"
"13073023";"Elmenhorst";"Gemeinden";"0,00";;;"0,00";"0,00"
"13073024";"Franzburg, Stadt";"Gemeinden";"0,00";;;"0,00";"0,00"
"13073025";"Fuhlendorf";"Gemeinden";"0,00";"45,13";"35,37";"28,16";
"13073027";"Garz/Rügen, Stadt";"Gemeinden";"0,00";"16,08";"15,95";"16,63";"24,28"
"13073028";"Gingst";"Gemeinden";"0,00";"13,91";"14,50";"10,43";"14,97"
"13073029";"Glewitz";"Gemeinden";"0,00";;;"0,00";
"13073030";"Glowe, Seebad";"Gemeinden";"0,00";"170,44";"218,91";"181,96";"160,80"
"13073031";"Göhren, Ostseebad";"Gemeinden";"0,00";"417,31";"392,82";"191,31";"304,73"
"13073032";"Grammendorf";"Gemeinden";"0,00";;;"8,31";"9,59"
"13073033";"Gransebieth";"Gemeinden";"0,00";;;"0,00";
"13073034";"Gremersdorf-Buchholz";"Gemeinden";"0,00";;;"0,00";"0,00"
"13073035";"Grimmen, Stadt";"Gemeinden";"0,00";;;"0,00";"0,00"
"13073036";"Groß Kordshagen";"Gemeinden";"0,00";;;"0,00";
"13073037";"Groß Mohrdorf";"Gemeinden";"0,00";"49,81";;"0,00";
"13073038";"Gustow";"Gemeinden";"0,00";;;"0,00";
"13073039";"Hugoldsdorf";"Gemeinden";"0,00";;;"0,00";"0,00"
"13073040";"Insel Hiddensee, Seebad";"Gemeinden";"0,00";"133,11";"163,00";"189,31";"221,88"
"13073041";"Jakobsdorf";"Gemeinden";"0,00";;;"0,00";
"13073042";"Karnin";"Gemeinden";"0,00";;;"0,00";
"13073043";"Kenz-Küstrow";"Gemeinden";"0,00";;;"0,00";"0,00"
"13073044";"Klausdorf";"Gemeinden";"0,00";"20,38";"14,68";"14,97";"17,21"
"13073045";"Kluis";"Gemeinden";"0,00";;;"0,00";
"13073046";"Kramerhof";"Gemeinden";"0,00";;;"0,00";
"13073048";"Lancken-Granitz";"Gemeinden";"0,00";"46,02";"50,31";"49,84";"57,72"
"13073049";"Lietzow";"Gemeinden";"0,00";"79,21";"68,34";"30,55";"51,43"
"13073050";"Lindholz";"Gemeinden";"0,00";;;"0,00";"0,00"
"13073051";"Löbnitz";"Gemeinden";"0,00";;;"0,00";"0,00"
"13073052";"Lohme";"Gemeinden";"0,00";"144,39";"194,72";"189,31";"165,60"
"13073053";"Lüdershagen";"Gemeinden";"0,00";;;"0,00";
"13073054";"Lüssow";"Gemeinden";"0,00";;;"0,00";
"13073055";"Marlow, Stadt";"Gemeinden";"0,00";"4,08";"5,75";"4,76";"5,10"
"13073057";"Millienhagen-Oebelitz";"Gemeinden";"0,00";;;"0,00";"0,00"
"13073059";"Neuenkirchen";"Gemeinden";"0,00";"26,47";"31,08";"30,59";"32,05"
"13073060";"Niepars";"Gemeinden";"0,00";;;"1,61";"2,45"
"13073061";"Pantelitz";"Gemeinden";"0,00";;;"0,00";
"13073062";"Papenhagen";"Gemeinden";"0,00";;;"0,00";"0,00"
"13073063";"Parchtitz";"Gemeinden";"0,00";"11,58";;"0,00";
"13073064";"Patzig";"Gemeinden";"0,00";;;"0,00";"0,03"
"13073065";"Poseritz";"Gemeinden";"0,00";"14,45";;"0,00";
"13073066";"Preetz";"Gemeinden";"0,00";;;"0,00";"0,00"
"13073067";"Prerow, Ostseebad";"Gemeinden";"0,00";"255,69";"258,78";"356,63";"432,51"
"13073068";"Prohn";"Gemeinden";"0,00";;;"0,00";"0,00"
"13073069";"Pruchten";"Gemeinden";"0,00";"80,37";"92,64";"100,69";"83,49"
"13073070";"Putbus, Stadt";"Gemeinden";"0,00";"33,62";"36,05";"30,13";"33,58"
"13073071";"Putgarten";"Gemeinden";"0,00";"174,81";"154,54";"160,29";"128,68"
"13073072";"Ralswiek";"Gemeinden";"0,00";"174,98";"202,70";"114,10";"156,77"
"13073073";"Rambin";"Gemeinden";"0,00";"3,29";;"3,40";"3,18"
"13073074";"Rappin";"Gemeinden";"0,00";"107,93";"94,57";"90,06";"75,96"
"13073075";"Ribnitz-Damgarten, Bernsteinstadt";"Gemeinden";"0,00";"2,24";"2,24";"1,81";"2,08"
"13073076";"Richtenberg, Stadt";"Gemeinden";"0,00";;;"0,00";"0,00"
"13073077";"Saal";"Gemeinden";"0,00";;;"0,00";
"13073078";"Sagard";"Gemeinden";"0,00";"54,32";"77,89";"45,23";"74,18"
"13073079";"Samtens";"Gemeinden";"0,00";"22,68";"19,62";"12,21";"11,88"
"13073080";"Sassnitz, Stadt";"Gemeinden";"0,00";"24,42";"23,91";"20,22";"21,43"
"13073081";"Schaprode";"Gemeinden";"0,00";"62,73";"90,96";"89,74";"102,42"
"13073082";"Schlemmin";"Gemeinden";"0,00";;;"0,00";
"13073083";"Sehlen";"Gemeinden";"0,00";"1,87";"3,38";"3,69";
"13073084";"Sellin, Ostseebad";"Gemeinden";"0,00";"293,77";"269,44";"205,27";"259,67"
"13073085";"Semlow";"Gemeinden";"0,00";;;"0,00";"0,00"
"13073086";"Splietsdorf";"Gemeinden";"0,00";;;"0,00";
"13073087";"Steinhagen";"Gemeinden";"0,00";"5,07";"3,92";"1,65";"1,31"
"13073088";"Stralsund, Hansestadt";"Gemeinden";"0,00";"7,82";"8,37";"5,49";"7,59"
"13073089";"Süderholz";"Gemeinden";"0,00";;;"0,00";
"13073090";"Sundhagen";"Gemeinden";"0,00";"4,00";"4,29";"3,33";"3,86"
"13073092";"Trent";"Gemeinden";"0,00";"94,11";"96,73";"73,18";"97,67"
"13073093";"Tribsees, Stadt";"Gemeinden";"0,00";;;"0,00";
"13073094";"Trinwillershagen";"Gemeinden";"0,00";;;"0,00";
"13073095";"Ummanz";"Gemeinden";"0,00";"123,13";"190,73";"167,11";"147,72"
"13073096";"Velgast";"Gemeinden";"0,00";;;"0,00";
"13073097";"Weitenhagen";"Gemeinden";"0,00";;;"0,00";"0,00"
"13073098";"Wendisch Baggendorf";"Gemeinden";"0,00";;;"0,00";"0,00"
"13073099";"Wendorf";"Gemeinden";"0,00";;;"0,00";
"13073100";"Wieck a. Darß";"Gemeinden";"0,00";"64,71";"55,86";"59,05";"58,73"
"13073101";"Wiek";"Gemeinden";"0,00";"140,59";"152,54";"139,74";"168,87"
"13073102";"Wittenhagen";"Gemeinden";"0,00";;;"0,00";
"13073103";"Wustrow, Ostseebad";"Gemeinden";"0,00";"254,69";"256,69";"283,04";"304,80"
"13073104";"Zarrendorf";"Gemeinden";"0,00";;;"0,00";
"13073105";"Zingst, Ostseeheilbad";"Gemeinden";"0,00";"275,97";"294,85";"350,11";"383,16"
"13073106";"Zirkow";"Gemeinden";"0,00";"2,70";;"6,86";"7,75"
"13073107";"Mönchgut, Ostseebad";"Gemeinden";"0,00";;;"313,09";"342,33"
"13074001";"Alt Meteln";"Gemeinden";"0,00";;;"0,00";"0,00"
"13074002";"Bad Kleinen";"Gemeinden";"0,00";"11,61";;"0,00";
"13074003";"Barnekow";"Gemeinden";"0,00";;;"0,00";
"13074004";"Benz";"Gemeinden";"0,00";;;"0,00";
"13074005";"Bernstorf";"Gemeinden";"0,00";;;"0,00";"0,00"
"13074006";"Bibow";"Gemeinden";"0,00";;;"0,00";
"13074007";"Blowatz";"Gemeinden";"0,00";"20,30";"21,69";"11,34";
"13074008";"Bobitz";"Gemeinden";"0,00";;;"0,00";
"13074009";"Boiensdorf";"Gemeinden";"0,00";"13,84";"21,95";"0,00";
"13074010";"Boltenhagen, Ostseebad";"Gemeinden";"0,00";"332,99";"388,06";"322,51";"440,66"
"13074012";"Brüsewitz";"Gemeinden";"0,00";;;"0,00";"0,00"
"13074013";"Carlow";"Gemeinden";"0,00";;;"0,00";"0,00"
"13074014";"Cramonshagen";"Gemeinden";"0,00";;;"0,00";"0,00"
"13074015";"Dalberg-Wendelstorf";"Gemeinden";"0,00";;;"0,00";"0,00"
"13074016";"Damshagen";"Gemeinden";"0,00";;;"0,00";
"13074017";"Dassow, Stadt";"Gemeinden";"0,00";"3,15";"3,24";"1,44";"1,66"
"13074018";"Dechow";"Gemeinden";"0,00";;;"0,00";
"13074019";"Dorf Mecklenburg";"Gemeinden";"0,00";;;"0,00";
"13074020";"Dragun";"Gemeinden";"0,00";;;"0,00";
"13074021";"Gadebusch, Stadt";"Gemeinden";"0,00";;"1,19";"0,78";"1,05"
"13074022";"Gägelow";"Gemeinden";"0,00";;;"0,00";
"13074023";"Glasin";"Gemeinden";"0,00";;;"0,00";"0,00"
"13074024";"Gottesgabe";"Gemeinden";"0,00";;;"0,00";"0,00"
"13074025";"Grambow";"Gemeinden";"0,00";;;"0,00";"0,00"
"13074026";"Grevesmühlen, Stadt";"Gemeinden";"0,00";"1,50";"1,93";"1,84";"2,54"
"13074027";"Grieben";"Gemeinden";"0,00";;;"0,00";"0,00"
"13074028";"Groß Molzahn";"Gemeinden";"0,00";;;"0,00";"0,00"
"13074030";"Groß Stieten";"Gemeinden";"0,00";;;"0,00";"0,00"
"13074031";"Hohen Viecheln";"Gemeinden";"0,00";;;"0,00";
"13074032";"Hohenkirchen";"Gemeinden";"0,00";"63,59";"62,70";"93,59";"179,15"
"13074033";"Holdorf";"Gemeinden";"0,00";;;"0,00";
"13074034";"Hornstorf";"Gemeinden";"0,00";;;"0,00";
"13074035";"Insel Poel, Ostseebad";"Gemeinden";"0,00";"81,93";"88,70";"129,92";"147,42"
"13074036";"Jesendorf";"Gemeinden";"0,00";;;"0,00";"0,00"
"13074037";"Kalkhorst";"Gemeinden";"0,00";"28,89";"26,23";"23,30";"26,32"
"13074038";"Klein Trebbow";"Gemeinden";"0,00";;;"0,00";"0,00"
"13074039";"Klütz, Stadt";"Gemeinden";"0,00";"17,72";"15,49";"14,07";"12,93"
"13074040";"Kneese";"Gemeinden";"0,00";;;"0,00";"0,00"
"13074042";"Königsfeld";"Gemeinden";"0,00";;;"0,00";"0,00"
"13074043";"Krembz";"Gemeinden";"0,00";;;"0,00";"0,00"
"13074044";"Krusenhagen";"Gemeinden";"0,00";;;"0,00";"0,00"
"13074046";"Lübberstorf";"Gemeinden";"0,00";;;"0,00";"0,00"
"13074047";"Lübow";"Gemeinden";"0,00";;;"0,00";
"13074048";"Lübstorf";"Gemeinden";"0,00";"23,85";"28,39";"22,55";"26,53"
"13074049";"Lüdersdorf";"Gemeinden";"0,00";;;"0,00";"0,00"
"13074050";"Lützow";"Gemeinden";"0,00";;;"0,00";
"13074052";"Menzendorf";"Gemeinden";"0,00";;;"0,00";"0,00"
"13074053";"Metelsdorf";"Gemeinden";"0,00";;;"0,00";"0,00"
"13074054";"Mühlen Eichsen";"Gemeinden";"0,00";;;"0,00";
"13074056";"Neuburg";"Gemeinden";"0,00";"5,76";"5,00";"4,35";"4,02"
"13074057";"Neukloster, Stadt";"Gemeinden";"0,00";"3,34";"2,58";"1,29";"2,64"
"13074060";"Passee";"Gemeinden";"0,00";;;"0,00";"0,00"
"13074061";"Perlin";"Gemeinden";"0,00";;;"0,00";
"13074062";"Pingelshagen";"Gemeinden";"0,00";;;"0,00";"0,00"
"13074064";"Pokrent";"Gemeinden";"0,00";;;"0,00";"0,00"
"13074065";"Rehna, Stadt";"Gemeinden";"0,00";;;"0,00";
"13074066";"Rieps";"Gemeinden";"0,00";;;"0,00";"0,00"
"13074067";"Roduchelstorf";"Gemeinden";"0,00";;;"0,00";"0,00"
"13074068";"Roggendorf";"Gemeinden";"0,00";"9,11";;"0,00";
"13074069";"Roggenstorf";"Gemeinden";"0,00";;;"0,00";
"13074070";"Rögnitz";"Gemeinden";"0,00";;;"0,00";"0,00"
"13074071";"Rüting";"Gemeinden";"0,00";;;"0,00";
"13074072";"Schildetal";"Gemeinden";"0,00";;;"0,00";
"13074073";"Schlagsdorf";"Gemeinden";"0,00";;;"0,00";"0,00"
"13074074";"Schönberg, Stadt";"Gemeinden";"0,00";;;"0,00";
"13074075";"Seehof";"Gemeinden";"0,00";"35,04";"25,86";"59,79";"56,92"
"13074076";"Selmsdorf";"Gemeinden";"0,00";;;"0,00";"0,00"
"13074077";"Testorf-Steinfort";"Gemeinden";"0,00";;;"0,00";"0,00"
"13074078";"Thandorf";"Gemeinden";"0,00";;;"0,00";
"13074079";"Upahl";"Gemeinden";"0,00";;;"0,00";
"13074080";"Utecht";"Gemeinden";"0,00";;;"0,00";
"13074081";"Veelböken";"Gemeinden";"0,00";;;"0,00";"0,00"
"13074082";"Ventschow";"Gemeinden";"0,00";;;"0,00";"0,00"
"13074084";"Warin, Stadt";"Gemeinden";"0,00";"3,01";;"1,83";"2,86"
"13074085";"Warnow";"Gemeinden";"0,00";;;"0,00";
"13074087";"Wismar, Hansestadt";"Gemeinden";"0,00";"6,82";"8,40";"7,38";"9,52"
"13074088";"Zickhusen";"Gemeinden";"0,00";;;"0,00";"0,00"
"13074089";"Zierow";"Gemeinden";"0,00";"120,37";"147,58";"145,90";"217,19"
"13074090";"Zurow";"Gemeinden";"0,00";"11,92";;"0,00";
"13074091";"Züsow";"Gemeinden";"0,00";;"6,52";"0,00";"0,00"
"13074092";"Wedendorfersee";"Gemeinden";"0,00";;;"0,00";"0,00"
"13074093";"Stepenitztal";"Gemeinden";"0,00";;;"0,00";"0,00"
"13074094";"Siemz-Niendorf";"Gemeinden";"0,00";;;"0,00";"0,00"
"13075001";"Ahlbeck";"Gemeinden";"0,00";;;"0,00";"0,02"
"13075002";"Alt Tellin";"Gemeinden";"0,00";;;"0,00";
"13075003";"Altwarp, Fischerdorf";"Gemeinden";"0,00";;;"0,00";
"13075004";"Altwigshagen";"Gemeinden";"0,00";;;"0,00";"0,00"
"13075005";"Anklam, Hansestadt";"Gemeinden";"0,00";"2,26";"1,98";"1,05";"1,42"
"13075006";"Bandelin";"Gemeinden";"0,00";;;"0,00";"0,00"
"13075007";"Bargischow";"Gemeinden";"0,00";;;"0,00";"0,00"
"13075008";"Behrenhoff";"Gemeinden";"0,00";;;"0,00";"0,00"
"13075009";"Bentzin";"Gemeinden";"0,00";;;"0,00";"0,00"
"13075010";"Benz";"Gemeinden";"0,00";"91,48";"88,07";"36,61";"36,88"
"13075011";"Bergholz";"Gemeinden";"0,00";;;"0,00";"0,00"
"13075012";"Blankensee";"Gemeinden";"0,00";;;"0,00";"0,00"
"13075013";"Blesewitz";"Gemeinden";"0,00";;;"0,00";"0,00"
"13075015";"Boldekow";"Gemeinden";"0,00";;;"0,00";
"13075016";"Boock";"Gemeinden";"0,00";;;"0,00";"0,00"
"13075017";"Brietzig";"Gemeinden";"0,00";;;"0,00";"0,00"
"13075018";"Brünzow";"Gemeinden";"0,00";;;"0,00";
"13075020";"Bugewitz";"Gemeinden";"0,00";;;"0,00";"0,00"
"13075021";"Buggenhagen";"Gemeinden";"0,00";;;"0,00";"0,00"
"13075022";"Butzow";"Gemeinden";"0,00";;;"0,00";"0,00"
"13075023";"Daberkow";"Gemeinden";"0,00";;;"0,00";"0,00"
"13075025";"Dargelin";"Gemeinden";"0,00";;;"0,00";
"13075026";"Dargen";"Gemeinden";"0,00";"9,48";"9,68";"4,41";"8,07"
"13075027";"Dersekow";"Gemeinden";"0,00";;;"0,00";"0,00"
"13075029";"Ducherow";"Gemeinden";"0,00";"5,09";"6,93";"4,18";"5,21"
"13075031";"Eggesin, Stadt";"Gemeinden";"0,00";"1,47";"1,40";"1,08";"1,42"
"13075032";"Fahrenwalde";"Gemeinden";"0,00";;;"0,00";"0,00"
"13075033";"Ferdinandshof";"Gemeinden";"0,00";;;"0,00";
"13075034";"Garz";"Gemeinden";"0,00";;;"0,00";"0,00"
"13075035";"Glasow";"Gemeinden";"0,00";;;"0,00";"0,00"
"13075036";"Görmin";"Gemeinden";"0,00";;;"0,00";"0,00"
"13075037";"Grambin";"Gemeinden";"0,00";"36,37";;"0,00";
"13075038";"Grambow";"Gemeinden";"0,00";;;"0,00";"0,00"
"13075039";"Greifswald, Universitäts- und Hansestadt";"Gemeinden";"0,00";"3,56";"4,39";"3,49";"5,09"
"13075040";"Gribow";"Gemeinden";"0,00";;;"0,00";"0,00"
"13075041";"Groß Kiesow";"Gemeinden";"0,00";;;"0,00";"0,00"
"13075042";"Groß Luckow";"Gemeinden";"0,00";;;"0,00";"0,00"
"13075043";"Groß Polzin";"Gemeinden";"0,00";;;"0,00";"0,00"
"13075044";"Gützkow, Stadt";"Gemeinden";"0,00";;;"0,00";
"13075045";"Hammer a.d. Uecker";"Gemeinden";"0,00";;;"0,00";"0,00"
"13075046";"Hanshagen";"Gemeinden";"0,00";;;"0,00";"0,00"
"13075048";"Heinrichswalde";"Gemeinden";"0,00";;;"0,00";"0,00"
"13075049";"Heringsdorf, Ostseebad";"Gemeinden";"0,00";"255,65";"270,29";"277,56";"508,58"
"13075050";"Hinrichshagen";"Gemeinden";"0,00";;;"0,00";
"13075051";"Hintersee";"Gemeinden";"0,00";;;"0,00";"0,00"
"13075053";"Iven";"Gemeinden";"0,00";;;"0,00";"0,00"
"13075054";"Jarmen, Stadt";"Gemeinden";"0,00";;;"0,00";
"13075055";"Jatznick";"Gemeinden";"0,00";;;"0,00";"0,00"
"13075056";"Kamminke";"Gemeinden";"0,00";"46,93";"95,58";"80,86";"61,44"
"13075058";"Karlshagen, Ostseebad";"Gemeinden";"0,00";"66,86";"63,76";"58,10";"67,30"
"13075059";"Katzow";"Gemeinden";"0,00";;;"0,00";
"13075060";"Kemnitz";"Gemeinden";"0,00";;;"0,00";"0,00"
"13075061";"Klein Bünzow";"Gemeinden";"0,00";;;"0,00";
"13075063";"Koblentz";"Gemeinden";"0,00";;;"0,00";"0,00"
"13075065";"Korswandt";"Gemeinden";"0,00";"22,38";"85,84";"38,70";"59,53"
"13075066";"Koserow, Ostseebad";"Gemeinden";"0,00";"143,28";"147,47";"101,82";"166,28"
"13075067";"Krackow";"Gemeinden";"0,00";;;"0,00";"0,00"
"13075068";"Krien";"Gemeinden";"0,00";;;"0,00";"0,00"
"13075069";"Kröslin";"Gemeinden";"0,00";"11,16";"18,91";"27,56";"25,14"
"13075070";"Kruckow";"Gemeinden";"0,00";;;"0,00";
"13075071";"Krugsdorf";"Gemeinden";"0,00";;;"0,00";
"13075072";"Krummin";"Gemeinden";"0,00";;;"0,00";
"13075073";"Krusenfelde";"Gemeinden";"0,00";;;"0,00";"0,00"
"13075074";"Lassan, Stadt";"Gemeinden";"0,00";;;"0,00";
"13075075";"Leopoldshagen";"Gemeinden";"0,00";;;"0,00";"0,00"
"13075076";"Levenhagen";"Gemeinden";"0,00";;;"0,00";
"13075078";"Liepgarten";"Gemeinden";"0,00";;;"0,00";
"13075079";"Löcknitz";"Gemeinden";"0,00";"1,98";"1,84";"1,82";"2,21"
"13075080";"Loddin, Seebad";"Gemeinden";"0,00";"337,05";"397,78";"331,84";"433,73"
"13075081";"Loissin";"Gemeinden";"0,00";"68,15";;"0,00";
"13075082";"Loitz, Stadt";"Gemeinden";"0,00";;;"1,22";"0,87"
"13075083";"Lubmin, Seebad";"Gemeinden";"0,00";"20,85";"18,59";"9,94";"11,14"
"13075084";"Lübs";"Gemeinden";"0,00";;;"0,00";"0,00"
"13075085";"Luckow";"Gemeinden";"0,00";;;"26,19";
"13075087";"Lütow";"Gemeinden";"0,00";"141,83";"118,81";"148,01";"121,14"
"13075088";"Medow";"Gemeinden";"0,00";;;"0,00";"0,00"
"13075089";"Meiersberg";"Gemeinden";"0,00";;;"0,00";"0,00"
"13075090";"Mellenthin";"Gemeinden";"0,00";"82,10";"88,85";"48,62";"59,32"
"13075091";"Mesekenhagen";"Gemeinden";"0,00";;;"0,00";"0,00"
"13075092";"Mölschow";"Gemeinden";"0,00";"6,79";"2,33";"0,00";
"13075093";"Mönkebude";"Gemeinden";"0,00";"9,47";"10,67";"8,52";"9,83"
"13075094";"Murchin";"Gemeinden";"0,00";"4,47";"3,82";"2,25";
"13075095";"Nadrensee";"Gemeinden";"0,00";;;"0,00";"0,00"
"13075097";"Neu Boltenhagen";"Gemeinden";"0,00";;;"0,00";"0,00"
"13075098";"Neu Kosenow";"Gemeinden";"0,00";;;"0,00";
"13075101";"Neuenkirchen";"Gemeinden";"0,00";;;"0,00";"0,00"
"13075102";"Neuenkirchen";"Gemeinden";"0,00";;;"0,00";
"13075103";"Nieden";"Gemeinden";"0,00";;;"0,00";"0,00"
"13075104";"Papendorf";"Gemeinden";"0,00";;;"0,00";"0,00"
"13075105";"Pasewalk, Stadt";"Gemeinden";"0,00";"1,29";"2,28";"2,01";"2,70"
"13075106";"Peenemünde";"Gemeinden";"0,00";"75,85";"81,37";"65,36";"103,36"
"13075107";"Penkun, Stadt";"Gemeinden";"0,00";;;"0,00";
"13075108";"Plöwen";"Gemeinden";"0,00";;;"0,00";"3,03"
"13075109";"Polzow";"Gemeinden";"0,00";;;"0,00";"0,00"
"13075110";"Postlow";"Gemeinden";"0,00";;;"0,00";"0,00"
"13075111";"Pudagla";"Gemeinden";"0,00";;;"0,00";"0,00"
"13075113";"Ramin";"Gemeinden";"0,00";;;"0,00";
"13075114";"Rankwitz";"Gemeinden";"0,00";"25,29";"39,98";"54,25";"49,63"
"13075115";"Rollwitz";"Gemeinden";"0,00";;;"0,00";"0,00"
"13075116";"Rossin";"Gemeinden";"0,00";;;"0,00";"0,00"
"13075117";"Rossow";"Gemeinden";"0,00";;;"0,00";"0,00"
"13075118";"Rothemühl";"Gemeinden";"0,00";;;"0,00";"0,00"
"13075119";"Rothenklempenow";"Gemeinden";"0,00";;;"0,00";"0,00"
"13075120";"Rubenow";"Gemeinden";"0,00";;;"0,00";
"13075121";"Rubkow";"Gemeinden";"0,00";;;"0,00";"0,00"
"13075122";"Sarnow";"Gemeinden";"0,00";;;"0,00";"0,00"
"13075123";"Sassen-Trantow";"Gemeinden";"0,00";;;"0,00";
"13075124";"Sauzin";"Gemeinden";"0,00";;;"0,00";
"13075125";"Schmatzin";"Gemeinden";"0,00";;;"0,00";
"13075126";"Schönwalde";"Gemeinden";"0,00";;;"0,00";"0,00"
"13075127";"Spantekow";"Gemeinden";"0,00";;;"0,00";"0,00"
"13075128";"Stolpe an der Peene";"Gemeinden";"0,00";;;"0,00";
"13075129";"Stolpe auf Usedom";"Gemeinden";"0,00";"48,21";;"0,00";"3,26"
"13075130";"Strasburg (Uckermark), Stadt";"Gemeinden";"0,00";;"1,00";"1,17";"2,60"
"13075131";"Torgelow, Stadt";"Gemeinden";"0,00";"1,20";"1,46";"0,66";"1,17"
"13075133";"Trassenheide, Ostseebad";"Gemeinden";"0,00";"399,06";"460,15";"400,32";"588,52"
"13075134";"Tutow";"Gemeinden";"0,00";;;"0,00";"0,00"
"13075135";"Ückeritz, Seebad";"Gemeinden";"0,00";"415,01";"378,05";"346,06";"375,81"
"13075136";"Ueckermünde, Seebad , Stadt";"Gemeinden";"0,00";"15,62";"14,97";"12,34";"12,41"
"13075137";"Usedom, Stadt";"Gemeinden";"0,00";"4,84";"4,08";"9,53";"9,60"
"13075138";"Viereck";"Gemeinden";"0,00";;;"0,00";
"13075139";"Vogelsang-Warsin";"Gemeinden";"0,00";;;"0,00";"0,00"
"13075140";"Völschow";"Gemeinden";"0,00";;;"0,00";"0,00"
"13075141";"Wackerow";"Gemeinden";"0,00";;;"0,00";"0,00"
"13075142";"Weitenhagen";"Gemeinden";"0,00";;;"0,00";
"13075143";"Wilhelmsburg";"Gemeinden";"0,00";;;"0,00";"0,00"
"13075144";"Wolgast, Stadt";"Gemeinden";"0,00";"1,87";"3,02";"2,48";"3,37"
"13075145";"Wrangelsburg";"Gemeinden";"0,00";;;"0,00";"0,00"
"13075146";"Wusterhusen";"Gemeinden";"0,00";;;"0,00";"1,33"
"13075147";"Zemitz";"Gemeinden";"0,00";;;"0,00";"0,00"
"13075148";"Zempin, Seebad";"Gemeinden";"0,00";"147,46";"179,14";"200,57";"116,54"
"13075149";"Zerrenthin";"Gemeinden";"0,00";;;"0,00";"0,00"
"13075150";"Ziethen";"Gemeinden";"0,00";;;"0,00";"0,00"
"13075151";"Zinnowitz, Ostseebad";"Gemeinden";"0,00";"175,41";"200,40";"156,33";"207,65"
"13075152";"Zirchow";"Gemeinden";"0,00";;;"0,00";"0,00"
"13075154";"Züssow";"Gemeinden";"0,00";;;"0,00";
"13075155";"Neetzow-Liepen";"Gemeinden";"0,00";;;"0,00";
"13075156";"Karlsburg";"Gemeinden";"0,00";;;"0,00";
"13076001";"Alt Krenzlin";"Gemeinden";"0,00";;;"0,00";
"13076002";"Alt Zachun";"Gemeinden";"0,00";;;"0,00";"0,00"
"13076003";"Balow";"Gemeinden";"0,00";;;"0,00";"0,00"
"13076004";"Bandenitz";"Gemeinden";"0,00";;;"0,00";"0,00"
"13076005";"Banzkow";"Gemeinden";"0,00";;;"0,00";
"13076006";"Barkhagen";"Gemeinden";"0,00";"16,59";;"0,00";
"13076007";"Barnin";"Gemeinden";"0,00";;;"0,00";"0,00"
"13076008";"Belsch";"Gemeinden";"0,00";;;"0,00";"0,00"
"13076009";"Bengerstorf";"Gemeinden";"0,00";;;"0,00";"0,00"
"13076010";"Besitz";"Gemeinden";"0,00";;;"0,00";
"13076011";"Blankenberg";"Gemeinden";"0,00";;;"0,00";
"13076012";"Blievenstorf";"Gemeinden";"0,00";;;"0,00";"0,00"
"13076013";"Bobzin";"Gemeinden";"0,00";;;"0,00";"0,00"
"13076014";"Boizenburg/ Elbe, Stadt";"Gemeinden";"0,00";;;"0,73";"0,64"
"13076015";"Borkow";"Gemeinden";"0,00";"28,45";"48,12";"33,99";"46,67"
"13076016";"Brahlstorf";"Gemeinden";"0,00";;;"0,00";"0,00"
"13076017";"Brenz";"Gemeinden";"0,00";;;"0,00";
"13076018";"Bresegard bei Eldena";"Gemeinden";"0,00";;;"0,00";"0,00"
"13076019";"Bresegard bei Picher";"Gemeinden";"0,00";;;"0,00";"0,00"
"13076020";"Brüel, Stadt";"Gemeinden";"0,00";"3,42";"1,32";"1,14";"3,68"
"13076021";"Brunow";"Gemeinden";"0,00";;;"0,00";"0,00"
"13076023";"Bülow";"Gemeinden";"0,00";;;"0,00";"0,00"
"13076024";"Cambs";"Gemeinden";"0,00";;;"0,00";
"13076025";"Crivitz, Stadt";"Gemeinden";"0,00";"8,31";"7,28";"6,08";"8,72"
"13076026";"Dabel";"Gemeinden";"0,00";"11,38";"14,72";"14,97";"10,90"
"13076027";"Dambeck";"Gemeinden";"0,00";;;"0,00";"0,00"
"13076029";"Demen";"Gemeinden";"0,00";;;"0,00";
"13076030";"Dersenow";"Gemeinden";"0,00";;;"0,00";"0,00"
"13076032";"Dobbertin";"Gemeinden";"0,00";"12,48";"8,62";"8,78";"9,60"
"13076033";"Dobin am See";"Gemeinden";"0,00";"26,03";"27,18";"31,65";"20,25"
"13076034";"Dömitz, Stadt";"Gemeinden";"0,00";"3,51";;"0,00";
"13076035";"Domsühl";"Gemeinden";"0,00";;;"0,00";"0,00"
"13076036";"Dümmer";"Gemeinden";"0,00";"3,40";"3,41";"0,00";
"13076037";"Eldena";"Gemeinden";"0,00";;;"0,00";
"13076038";"Friedrichsruhe";"Gemeinden";"0,00";;;"0,00";"0,00"
"13076039";"Gallin";"Gemeinden";"0,00";;;"0,00";"0,00"
"13076040";"Gallin-Kuppentin";"Gemeinden";"0,00";;;"0,00";"0,00"
"13076041";"Gammelin";"Gemeinden";"0,00";;;"0,00";"0,00"
"13076044";"Gneven";"Gemeinden";"0,00";;;"0,00";
"13076046";"Göhlen";"Gemeinden";"0,00";;;"0,00";"0,00"
"13076048";"Goldberg, Stadt";"Gemeinden";"0,00";"6,25";;"0,00";
"13076049";"Gorlosen";"Gemeinden";"0,00";;;"0,00";
"13076050";"Grabow, Stadt";"Gemeinden";"0,00";"1,02";"1,33";"0,97";"0,99"
"13076051";"Granzin";"Gemeinden";"0,00";;;"0,00";"0,00"
"13076053";"Grebs-Niendorf";"Gemeinden";"0,00";;;"0,00";"0,00"
"13076054";"Gresse";"Gemeinden";"0,00";;;"0,00";"0,00"
"13076055";"Greven";"Gemeinden";"0,00";;;"0,00";"0,00"
"13076056";"Groß Godems";"Gemeinden";"0,00";;;"0,00";"0,00"
"13076057";"Groß Krams";"Gemeinden";"0,00";;;"0,00";"0,00"
"13076058";"Groß Laasch";"Gemeinden";"0,00";;;"0,00";"0,00"
"13076060";"Hagenow, Stadt";"Gemeinden";"0,00";;;"0,66";
"13076062";"Hohen Pritz";"Gemeinden";"0,00";"59,33";;"0,00";
"13076063";"Holthusen";"Gemeinden";"0,00";;;"0,00";"0,00"
"13076064";"Hoort";"Gemeinden";"0,00";;;"0,00";
"13076065";"Hülseburg";"Gemeinden";"0,00";;;"0,00";"0,00"
"13076067";"Karenz";"Gemeinden";"0,00";;;"0,00";"0,00"
"13076068";"Karrenzin";"Gemeinden";"0,00";;;"0,00";"0,00"
"13076069";"Karstädt";"Gemeinden";"0,00";;;"0,00";"0,00"
"13076070";"Kirch Jesar";"Gemeinden";"0,00";;;"0,00";
"13076071";"Klein Rogahn";"Gemeinden";"0,00";;;"0,00";"0,00"
"13076072";"Kobrow";"Gemeinden";"0,00";;;"0,00";"0,00"
"13076073";"Kogel";"Gemeinden";"0,00";;;"0,00";"0,00"
"13076075";"Kreien";"Gemeinden";"0,00";;;"0,00";
"13076076";"Kremmin";"Gemeinden";"0,00";;;"0,00";"0,00"
"13076077";"Kritzow";"Gemeinden";"0,00";;;"0,00";"0,00"
"13076078";"Kuhlen-Wendorf";"Gemeinden";"0,00";;;"0,00";
"13076079";"Kuhstorf";"Gemeinden";"0,00";;;"0,00";"0,00"
"13076080";"Langen Brütz";"Gemeinden";"0,00";;;"0,00";
"13076082";"Leezen";"Gemeinden";"0,00";;;"0,00";
"13076085";"Lewitzrand";"Gemeinden";"0,00";"3,38";"3,05";"0,00";
"13076086";"Lübesse";"Gemeinden";"0,00";;;"0,00";"0,00"
"13076087";"Lüblow";"Gemeinden";"0,00";;;"0,00";"0,00"
"13076088";"Lübtheen, Stadt";"Gemeinden";"0,00";;"1,25";"0,57";"1,08"
"13076089";"Lübz, Stadt";"Gemeinden";"0,00";"3,53";"2,54";"3,44";"4,31"
"13076090";"Ludwigslust, Stadt";"Gemeinden";"0,00";"2,83";"2,15";"2,01";"2,62"
"13076092";"Lüttow-Valluhn";"Gemeinden";"0,00";;;"0,00";
"13076093";"Malk Göhren";"Gemeinden";"0,00";;;"0,00";"0,00"
"13076094";"Malliß";"Gemeinden";"0,00";;;"0,00";
"13076096";"Mestlin";"Gemeinden";"0,00";;;"0,00";"0,00"
"13076097";"Milow";"Gemeinden";"0,00";;;"0,00";
"13076098";"Möllenbeck";"Gemeinden";"0,00";;;"0,00";"0,00"
"13076099";"Moraas";"Gemeinden";"0,00";;;"0,44";"0,00"
"13076100";"Muchow";"Gemeinden";"0,00";;;"0,00";
"13076101";"Mustin";"Gemeinden";"0,00";;;"0,00";"0,00"
"13076102";"Neu Gülze";"Gemeinden";"0,00";;;"0,00";
"13076103";"Neu Kaliß";"Gemeinden";"0,00";;;"0,00";
"13076104";"Neu Poserin";"Gemeinden";"0,00";"11,74";"11,99";"17,77";"21,91"
"13076105";"Neustadt-Glewe, Stadt";"Gemeinden";"0,00";"3,28";"4,18";"7,05";"9,17"
"13076106";"Nostorf";"Gemeinden";"0,00";;;"0,00";"0,00"
"13076107";"Pampow";"Gemeinden";"0,00";;;"0,00";
"13076108";"Parchim, Stadt";"Gemeinden";"0,00";"1,86";"1,54";"1,25";"1,00"
"13076109";"Passow";"Gemeinden";"0,00";;;"0,00";
"13076110";"Pätow-Steegen";"Gemeinden";"0,00";;;"0,00";
"13076111";"Picher";"Gemeinden";"0,00";;;"0,00";"0,00"
"13076112";"Pinnow";"Gemeinden";"0,00";;"1,55";"0,99";"1,40"
"13076113";"Plate";"Gemeinden";"0,00";;;"0,00";
"13076114";"Plau am See, Stadt";"Gemeinden";"0,00";"62,20";"62,32";"53,70";"61,48"
"13076115";"Prislich";"Gemeinden";"0,00";;;"0,00";
"13076116";"Pritzier";"Gemeinden";"0,00";;;"0,00";"0,00"
"13076117";"Raben Steinfeld";"Gemeinden";"0,00";"13,16";"16,00";"27,25";"23,58"
"13076118";"Rastow";"Gemeinden";"0,00";;;"0,00";"0,00"
"13076119";"Redefin";"Gemeinden";"0,00";;;"0,00";
"13076120";"Rom";"Gemeinden";"0,00";;;"0,00";"0,00"
"13076121";"Schossin";"Gemeinden";"0,00";;;"0,00";"0,00"
"13076122";"Schwanheide";"Gemeinden";"0,00";;;"0,00";"0,00"
"13076125";"Siggelkow";"Gemeinden";"0,00";;;"0,00";
"13076126";"Spornitz";"Gemeinden";"0,00";;;"0,00";
"13076128";"Sternberg, Stadt";"Gemeinden";"0,00";"10,59";"11,62";"11,50";"12,07"
"13076129";"Stolpe";"Gemeinden";"0,00";;;"0,00";"0,00"
"13076130";"Stralendorf";"Gemeinden";"0,00";;;"0,00";"0,00"
"13076131";"Strohkirchen";"Gemeinden";"0,00";;;"0,00";"0,00"
"13076133";"Sukow";"Gemeinden";"0,00";;;"0,00";
"13076134";"Sülstorf";"Gemeinden";"0,00";;;"0,00";"0,00"
"13076135";"Techentin";"Gemeinden";"0,00";;;"0,00";"0,00"
"13076136";"Teldau";"Gemeinden";"0,00";;;"0,00";"0,00"
"13076138";"Tessin b. Boizenburg";"Gemeinden";"0,00";;;"0,00";
"13076140";"Tramm";"Gemeinden";"0,00";;;"0,00";
"13076141";"Uelitz";"Gemeinden";"0,00";;;"0,00";"0,00"
"13076142";"Vellahn";"Gemeinden";"0,00";;;"0,00";
"13076143";"Vielank";"Gemeinden";"0,00";"9,66";"8,76";"7,49";"10,15"
"13076145";"Warlitz";"Gemeinden";"0,00";;;"0,00";"0,00"
"13076146";"Warlow";"Gemeinden";"0,00";;;"0,00";"0,00"
"13076147";"Warsow";"Gemeinden";"0,00";;;"0,00";"0,00"
"13076148";"Weitendorf";"Gemeinden";"0,00";;;"0,00";
"13076151";"Werder";"Gemeinden";"0,00";;;"0,00";"0,00"
"13076152";"Wittenburg, Stadt";"Gemeinden";"0,00";"9,27";"8,31";"3,72";"6,95"
"13076153";"Wittendörp";"Gemeinden";"0,00";;;"0,00";
"13076154";"Wittenförden";"Gemeinden";"0,00";;;"0,00";"0,00"
"13076155";"Witzin";"Gemeinden";"0,00";"9,30";"10,27";"0,00";"12,43"
"13076156";"Wöbbelin";"Gemeinden";"0,00";;;"0,00";
"13076158";"Zapel";"Gemeinden";"0,00";;;"0,00";"0,00"
"13076159";"Zarrentin am Schaalsee, Stadt";"Gemeinden";"0,00";"2,31";"2,38";"2,23";"2,49"
"13076160";"Ziegendorf";"Gemeinden";"0,00";;;"0,00";
"13076161";"Zierzow";"Gemeinden";"0,00";;;"0,00";"0,00"
"13076162";"Zölkow";"Gemeinden";"0,00";;;"0,00";"0,00"
"13076163";"Zülow";"Gemeinden";"0,00";;;"0,00";"0,00"
"13076164";"Obere Warnow";"Gemeinden";"0,00";;;"0,00";"0,00"
"13076165";"Gehlsbach";"Gemeinden";"0,00";;;"0,00";"0,00"
"13076166";"Ganzlin";"Gemeinden";"0,00";;"12,80";"8,92";"3,71"
"13076167";"Kloster Tempzin";"Gemeinden";"0,00";;;"0,00";"0,00"
"13076168";"Ruhner Berge";"Gemeinden";"0,00";;;"0,00";"0,00"
"13076169";"Toddin";"Gemeinden";"0,00";;;"0,00";"0,00"
"14511000";"Chemnitz, Stadt";"Gemeinden";"1,72";"2,23";"2,06";"1,17";"2,00"
"14521010";"Amtsberg";"Gemeinden";"0,00";"3,65";"3,87";"2,04";"2,86"
"14521020";"Annaberg-Buchholz, Stadt";"Gemeinden";"1,86";"1,96";"2,20";"1,33";"2,56"
"14521035";"Aue-Bad Schlema, Stadt";"Gemeinden";"0,00";;;"1,88";"2,72"
"14521040";"Auerbach";"Gemeinden";"0,00";;;"0,00";"0,00"
"14521060";"Bärenstein";"Gemeinden";"7,80";"7,25";"8,16";"4,22";"8,61"
"14521080";"Bockau";"Gemeinden";"0,00";;;"0,00";
"14521090";"Börnichen/Erzgeb.";"Gemeinden";"0,00";;;"0,00";"0,00"
"14521110";"Breitenbrunn/Erzgeb.";"Gemeinden";"18,90";"22,03";"22,58";"11,48";"24,81"
"14521120";"Burkhardtsdorf";"Gemeinden";"0,00";;;"0,00";
"14521130";"Crottendorf";"Gemeinden";"0,89";"1,17";"0,97";"0,62";"1,21"
"14521140";"Deutschneudorf";"Gemeinden";"8,20";"9,45";"8,19";"4,39";"7,40"
"14521150";"Drebach";"Gemeinden";"0,59";"0,60";"0,47";"0,00";"0,32"
"14521160";"Ehrenfriedersdorf, Stadt";"Gemeinden";"2,74";"2,81";"0,91";"1,14";"1,41"
"14521170";"Eibenstock, Stadt";"Gemeinden";"11,41";"14,30";"15,75";"6,97";"14,84"
"14521180";"Elterlein, Stadt";"Gemeinden";"1,32";"1,32";"0,74";"0,00";
"14521200";"Gelenau/Erzgeb.";"Gemeinden";"0,00";;;"0,00";"0,00"
"14521210";"Geyer, Stadt";"Gemeinden";"2,74";"5,94";"7,75";"6,23";"9,34"
"14521220";"Gornau/Erzgeb.";"Gemeinden";"0,00";;;"0,00";"0,00"
"14521230";"Gornsdorf";"Gemeinden";"0,00";;;"0,00";
"14521240";"Großolbersdorf";"Gemeinden";"0,00";;;"0,00";"0,00"
"14521250";"Großrückerswalde";"Gemeinden";"2,49";;;"0,00";
"14521260";"Grünhain-Beierfeld, Stadt";"Gemeinden";"8,02";"9,40";"10,44";"8,27";"8,87"
"14521270";"Grünhainichen";"Gemeinden";"0,00";;;"0,00";
"14521280";"Heidersdorf";"Gemeinden";"0,00";;;"0,00";
"14521290";"Hohndorf";"Gemeinden";"0,00";;;"0,00";"0,00"
"14521310";"Jahnsdorf/Erzgeb.";"Gemeinden";"0,67";;;"0,00";
"14521320";"Johanngeorgenstadt, Stadt";"Gemeinden";"7,62";"7,67";"8,59";"2,42";"6,89"
"14521330";"Jöhstadt, Stadt";"Gemeinden";"5,65";"6,24";"6,10";"2,05";"4,08"
"14521340";"Königswalde";"Gemeinden";"0,00";;;"0,00";
"14521355";"Lauter-Bernsbach, Stadt";"Gemeinden";"0,00";;;"0,00";
"14521370";"Lößnitz, Stadt";"Gemeinden";"0,26";"0,28";;"0,00";
"14521380";"Lugau/Erzgeb., Stadt";"Gemeinden";"0,00";;;"0,00";
"14521390";"Marienberg, Stadt";"Gemeinden";"1,30";"3,89";"3,76";"2,49";"3,61"
"14521400";"Mildenau";"Gemeinden";"0,87";;;"0,00";
"14521410";"Neukirchen/Erzgeb.";"Gemeinden";"0,00";"0,73";"0,74";"0,53";"0,66"
"14521420";"Niederdorf";"Gemeinden";"0,00";;;"0,00";"0,00"
"14521430";"Niederwürschnitz";"Gemeinden";"0,00";;;"0,00";
"14521440";"Oberwiesenthal, Kurort, Stadt";"Gemeinden";"215,39";"229,14";"263,88";"116,52";"240,01"
"14521450";"Oelsnitz/Erzgeb., Stadt";"Gemeinden";"0,00";;;"0,00";
"14521460";"Olbernhau, Stadt";"Gemeinden";"1,59";"1,57";"1,70";"1,48";"2,32"
"14521495";"Pockau-Lengefeld, Stadt";"Gemeinden";"0,00";;"3,98";"2,37";"4,60"
"14521500";"Raschau-Markersbach";"Gemeinden";"0,00";;;"0,00";
"14521510";"Scheibenberg, Stadt";"Gemeinden";"5,66";"5,44";"2,80";"0,00";
"14521520";"Schlettau, Stadt";"Gemeinden";"0,00";;;"0,00";
"14521530";"Schneeberg, Stadt";"Gemeinden";"3,55";"4,14";"4,79";"2,45";"4,13"
"14521540";"Schönheide";"Gemeinden";"0,00";;;"2,27";"3,86"
"14521550";"Schwarzenberg/Erzgeb., Stadt";"Gemeinden";"2,73";"3,39";"3,59";"2,08";"3,00"
"14521560";"Sehmatal";"Gemeinden";"3,57";"2,35";"2,41";"0,00";"3,06"
"14521570";"Seiffen/Erzgeb., Kurort";"Gemeinden";"23,60";"33,87";"39,69";"21,87";"48,15"
"14521590";"Stollberg/Erzgeb., Stadt";"Gemeinden";"0,47";"0,75";"0,50";"0,41";"0,48"
"14521600";"Stützengrün";"Gemeinden";"0,00";;;"0,00";
"14521610";"Tannenberg";"Gemeinden";"0,00";;;"0,00";
"14521620";"Thalheim/Erzgeb., Stadt";"Gemeinden";"3,70";"3,39";"9,12";"11,32";"15,37"
"14521630";"Thermalbad Wiesenbad";"Gemeinden";"23,33";"25,58";"25,97";"20,32";"25,29"
"14521640";"Thum, Stadt";"Gemeinden";"0,25";;;"0,00";
"14521670";"Wolkenstein, Stadt";"Gemeinden";"23,20";"23,74";"39,18";"24,66";"40,66"
"14521690";"Zschopau, Stadt, Motorradstadt";"Gemeinden";"0,00";;;"0,00";
"14521700";"Zschorlau";"Gemeinden";"0,00";;;"0,00";
"14521710";"Zwönitz, Stadt";"Gemeinden";"1,16";"3,58";"3,53";"1,56";"2,86"
"14522010";"Altmittweida";"Gemeinden";"0,00";;;"0,00";
"14522020";"Augustusburg, Stadt";"Gemeinden";"4,10";"4,24";"3,38";"1,93";"2,46"
"14522035";"Bobritzsch-Hilbersdorf";"Gemeinden";"0,00";;;"0,00";
"14522050";"Brand-Erbisdorf, Stadt";"Gemeinden";"1,29";"1,16";"1,41";"0,00";
"14522060";"Burgstädt, Stadt";"Gemeinden";"2,97";"2,95";"3,01";"1,21";"0,46"
"14522070";"Claußnitz";"Gemeinden";"0,00";;;"0,00";
"14522080";"Döbeln, Stadt";"Gemeinden";"0,61";"0,74";"0,84";"0,44";"0,79"
"14522090";"Dorfchemnitz";"Gemeinden";"0,00";;;"0,00";
"14522110";"Eppendorf";"Gemeinden";"4,69";"6,27";"4,98";"2,62";"6,03"
"14522120";"Erlau";"Gemeinden";"0,00";;;"0,00";
"14522140";"Flöha, Stadt";"Gemeinden";"0,00";"0,56";"0,68";"0,43";"0,46"
"14522150";"Frankenberg/Sa., Stadt, Garnisonsstadt";"Gemeinden";"1,60";"1,14";"1,56";"1,18";"1,79"
"14522170";"Frauenstein, Stadt";"Gemeinden";"10,91";"10,63";"8,78";"4,05";"8,21"
"14522180";"Freiberg, Stadt, Universitätsstadt";"Gemeinden";"2,15";"2,06";"2,14";"1,58";"2,59"
"14522190";"Geringswalde, Stadt";"Gemeinden";"0,00";;;"0,00";
"14522200";"Großhartmannsdorf";"Gemeinden";"0,00";;;"0,00";
"14522210";"Großschirma, Stadt";"Gemeinden";"2,24";"1,87";"1,87";"0,83";"1,81"
"14522220";"Großweitzschen";"Gemeinden";"0,00";;;"0,00";
"14522230";"Hainichen, Stadt";"Gemeinden";"0,00";;;"0,00";
"14522240";"Halsbrücke";"Gemeinden";"20,78";"20,01";"17,77";"6,68";
"14522250";"Hartha, Stadt";"Gemeinden";"0,00";;;"0,00";"0,00"
"14522260";"Hartmannsdorf";"Gemeinden";"4,99";;;"0,00";
"14522275";"Jahnatal";"Gemeinden";"0,00";;;"0,00";"0,00"
"14522280";"Königsfeld";"Gemeinden";"0,00";;;"0,00";
"14522290";"Königshain-Wiederau";"Gemeinden";"0,00";;;"0,00";"0,00"
"14522300";"Kriebstein";"Gemeinden";"2,97";"2,95";;"0,00";
"14522310";"Leisnig, Stadt";"Gemeinden";"0,66";"1,03";"1,16";"0,43";"0,68"
"14522320";"Leubsdorf";"Gemeinden";"2,01";;;"0,00";
"14522330";"Lichtenau";"Gemeinden";"0,00";;;"0,00";
"14522340";"Lichtenberg/Erzgeb.";"Gemeinden";"0,00";;;"0,00";
"14522350";"Lunzenau, Stadt";"Gemeinden";"0,00";;;"0,00";
"14522360";"Mittweida, Stadt, Hochschulstadt";"Gemeinden";"2,82";"3,31";"3,52";"2,15";"3,35"
"14522380";"Mühlau";"Gemeinden";"0,00";;;"0,00";"0,00"
"14522390";"Mulda/Sa.";"Gemeinden";"0,00";;;"0,00";
"14522400";"Neuhausen/Erzgeb.";"Gemeinden";"12,40";"20,32";"12,19";"7,09";"15,06"
"14522420";"Niederwiesa";"Gemeinden";"3,46";"4,51";"5,02";"3,08";"4,05"
"14522430";"Oberschöna";"Gemeinden";"2,35";"2,08";"1,91";"1,13";
"14522440";"Oederan, Stadt";"Gemeinden";"0,00";"1,01";"0,89";"1,27";"1,81"
"14522460";"Penig, Stadt";"Gemeinden";"0,44";"0,98";"1,01";"0,81";"0,76"
"14522470";"Rechenberg-Bienenmühle";"Gemeinden";"16,67";"20,35";"18,81";"7,02";"14,48"
"14522480";"Reinsberg";"Gemeinden";"0,00";;;"0,00";
"14522490";"Rochlitz, Stadt";"Gemeinden";"0,00";;;"0,00";"0,00"
"14522500";"Rossau";"Gemeinden";"0,00";;;"0,00";"0,00"
"14522510";"Roßwein, Stadt";"Gemeinden";"0,00";;"1,25";"1,13";"1,96"
"14522520";"Sayda, Stadt";"Gemeinden";"20,77";"21,02";"23,22";"12,95";"24,02"
"14522530";"Seelitz";"Gemeinden";"0,00";;;"0,00";
"14522540";"Striegistal";"Gemeinden";"0,00";;"0,94";"0,74";"1,16"
"14522550";"Taura";"Gemeinden";"0,00";;;"0,00";"0,00"
"14522570";"Waldheim, Stadt";"Gemeinden";"1,90";"2,61";"3,01";"1,08";"0,78"
"14522580";"Wechselburg";"Gemeinden";"4,52";"4,92";"6,24";"1,81";"3,93"
"14522590";"Weißenborn/Erzgeb.";"Gemeinden";"0,00";;;"0,00";"0,00"
"14522600";"Zettlitz";"Gemeinden";"0,00";;;"0,00";"0,00"
"14523010";"Adorf/Vogtl., Stadt";"Gemeinden";"0,39";"0,47";;"0,68";"0,94"
"14523020";"Auerbach/Vogtl., Stadt";"Gemeinden";"3,05";"3,10";"3,80";"2,12";"4,33"
"14523030";"Bad Brambach";"Gemeinden";"63,64";"62,06";"65,55";"43,64";"76,36"
"14523040";"Bad Elster, Stadt";"Gemeinden";"143,27";"139,34";"159,10";"113,60";"158,17"
"14523050";"Bergen";"Gemeinden";"0,00";;;"0,00";
"14523060";"Bösenbrunn";"Gemeinden";"0,00";;;"0,00";"0,00"
"14523080";"Eichigt";"Gemeinden";"0,00";;;"0,00";"0,00"
"14523090";"Ellefeld";"Gemeinden";"0,00";;;"0,00";
"14523100";"Elsterberg, Stadt";"Gemeinden";"0,31";"0,48";;"0,00";
"14523120";"Falkenstein/Vogtl., Stadt";"Gemeinden";"6,24";"5,79";"5,94";"0,00";
"14523130";"Grünbach";"Gemeinden";"5,52";"6,43";"3,26";"5,26";"6,62"
"14523150";"Heinsdorfergrund";"Gemeinden";"0,00";;;"0,00";"0,00"
"14523160";"Klingenthal, Stadt";"Gemeinden";"4,53";"7,97";"7,79";"4,72";"8,51"
"14523170";"Lengenfeld, Stadt";"Gemeinden";"2,03";"1,92";"2,08";"2,15";"2,18"
"14523190";"Limbach";"Gemeinden";"10,98";"10,28";"10,70";"0,00";
"14523200";"Markneukirchen, Stadt";"Gemeinden";"0,43";"0,40";"4,56";"1,15";"2,62"
"14523230";"Mühlental";"Gemeinden";"0,00";;;"3,59";"7,75"
"14523245";"Muldenhammer";"Gemeinden";"3,33";"1,81";"2,28";"1,04";"1,89"
"14523260";"Netzschkau, Stadt";"Gemeinden";"0,00";;;"0,00";
"14523270";"Neuensalz";"Gemeinden";"0,00";;;"0,00";
"14523280";"Neumark";"Gemeinden";"0,00";;;"0,00";"0,00"
"14523290";"Neustadt/Vogtl.";"Gemeinden";"0,00";;;"0,00";"0,00"
"14523300";"Oelsnitz/Vogtl., Stadt";"Gemeinden";"0,84";"1,20";"1,38";"1,59";"2,27"
"14523310";"Pausa-Mühltroff, Stadt";"Gemeinden";"0,00";;"0,33";"0,33";"0,60"
"14523320";"Plauen, Stadt";"Gemeinden";"1,28";"1,67";"1,94";"1,37";"1,88"
"14523330";"Pöhl";"Gemeinden";"4,59";"13,30";"12,81";"17,81";"19,79"
"14523340";"Reichenbach im Vogtland, Stadt";"Gemeinden";"0,80";"0,87";"0,93";"0,85";"1,27"
"14523360";"Rodewisch, Stadt";"Gemeinden";"0,00";;;"0,00";
"14523365";"Rosenbach/Vogtl.";"Gemeinden";"0,00";"1,70";"1,31";"1,02";"1,35"
"14523370";"Schöneck/Vogtl., Stadt";"Gemeinden";"60,31";"65,40";"61,87";"26,55";"67,69"
"14523380";"Steinberg";"Gemeinden";"0,00";;;"0,00";"0,00"
"14523410";"Theuma";"Gemeinden";"0,00";;;"0,00";
"14523420";"Tirpersdorf";"Gemeinden";"0,00";;;"0,00";"0,00"
"14523430";"Treuen, Stadt";"Gemeinden";"0,74";"0,99";"1,02";"0,53";"0,70"
"14523440";"Triebel/Vogtl.";"Gemeinden";"0,00";;;"0,00";"0,00"
"14523450";"Weischlitz";"Gemeinden";"0,00";;;"0,00";"0,00"
"14523460";"Werda";"Gemeinden";"0,00";;;"0,00";
"14524010";"Bernsdorf";"Gemeinden";"0,00";;;"0,00";
"14524020";"Callenberg";"Gemeinden";"0,00";"1,67";"2,52";"1,58";"2,12"
"14524030";"Crimmitschau, Stadt";"Gemeinden";"0,47";"0,63";"1,00";"0,77";"1,24"
"14524040";"Crinitzberg";"Gemeinden";"0,00";;;"0,00";"0,00"
"14524050";"Dennheritz";"Gemeinden";"0,00";;;"0,00";"0,00"
"14524060";"Fraureuth";"Gemeinden";"0,00";;;"0,00";
"14524070";"Gersdorf";"Gemeinden";"0,00";;;"0,00";"0,00"
"14524080";"Glauchau, Stadt";"Gemeinden";"0,92";"0,94";"1,04";"1,06";"1,12"
"14524090";"Hartenstein, Stadt";"Gemeinden";"3,20";"3,56";"3,66";"1,99";"3,32"
"14524100";"Hartmannsdorf b. Kirchberg";"Gemeinden";"0,00";;;"0,00";
"14524110";"Hirschfeld";"Gemeinden";"0,00";"0,00";"0,00";"0,00";"0,00"
"14524120";"Hohenstein-Ernstthal, Stadt";"Gemeinden";"2,38";"3,07";"2,99";"2,62";"3,50"
"14524130";"Kirchberg, Stadt";"Gemeinden";"0,00";;;"0,00";"0,00"
"14524140";"Langenbernsdorf";"Gemeinden";"1,94";"2,78";"2,65";"2,02";"1,41"
"14524150";"Langenweißbach";"Gemeinden";"0,00";;;"0,00";"0,00"
"14524160";"Lichtenstein/Sa., Stadt";"Gemeinden";"0,70";"0,88";;"0,00";
"14524170";"Lichtentanne";"Gemeinden";"0,00";;;"0,00";
"14524180";"Limbach-Oberfrohna, Stadt";"Gemeinden";"2,78";"2,76";"2,80";"1,80";"1,66"
"14524190";"Meerane, Stadt";"Gemeinden";"3,05";"4,35";"4,55";"4,65";"4,92"
"14524200";"Mülsen";"Gemeinden";"0,57";"1,44";;"0,00";
"14524210";"Neukirchen/Pleiße";"Gemeinden";"4,67";;;"0,00";
"14524220";"Niederfrohna";"Gemeinden";"0,00";;;"0,00";
"14524230";"Oberlungwitz, Stadt";"Gemeinden";"0,00";;;"0,00";"0,00"
"14524240";"Oberwiera";"Gemeinden";"0,00";;;"0,00";
"14524250";"Reinsdorf";"Gemeinden";"0,00";;;"0,00";
"14524260";"Remse";"Gemeinden";"0,00";;;"0,00";"0,00"
"14524270";"Schönberg";"Gemeinden";"0,00";;;"0,00";"0,00"
"14524280";"St. Egidien";"Gemeinden";"0,00";;;"0,00";
"14524290";"Waldenburg, Stadt";"Gemeinden";"0,00";;;"0,00";
"14524300";"Werdau, Stadt";"Gemeinden";"0,58";"0,73";"0,69";"0,94";"1,26"
"14524310";"Wildenfels, Stadt";"Gemeinden";"0,00";;;"0,00";
"14524320";"Wilkau-Haßlau, Stadt";"Gemeinden";"0,00";;;"0,00";
"14524330";"Zwickau, Stadt, Hochschulstadt";"Gemeinden";"1,31";"1,90";"1,71";"1,86";"1,90"
"14612000";"Dresden, Stadt";"Gemeinden";"6,41";"7,78";"8,05";"4,04";"7,88"
"14625010";"Arnsdorf";"Gemeinden";"0,00";;;"0,00";
"14625020";"Bautzen / Budyšin, Stadt";"Gemeinden";"3,77";"4,37";"4,52";"3,45";"4,56"
"14625030";"Bernsdorf, Stadt";"Gemeinden";"0,27";"0,36";"0,22";"0,24";"0,31"
"14625040";"Bischofswerda, Stadt";"Gemeinden";"1,07";"1,13";"1,27";"0,96";"1,45"
"14625060";"Burkau / Porchow";"Gemeinden";"0,00";;;"0,00";
"14625080";"Crostwitz / Chróscicy";"Gemeinden";"0,00";;;"1,81";"2,01"
"14625090";"Cunewalde";"Gemeinden";"0,00";;;"0,00";
"14625100";"Demitz-Thumitz";"Gemeinden";"0,00";;;"0,00";
"14625110";"Doberschau-Gaußig / Dobruša-Huska";"Gemeinden";"0,75";"1,55";"1,90";"0,00";
"14625120";"Elsterheide / Halštrowska Hola";"Gemeinden";"4,60";"10,10";"14,01";"14,85";"17,63"
"14625130";"Elstra / Halštrow, Stadt";"Gemeinden";"0,00";;;"0,00";
"14625140";"Frankenthal";"Gemeinden";"0,00";;;"0,00";"0,00"
"14625150";"Göda / Hodzij";"Gemeinden";"0,00";;;"0,00";"0,00"
"14625160";"Großdubrau / Wulka Dubrawa";"Gemeinden";"0,60";;;"0,00";"3,18"
"14625170";"Großharthau";"Gemeinden";"0,00";;;"0,00";
"14625180";"Großnaundorf";"Gemeinden";"0,00";;;"0,00";"0,00"
"14625190";"Großpostwitz/O.L. / Budestecy";"Gemeinden";"0,00";;;"0,00";"0,00"
"14625200";"Großröhrsdorf, Stadt";"Gemeinden";"0,00";"6,37";"8,18";"8,60";"9,12"
"14625220";"Haselbachtal";"Gemeinden";"0,00";;;"0,00";
"14625230";"Hochkirch / Bukecy";"Gemeinden";"0,00";;;"0,00";
"14625240";"Hoyerswerda / Wojerecy, Stadt";"Gemeinden";"1,05";"1,70";"1,55";"1,03";"1,36"
"14625250";"Kamenz / Kamjenc, Stadt";"Gemeinden";"1,10";"1,37";"1,51";"1,45";"1,78"
"14625270";"Königsbrück, Stadt";"Gemeinden";"0,00";;;"0,00";
"14625280";"Königswartha / Rakecy";"Gemeinden";"0,00";"1,55";"1,72";"1,70";"1,94"
"14625290";"Kubschütz / Kubšicy";"Gemeinden";"0,00";;;"0,00";
"14625300";"Laußnitz";"Gemeinden";"0,00";;;"0,00";"0,00"
"14625310";"Lauta, Stadt";"Gemeinden";"0,00";;;"0,70";"0,90"
"14625320";"Lichtenberg";"Gemeinden";"0,00";;;"0,00";
"14625330";"Lohsa / Laz";"Gemeinden";"1,91";"3,61";"1,16";"1,22";"1,23"
"14625340";"Malschwitz / Malešecy";"Gemeinden";"0,00";"3,52";"4,18";"4,60";"5,28"
"14625350";"Nebelschütz / Njebjelcicy";"Gemeinden";"1,45";"1,99";;"0,00";
"14625360";"Neschwitz / Njeswacidlo";"Gemeinden";"2,07";;;"1,70";
"14625370";"Neukirch";"Gemeinden";"0,00";;;"0,00";"0,00"
"14625380";"Neukirch/Lausitz";"Gemeinden";"2,26";"2,28";;"0,00";
"14625390";"Obergurig / Hornja Hórka";"Gemeinden";"0,00";;;"0,00";"0,00"
"14625410";"Ohorn";"Gemeinden";"2,57";"2,58";"2,21";"2,59";"4,06"
"14625420";"Oßling / Wóslink";"Gemeinden";"0,00";;;"0,00";"0,00"
"14625430";"Ottendorf-Okrilla";"Gemeinden";"0,91";"0,95";"0,98";"0,91";"0,85"
"14625440";"Panschwitz-Kuckau / Pancicy-Kukow";"Gemeinden";"0,00";;;"0,00";
"14625450";"Pulsnitz, Stadt";"Gemeinden";"20,61";"21,22";"13,17";"11,43";"13,67"
"14625460";"Puschwitz / Bóšicy";"Gemeinden";"0,00";;;"0,00";"0,00"
"14625470";"Räckelwitz / Worklecy";"Gemeinden";"0,00";;;"0,00";
"14625480";"Radeberg, Stadt";"Gemeinden";"1,67";"2,01";"1,98";"1,12";"1,53"
"14625490";"Radibor / Radwor";"Gemeinden";"0,00";;;"0,00";"0,00"
"14625500";"Ralbitz-Rosenthal / Ralbicy-Róžant";"Gemeinden";"0,00";;;"0,00";"0,00"
"14625510";"Rammenau";"Gemeinden";"0,00";;;"0,00";"0,00"
"14625525";"Schirgiswalde-Kirschau, Stadt";"Gemeinden";"0,00";"5,17";"5,90";"5,40";"7,20"
"14625530";"Schmölln-Putzkau";"Gemeinden";"0,00";;;"0,00";
"14625550";"Schwepnitz";"Gemeinden";"3,28";;;"0,00";
"14625560";"Sohland a. d. Spree";"Gemeinden";"1,39";"1,43";"1,21";"0,00";
"14625570";"Spreetal / Sprjewiny Dol";"Gemeinden";"0,00";;;"0,00";
"14625580";"Steina";"Gemeinden";"1,08";;"4,27";"3,64";"4,02"
"14625590";"Steinigtwolmsdorf";"Gemeinden";"0,00";;;"0,00";"0,00"
"14625600";"Wachau";"Gemeinden";"0,00";;;"0,00";
"14625610";"Weißenberg / Wóspork, Stadt";"Gemeinden";"0,00";;;"0,00";
"14625630";"Wilthen, Stadt";"Gemeinden";"1,17";"1,46";"1,79";"1,49";"1,96"
"14625640";"Wittichenau / Kulow, Stadt";"Gemeinden";"0,79";"2,44";"2,87";"1,45";"1,81"
"14626010";"Bad Muskau / Mužakow, Stadt";"Gemeinden";"4,64";"10,11";"11,64";"8,36";"10,35"
"14626020";"Beiersdorf";"Gemeinden";"0,00";;;"0,00";
"14626030";"Bernstadt a. d. Eigen, Stadt";"Gemeinden";"0,00";;;"0,00";
"14626050";"Bertsdorf-Hörnitz";"Gemeinden";"7,33";"15,80";;"8,36";"15,82"
"14626060";"Boxberg/O.L. / Hamor";"Gemeinden";"2,18";"2,98";"6,29";"6,24";"11,92"
"14626070";"Dürrhennersdorf";"Gemeinden";"0,00";;;"0,00";
"14626085";"Ebersbach-Neugersdorf, Stadt";"Gemeinden";"0,00";;"0,89";"0,59";"0,72"
"14626100";"Gablenz / Jablonc";"Gemeinden";"0,00";;;"0,00";
"14626110";"Görlitz, Stadt";"Gemeinden";"3,31";"4,70";"5,26";"3,86";"5,93"
"14626120";"Groß Düben / Dzewin";"Gemeinden";"7,73";"19,39";"21,86";"19,67";"20,96"
"14626140";"Großschönau";"Gemeinden";"19,87";"23,85";"26,75";"19,32";"27,96"
"14626150";"Großschweidnitz";"Gemeinden";"0,00";;;"0,00";"0,00"
"14626160";"Hähnichen";"Gemeinden";"8,85";"6,54";;"0,00";
"14626170";"Hainewalde";"Gemeinden";"0,00";;;"0,00";
"14626180";"Herrnhut, Stadt";"Gemeinden";"1,65";"2,15";"2,38";"1,38";"2,12"
"14626190";"Hohendubrau / Wysoka Dubrawa";"Gemeinden";"0,00";;;"0,00";
"14626200";"Horka";"Gemeinden";"0,00";;;"0,00";
"14626210";"Jonsdorf, Kurort";"Gemeinden";"48,19";"50,53";"54,24";"39,61";"53,71"
"14626230";"Kodersdorf";"Gemeinden";"0,00";;;"0,00";
"14626240";"Königshain";"Gemeinden";"0,00";;;"0,00";
"14626245";"Kottmar";"Gemeinden";"0,00";"1,02";"1,11";"0,38";"0,77"
"14626250";"Krauschwitz i.d. O.L. / Krušwica";"Gemeinden";"0,00";;;"0,00";
"14626260";"Kreba-Neudorf / Chrjebja-Nowa Wjes";"Gemeinden";"0,00";;;"0,00";"0,00"
"14626270";"Lawalde";"Gemeinden";"0,00";;;"0,00";
"14626280";"Leutersdorf";"Gemeinden";"0,00";;;"0,00";
"14626290";"Löbau, Stadt";"Gemeinden";"2,67";"2,48";"0,94";"0,93";"1,22"
"14626300";"Markersdorf";"Gemeinden";"6,90";"7,25";"6,44";"4,34";"7,24"
"14626310";"Mittelherwigsdorf";"Gemeinden";"0,00";;;"0,00";
"14626320";"Mücka / Mikow";"Gemeinden";"0,00";;;"0,00";"0,00"
"14626330";"Neißeaue";"Gemeinden";"0,00";;;"0,00";
"14626350";"Neusalza-Spremberg, Stadt";"Gemeinden";"0,00";;;"0,00";"0,00"
"14626370";"Niesky, Stadt";"Gemeinden";"1,10";"1,62";"1,87";"1,56";"2,35"
"14626390";"Oderwitz";"Gemeinden";"0,00";;;"0,00";"0,00"
"14626400";"Olbersdorf";"Gemeinden";"4,18";"8,32";"11,54";"11,25";"15,76"
"14626410";"Oppach";"Gemeinden";"0,00";;;"0,00";"0,00"
"14626420";"Ostritz, Stadt";"Gemeinden";"10,25";"7,31";"8,13";"0,00";
"14626430";"Oybin";"Gemeinden";"44,30";"43,14";"47,50";"22,08";"38,72"
"14626440";"Quitzdorf am See / Kwetanecy pri jezoru";"Gemeinden";"15,17";"12,78";"13,21";"2,64";"7,77"
"14626450";"Reichenbach/O.L., Stadt";"Gemeinden";"0,00";;"1,30";"0,00";
"14626460";"Rietschen / Recicy";"Gemeinden";"0,00";;;"0,00";
"14626470";"Rosenbach";"Gemeinden";"0,00";;;"0,00";
"14626480";"Rothenburg/O.L., Stadt";"Gemeinden";"4,34";"4,33";"5,23";"5,72";"7,84"
"14626490";"Schleife / Slepo";"Gemeinden";"0,00";;;"0,00";
"14626500";"Schönau-Berzdorf a. d. Eigen";"Gemeinden";"0,00";;;"0,00";
"14626510";"Schönbach";"Gemeinden";"0,00";;;"0,00";
"14626520";"Schöpstal";"Gemeinden";"2,19";"2,39";"2,35";"0,00";
"14626530";"Seifhennersdorf, Stadt";"Gemeinden";"16,32";"15,30";"15,64";"10,88";"18,93"
"14626560";"Trebendorf / Trjebin";"Gemeinden";"0,00";;;"0,00";
"14626570";"Vierkirchen";"Gemeinden";"0,00";;;"0,00";
"14626580";"Waldhufen";"Gemeinden";"1,96";"1,83";"1,74";"1,68";"1,85"
"14626590";"Weißkeißel / Wuskidz";"Gemeinden";"0,00";;;"0,00";"0,00"
"14626600";"Weißwasser/O.L., Stadt / Bela Woda";"Gemeinden";"2,34";"1,79";"2,30";"1,74";"2,82"
"14626610";"Zittau, Stadt";"Gemeinden";"1,34";"1,53";"2,20";"1,63";"2,43"
"14627010";"Coswig, Stadt";"Gemeinden";"0,78";"1,09";"1,37";"1,64";"1,95"
"14627020";"Diera-Zehren";"Gemeinden";"4,17";"5,52";"5,01";"3,59";"3,44"
"14627030";"Ebersbach";"Gemeinden";"0,67";;;"0,00";
"14627040";"Glaubitz";"Gemeinden";"0,00";;;"0,00";"0,00"
"14627050";"Gröditz, Stadt";"Gemeinden";"0,00";;;"0,00";
"14627060";"Großenhain, Stadt";"Gemeinden";"0,72";"1,53";"1,75";"1,06";"1,05"
"14627070";"Hirschstein";"Gemeinden";"0,00";;;"0,00";"0,00"
"14627080";"Käbschütztal";"Gemeinden";"0,00";;;"0,00";
"14627100";"Klipphausen";"Gemeinden";"1,63";"1,62";"2,17";"1,55";"2,84"
"14627110";"Lampertswalde";"Gemeinden";"0,00";;;"0,00";"0,00"
"14627130";"Lommatzsch, Stadt";"Gemeinden";"0,00";;;"0,00";
"14627140";"Meißen, Stadt";"Gemeinden";"3,83";"3,73";"5,05";"3,52";"6,57"
"14627150";"Moritzburg";"Gemeinden";"6,11";"8,98";"7,93";"5,72";"9,29"
"14627170";"Niederau";"Gemeinden";"0,00";"0,59";;"0,00";
"14627180";"Nossen, Stadt";"Gemeinden";"0,43";;;"0,00";"0,63"
"14627190";"Nünchritz";"Gemeinden";"0,87";;;"0,76";"1,21"
"14627200";"Priestewitz";"Gemeinden";"0,00";;;"0,00";"0,00"
"14627210";"Radebeul, Stadt";"Gemeinden";"4,65";"6,74";"7,54";"3,62";"5,57"
"14627220";"Radeburg, Stadt";"Gemeinden";"4,58";"2,20";"3,09";"1,35";"1,46"
"14627230";"Riesa, Stadt";"Gemeinden";"1,44";"1,27";"1,39";"0,78";"1,40"
"14627240";"Röderaue";"Gemeinden";"0,00";;;"0,00";"0,00"
"14627250";"Schönfeld";"Gemeinden";"0,00";;;"0,00";
"14627260";"Stauchitz";"Gemeinden";"0,00";;;"0,00";"0,00"
"14627270";"Strehla, Stadt";"Gemeinden";"3,59";"3,33";"3,81";"2,53";"3,06"
"14627290";"Thiendorf";"Gemeinden";"0,00";;;"0,00";
"14627310";"Weinböhla";"Gemeinden";"8,01";"6,81";"5,26";"4,49";
"14627340";"Wülknitz";"Gemeinden";"0,00";;;"0,00";
"14627360";"Zeithain";"Gemeinden";"0,00";;;"0,00";
"14628010";"Altenberg, Stadt";"Gemeinden";"45,87";"46,90";"48,57";"32,09";"49,63"
"14628020";"Bad Gottleuba-Berggießhübel, Stadt";"Gemeinden";"47,79";"44,97";"46,24";"37,32";"47,33"
"14628030";"Bad Schandau, Stadt";"Gemeinden";"88,63";"82,43";"115,76";"101,50";"148,49"
"14628040";"Bahretal";"Gemeinden";"0,00";;;"0,00";"0,00"
"14628050";"Bannewitz";"Gemeinden";"1,85";"1,94";"1,54";"0,94";"1,40"
"14628060";"Dippoldiswalde, Stadt";"Gemeinden";"1,42";"1,75";"3,71";"2,71";"4,64"
"14628070";"Dohma";"Gemeinden";"0,00";;;"0,00";
"14628080";"Dohna, Stadt";"Gemeinden";"0,00";;;"0,00";"0,00"
"14628090";"Dorfhain";"Gemeinden";"0,00";;;"0,00";"0,00"
"14628100";"Dürrröhrsdorf-Dittersbach";"Gemeinden";"0,00";;;"0,00";
"14628110";"Freital, Stadt";"Gemeinden";"1,35";"1,54";"0,40";"0,24";"0,55"
"14628130";"Glashütte, Stadt";"Gemeinden";"0,32";;;"0,00";
"14628140";"Gohrisch";"Gemeinden";"41,66";"58,33";"59,17";"43,94";"64,15"
"14628150";"Hartmannsdorf-Reichenau";"Gemeinden";"0,00";;;"0,00";"0,00"
"14628160";"Heidenau, Stadt";"Gemeinden";"1,72";"1,94";"2,00";"1,48";"1,02"
"14628170";"Hermsdorf/Erzgeb.";"Gemeinden";"23,50";"30,18";"26,26";"10,64";"28,16"
"14628190";"Hohnstein, Stadt";"Gemeinden";"20,17";"20,64";"19,30";"16,73";"26,95"
"14628205";"Klingenberg";"Gemeinden";"0,00";"2,05";"1,99";"0,59";"1,44"
"14628210";"Königstein/Sächs. Schw., Stadt";"Gemeinden";"18,48";"31,86";"56,25";"55,57";"63,91"
"14628220";"Kreischa";"Gemeinden";"112,73";"105,74";"103,16";"43,51";"55,01"
"14628230";"Liebstadt, Stadt";"Gemeinden";"0,00";;;"0,00";
"14628240";"Lohmen";"Gemeinden";"9,80";"11,74";"13,65";"7,44";"11,18"
"14628250";"Müglitztal";"Gemeinden";"0,00";;;"0,00";"3,76"
"14628260";"Neustadt in Sachsen, Stadt";"Gemeinden";"1,60";"2,34";"2,19";"1,32";"1,20"
"14628270";"Pirna, Stadt";"Gemeinden";"2,39";"2,81";"3,95";"2,87";"4,15"
"14628300";"Rabenau, Stadt";"Gemeinden";"3,50";"3,36";"2,65";"1,58";
"14628310";"Rathen, Kurort";"Gemeinden";"253,96";"280,30";"278,91";"204,60";"290,31"
"14628320";"Rathmannsdorf";"Gemeinden";"0,00";;;"0,00";
"14628330";"Reinhardtsdorf-Schöna";"Gemeinden";"14,29";"15,89";"21,15";"13,65";"19,02"
"14628340";"Rosenthal-Bielatal";"Gemeinden";"5,91";"2,23";"5,19";"5,20";"8,70"
"14628360";"Sebnitz, Stadt";"Gemeinden";"7,90";"15,34";"17,18";"10,46";"14,65"
"14628370";"Stadt Wehlen, Stadt";"Gemeinden";"18,09";"7,94";"18,50";"12,03";"20,53"
"14628380";"Stolpen, Stadt";"Gemeinden";"3,85";"4,11";"3,54";"3,16";"4,57"
"14628390";"Struppen";"Gemeinden";"2,62";"6,92";"6,30";"3,98";"2,86"
"14628400";"Tharandt, Stadt";"Gemeinden";"4,51";"4,08";"3,72";"2,13";"2,94"
"14628410";"Wilsdruff, Stadt";"Gemeinden";"5,62";"6,68";"6,38";"2,02";"4,17"
"14713000";"Leipzig, Stadt";"Gemeinden";"3,62";"5,08";"5,45";"3,38";"6,29"
"14729010";"Bad Lausick, Stadt";"Gemeinden";"18,27";"22,89";"24,51";"25,31";"31,23"
"14729020";"Belgershain";"Gemeinden";"0,00";;;"0,00";
"14729030";"Bennewitz";"Gemeinden";"0,00";;"16,53";"15,41";"16,09"
"14729040";"Böhlen, Stadt";"Gemeinden";"0,00";;;"0,00";"0,00"
"14729050";"Borna, Stadt";"Gemeinden";"0,23";"0,34";"0,45";"0,56";"0,27"
"14729060";"Borsdorf";"Gemeinden";"0,00";;;"0,00";"0,00"
"14729070";"Brandis, Stadt";"Gemeinden";"4,14";"9,84";"8,15";"0,00";
"14729080";"Colditz, Stadt";"Gemeinden";"2,06";"3,14";"3,29";"1,74";"4,16"
"14729100";"Elstertrebnitz";"Gemeinden";"0,00";;;"0,00";
"14729140";"Frohburg, Stadt";"Gemeinden";"0,54";"0,54";"0,26";"0,46";"0,63"
"14729150";"Geithain, Stadt";"Gemeinden";"0,00";;;"0,00";
"14729160";"Grimma, Stadt";"Gemeinden";"1,27";"1,14";"1,99";"1,43";"2,31"
"14729170";"Groitzsch, Stadt";"Gemeinden";"0,44";"0,34";"0,47";"0,00";
"14729190";"Großpösna";"Gemeinden";"0,00";;"9,69";"9,42";"13,89"
"14729220";"Kitzscher, Stadt";"Gemeinden";"0,00";;;"0,00";"0,00"
"14729245";"Lossatal";"Gemeinden";"0,00";"0,75";;"0,00";
"14729250";"Machern";"Gemeinden";"1,55";"2,26";"1,72";"0,83";"1,44"
"14729260";"Markkleeberg, Stadt";"Gemeinden";"3,55";"5,29";"5,37";"3,39";"5,22"
"14729270";"Markranstädt, Stadt";"Gemeinden";"0,79";"1,34";"1,16";"0,92";"0,76"
"14729300";"Naunhof, Stadt";"Gemeinden";"9,25";"8,21";"8,63";"4,67";"7,48"
"14729320";"Neukieritzsch";"Gemeinden";"0,00";;;"0,00";
"14729330";"Otterwisch";"Gemeinden";"0,00";;;"0,00";"0,00"
"14729340";"Parthenstein";"Gemeinden";"0,00";;;"0,00";
"14729350";"Pegau, Stadt";"Gemeinden";"0,00";;;"0,75";"0,99"
"14729360";"Regis-Breitingen, Stadt";"Gemeinden";"0,00";;;"0,00";
"14729370";"Rötha, Stadt";"Gemeinden";"0,00";;"2,55";"0,00";
"14729380";"Thallwitz";"Gemeinden";"0,00";;;"0,00";"0,00"
"14729400";"Trebsen/Mulde, Stadt";"Gemeinden";"0,00";;;"0,00";
"14729410";"Wurzen, Stadt";"Gemeinden";"0,34";"0,74";"0,85";"0,56";"0,89"
"14729430";"Zwenkau, Stadt";"Gemeinden";"0,00";"1,63";"1,56";"1,60";"1,77"
"14730010";"Arzberg";"Gemeinden";"0,00";;;"0,00";
"14730020";"Bad Düben, Stadt";"Gemeinden";"15,06";"16,13";"19,22";"14,05";"17,45"
"14730030";"Beilrode";"Gemeinden";"0,00";;;"0,00";
"14730045";"Belgern-Schildau, Stadt";"Gemeinden";"0,00";"2,14";"2,56";"0,77";"0,56"
"14730050";"Cavertitz";"Gemeinden";"12,04";"10,94";"7,12";"3,94";
"14730060";"Dahlen, Stadt";"Gemeinden";"31,60";"35,25";"35,73";"33,44";"35,43"
"14730070";"Delitzsch, Stadt";"Gemeinden";"1,29";"1,77";"1,57";"1,19";"1,19"
"14730080";"Doberschütz";"Gemeinden";"0,00";;;"0,00";
"14730090";"Dommitzsch, Stadt";"Gemeinden";"0,00";"0,54";;"0,00";
"14730100";"Dreiheide";"Gemeinden";"0,00";;;"0,00";
"14730110";"Eilenburg, Stadt";"Gemeinden";"0,00";"0,29";"0,35";"0,62";"0,79"
"14730120";"Elsnig";"Gemeinden";"0,00";;;"0,00";"0,00"
"14730140";"Jesewitz";"Gemeinden";"0,00";;;"0,00";"0,00"
"14730150";"Krostitz";"Gemeinden";"0,00";;;"0,00";
"14730160";"Laußig";"Gemeinden";"0,85";"0,76";"0,33";"0,00";
"14730170";"Liebschützberg";"Gemeinden";"0,00";;;"0,00";"0,00"
"14730180";"Löbnitz";"Gemeinden";"6,56";"7,27";"9,94";"6,43";"9,06"
"14730190";"Mockrehna";"Gemeinden";"0,00";;;"0,00";"0,00"
"14730200";"Mügeln, Stadt";"Gemeinden";"0,00";;;"0,00";"0,00"
"14730210";"Naundorf";"Gemeinden";"0,00";;;"0,00";"0,00"
"14730230";"Oschatz, Stadt";"Gemeinden";"0,67";"1,21";"1,07";"0,98";"1,36"
"14730250";"Rackwitz";"Gemeinden";"8,57";"12,80";"11,47";"11,83";"13,84"
"14730270";"Schkeuditz, Stadt";"Gemeinden";"6,03";"9,15";"9,32";"10,36";"12,59"
"14730280";"Schönwölkau";"Gemeinden";"0,00";;;"0,00";
"14730300";"Taucha, Stadt";"Gemeinden";"1,43";"2,24";"2,08";"0,00";"1,68"
"14730310";"Torgau, Stadt";"Gemeinden";"1,08";"1,35";"1,75";"1,40";"2,23"
"14730320";"Trossin";"Gemeinden";"0,00";;;"0,00";"0,00"
"14730330";"Wermsdorf";"Gemeinden";"0,00";;"1,72";"0,00";
"14730340";"Wiedemar";"Gemeinden";"0,00";"6,50";"4,81";"2,63";"4,00"
"14730360";"Zschepplin";"Gemeinden";"0,00";;;"0,00";"0,00"
"15001000";"Dessau-Roßlau, Stadt";"Gemeinden";"1,88";"2,19";"2,81";"1,66";"2,98"
"15002000";"Halle (Saale), Stadt";"Gemeinden";"1,26";"1,54";"1,74";"1,12";"1,86"
"15003000";"Magdeburg, Landeshauptstadt";"Gemeinden";"2,21";"2,32";"2,79";"1,94";"3,24"
"15081026";"Apenburg-Winterfeld, Flecken";"Gemeinden";"0,00";;;"2,81";"3,43"
"15081030";"Arendsee (Altmark), Stadt";"Gemeinden";"18,95";"24,38";"26,50";"21,61";"29,06"
"15081045";"Beetzendorf";"Gemeinden";"0,00";;;"0,00";"0,00"
"15081095";"Dähre";"Gemeinden";"0,00";;;"0,00";
"15081105";"Diesdorf, Flecken";"Gemeinden";"0,00";;;"0,00";
"15081135";"Gardelegen, Hansestadt";"Gemeinden";"0,38";"0,95";"0,97";"1,16";"1,57"
"15081225";"Jübar";"Gemeinden";"0,00";;;"0,00";
"15081240";"Kalbe (Milde), Stadt";"Gemeinden";"0,00";"12,37";"12,83";"7,89";"11,37"
"15081280";"Klötze, Stadt";"Gemeinden";"0,00";"0,92";"0,94";"1,23";"1,08"
"15081290";"Kuhfelde";"Gemeinden";"0,00";;;"0,00";
"15081440";"Rohrberg";"Gemeinden";"0,00";;;"0,00";
"15081455";"Salzwedel, Hansestadt";"Gemeinden";"0,74";"0,91";"1,01";"0,57";"0,71"
"15081545";"Wallstawe";"Gemeinden";"0,00";;;"0,00";"0,00"
"15082005";"Aken (Elbe), Stadt";"Gemeinden";"0,00";;;"0,00";
"15082015";"Bitterfeld-Wolfen, Stadt";"Gemeinden";"1,22";"1,51";"1,23";"2,13";"2,63"
"15082180";"Köthen (Anhalt), Stadt";"Gemeinden";"0,00";"0,67";"0,73";"0,62";"0,85"
"15082241";"Muldestausee";"Gemeinden";"0,00";"1,64";"3,57";"3,77";"4,61"
"15082256";"Osternienburger Land";"Gemeinden";"0,00";;;"0,00";
"15082301";"Raguhn-Jeßnitz, Stadt";"Gemeinden";"0,00";;;"0,00";
"15082340";"Sandersdorf-Brehna, Stadt";"Gemeinden";"3,00";"3,25";"4,45";"2,86";"5,16"
"15082377";"Südliches Anhalt, Stadt";"Gemeinden";"0,00";"0,30";;"0,00";
"15082430";"Zerbst/Anhalt, Stadt";"Gemeinden";"0,43";"1,00";"1,14";"0,84";"0,93"
"15082440";"Zörbig, Stadt";"Gemeinden";"0,85";"0,80";;"0,00";
"15083020";"Altenhausen";"Gemeinden";"0,00";;;"0,00";
"15083025";"Am Großen Bruch";"Gemeinden";"0,00";;;"0,00";"0,00"
"15083030";"Angern";"Gemeinden";"0,00";;;"0,00";
"15083035";"Ausleben";"Gemeinden";"0,00";;;"0,00";
"15083040";"Barleben";"Gemeinden";"9,64";"11,66";"12,11";"7,32";"7,85"
"15083060";"Beendorf";"Gemeinden";"0,00";;;"0,00";"0,00"
"15083115";"Bülstringen";"Gemeinden";"0,00";;;"0,00";
"15083120";"Burgstall";"Gemeinden";"0,00";;;"0,00";
"15083125";"Calvörde";"Gemeinden";"0,00";;;"0,00";"0,00"
"15083130";"Colbitz";"Gemeinden";"0,00";"2,16";;"0,00";
"15083190";"Eilsleben";"Gemeinden";"0,00";;;"0,00";"0,00"
"15083205";"Erxleben";"Gemeinden";"0,00";;;"0,00";"0,00"
"15083230";"Flechtingen";"Gemeinden";"44,38";"43,52";"49,35";"42,61";"49,38"
"15083245";"Gröningen, Stadt";"Gemeinden";"0,00";;;"0,00";"0,00"
"15083270";"Haldensleben, Stadt";"Gemeinden";"1,04";"1,17";"1,51";"0,96";"1,56"
"15083275";"Harbke";"Gemeinden";"0,00";;;"0,00";"0,00"
"15083298";"Hohe Börde";"Gemeinden";"0,00";"0,86";;"0,00";"0,66"
"15083320";"Hötensleben";"Gemeinden";"0,00";;;"0,00";"0,00"
"15083323";"Ingersleben";"Gemeinden";"0,00";;;"0,00";"0,00"
"15083355";"Kroppenstedt, Stadt";"Gemeinden";"0,00";;;"0,00";"0,00"
"15083361";"Loitsche-Heinrichsberg";"Gemeinden";"0,00";;;"0,00";"0,00"
"15083390";"Niedere Börde";"Gemeinden";"0,00";;;"0,00";
"15083411";"Oebisfelde-Weferlingen, Stadt";"Gemeinden";"0,00";;;"0,00";
"15083415";"Oschersleben (Bode), Stadt";"Gemeinden";"1,39";"1,82";"1,82";"1,39";"1,58"
"15083440";"Rogätz";"Gemeinden";"0,00";;;"0,00";"0,00"
"15083485";"Sommersdorf";"Gemeinden";"0,00";;;"0,00";"0,00"
"15083490";"Sülzetal";"Gemeinden";"1,05";;;"0,00";
"15083505";"Ummendorf";"Gemeinden";"0,00";;;"0,00";"0,00"
"15083515";"Völpke";"Gemeinden";"0,00";;;"0,00";"0,00"
"15083531";"Wanzleben-Börde, Stadt";"Gemeinden";"0,00";"0,60";"0,57";"0,56";"0,93"
"15083535";"Wefensleben";"Gemeinden";"0,00";;;"0,00";"0,00"
"15083557";"Westheide";"Gemeinden";"0,00";;;"0,00";"0,00"
"15083565";"Wolmirstedt, Stadt";"Gemeinden";"1,16";"1,81";"1,58";"1,39";"1,78"
"15083580";"Zielitz";"Gemeinden";"0,00";;;"0,00";"0,00"
"15084012";"An der Poststraße";"Gemeinden";"0,00";;;"0,00";"0,00"
"15084013";"Meineweh";"Gemeinden";"0,00";;;"0,00";
"15084015";"Bad Bibra, Stadt";"Gemeinden";"4,78";"4,76";;"0,00";
"15084025";"Balgstädt";"Gemeinden";"0,00";;"2,80";"0,00";
"15084115";"Droyßig";"Gemeinden";"0,00";;;"0,00";
"15084125";"Eckartsberga, Stadt";"Gemeinden";"0,00";;;"0,00";"0,00"
"15084130";"Elsteraue";"Gemeinden";"0,00";;;"0,00";
"15084132";"Finne";"Gemeinden";"0,00";;;"0,00";"0,00"
"15084133";"Finneland";"Gemeinden";"0,00";;;"0,00";"0,00"
"15084135";"Freyburg (Unstrut), Stadt";"Gemeinden";"9,23";"9,37";"11,69";"9,24";"13,76"
"15084150";"Gleina";"Gemeinden";"0,00";;;"0,00";
"15084170";"Goseck";"Gemeinden";"0,00";;;"0,00";
"15084207";"Gutenborn";"Gemeinden";"0,00";;;"0,00";
"15084235";"Hohenmölsen, Stadt";"Gemeinden";"0,00";"0,77";"1,59";"1,65";"3,51"
"15084246";"Kaiserpfalz";"Gemeinden";"0,00";;;"0,00";
"15084250";"Karsdorf";"Gemeinden";"0,00";;;"0,00";
"15084275";"Kretzschau";"Gemeinden";"0,00";;;"0,00";
"15084282";"Lanitz-Hassel-Tal";"Gemeinden";"0,00";;;"0,00";"0,00"
"15084285";"Laucha an der Unstrut, Stadt";"Gemeinden";"0,00";;;"0,00";
"15084315";"Lützen, Stadt";"Gemeinden";"0,00";;;"0,00";"0,00"
"15084335";"Mertendorf";"Gemeinden";"0,00";;;"0,00";
"15084341";"Molauer Land";"Gemeinden";"0,00";;;"0,00";"0,00"
"15084355";"Naumburg (Saale), Stadt";"Gemeinden";"4,69";"11,91";"13,76";"11,00";"14,27"
"15084360";"Nebra (Unstrut), Stadt";"Gemeinden";"0,00";;;"9,58";
"15084375";"Osterfeld, Stadt";"Gemeinden";"0,00";;;"0,00";
"15084442";"Schnaudertal";"Gemeinden";"0,00";;;"0,00";"0,00"
"15084445";"Schönburg";"Gemeinden";"0,00";"14,56";;"0,00";
"15084470";"Stößen, Stadt";"Gemeinden";"0,00";;;"0,00";"0,00"
"15084490";"Teuchern, Stadt";"Gemeinden";"0,00";;;"0,00";"0,00"
"15084550";"Weißenfels, Stadt";"Gemeinden";"0,66";"0,78";"1,08";"0,85";"1,11"
"15084560";"Wethau";"Gemeinden";"0,00";;;"0,00";
"15084565";"Wetterzeube";"Gemeinden";"0,00";;;"0,00";
"15084590";"Zeitz, Stadt";"Gemeinden";"0,29";"0,40";"0,71";"0,61";"0,82"
"15085040";"Ballenstedt, Stadt";"Gemeinden";"3,60";"3,81";"3,95";"2,66";"3,63"
"15085055";"Blankenburg (Harz), Stadt";"Gemeinden";"7,60";"9,72";"10,59";"6,94";"9,71"
"15085090";"Ditfurt";"Gemeinden";"0,00";;;"0,00";"0,00"
"15085110";"Falkenstein/Harz, Stadt";"Gemeinden";"10,99";"11,92";"8,97";"1,02";"1,64"
"15085125";"Groß Quenstedt";"Gemeinden";"0,00";;;"0,00";"0,00"
"15085135";"Halberstadt, Stadt";"Gemeinden";"2,10";"2,44";"2,24";"1,81";"2,31"
"15085140";"Harsleben / Harschlewe";"Gemeinden";"0,00";;;"0,00";"0,00"
"15085145";"Harzgerode, Stadt";"Gemeinden";"14,78";"18,83";"17,50";"12,43";"15,72"
"15085160";"Hedersleben";"Gemeinden";"0,00";;;"0,00";
"15085185";"Huy";"Gemeinden";"2,52";;;"0,00";
"15085190";"Ilsenburg (Harz), Stadt";"Gemeinden";"10,18";"13,19";"16,01";"10,32";"14,97"
"15085227";"Nordharz";"Gemeinden";"0,00";;;"0,00";"0,00"
"15085228";"Oberharz am Brocken, Stadt";"Gemeinden";"0,00";"19,70";"20,90";"18,65";"25,55"
"15085230";"Osterwieck, Stadt";"Gemeinden";"0,00";;"0,52";"0,41";"0,75"
"15085235";"Quedlinburg, Welterbestadt";"Gemeinden";"6,76";"9,04";"19,08";"14,65";"20,13"
"15085285";"Schwanebeck, Stadt";"Gemeinden";"0,00";;;"0,00";"0,00"
"15085287";"Selke-Aue";"Gemeinden";"0,00";;;"0,00";"0,00"
"15085330";"Thale, Stadt";"Gemeinden";"12,03";"19,64";"20,04";"14,07";"23,19"
"15085365";"Wegeleben, Stadt";"Gemeinden";"0,00";;;"0,00";"0,00"
"15085370";"Wernigerode, Stadt";"Gemeinden";"22,36";"24,31";"27,32";"18,04";"29,73"
"15086005";"Biederitz";"Gemeinden";"1,11";;"0,98";"0,00";
"15086015";"Burg, Stadt";"Gemeinden";"0,89";"1,05";"1,26";"1,40";"1,92"
"15086035";"Elbe-Parey";"Gemeinden";"0,00";;;"0,00";
"15086040";"Genthin, Stadt";"Gemeinden";"0,94";"1,77";"2,05";"1,96";"2,31"
"15086055";"Gommern, Stadt";"Gemeinden";"2,25";"1,87";"2,16";"1,68";"1,65"
"15086080";"Jerichow, Stadt";"Gemeinden";"0,00";"1,83";"2,23";"2,22";"3,39"
"15086140";"Möckern, Stadt";"Gemeinden";"1,85";"1,62";;"1,13";"4,28"
"15086145";"Möser";"Gemeinden";"0,00";"1,38";"1,35";"0,76";"0,82"
"15087010";"Ahlsdorf";"Gemeinden";"0,00";;;"0,00";
"15087015";"Allstedt, Stadt";"Gemeinden";"0,00";;;"0,00";
"15087031";"Arnstein, Stadt";"Gemeinden";"0,00";;;"3,05";
"15087045";"Benndorf";"Gemeinden";"0,00";;;"0,00";"0,00"
"15087055";"Berga";"Gemeinden";"0,00";;;"0,00";"0,00"
"15087070";"Blankenheim";"Gemeinden";"0,00";;;"0,00";"0,00"
"15087075";"Bornstedt";"Gemeinden";"0,00";;;"0,00";"0,00"
"15087101";"Brücken-Hackpfüffel";"Gemeinden";"0,00";;;"0,00";"0,00"
"15087125";"Edersleben";"Gemeinden";"0,00";;;"0,00";"0,00"
"15087130";"Eisleben, Lutherstadt";"Gemeinden";"1,37";"1,64";"1,99";"1,31";"1,83"
"15087165";"Gerbstedt, Stadt";"Gemeinden";"0,00";;;"0,00";"0,00"
"15087205";"Helbra";"Gemeinden";"0,00";;;"0,00";"0,00"
"15087210";"Hergisdorf";"Gemeinden";"0,00";;;"0,00";"0,00"
"15087220";"Hettstedt, Stadt";"Gemeinden";"0,00";;"0,48";"0,62";"0,77"
"15087250";"Kelbra (Kyffhäuser), Stadt";"Gemeinden";"14,11";"15,29";"18,52";"13,12";"17,85"
"15087260";"Klostermansfeld";"Gemeinden";"0,00";;;"0,00";"0,00"
"15087275";"Mansfeld, Stadt";"Gemeinden";"3,81";"4,24";"3,14";"1,43";"3,26"
"15087370";"Sangerhausen, Stadt";"Gemeinden";"1,55";"1,51";"1,43";"1,01";"1,33"
"15087386";"Seegebiet Mansfelder Land";"Gemeinden";"0,00";"2,33";"3,07";"2,77";"3,14"
"15087412";"Südharz";"Gemeinden";"0,00";"8,34";"12,17";"8,19";"11,73"
"15087440";"Wallhausen";"Gemeinden";"0,00";;;"0,00";
"15087470";"Wimmelburg";"Gemeinden";"0,00";;;"0,00";
"15088020";"Bad Dürrenberg, Solestadt";"Gemeinden";"0,77";"1,10";"2,51";"1,53";"1,86"
"15088025";"Bad Lauchstädt, Goethestadt";"Gemeinden";"1,67";"1,48";"1,37";"1,11";"1,53"
"15088030";"Barnstädt";"Gemeinden";"0,00";;;"0,00";"0,00"
"15088065";"Braunsbedra, Stadt";"Gemeinden";"1,04";"1,76";"2,43";"2,99";"3,43"
"15088100";"Farnstädt";"Gemeinden";"0,00";;;"0,00";"0,00"
"15088150";"Kabelsketal";"Gemeinden";"3,54";"4,05";"4,91";"2,49";
"15088195";"Landsberg, Stadt";"Gemeinden";"0,00";"7,34";"8,64";"4,83";"7,85"
"15088205";"Leuna, Stadt";"Gemeinden";"0,00";;;"1,70";"1,90"
"15088216";"Wettin-Löbejün, Stadt";"Gemeinden";"0,00";;;"0,00";
"15088220";"Merseburg, Stadt";"Gemeinden";"1,84";"2,98";"3,67";"2,42";"2,81"
"15088235";"Mücheln (Geiseltal), Stadt";"Gemeinden";"0,00";"0,20";"1,28";"2,61";"4,43"
"15088250";"Nemsdorf-Göhrendorf";"Gemeinden";"0,00";;;"0,00";"0,00"
"15088265";"Obhausen";"Gemeinden";"0,00";;;"0,00";"0,00"
"15088295";"Petersberg";"Gemeinden";"0,00";"0,17";;"0,09";"0,12"
"15088305";"Querfurt, Stadt";"Gemeinden";"0,95";"1,08";"0,92";"0,58";"0,83"
"15088319";"Salzatal";"Gemeinden";"0,00";"0,24";"0,96";"1,09";"1,18"
"15088330";"Schkopau";"Gemeinden";"0,00";;;"0,00";"1,70"
"15088340";"Schraplau, Stadt";"Gemeinden";"0,00";;;"0,00";"0,00"
"15088355";"Steigra";"Gemeinden";"0,00";;;"0,00";
"15088365";"Teutschenthal";"Gemeinden";"0,00";;;"0,00";
"15089005";"Alsleben (Saale), Stadt";"Gemeinden";"0,00";;;"0,00";
"15089015";"Aschersleben, Stadt";"Gemeinden";"0,61";"0,95";"1,24";"1,08";"1,52"
"15089026";"Barby, Stadt";"Gemeinden";"0,00";"8,50";"9,03";"8,18";"8,12"
"15089030";"Bernburg (Saale), Stadt";"Gemeinden";"1,38";"1,23";"1,53";"2,14";"3,17"
"15089041";"Bördeaue";"Gemeinden";"0,00";;;"0,00";"0,00"
"15089042";"Bördeland";"Gemeinden";"0,00";;;"0,00";
"15089043";"Börde-Hakel";"Gemeinden";"0,00";;;"0,00";"0,00"
"15089045";"Borne";"Gemeinden";"0,00";;;"0,00";
"15089055";"Calbe (Saale), Stadt";"Gemeinden";"0,00";;;"0,00";
"15089075";"Egeln, Stadt";"Gemeinden";"0,00";;;"0,00";
"15089130";"Giersleben";"Gemeinden";"0,00";;;"0,00";"0,00"
"15089165";"Güsten, Stadt";"Gemeinden";"0,00";;;"0,00";
"15089175";"Hecklingen, Stadt";"Gemeinden";"1,20";"1,07";;"1,25";"2,25"
"15089185";"Ilberstedt";"Gemeinden";"0,00";;;"0,00";
"15089195";"Könnern, Stadt";"Gemeinden";"0,00";;;"0,00";
"15089235";"Nienburg (Saale), Stadt";"Gemeinden";"0,00";;;"0,00";
"15089245";"Plötzkau";"Gemeinden";"0,00";;;"0,00";
"15089305";"Schönebeck (Elbe), Stadt";"Gemeinden";"4,36";"4,83";"5,42";"4,97";"5,65"
"15089307";"Seeland, Stadt";"Gemeinden";"0,00";;;"0,00";
"15089310";"Staßfurt, Stadt";"Gemeinden";"0,35";"0,45";"0,63";"0,71";"0,73"
"15089365";"Wolmirsleben";"Gemeinden";"0,00";;;"0,00";
"15090003";"Aland";"Gemeinden";"0,00";;;"0,00";"0,00"
"15090007";"Altmärkische Höhe";"Gemeinden";"0,00";;;"0,00";"0,00"
"15090008";"Altmärkische Wische";"Gemeinden";"0,00";;;"0,00";"0,00"
"15090010";"Arneburg, Stadt";"Gemeinden";"0,00";;;"0,00";"0,00"
"15090070";"Bismark (Altmark), Stadt";"Gemeinden";"0,00";;;"0,00";"0,00"
"15090135";"Eichstedt (Altmark)";"Gemeinden";"0,00";;;"0,00";"0,00"
"15090180";"Goldbeck";"Gemeinden";"0,00";;;"0,00";"0,00"
"15090220";"Hassel";"Gemeinden";"0,00";;;"0,00";
"15090225";"Havelberg, Hansestadt";"Gemeinden";"3,52";"3,12";"5,13";"4,12";"5,62"
"15090245";"Hohenberg-Krusemark";"Gemeinden";"0,00";;;"0,00";
"15090270";"Iden";"Gemeinden";"0,00";;;"0,00";
"15090285";"Kamern";"Gemeinden";"0,00";;;"0,00";
"15090310";"Klietz";"Gemeinden";"0,00";;;"5,13";"10,30"
"15090415";"Osterburg (Altmark), Hansestadt";"Gemeinden";"3,62";"4,10";"4,39";"0,00";
"15090435";"Rochau";"Gemeinden";"0,00";;;"0,00";
"15090445";"Sandau (Elbe), Stadt";"Gemeinden";"0,00";;;"0,00";"0,00"
"15090485";"Schollene";"Gemeinden";"0,00";;"2,59";"0,00";
"15090500";"Schönhausen (Elbe)";"Gemeinden";"0,00";;;"0,00";"0,00"
"15090520";"Seehausen (Altmark), Hansestadt";"Gemeinden";"0,00";;;"0,00";
"15090535";"Stendal, Hansestadt";"Gemeinden";"1,03";"0,96";"0,98";"0,98";"1,30"
"15090546";"Tangerhütte, Stadt";"Gemeinden";"0,00";"0,21";;"2,48";"3,33"
"15090550";"Tangermünde, Stadt";"Gemeinden";"5,56";"7,89";"8,49";"7,42";"10,78"
"15090610";"Werben (Elbe), Hansestadt";"Gemeinden";"0,00";;;"0,00";
"15090631";"Wust-Fischbeck";"Gemeinden";"0,00";;;"0,00";"0,00"
"15090635";"Zehrental";"Gemeinden";"0,00";;;"0,00";"0,00"
"15091010";"Annaburg, Stadt";"Gemeinden";"0,00";"1,07";;"0,00";
"15091020";"Bad Schmiedeberg, Stadt";"Gemeinden";"28,20";"31,35";"34,56";"24,66";"32,73"
"15091060";"Coswig (Anhalt), Stadt";"Gemeinden";"1,86";"1,64";"4,25";"3,72";"5,30"
"15091110";"Gräfenhainichen, Stadt";"Gemeinden";"0,41";"0,69";"0,75";"0,60";"0,76"
"15091145";"Jessen (Elster), Stadt";"Gemeinden";"0,94";"1,09";"1,21";"0,62";"1,13"
"15091160";"Kemberg, Stadt";"Gemeinden";"0,00";"5,77";"8,20";"6,16";"9,04"
"15091241";"Oranienbaum-Wörlitz, Stadt";"Gemeinden";"0,00";"7,42";"9,70";"7,50";"10,43"
"15091375";"Wittenberg, Lutherstadt";"Gemeinden";"2,82";"3,19";"5,84";"2,47";"3,43"
"15091391";"Zahna-Elster, Stadt";"Gemeinden";"0,00";;"0,81";"0,00";
"16051000";"Erfurt, Stadt";"Gemeinden";"3,38";"3,68";"4,27";"2,97";"4,52"
"16052000";"Gera, Stadt";"Gemeinden";"1,85";"1,84";"1,87";"1,32";"1,48"
"16053000";"Jena, Stadt";"Gemeinden";"2,90";"2,80";"3,03";"2,06";"3,50"
"16054000";"Suhl, Stadt";"Gemeinden";"5,69";"6,72";"6,80";"3,79";"5,10"
"16055000";"Weimar, Stadt";"Gemeinden";"9,42";"10,42";"11,49";"6,45";"11,21"
"16061001";"Arenshausen";"Gemeinden";"0,00";;;"0,00";"0,00"
"16061002";"Asbach-Sickenberg";"Gemeinden";"0,00";;;"0,00";"0,00"
"16061003";"Berlingerode";"Gemeinden";"0,00";;;"0,00";"0,00"
"16061007";"Birkenfelde";"Gemeinden";"0,00";;;"0,00";"0,00"
"16061012";"Bodenrode-Westhausen";"Gemeinden";"0,00";;;"0,00";
"16061014";"Bornhagen";"Gemeinden";"0,00";;;"0,00";
"16061015";"Brehme";"Gemeinden";"0,00";;;"0,00";"0,00"
"16061017";"Breitenworbis";"Gemeinden";"0,00";;;"0,00";
"16061018";"Büttstedt";"Gemeinden";"0,00";;;"0,00";
"16061019";"Buhla";"Gemeinden";"0,00";;;"0,00";"0,00"
"16061021";"Burgwalde";"Gemeinden";"0,00";;;"0,00";"0,00"
"16061023";"Dieterode";"Gemeinden";"0,00";;;"0,00";"0,00"
"16061024";"Dietzenrode/Vatterode";"Gemeinden";"0,00";;;"0,00";"0,00"
"16061026";"Ecklingerode";"Gemeinden";"0,00";;;"0,00";"0,00"
"16061027";"Effelder";"Gemeinden";"0,00";;;"0,00";
"16061028";"Eichstruth";"Gemeinden";"0,00";;;"0,00";"0,00"
"16061031";"Ferna";"Gemeinden";"0,00";;;"0,00";"0,00"
"16061032";"Freienhagen";"Gemeinden";"0,00";;;"0,00";"0,00"
"16061033";"Fretterode";"Gemeinden";"0,00";;;"0,00";"0,00"
"16061034";"Geisleden";"Gemeinden";"0,00";;;"0,00";"0,00"
"16061035";"Geismar";"Gemeinden";"0,00";;;"0,00";
"16061036";"Gerbershausen";"Gemeinden";"0,00";;;"0,00";"0,00"
"16061037";"Gernrode";"Gemeinden";"0,00";;;"0,00";"0,00"
"16061039";"Glasehausen";"Gemeinden";"0,00";;;"0,00";"0,00"
"16061041";"Großbartloff";"Gemeinden";"0,00";;;"0,00";"0,00"
"16061044";"Haynrode";"Gemeinden";"0,00";;;"0,00";"0,00"
"16061045";"Heilbad Heiligenstadt, Stadt";"Gemeinden";"9,08";"12,68";"9,58";"6,60";"10,02"
"16061047";"Heuthen";"Gemeinden";"0,00";;;"0,00";"0,00"
"16061048";"Hohengandern";"Gemeinden";"0,00";;;"0,00";"0,00"
"16061049";"Hohes Kreuz";"Gemeinden";"0,00";;;"0,00";"0,00"
"16061056";"Kella";"Gemeinden";"0,00";;;"0,00";"0,00"
"16061057";"Kirchgandern";"Gemeinden";"0,00";;;"0,00";"0,00"
"16061058";"Kirchworbis";"Gemeinden";"0,00";;;"0,00";"0,00"
"16061062";"Krombach";"Gemeinden";"0,00";;;"0,00";"0,00"
"16061063";"Küllstedt";"Gemeinden";"0,97";"1,02";"0,85";"1,25";"1,84"
"16061065";"Lenterode";"Gemeinden";"0,00";;;"0,00";"0,00"
"16061066";"Lindewerra";"Gemeinden";"0,00";;;"0,00";"0,00"
"16061067";"Lutter";"Gemeinden";"0,00";;;"0,00";"0,00"
"16061068";"Mackenrode";"Gemeinden";"0,00";;;"0,00";"0,00"
"16061069";"Marth";"Gemeinden";"0,00";;;"0,00";
"16061074";"Niederorschel";"Gemeinden";"0,00";;;"0,00";
"16061075";"Pfaffschwende";"Gemeinden";"0,00";;;"0,00";"0,00"
"16061076";"Reinholterode";"Gemeinden";"0,00";;;"0,00";"0,00"
"16061077";"Röhrig";"Gemeinden";"0,00";;;"0,00";"0,00"
"16061078";"Rohrberg";"Gemeinden";"0,00";;;"0,00";"0,00"
"16061082";"Rustenfelde";"Gemeinden";"0,00";;;"0,00";"0,00"
"16061083";"Schachtebich";"Gemeinden";"0,00";;;"0,00";"0,00"
"16061084";"Schönhagen";"Gemeinden";"0,00";;;"0,00";"0,00"
"16061085";"Schwobfeld";"Gemeinden";"0,00";;;"0,00";"0,00"
"16061086";"Sickerode";"Gemeinden";"0,00";;;"0,00";"0,00"
"16061089";"Steinbach";"Gemeinden";"0,00";;;"0,00";"0,00"
"16061091";"Steinheuterode";"Gemeinden";"0,00";;;"0,00";"0,00"
"16061094";"Tastungen";"Gemeinden";"0,00";;;"0,00";"0,00"
"16061096";"Thalwenden";"Gemeinden";"0,00";;;"0,00";
"16061097";"Uder";"Gemeinden";"0,00";;;"0,00";
"16061098";"Volkerode";"Gemeinden";"0,00";;;"0,00";"0,00"
"16061101";"Wachstedt";"Gemeinden";"0,00";;;"0,00";"0,00"
"16061102";"Wahlhausen";"Gemeinden";"0,00";;;"0,00";
"16061103";"Wehnde";"Gemeinden";"0,00";;;"0,00";"0,00"
"16061105";"Wiesenfeld";"Gemeinden";"0,00";;;"0,00";"0,00"
"16061107";"Wingerode";"Gemeinden";"0,00";;;"0,00";
"16061111";"Wüstheuterode";"Gemeinden";"0,00";;;"0,00";"0,00"
"16061113";"Schimberg";"Gemeinden";"4,18";"4,53";"3,90";"0,00";
"16061114";"Teistungen";"Gemeinden";"0,00";;;"0,00";
"16061115";"Leinefelde-Worbis, Stadt";"Gemeinden";"1,97";"1,81";"1,64";"1,35";"2,17"
"16061116";"Am Ohmberg";"Gemeinden";"0,00";;;"0,00";"0,00"
"16061117";"Sonnenstein";"Gemeinden";"0,00";"2,26";;"0,82";
"16061118";"Dingelstädt, Stadt";"Gemeinden";"0,00";;;"0,40";"0,00"
"16062005";"Ellrich, Stadt";"Gemeinden";"3,62";;;"0,00";
"16062008";"Görsbach";"Gemeinden";"0,00";;;"0,00";"0,00"
"16062009";"Großlohra";"Gemeinden";"0,00";;;"0,00";
"16062024";"Kehmstedt";"Gemeinden";"0,00";;;"0,00";"0,00"
"16062026";"Kleinfurra";"Gemeinden";"0,00";;;"0,00";
"16062033";"Lipprechterode";"Gemeinden";"0,00";;;"0,00";"0,00"
"16062037";"Niedergebra";"Gemeinden";"0,00";;;"0,00";"0,00"
"16062041";"Nordhausen, Stadt";"Gemeinden";"1,73";"1,82";"1,89";"1,36";"2,18"
"16062049";"Sollstedt";"Gemeinden";"0,00";;;"0,00";"0,00"
"16062054";"Urbach";"Gemeinden";"0,00";;;"0,00";
"16062062";"Hohenstein";"Gemeinden";"0,00";;;"0,00";
"16062063";"Werther";"Gemeinden";"0,00";;;"0,00";"0,00"
"16062064";"Heringen/Helme, Stadt";"Gemeinden";"0,00";;;"0,00";
"16062065";"Harztor";"Gemeinden";"0,00";"3,38";"4,70";"4,16";"6,93"
"16062066";"Bleicherode, Stadt";"Gemeinden";"0,00";;;"0,00";
"16063003";"Bad Salzungen, Stadt";"Gemeinden";"7,40";"8,76";"9,28";"7,71";"9,90"
"16063004";"Barchfeld-Immelborn";"Gemeinden";"0,00";;;"0,00";
"16063006";"Berka v. d. Hainich";"Gemeinden";"0,00";;;"0,00";"0,00"
"16063008";"Bischofroda";"Gemeinden";"0,00";;;"0,00";"0,00"
"16063011";"Buttlar";"Gemeinden";"1,38";"1,51";"1,02";"0,00";
"16063015";"Dermbach";"Gemeinden";"0,46";"0,90";"1,67";"0,00";"16,65"
"16063023";"Empfertshausen";"Gemeinden";"0,00";;;"0,00";"0,00"
"16063028";"Frankenroda";"Gemeinden";"0,00";;;"0,00";
"16063032";"Geisa, Stadt";"Gemeinden";"0,00";;;"0,00";
"16063033";"Gerstengrund";"Gemeinden";"0,00";;;"0,00";"0,00"
"16063037";"Hallungen";"Gemeinden";"0,00";;;"0,00";"0,00"
"16063046";"Krauthausen";"Gemeinden";"0,00";;;"0,00";"0,00"
"16063049";"Lauterbach";"Gemeinden";"0,00";;;"0,00";
"16063051";"Leimbach";"Gemeinden";"0,65";"0,99";"1,39";"0,00";
"16063058";"Nazza";"Gemeinden";"0,00";;;"0,00";
"16063062";"Oechsen";"Gemeinden";"0,00";;;"0,00";"0,00"
"16063066";"Ruhla, Stadt";"Gemeinden";"2,45";"3,83";"5,05";"2,88";"3,04"
"16063068";"Schleid";"Gemeinden";"0,00";;;"0,00";
"16063071";"Seebach";"Gemeinden";"0,00";;;"0,00";"0,00"
"16063076";"Treffurt, Stadt";"Gemeinden";"0,48";"0,49";;"0,00";"0,66"
"16063078";"Unterbreizbach";"Gemeinden";"0,00";;;"0,00";
"16063082";"Vacha, Stadt";"Gemeinden";"0,00";;;"0,00";
"16063084";"Weilar";"Gemeinden";"2,43";"2,26";"2,01";"0,00";
"16063086";"Wiesenthal";"Gemeinden";"0,00";;;"0,00";"0,00"
"16063092";"Wutha-Farnroda";"Gemeinden";"1,20";"1,20";"1,51";"1,46";"1,97"
"16063097";"Gerstungen";"Gemeinden";"0,25";;;"0,47";"2,69"
"16063098";"Hörselberg-Hainich";"Gemeinden";"3,25";"2,73";"3,20";"2,08";"2,85"
"16063099";"Bad Liebenstein, Stadt";"Gemeinden";"0,00";"44,02";"42,49";"35,65";"41,74"
"16063101";"Krayenberggemeinde";"Gemeinden";"0,00";;;"0,00";
"16063103";"Werra-Suhl-Tal, Stadt";"Gemeinden";"0,00";;;"0,00";
"16063104";"Amt Creuzburg, Stadt";"Gemeinden";"0,00";;;"2,14";"3,90"
"16063105";"Eisenach, Stadt";"Gemeinden";"7,18";"7,68";"8,45";"0,00";"9,28"
"16064003";"Bad Langensalza, Stadt";"Gemeinden";"4,98";"5,47";"9,35";"7,07";"9,73"
"16064004";"Bad Tennstedt, Stadt";"Gemeinden";"0,00";;;"0,00";
"16064005";"Ballhausen";"Gemeinden";"0,00";;;"0,00";"0,00"
"16064007";"Blankenburg";"Gemeinden";"0,00";;;"0,00";"0,00"
"16064009";"Bruchstedt";"Gemeinden";"0,00";;;"0,00";"0,00"
"16064019";"Großvargula";"Gemeinden";"0,00";;;"0,00";"0,00"
"16064021";"Haussömmern";"Gemeinden";"0,00";;;"0,00";"0,00"
"16064022";"Herbsleben";"Gemeinden";"0,00";;;"0,00";
"16064027";"Hornsömmern";"Gemeinden";"0,00";;;"0,00";"0,00"
"16064032";"Kammerforst";"Gemeinden";"0,00";;;"4,51";"10,43"
"16064033";"Kirchheilingen";"Gemeinden";"0,00";;;"0,00";"0,00"
"16064037";"Körner";"Gemeinden";"0,00";;;"0,00";
"16064038";"Kutzleben";"Gemeinden";"0,00";;;"0,00";
"16064043";"Marolterode";"Gemeinden";"0,00";;;"0,00";"0,00"
"16064045";"Mittelsömmern";"Gemeinden";"0,00";;;"0,00";"0,00"
"16064046";"Mühlhausen/Thüringen, Stadt";"Gemeinden";"2,88";"3,27";"2,52";"1,52";"3,18"
"16064053";"Oppershausen";"Gemeinden";"0,00";;;"0,00";"0,00"
"16064055";"Rodeberg";"Gemeinden";"0,00";;;"0,00";
"16064058";"Schönstedt";"Gemeinden";"0,00";;;"0,00";
"16064061";"Sundhausen";"Gemeinden";"0,00";;;"0,00";"0,00"
"16064062";"Tottleben";"Gemeinden";"0,00";;;"0,00";"0,00"
"16064064";"Urleben";"Gemeinden";"0,00";;;"0,00";"0,00"
"16064071";"Unstruttal";"Gemeinden";"0,00";;;"0,00";"0,00"
"16064074";"Südeichsfeld";"Gemeinden";"0,00";;;"0,00";
"16064075";"Vogtei";"Gemeinden";"0,00";;;"0,00";
"16064076";"Unstrut-Hainich";"Gemeinden";"0,00";;;"0,00";"5,12"
"16064077";"Nottertal-Heilinger Höhen, Stadt";"Gemeinden";"0,00";;;"0,00";
"16065001";"Abtsbessingen";"Gemeinden";"0,00";;;"0,00";"0,00"
"16065003";"Bad Frankenhausen/Kyffhäuser, Stadt";"Gemeinden";"14,02";"14,56";"16,02";"12,74";"18,37"
"16065005";"Bellstedt";"Gemeinden";"0,00";;;"0,00";"0,00"
"16065008";"Borxleben";"Gemeinden";"0,00";;;"0,00";"0,00"
"16065012";"Clingen, Stadt";"Gemeinden";"0,00";;;"0,00";"0,00"
"16065014";"Ebeleben, Stadt";"Gemeinden";"0,00";;;"0,00";
"16065016";"Etzleben";"Gemeinden";"0,00";;;"0,00";"0,00"
"16065018";"Freienbessingen";"Gemeinden";"0,00";;;"0,00";"0,00"
"16065019";"Gehofen";"Gemeinden";"0,00";;;"0,00";"0,00"
"16065032";"Helbedündorf";"Gemeinden";"0,00";;;"0,00";
"16065038";"Holzsußra";"Gemeinden";"0,00";;;"0,00";"0,00"
"16065042";"Kalbsrieth";"Gemeinden";"0,00";;;"0,00";"0,00"
"16065046";"Mönchpfiffel-Nikolausrieth";"Gemeinden";"0,00";;;"0,00";"0,00"
"16065048";"Niederbösa";"Gemeinden";"0,00";;;"0,00";"0,00"
"16065051";"Oberbösa";"Gemeinden";"0,00";;;"0,00";"0,00"
"16065052";"Oberheldrungen";"Gemeinden";"0,00";;;"0,00";"0,00"
"16065056";"Reinsdorf";"Gemeinden";"0,00";;;"0,00";"0,00"
"16065058";"Rockstedt";"Gemeinden";"0,00";;;"0,00";"0,00"
"16065067";"Sondershausen, Stadt";"Gemeinden";"3,75";"4,54";"5,46";"2,62";"5,42"
"16065074";"Topfstedt";"Gemeinden";"0,00";;;"0,00";"0,00"
"16065075";"Trebra";"Gemeinden";"0,00";;;"0,00";"0,00"
"16065077";"Wasserthaleben";"Gemeinden";"0,00";;;"0,00";"0,00"
"16065079";"Westgreußen";"Gemeinden";"0,00";;;"0,00";"0,00"
"16065085";"Kyffhäuserland";"Gemeinden";"0,00";"1,00";"1,56";"1,83";
"16065086";"Artern, Stadt";"Gemeinden";"0,00";;;"0,00";
"16065087";"Roßleben-Wiehe, Stadt";"Gemeinden";"0,00";;;"0,00";
"16065088";"An der Schmücke, Stadt";"Gemeinden";"0,00";;;"0,00";
"16065089";"Greußen, Stadt";"Gemeinden";"0,00";;;"0,00";"0,00"
"16066005";"Belrieth";"Gemeinden";"0,00";;;"0,00";"0,00"
"16066012";"Birx";"Gemeinden";"0,00";;;"0,00";
"16066013";"Breitungen/Werra";"Gemeinden";"1,25";"1,51";"1,46";"0,00";
"16066015";"Christes";"Gemeinden";"0,00";;;"0,00";
"16066016";"Dillstädt";"Gemeinden";"0,00";;;"0,00";
"16066017";"Einhausen";"Gemeinden";"0,00";;;"0,00";"0,00"
"16066018";"Ellingshausen";"Gemeinden";"0,00";;;"0,00";"0,00"
"16066019";"Erbenhausen";"Gemeinden";"0,00";;;"0,00";
"16066022";"Fambach";"Gemeinden";"0,00";;;"0,00";
"16066023";"Floh-Seligenthal";"Gemeinden";"3,35";"3,42";"2,78";"2,54";"3,58"
"16066024";"Frankenheim/Rhön";"Gemeinden";"0,00";;;"0,00";"0,00"
"16066025";"Friedelshausen";"Gemeinden";"0,00";;;"0,00";"0,00"
"16066038";"Kühndorf";"Gemeinden";"0,00";;;"0,00";
"16066039";"Leutersdorf";"Gemeinden";"0,00";;;"0,00";"0,00"
"16066041";"Mehmels";"Gemeinden";"0,00";;;"0,00";"0,00"
"16066042";"Meiningen, Stadt";"Gemeinden";"1,96";"2,12";"1,92";"1,22";"2,06"
"16066045";"Neubrunn";"Gemeinden";"0,00";;;"0,00";"0,00"
"16066047";"Oberhof, Stadt";"Gemeinden";"281,65";"262,43";"238,22";"145,56";"307,86"
"16066049";"Obermaßfeld-Grimmenthal";"Gemeinden";"0,00";;;"0,00";"0,00"
"16066052";"Oberweid";"Gemeinden";"0,00";;;"0,00";"0,00"
"16066056";"Rippershausen";"Gemeinden";"0,00";;;"0,00";"0,00"
"16066057";"Ritschenhausen";"Gemeinden";"0,00";;;"0,00";"0,00"
"16066058";"Rohr";"Gemeinden";"0,00";;;"0,00";
"16066059";"Rosa";"Gemeinden";"0,00";;;"0,00";"0,00"
"16066061";"Roßdorf";"Gemeinden";"0,00";;;"0,00";
"16066063";"Schmalkalden, Stadt";"Gemeinden";"1,27";"1,69";"2,57";"1,66";"2,66"
"16066064";"Schwallungen";"Gemeinden";"0,00";;;"0,00";
"16066065";"Schwarza";"Gemeinden";"0,00";;;"0,00";"0,00"
"16066069";"Steinbach-Hallenberg, Stadt";"Gemeinden";"0,80";"0,70";"0,90";"1,34";"1,78"
"16066073";"Sülzfeld";"Gemeinden";"0,00";;;"0,00";
"16066074";"Brotterode-Trusetal, Stadt";"Gemeinden";"0,87";"5,69";"6,03";"2,33";"4,92"
"16066076";"Untermaßfeld";"Gemeinden";"0,00";;;"0,00";"0,00"
"16066079";"Utendorf";"Gemeinden";"0,00";;;"0,00";"0,00"
"16066081";"Vachdorf";"Gemeinden";"0,00";;;"0,00";
"16066086";"Wasungen, Stadt";"Gemeinden";"0,00";;;"0,39";
"16066092";"Zella-Mehlis, Stadt";"Gemeinden";"1,44";"2,43";"2,66";"1,76";"2,71"
"16066093";"Rhönblick";"Gemeinden";"0,00";;;"0,00";
"16066094";"Grabfeld";"Gemeinden";"0,28";;"0,28";"0,00";
"16066095";"Kaltennordheim, Stadt";"Gemeinden";"0,00";;;"0,96";"1,74"
"16067004";"Bienstädt";"Gemeinden";"0,00";;;"0,00";
"16067009";"Dachwig";"Gemeinden";"0,00";;;"0,00";
"16067011";"Döllstädt";"Gemeinden";"0,00";;;"0,00";"0,00"
"16067013";"Emleben";"Gemeinden";"0,00";;;"0,00";"0,00"
"16067016";"Eschenbergen";"Gemeinden";"0,00";;;"0,00";"0,00"
"16067019";"Friedrichroda, Stadt";"Gemeinden";"50,83";"50,09";"52,34";"30,79";"52,95"
"16067022";"Friemar";"Gemeinden";"0,00";;;"0,00";"0,00"
"16067026";"Gierstädt";"Gemeinden";"0,00";;;"0,00";
"16067029";"Gotha, Stadt";"Gemeinden";"3,19";"3,59";"3,59";"2,26";"3,13"
"16067033";"Großfahner";"Gemeinden";"0,00";;;"0,00";
"16067036";"Herrenhof";"Gemeinden";"0,00";;;"0,00";"0,00"
"16067044";"Luisenthal";"Gemeinden";"25,38";"30,91";"29,78";"0,00";
"16067047";"Molschleben";"Gemeinden";"0,00";;;"0,00";"0,00"
"16067052";"Nottleben";"Gemeinden";"0,00";;;"0,00";"0,00"
"16067053";"Ohrdruf, Stadt";"Gemeinden";"0,77";;"0,61";"0,37";"0,43"
"16067055";"Pferdingsleben";"Gemeinden";"0,00";;;"0,00";"0,00"
"16067059";"Schwabhausen";"Gemeinden";"0,00";;;"0,00";
"16067063";"Sonneborn";"Gemeinden";"0,00";;;"0,00";
"16067064";"Bad Tabarz";"Gemeinden";"53,63";"43,52";"46,20";"37,41";"50,49"
"16067065";"Tambach-Dietharz/Thür. Wald, Stadt";"Gemeinden";"6,36";"4,27";"7,86";"7,68";"8,04"
"16067067";"Tonna";"Gemeinden";"0,00";;;"0,00";"0,00"
"16067068";"Tröchtelborn";"Gemeinden";"0,00";;;"0,00";"0,00"
"16067071";"Tüttleben";"Gemeinden";"0,00";;;"0,00";
"16067072";"Waltershausen, Stadt";"Gemeinden";"0,68";"1,70";"1,23";"0,74";"0,90"
"16067082";"Zimmernsupra";"Gemeinden";"0,00";;;"0,00";"0,00"
"16067087";"Nesse-Apfelstädt";"Gemeinden";"6,68";"6,48";"6,15";"5,32";"6,06"
"16067088";"Hörsel";"Gemeinden";"0,00";"2,11";;"1,05";
"16067089";"Drei Gleichen";"Gemeinden";"0,00";;;"1,22";"3,15"
"16067091";"Nessetal";"Gemeinden";"0,00";;;"0,00";
"16067092";"Georgenthal";"Gemeinden";"0,00";;;"3,42";"8,08"
"16068001";"Alperstedt";"Gemeinden";"0,00";;;"0,00";"0,00"
"16068002";"Andisleben";"Gemeinden";"0,00";;;"0,00";"0,00"
"16068005";"Büchel";"Gemeinden";"0,00";;;"0,00";"0,00"
"16068007";"Eckstedt";"Gemeinden";"0,00";;;"0,00";"0,00"
"16068009";"Elxleben";"Gemeinden";"0,00";;;"0,00";
"16068013";"Gangloffsömmern";"Gemeinden";"0,00";;;"0,00";
"16068014";"Gebesee, Stadt";"Gemeinden";"0,00";;;"0,00";"0,00"
"16068015";"Griefstedt";"Gemeinden";"0,00";;;"0,00";"0,00"
"16068017";"Großmölsen";"Gemeinden";"0,00";;;"0,00";"0,00"
"16068019";"Großneuhausen";"Gemeinden";"0,00";;;"0,00";"0,00"
"16068021";"Großrudestedt";"Gemeinden";"0,00";;;"0,00";
"16068022";"Günstedt";"Gemeinden";"0,00";;;"0,00";"0,00"
"16068025";"Haßleben";"Gemeinden";"0,00";;;"0,00";"0,00"
"16068032";"Kleinmölsen";"Gemeinden";"0,00";;;"0,00";"0,00"
"16068033";"Kleinneuhausen";"Gemeinden";"0,00";;;"0,00";"0,00"
"16068034";"Kölleda, Stadt";"Gemeinden";"1,21";"2,00";"0,52";"1,46";"1,32"
"16068036";"Markvippach";"Gemeinden";"0,00";;;"0,00";"0,00"
"16068037";"Nöda";"Gemeinden";"0,00";;;"0,00";
"16068039";"Ollendorf";"Gemeinden";"0,00";;;"0,00";
"16068041";"Ostramondra";"Gemeinden";"0,00";;;"0,00";"0,00"
"16068042";"Rastenberg, Stadt";"Gemeinden";"0,00";;;"0,00";
"16068044";"Riethnordhausen";"Gemeinden";"0,00";;;"0,00";
"16068045";"Ringleben";"Gemeinden";"0,00";;;"0,00";"0,00"
"16068048";"Schloßvippach";"Gemeinden";"0,00";;;"0,00";"0,00"
"16068049";"Schwerstedt";"Gemeinden";"0,00";;;"0,00";"0,00"
"16068051";"Sömmerda, Stadt";"Gemeinden";"0,68";"0,73";"0,73";"0,51";"0,63"
"16068052";"Sprötau";"Gemeinden";"0,00";;;"0,00";"0,00"
"16068053";"Straußfurt";"Gemeinden";"0,00";;;"0,00";
"16068055";"Udestedt";"Gemeinden";"0,00";;;"0,00";"0,00"
"16068056";"Vogelsberg";"Gemeinden";"0,00";;;"0,00";"0,00"
"16068057";"Walschleben";"Gemeinden";"0,00";;;"0,00";"0,00"
"16068058";"Weißensee, Stadt";"Gemeinden";"0,00";;"9,34";"3,26";"7,50"
"16068059";"Werningshausen";"Gemeinden";"0,00";;;"0,00";"0,00"
"16068061";"Witterda";"Gemeinden";"0,00";;;"0,00";
"16068062";"Wundersleben";"Gemeinden";"0,00";;;"0,00";"0,00"
"16068063";"Buttstädt";"Gemeinden";"0,00";;;"0,00";"0,00"
"16068064";"Kindelbrück";"Gemeinden";"0,00";;;"0,00";"0,00"
"16069001";"Ahlstädt";"Gemeinden";"0,00";;;"0,00";"0,00"
"16069003";"Beinerstadt";"Gemeinden";"0,00";;;"0,00";
"16069004";"Bischofrod";"Gemeinden";"0,00";;;"0,00";"0,00"
"16069006";"Brünn/Thür.";"Gemeinden";"0,00";;;"0,00";"0,00"
"16069008";"Dingsleben";"Gemeinden";"0,00";;;"0,00";"0,00"
"16069009";"Ehrenberg";"Gemeinden";"0,00";;;"0,00";"0,00"
"16069011";"Eichenberg";"Gemeinden";"0,00";;;"0,00";"0,00"
"16069012";"Eisfeld, Stadt";"Gemeinden";"1,29";"1,22";"2,26";"1,78";"3,37"
"16069016";"Grimmelshausen";"Gemeinden";"0,00";;;"0,00";"0,00"
"16069017";"Grub";"Gemeinden";"0,00";;;"0,00";"0,00"
"16069021";"Henfstädt";"Gemeinden";"0,00";;;"0,00";"0,00"
"16069024";"Hildburghausen, Stadt";"Gemeinden";"0,53";"0,61";"0,54";"0,00";
"16069025";"Kloster Veßra";"Gemeinden";"0,00";;;"0,00";"0,00"
"16069026";"Lengfeld";"Gemeinden";"0,00";;;"0,00";"0,00"
"16069028";"Marisfeld";"Gemeinden";"0,00";;;"0,00";"0,00"
"16069035";"Oberstadt";"Gemeinden";"0,00";;;"0,00";"0,00"
"16069037";"Reurieth";"Gemeinden";"0,00";;;"0,00";
"16069041";"Schlechtsart";"Gemeinden";"0,00";;;"0,00";"0,00"
"16069042";"Schleusegrund";"Gemeinden";"0,00";;;"0,00";
"16069043";"Schleusingen, Stadt";"Gemeinden";"0,65";"0,71";"0,70";"2,19";"4,67"
"16069044";"Schmeheim";"Gemeinden";"0,00";;;"0,00";"0,00"
"16069046";"Schweickershausen";"Gemeinden";"0,00";;;"0,00";"0,00"
"16069047";"St.Bernhard";"Gemeinden";"0,00";;;"0,00";"0,00"
"16069049";"Straufhain";"Gemeinden";"0,00";;;"0,00";
"16069051";"Themar, Stadt";"Gemeinden";"1,06";;;"0,00";"0,00"
"16069052";"Ummerstadt, Stadt";"Gemeinden";"0,00";;;"0,00";"0,00"
"16069053";"Veilsdorf";"Gemeinden";"0,00";;;"0,00";"0,00"
"16069056";"Westhausen";"Gemeinden";"0,00";;;"0,00";"0,00"
"16069058";"Auengrund";"Gemeinden";"0,00";;;"0,00";
"16069061";"Masserberg";"Gemeinden";"116,74";"89,95";"93,52";"67,38";"109,32"
"16069062";"Römhild, Stadt";"Gemeinden";"0,00";"1,38";"0,75";"0,00";
"16069063";"Heldburg, Stadt";"Gemeinden";"0,00";;;"0,00";
"16070001";"Alkersleben";"Gemeinden";"0,00";;;"0,00";"0,00"
"16070004";"Arnstadt, Stadt";"Gemeinden";"2,38";"2,43";"2,06";"1,69";"2,57"
"16070006";"Bösleben-Wüllersleben";"Gemeinden";"0,00";;;"0,00";
"16070008";"Dornheim";"Gemeinden";"0,00";;;"0,00";"0,00"
"16070011";"Elgersburg";"Gemeinden";"12,37";"10,96";"11,99";"6,99";"8,77"
"16070012";"Elleben";"Gemeinden";"0,00";;;"0,00";"0,00"
"16070013";"Elxleben";"Gemeinden";"0,00";;;"0,00";
"16070028";"Amt Wachsenburg";"Gemeinden";"0,00";"1,10";"0,64";"1,21";"0,84"
"16070029";"Ilmenau, Stadt";"Gemeinden";"2,56";"2,50";"3,07";"2,59";"4,72"
"16070034";"Martinroda";"Gemeinden";"0,00";;;"0,00";"0,00"
"16070041";"Osthausen-Wülfershausen";"Gemeinden";"0,00";;;"0,00";"0,00"
"16070043";"Plaue, Stadt";"Gemeinden";"0,00";"5,19";;"0,00";
"16070048";"Stadtilm, Stadt";"Gemeinden";"0,00";;;"0,78";"1,13"
"16070054";"Witzleben";"Gemeinden";"0,00";;;"0,00";"0,00"
"16070057";"Geratal";"Gemeinden";"0,00";;;"1,83";"5,70"
"16070058";"Großbreitenbach, Stadt";"Gemeinden";"0,00";;;"2,78";"7,20"
"16071001";"Apolda, Stadt";"Gemeinden";"2,07";"2,66";"2,31";"1,64";"1,73"
"16071003";"Bad Berka, Stadt";"Gemeinden";"17,84";"17,29";"16,49";"15,20";"17,00"
"16071004";"Bad Sulza, Stadt";"Gemeinden";"25,16";"30,81";"29,83";"18,19";"23,68"
"16071005";"Ballstedt";"Gemeinden";"0,00";;;"0,00";
"16071008";"Blankenhain, Stadt";"Gemeinden";"0,00";;;"0,00";
"16071009";"Buchfart";"Gemeinden";"0,00";;;"0,00";"0,00"
"16071013";"Döbritschen";"Gemeinden";"0,00";;;"0,00";"0,00"
"16071015";"Eberstedt";"Gemeinden";"0,00";;;"0,00";
"16071017";"Ettersburg";"Gemeinden";"0,00";;;"0,00";
"16071019";"Frankendorf";"Gemeinden";"0,00";;;"0,00";"0,00"
"16071022";"Großheringen";"Gemeinden";"0,00";;;"0,00";
"16071025";"Großschwabhausen";"Gemeinden";"0,00";;;"0,00";"0,00"
"16071027";"Hammerstedt";"Gemeinden";"0,00";;;"0,00";"0,00"
"16071031";"Hetschburg";"Gemeinden";"0,00";;;"0,00";"0,00"
"16071032";"Hohenfelden";"Gemeinden";"0,00";;;"0,00";
"16071037";"Kapellendorf";"Gemeinden";"0,00";;;"0,00";"0,00"
"16071038";"Kiliansroda";"Gemeinden";"0,00";;;"0,00";"0,00"
"16071042";"Kleinschwabhausen";"Gemeinden";"0,00";;;"0,00";"0,00"
"16071043";"Klettbach";"Gemeinden";"0,00";;;"0,00";
"16071046";"Kranichfeld, Stadt";"Gemeinden";"0,00";;;"0,00";"0,00"
"16071049";"Lehnstedt";"Gemeinden";"0,00";;;"0,00";"0,00"
"16071053";"Magdala, Stadt";"Gemeinden";"0,00";;;"0,00";"0,00"
"16071055";"Mechelroda";"Gemeinden";"0,00";;;"0,00";"0,00"
"16071056";"Mellingen";"Gemeinden";"0,00";;;"0,00";
"16071059";"Nauendorf";"Gemeinden";"0,00";;;"0,00";
"16071061";"Neumark, Stadt";"Gemeinden";"0,00";;;"0,00";"0,00"
"16071064";"Niedertrebra";"Gemeinden";"0,00";;;"0,00";"0,00"
"16071069";"Obertrebra";"Gemeinden";"0,00";;;"0,00";"0,00"
"16071071";"Oettern";"Gemeinden";"0,00";;;"0,00";
"16071079";"Rittersdorf";"Gemeinden";"0,00";;;"0,00";"0,00"
"16071083";"Schmiedehausen";"Gemeinden";"0,00";;;"0,00";"0,00"
"16071087";"Tonndorf";"Gemeinden";"0,00";;;"0,00";
"16071089";"Umpferstedt";"Gemeinden";"0,00";;;"0,00";"0,00"
"16071093";"Vollersroda";"Gemeinden";"0,00";;;"0,00";"0,00"
"16071095";"Wiegendorf";"Gemeinden";"0,00";;;"0,00";"0,00"
"16071101";"Ilmtal-Weinstraße";"Gemeinden";"0,00";"1,03";"1,04";"0,72";"0,94"
"16071102";"Am Ettersberg";"Gemeinden";"0,00";;;"0,50";"0,56"
"16071103";"Grammetal";"Gemeinden";"0,00";;;"3,19";"5,15"
"16072006";"Goldisthal";"Gemeinden";"0,00";;;"0,00";"0,00"
"16072011";"Lauscha, Stadt";"Gemeinden";"3,41";"3,50";"3,39";"1,41";"1,65"
"16072013";"Neuhaus am Rennweg, Stadt";"Gemeinden";"2,24";"6,52";"6,41";"4,79";"6,97"
"16072015";"Schalkau, Stadt";"Gemeinden";"3,42";"3,51";"5,06";"0,00";"8,60"
"16072018";"Sonneberg, Stadt";"Gemeinden";"1,36";"1,61";"1,39";"1,05";"1,69"
"16072019";"Steinach, Stadt";"Gemeinden";"1,81";"3,01";"2,76";"2,04";"4,61"
"16072023";"Frankenblick";"Gemeinden";"0,00";"2,39";"2,35";"1,85";"1,41"
"16072024";"Föritztal";"Gemeinden";"0,00";;;"0,00";"3,37"
"16073001";"Allendorf";"Gemeinden";"0,00";;;"0,00";"0,00"
"16073002";"Altenbeuthen";"Gemeinden";"0,00";;;"0,00";
"16073005";"Bad Blankenburg, Stadt";"Gemeinden";"9,14";"10,16";"10,26";"5,46";"12,20"
"16073006";"Bechstedt";"Gemeinden";"0,00";;;"0,00";
"16073013";"Cursdorf";"Gemeinden";"13,62";"23,07";"23,18";"0,00";
"16073014";"Deesbach";"Gemeinden";"0,00";;;"0,00";
"16073017";"Döschnitz";"Gemeinden";"0,00";;;"0,00";
"16073028";"Gräfenthal, Stadt";"Gemeinden";"0,00";;;"4,40";
"16073035";"Hohenwarte";"Gemeinden";"0,00";;;"0,00";"0,00"
"16073037";"Katzhütte";"Gemeinden";"0,00";;;"0,00";
"16073038";"Kaulsdorf";"Gemeinden";"0,00";;;"0,00";
"16073046";"Lehesten, Stadt";"Gemeinden";"1,71";;"4,80";"0,00";
"16073055";"Meura";"Gemeinden";"8,61";"6,04";"10,21";"4,38";
"16073067";"Probstzella";"Gemeinden";"0,00";;;"0,00";
"16073074";"Rohrbach";"Gemeinden";"0,00";;;"0,00";
"16073076";"Rudolstadt, Stadt";"Gemeinden";"1,97";"2,15";"1,96";"1,27";"3,30"
"16073077";"Saalfeld/Saale, Stadt";"Gemeinden";"3,26";"3,47";"3,52";"3,58";"4,45"
"16073082";"Schwarzburg";"Gemeinden";"36,10";"26,92";"33,96";"0,00";
"16073084";"Sitzendorf";"Gemeinden";"49,48";"4,57";;"0,00";
"16073094";"Unterweißbach";"Gemeinden";"0,00";;;"0,00";
"16073106";"Leutenberg, Stadt";"Gemeinden";"5,02";"4,80";"7,07";"0,00";"6,16"
"16073107";"Drognitz";"Gemeinden";"0,00";;;"0,00";
"16073109";"Uhlstädt-Kirchhasel";"Gemeinden";"5,85";"6,01";"5,99";"4,18";"6,97"
"16073111";"Unterwellenborn";"Gemeinden";"1,69";"1,67";"1,40";"1,03";"3,13"
"16073112";"Königsee, Stadt";"Gemeinden";"0,00";"1,57";"1,32";"0,95";"1,33"
"16073113";"Schwarzatal, Stadt";"Gemeinden";"0,00";;;"1,87";"2,75"
"16074001";"Albersdorf";"Gemeinden";"0,00";;;"0,00";"0,00"
"16074002";"Altenberga";"Gemeinden";"0,00";;;"0,00";"0,00"
"16074003";"Bad Klosterlausnitz";"Gemeinden";"56,53";"57,52";"62,75";"47,25";"53,17"
"16074004";"Bibra";"Gemeinden";"0,00";;;"0,00";"0,00"
"16074005";"Bobeck";"Gemeinden";"0,00";;;"0,00";"0,00"
"16074007";"Bremsnitz";"Gemeinden";"0,00";;;"0,00";"0,00"
"16074008";"Bucha";"Gemeinden";"0,00";;;"0,00";"0,00"
"16074009";"Bürgel, Stadt";"Gemeinden";"0,00";;;"0,00";"0,00"
"16074011";"Dornburg-Camburg, Stadt";"Gemeinden";"0,00";;;"0,00";
"16074012";"Crossen an der Elster";"Gemeinden";"0,00";;;"0,00";
"16074016";"Eichenberg";"Gemeinden";"0,00";;;"0,00";"0,00"
"16074017";"Eineborn";"Gemeinden";"0,00";;;"0,00";"0,00"
"16074018";"Eisenberg, Stadt";"Gemeinden";"1,57";"1,87";"1,62";"1,43";"2,25"
"16074019";"Frauenprießnitz";"Gemeinden";"0,00";;;"0,00";"0,00"
"16074021";"Freienorla";"Gemeinden";"0,00";;;"0,00";
"16074022";"Geisenhain";"Gemeinden";"0,00";;;"0,00";"0,00"
"16074024";"Gneus";"Gemeinden";"0,00";;;"0,00";"0,00"
"16074025";"Gösen";"Gemeinden";"0,00";;;"0,00";"0,00"
"16074026";"Golmsdorf";"Gemeinden";"0,00";;;"0,00";"0,00"
"16074028";"Graitschen b. Bürgel";"Gemeinden";"0,00";;;"0,00";"0,00"
"16074029";"Großbockedra";"Gemeinden";"0,00";;;"0,00";"0,00"
"16074031";"Großeutersdorf";"Gemeinden";"0,00";;;"0,00";"0,00"
"16074032";"Großlöbichau";"Gemeinden";"0,00";;;"0,00";"0,00"
"16074033";"Großpürschütz";"Gemeinden";"0,00";;;"0,00";"0,00"
"16074034";"Gumperda";"Gemeinden";"0,00";;;"0,00";
"16074036";"Hainichen";"Gemeinden";"0,00";;;"0,00";"0,00"
"16074037";"Hainspitz";"Gemeinden";"0,00";;;"0,00";
"16074038";"Hartmannsdorf";"Gemeinden";"0,00";;;"0,00";"0,00"
"16074039";"Heideland";"Gemeinden";"0,00";;;"0,00";
"16074041";"Hermsdorf, Stadt";"Gemeinden";"0,65";"0,64";;"0,00";
"16074042";"Hummelshain";"Gemeinden";"0,00";;;"0,00";"0,00"
"16074043";"Jenalöbnitz";"Gemeinden";"0,00";;;"0,00";"0,00"
"16074044";"Kahla, Stadt";"Gemeinden";"0,00";"0,76";;"0,00";
"16074045";"Karlsdorf";"Gemeinden";"0,00";;;"0,00";"0,00"
"16074046";"Kleinbockedra";"Gemeinden";"0,00";;;"0,00";"0,00"
"16074047";"Kleinebersdorf";"Gemeinden";"0,00";;;"0,00";"0,00"
"16074048";"Kleineutersdorf";"Gemeinden";"0,00";;;"0,00";"0,00"
"16074049";"Laasdorf";"Gemeinden";"0,00";;;"0,00";"0,00"
"16074051";"Lehesten";"Gemeinden";"0,00";;;"0,00";"0,00"
"16074052";"Lindig";"Gemeinden";"0,00";;;"0,00";
"16074053";"Lippersdorf-Erdmannsdorf";"Gemeinden";"0,00";;;"0,00";"0,00"
"16074054";"Löberschütz";"Gemeinden";"0,00";;;"0,00";"0,00"
"16074055";"Mertendorf";"Gemeinden";"0,00";;;"0,00";"0,00"
"16074056";"Meusebach";"Gemeinden";"0,00";;;"0,00";"0,00"
"16074057";"Milda";"Gemeinden";"0,00";;;"0,00";
"16074058";"Möckern";"Gemeinden";"0,00";;;"0,00";
"16074059";"Mörsdorf";"Gemeinden";"0,00";;;"0,00";"0,00"
"16074061";"Nausnitz";"Gemeinden";"0,00";;;"0,00";"0,00"
"16074063";"Neuengönna";"Gemeinden";"0,00";;;"0,00";
"16074064";"Oberbodnitz";"Gemeinden";"0,00";;;"0,00";"0,00"
"16074065";"Orlamünde, Stadt";"Gemeinden";"0,00";;;"0,00";
"16074066";"Ottendorf";"Gemeinden";"0,00";;;"0,00";"0,00"
"16074067";"Petersberg";"Gemeinden";"0,00";;;"0,00";"0,00"
"16074068";"Poxdorf";"Gemeinden";"0,00";;;"0,00";"0,00"
"16074071";"Rattelsdorf";"Gemeinden";"0,00";;;"0,00";"0,00"
"16074072";"Rauda";"Gemeinden";"0,00";;;"0,00";"0,00"
"16074073";"Rauschwitz";"Gemeinden";"0,00";;;"0,00";"0,00"
"16074074";"Rausdorf";"Gemeinden";"0,00";;;"0,00";"0,00"
"16074075";"Reichenbach";"Gemeinden";"0,00";;;"0,00";"0,00"
"16074076";"Reinstädt";"Gemeinden";"0,00";;;"0,00";"0,00"
"16074077";"Renthendorf";"Gemeinden";"0,00";;;"0,00";
"16074079";"Rothenstein";"Gemeinden";"0,00";;;"0,00";"0,00"
"16074081";"Ruttersdorf-Lotschen";"Gemeinden";"0,00";;;"0,00";"0,00"
"16074082";"Scheiditz";"Gemeinden";"0,00";;;"0,00";"0,00"
"16074084";"Schleifreisen";"Gemeinden";"0,00";;;"0,00";
"16074085";"Schlöben";"Gemeinden";"0,00";;;"0,00";"0,00"
"16074086";"Schöngleina";"Gemeinden";"0,00";;;"0,00";
"16074087";"Schöps";"Gemeinden";"0,00";;;"0,00";"0,00"
"16074089";"Seitenroda";"Gemeinden";"12,34";;;"0,00";
"16074091";"Serba";"Gemeinden";"0,00";;;"0,00";"0,00"
"16074092";"Silbitz";"Gemeinden";"0,00";;;"0,00";"0,00"
"16074093";"St.Gangloff";"Gemeinden";"0,00";;;"0,00";"0,00"
"16074094";"Stadtroda, Stadt";"Gemeinden";"0,96";"1,11";"0,78";"0,00";
"16074095";"Sulza";"Gemeinden";"0,00";;;"0,00";"0,00"
"16074096";"Tautenburg";"Gemeinden";"0,00";;;"0,00";"0,00"
"16074097";"Tautendorf";"Gemeinden";"0,00";;;"0,00";"0,00"
"16074098";"Tautenhain";"Gemeinden";"0,00";;;"0,00";
"16074099";"Thierschneck";"Gemeinden";"0,00";;;"0,00";"0,00"
"16074101";"Tissa";"Gemeinden";"0,00";;;"0,00";"0,00"
"16074102";"Trockenborn-Wolfersdorf";"Gemeinden";"12,78";;;"0,00";
"16074103";"Tröbnitz";"Gemeinden";"0,00";;;"0,00";"0,00"
"16074104";"Unterbodnitz";"Gemeinden";"0,00";;;"0,00";"0,00"
"16074105";"Waldeck";"Gemeinden";"0,00";;;"0,00";"0,00"
"16074106";"Walpernhain";"Gemeinden";"0,00";;;"0,00";"0,00"
"16074107";"Waltersdorf";"Gemeinden";"0,00";;;"0,00";"0,00"
"16074108";"Weißbach";"Gemeinden";"0,00";;;"0,00";"0,00"
"16074109";"Weißenborn";"Gemeinden";"0,00";;;"0,00";"0,00"
"16074112";"Wichmar";"Gemeinden";"0,00";;;"0,00";"0,00"
"16074113";"Zimmern";"Gemeinden";"0,00";;;"0,00";"0,00"
"16074114";"Zöllnitz";"Gemeinden";"0,00";;;"0,00";
"16074116";"Schkölen, Stadt";"Gemeinden";"0,00";;;"0,00";"0,00"
"16075006";"Bodelwitz";"Gemeinden";"0,00";;;"0,00";"0,00"
"16075014";"Dittersdorf";"Gemeinden";"0,00";;;"0,00";"0,00"
"16075016";"Döbritz";"Gemeinden";"0,00";;;"0,00";"0,00"
"16075019";"Dreitzsch";"Gemeinden";"0,00";;;"0,00";"0,00"
"16075023";"Eßbach";"Gemeinden";"0,00";;;"0,00";
"16075029";"Geroda";"Gemeinden";"0,00";;;"0,00";"0,00"
"16075031";"Gertewitz";"Gemeinden";"0,00";;;"0,00";"0,00"
"16075033";"Görkwitz";"Gemeinden";"0,00";;;"0,00";"0,00"
"16075034";"Göschitz";"Gemeinden";"0,00";;;"0,00";"0,00"
"16075035";"Gössitz";"Gemeinden";"0,00";;;"0,00";
"16075039";"Grobengereuth";"Gemeinden";"0,00";;;"0,00";"0,00"
"16075046";"Hirschberg, Stadt";"Gemeinden";"2,98";;;"0,00";
"16075047";"Keila";"Gemeinden";"0,00";;;"0,00";"0,00"
"16075048";"Kirschkau";"Gemeinden";"0,00";;;"0,00";"0,00"
"16075051";"Kospoda";"Gemeinden";"0,00";;;"0,00";"0,00"
"16075054";"Langenorla";"Gemeinden";"0,00";;;"0,00";"0,00"
"16075056";"Lausnitz b. Neustadt an der Orla";"Gemeinden";"0,00";;;"0,00";
"16075057";"Lemnitz";"Gemeinden";"0,00";;;"0,00";"0,00"
"16075062";"Bad Lobenstein, Stadt";"Gemeinden";"11,42";"13,25";"13,15";"0,00";
"16075063";"Löhma";"Gemeinden";"0,00";;;"0,00";"0,00"
"16075065";"Miesitz";"Gemeinden";"0,00";;;"0,00";
"16075066";"Mittelpöllnitz";"Gemeinden";"0,00";;;"0,00";"0,00"
"16075068";"Moßbach";"Gemeinden";"0,00";;;"0,00";
"16075069";"Moxa";"Gemeinden";"0,00";;;"0,00";"0,00"
"16075072";"Neundorf (bei Schleiz)";"Gemeinden";"0,00";;;"0,00";"0,00"
"16075073";"Neustadt an der Orla, Stadt";"Gemeinden";"0,97";"1,35";"1,23";"1,24";"2,42"
"16075074";"Nimritz";"Gemeinden";"0,00";;;"0,00";"0,00"
"16075075";"Oberoppurg";"Gemeinden";"0,00";;;"0,00";"0,00"
"16075076";"Oettersdorf";"Gemeinden";"0,00";;;"0,00";"0,00"
"16075077";"Oppurg";"Gemeinden";"0,00";;;"0,00";
"16075079";"Paska";"Gemeinden";"0,00";;;"0,00";
"16075081";"Peuschen";"Gemeinden";"0,00";;;"0,00";"0,00"
"16075083";"Plothen";"Gemeinden";"0,00";;;"0,00";
"16075084";"Pörmitz";"Gemeinden";"0,00";;;"0,00";"0,00"
"16075085";"Pößneck, Stadt";"Gemeinden";"0,00";;;"0,00";
"16075087";"Quaschwitz";"Gemeinden";"0,00";;;"0,00";"0,00"
"16075088";"Ranis, Stadt";"Gemeinden";"0,00";;;"0,00";
"16075093";"Rosendorf";"Gemeinden";"0,00";;;"0,00";"0,00"
"16075098";"Schleiz, Stadt";"Gemeinden";"0,61";"0,77";"0,66";"0,90";"1,34"
"16075099";"Schmieritz";"Gemeinden";"0,00";;;"0,00";"0,00"
"16075101";"Schmorda";"Gemeinden";"0,00";;;"0,00";"0,00"
"16075102";"Schöndorf";"Gemeinden";"0,00";;;"0,00";
"16075103";"Seisla";"Gemeinden";"0,00";;;"0,00";"0,00"
"16075105";"Solkwitz";"Gemeinden";"0,00";;;"0,00";"0,00"
"16075109";"Tegau";"Gemeinden";"0,00";;;"0,00";"0,00"
"16075114";"Tömmelsdorf";"Gemeinden";"0,00";;;"0,00";"0,00"
"16075116";"Triptis, Stadt";"Gemeinden";"3,12";"3,61";"3,18";"4,20";
"16075119";"Volkmannsdorf";"Gemeinden";"0,00";;;"0,00";"0,00"
"16075121";"Weira";"Gemeinden";"0,00";;;"0,00";"0,00"
"16075124";"Wernburg";"Gemeinden";"0,00";;;"0,00";"0,00"
"16075125";"Wilhelmsdorf";"Gemeinden";"0,00";;;"0,00";
"16075127";"Ziegenrück, Stadt";"Gemeinden";"32,61";"35,89";"41,08";"26,53";"43,84"
"16075129";"Krölpa";"Gemeinden";"2,42";;;"0,00";"4,35"
"16075131";"Gefell, Stadt";"Gemeinden";"0,00";;;"0,00";"0,00"
"16075132";"Tanna, Stadt";"Gemeinden";"0,00";;;"0,00";
"16075133";"Wurzbach, Stadt";"Gemeinden";"17,04";"13,64";"14,75";"0,00";
"16075134";"Remptendorf";"Gemeinden";"5,03";;;"0,00";
"16075135";"Saalburg-Ebersdorf, Stadt";"Gemeinden";"9,42";"11,31";"11,23";"7,67";"58,72"
"16075136";"Rosenthal am Rennsteig";"Gemeinden";"0,00";;;"0,00";"4,04"
"16076003";"Bad Köstritz, Stadt";"Gemeinden";"0,00";;;"0,00";"0,00"
"16076004";"Berga/Elster, Stadt";"Gemeinden";"2,10";"2,51";"1,60";"0,00";"1,51"
"16076006";"Bethenhausen";"Gemeinden";"0,00";;;"0,00";"0,00"
"16076007";"Bocka";"Gemeinden";"0,00";;;"0,00";
"16076008";"Brahmenau";"Gemeinden";"0,00";;;"0,00";"0,00"
"16076009";"Braunichswalde";"Gemeinden";"0,00";;;"0,00";
"16076012";"Caaschwitz";"Gemeinden";"0,00";;;"0,00";"0,00"
"16076014";"Crimla";"Gemeinden";"0,00";;;"0,00";"0,00"
"16076017";"Endschütz";"Gemeinden";"0,00";;;"0,00";"0,00"
"16076019";"Gauern";"Gemeinden";"0,00";;;"0,00";"0,00"
"16076022";"Greiz, Stadt";"Gemeinden";"0,89";"0,64";"0,64";"0,53";"0,79"
"16076023";"Großenstein";"Gemeinden";"0,00";;;"0,00";"0,00"
"16076027";"Hilbersdorf";"Gemeinden";"0,00";;;"0,00";"0,00"
"16076028";"Hirschfeld";"Gemeinden";"0,00";;;"0,00";"0,00"
"16076029";"Hohenleuben, Stadt";"Gemeinden";"0,00";;;"0,00";"0,00"
"16076033";"Hundhaupten";"Gemeinden";"0,00";;;"0,00";"0,00"
"16076034";"Kauern";"Gemeinden";"0,00";;;"0,00";"0,00"
"16076036";"Korbußen";"Gemeinden";"0,00";;;"0,00";
"16076039";"Langenwetzendorf";"Gemeinden";"0,00";"1,51";"1,26";"0,00";"0,00"
"16076041";"Langenwolschendorf";"Gemeinden";"0,00";;;"0,00";"0,00"
"16076042";"Lederhose";"Gemeinden";"0,00";;;"0,00";"0,00"
"16076043";"Linda b. Weida";"Gemeinden";"0,00";;;"0,00";"0,00"
"16076044";"Lindenkreuz";"Gemeinden";"0,00";;;"0,00";"0,00"
"16076049";"Münchenbernsdorf, Stadt";"Gemeinden";"0,00";;;"0,00";"0,00"
"16076055";"Paitzdorf";"Gemeinden";"0,00";;;"0,00";"0,00"
"16076058";"Pölzig";"Gemeinden";"0,00";;;"0,00";"0,00"
"16076059";"Reichstädt";"Gemeinden";"0,00";;;"0,00";"0,00"
"16076061";"Ronneburg, Stadt";"Gemeinden";"0,00";;;"0,00";
"16076062";"Rückersdorf";"Gemeinden";"0,00";;;"0,00";"0,00"
"16076064";"Saara";"Gemeinden";"0,00";;;"0,00";"0,00"
"16076067";"Schwaara";"Gemeinden";"0,00";;;"0,00";"0,00"
"16076068";"Schwarzbach";"Gemeinden";"0,00";;;"0,00";"0,00"
"16076069";"Seelingstädt";"Gemeinden";"0,00";;;"0,00";"0,00"
"16076074";"Teichwitz";"Gemeinden";"0,00";;;"0,00";"0,00"
"16076079";"Weida, Stadt";"Gemeinden";"0,62";"0,47";"0,45";"0,00";"1,74"
"16076081";"Weißendorf";"Gemeinden";"0,00";;;"0,00";"0,00"
"16076084";"Wünschendorf/Elster";"Gemeinden";"0,00";;;"0,00";
"16076086";"Zedlitz";"Gemeinden";"0,00";;;"0,00";"0,00"
"16076087";"Zeulenroda-Triebes, Stadt";"Gemeinden";"2,28";"2,97";"4,01";"2,76";"4,83"
"16076088";"Harth-Pöllnitz";"Gemeinden";"0,00";;;"0,00";
"16076089";"Kraftsdorf";"Gemeinden";"0,00";;;"0,00";
"16076092";"Auma-Weidatal, Stadt";"Gemeinden";"0,00";;;"0,00";
"16076093";"Mohlsdorf-Teichwolframsdorf";"Gemeinden";"0,00";"2,96";;"0,00";
"16077001";"Altenburg, Stadt";"Gemeinden";"1,87";"2,60";"1,19";"1,30";"2,18"
"16077003";"Dobitschen";"Gemeinden";"0,00";;;"0,00";"0,00"
"16077005";"Fockendorf";"Gemeinden";"0,00";;;"0,00";
"16077007";"Gerstenberg";"Gemeinden";"0,00";;;"0,00";"0,00"
"16077008";"Göhren";"Gemeinden";"0,00";;;"0,00";"0,00"
"16077009";"Göllnitz";"Gemeinden";"0,00";;;"0,00";"0,00"
"16077011";"Göpfersdorf";"Gemeinden";"0,00";;;"0,00";"0,00"
"16077012";"Gößnitz, Stadt";"Gemeinden";"0,00";;;"0,00";"0,00"
"16077015";"Haselbach";"Gemeinden";"0,00";;;"0,00";
"16077016";"Heukewalde";"Gemeinden";"0,00";;;"0,00";
"16077017";"Heyersdorf";"Gemeinden";"0,00";;;"0,00";"0,00"
"16077018";"Jonaswalde";"Gemeinden";"0,00";;;"0,00";"0,00"
"16077022";"Kriebitzsch";"Gemeinden";"0,00";;;"0,00";"0,00"
"16077023";"Langenleuba-Niederhain";"Gemeinden";"0,00";;;"0,00";"0,00"
"16077026";"Löbichau";"Gemeinden";"0,00";;;"0,00";"0,00"
"16077027";"Lödla";"Gemeinden";"0,00";;;"0,00";"0,00"
"16077028";"Lucka, Stadt";"Gemeinden";"0,00";;;"0,00";
"16077031";"Mehna";"Gemeinden";"0,00";;;"0,00";"0,00"
"16077032";"Meuselwitz, Stadt";"Gemeinden";"0,28";"0,35";"0,75";"0,18";"0,23"
"16077034";"Monstab";"Gemeinden";"0,00";;;"0,00";"0,00"
"16077036";"Nobitz";"Gemeinden";"0,00";;;"0,00";
"16077039";"Ponitz";"Gemeinden";"0,00";;;"0,00";"0,00"
"16077041";"Posterstein";"Gemeinden";"0,00";;;"0,00";
"16077042";"Rositz";"Gemeinden";"0,00";;;"0,00";"0,00"
"16077043";"Schmölln, Stadt";"Gemeinden";"0,60";"0,75";"0,74";"0,67";"0,78"
"16077044";"Starkenberg";"Gemeinden";"0,00";;;"0,00";"0,00"
"16077047";"Thonhausen";"Gemeinden";"0,00";;;"0,00";"0,00"
"16077048";"Treben";"Gemeinden";"0,00";;;"0,00";
"16077049";"Vollmershain";"Gemeinden";"0,00";;;"0,00";
"16077052";"Windischleuba";"Gemeinden";"0,00";;;"0,00";
